domain,problem,mode,status,wall_time_seconds,last_completed_phase,total_seconds,problem_reading_seconds,pnf_translation_seconds,symmetry_discovery_seconds,resource_detection_seconds,abstraction_seconds,abstract_pddl_writing_seconds,concrete_fd_seconds,abstract_fd_seconds,lama_fd_seconds,concrete_asp_seconds,abstract_asp_seconds,abstract_solving_seconds,guided_concrete_solving_seconds,extended_concrete_solving_seconds,verdict,relaxed_deletes,relaxed_inequalities,decrements,increments,abstract_plan_length,plan_length,abstract_solve_calls,concrete_solve_calls,abstracted_object_count,abstracted_object_type,error_message
agricola-sat18-strips,p01.pddl,abstract,interrupted,137.82472031377256,problem_reading,,0.661563815549016,,,,,,,,,,,,,,,,,,,,,,,,,
agricola-sat18-strips,p02.pddl,abstract,interrupted,194.6258234390989,problem_reading,,0.7312751384451985,,,,,,,,,,,,,,,,,,,,,,,,,
agricola-sat18-strips,p03.pddl,abstract,interrupted,256.77790681645274,problem_reading,,0.7183033190667629,,,,,,,,,,,,,,,,,,,,,,,,,
agricola-sat18-strips,p04.pddl,abstract,interrupted,283.8093731915578,problem_reading,,0.72214943356812,,,,,,,,,,,,,,,,,,,,,,,,,
agricola-sat18-strips,p05.pddl,abstract,error (exit code 2),302.7426081635058,problem_reading,,0.7242436483502388,,,,,,,,,,,,,,,,,,,,,,,,,Resource detection timed out after 300s
agricola-sat18-strips,p06.pddl,abstract,error (exit code 2),302.7147796191275,problem_reading,,0.7264323644340038,,,,,,,,,,,,,,,,,,,,,,,,,Resource detection timed out after 300s
agricola-sat18-strips,p07.pddl,abstract,error (exit code 2),303.093190331012,problem_reading,,0.7304962761700153,,,,,,,,,,,,,,,,,,,,,,,,,Resource detection timed out after 300s
agricola-sat18-strips,p08.pddl,abstract,error (exit code 2),303.10805395804346,problem_reading,,0.7649749917909503,,,,,,,,,,,,,,,,,,,,,,,,,Resource detection timed out after 300s
agricola-sat18-strips,p09.pddl,abstract,error (exit code 2),302.58602514117956,problem_reading,,0.7080412693321705,,,,,,,,,,,,,,,,,,,,,,,,,Resource detection timed out after 300s
agricola-sat18-strips,p10.pddl,abstract,error (exit code 2),302.8116757757962,problem_reading,,0.7361577823758125,,,,,,,,,,,,,,,,,,,,,,,,,Resource detection timed out after 300s
agricola-sat18-strips,p11.pddl,abstract,interrupted,19.619013249874115,problem_reading,,0.5985370948910713,,,,,,,,,,,,,,,,,,,,,,,,,
agricola-sat18-strips,p12.pddl,abstract,interrupted,22.722296860069036,problem_reading,,0.6080357991158962,,,,,,,,,,,,,,,,,,,,,,,,,
agricola-sat18-strips,p13.pddl,abstract,interrupted,26.510889440774918,problem_reading,,0.6040888279676437,,,,,,,,,,,,,,,,,,,,,,,,,
agricola-sat18-strips,p14.pddl,abstract,interrupted,39.31361613422632,problem_reading,,0.5873424001038074,,,,,,,,,,,,,,,,,,,,,,,,,
agricola-sat18-strips,p15.pddl,abstract,interrupted,45.426638413220644,problem_reading,,0.6339321620762348,,,,,,,,,,,,,,,,,,,,,,,,,
agricola-sat18-strips,p16.pddl,abstract,interrupted,48.31400636583567,problem_reading,,0.6205601440742612,,,,,,,,,,,,,,,,,,,,,,,,,
agricola-sat18-strips,p17.pddl,abstract,interrupted,80.3713814727962,problem_reading,,0.6462088599801064,,,,,,,,,,,,,,,,,,,,,,,,,
agricola-sat18-strips,p18.pddl,abstract,interrupted,85.71137909218669,problem_reading,,0.6359076164662838,,,,,,,,,,,,,,,,,,,,,,,,,
agricola-sat18-strips,p19.pddl,abstract,interrupted,91.51285237818956,problem_reading,,0.6280281953513622,,,,,,,,,,,,,,,,,,,,,,,,,
agricola-sat18-strips,p20.pddl,abstract,interrupted,94.9227175489068,problem_reading,,0.5932215228676796,,,,,,,,,,,,,,,,,,,,,,,,,
airport,p31-airport4halfMUC-p9.pddl,abstract,interrupted,30.803524002432823,problem_reading,,17.107835203409195,,,,,,,,,,,,,,,,,,,,,,,,,
airport,p32-airport4halfMUC-p10.pddl,abstract,interrupted,33.5880238013342,problem_reading,,19.652190087363124,,,,,,,,,,,,,,,,,,,,,,,,,
airport,p33-airport4halfMUC-p10.pddl,abstract,interrupted,32.19241035729647,problem_reading,,18.561452466994524,,,,,,,,,,,,,,,,,,,,,,,,,
airport,p34-airport4halfMUC-p11.pddl,abstract,interrupted,36.18264412134886,problem_reading,,19.954664573073387,,,,,,,,,,,,,,,,,,,,,,,,,
airport,p35-airport4halfMUC-p12.pddl,abstract,interrupted,34.60963199287653,problem_reading,,19.67359635606408,,,,,,,,,,,,,,,,,,,,,,,,,
airport,p47-airport5MUC-p8.pddl,abstract,interrupted,39.830974846147,problem_reading,,26.230149335227907,,,,,,,,,,,,,,,,,,,,,,,,,
airport,p48-airport5MUC-p9.pddl,abstract,interrupted,42.133318193256855,problem_reading,,26.38227178156376,,,,,,,,,,,,,,,,,,,,,,,,,
airport,p49-airport5MUC-p10.pddl,abstract,interrupted,43.42908288538456,problem_reading,,27.738139856606722,,,,,,,,,,,,,,,,,,,,,,,,,
airport,p50-airport5MUC-p15.pddl,abstract,interrupted,54.43600750900805,problem_reading,,32.73073505330831,,,,,,,,,,,,,,,,,,,,,,,,,
childsnack-sat14-strips,child-snack_pfile19-2.pddl,abstract,interrupted,12.200213182717562,problem_reading,,0.320088978856802,,,,,,,,,,,,,,,,,,,,,,,,,
childsnack-sat14-strips,child-snack_pfile19.pddl,abstract,interrupted,12.635631747543812,problem_reading,,0.3261404186487198,,,,,,,,,,,,,,,,,,,,,,,,,
data-network-sat18-strips,p01.pddl,abstract,error (exit code 2),18.191204962320626,pnf_translation,,0.5727987410500646,10.721965626813471,,4.172702891752124,0.0012346915900707245,,,,,,,,,,,,,,,,,,,,,"Object collapse creates conflicting initial values for send-cost(server1, server2, numbers_abs)"
data-network-sat18-strips,p02.pddl,abstract,error (exit code 2),38.16281604394317,pnf_translation,,0.6843572705984116,25.46410298347473,,6.763629470020533,0.0014800392091274261,,,,,,,,,,,,,,,,,,,,,"Object collapse creates conflicting initial values for send-cost(server1, server2, numbers_abs)"
data-network-sat18-strips,p03.pddl,abstract,error (exit code 2),43.32002883031964,pnf_translation,,0.6006660051643848,30.872552268207073,,7.708306171000004,0.0012973956763744354,,,,,,,,,,,,,,,,,,,,,"Object collapse creates conflicting initial values for send-cost(server1, server2, numbers_abs)"
data-network-sat18-strips,p04.pddl,abstract,error (exit code 2),66.529676027596,pnf_translation,,0.638509027659893,48.15900502726436,,10.663796283304691,0.0013385862112045288,,,,,,,,,,,,,,,,,,,,,"Object collapse creates conflicting initial values for send-cost(server1, server2, numbers_abs)"
data-network-sat18-strips,p05.pddl,abstract,error (exit code 2),239.9653940834105,pnf_translation,,1.1143019534647465,198.90368228778243,,23.080685008317232,0.001840449869632721,,,,,,,,,,,,,,,,,,,,,"Object collapse creates conflicting initial values for send-cost(server1, server2, numbers_abs)"
data-network-sat18-strips,p06.pddl,abstract,error (exit code 2),324.88681618496776,pnf_translation,,1.0708461739122868,274.4011768437922,,28.415714751929045,0.0017822571098804474,,,,,,,,,,,,,,,,,,,,,"Object collapse creates conflicting initial values for send-cost(server1, server2, numbers_abs)"
data-network-sat18-strips,p07.pddl,abstract,error (exit code 2),357.3469992130995,pnf_translation,,1.008352156728506,303.4826735369861,,29.948219019919634,0.0017647221684455872,,,,,,,,,,,,,,,,,,,,,"Object collapse creates conflicting initial values for send-cost(server1, server2, numbers_abs)"
data-network-sat18-strips,p08.pddl,abstract,error (exit code 2),618.6800717907026,pnf_translation,,1.1903841895982623,535.4168227184564,,46.374332156032324,0.0020720837637782097,,,,,,,,,,,,,,,,,,,,,"Object collapse creates conflicting initial values for send-cost(server1, server2, numbers_abs)"
data-network-sat18-strips,p09.pddl,abstract,error (exit code 2),405.0668394267559,pnf_translation,,0.7538686394691467,343.4346009865403,,37.35567666217685,0.0016304440796375275,,,,,,,,,,,,,,,,,,,,,"Object collapse creates conflicting initial values for send-cost(server1, server2, numbers_abs)"
data-network-sat18-strips,p10.pddl,abstract,error (exit code 2),873.2015815861523,pnf_translation,,1.0688704289495945,768.7836916409433,,54.61714019998908,0.0018922574818134308,,,,,,,,,,,,,,,,,,,,,"Object collapse creates conflicting initial values for send-cost(server1, server2, numbers_abs)"
data-network-sat18-strips,p11.pddl,abstract,error (exit code 2),10.013360338285565,pnf_translation,,0.7152473097667098,1.3630622997879982,,4.474779226817191,0.001402711495757103,,,,,,,,,,,,,,,,,,,,,"Object collapse creates conflicting initial values for send-cost(server1, server2, numbers_abs)"
data-network-sat18-strips,p12.pddl,abstract,error (exit code 2),16.728086590766907,pnf_translation,,0.8603914529085159,3.8419541008770466,,9.517771545797586,0.001809980720281601,,,,,,,,,,,,,,,,,,,,,"Object collapse creates conflicting initial values for send-cost(server1, server2, numbers_abs)"
data-network-sat18-strips,p13.pddl,abstract,error (exit code 2),30.544348057359457,pnf_translation,,0.9825957491993904,9.284108489751816,,17.493383180350065,0.0015982501208782196,,,,,,,,,,,,,,,,,,,,,"Object collapse creates conflicting initial values for send-cost(server1, server2, numbers_abs)"
data-network-sat18-strips,p14.pddl,abstract,error (exit code 2),53.69542618468404,pnf_translation,,1.0218033008277416,17.746802806854248,,30.039746429771185,0.0016806013882160187,,,,,,,,,,,,,,,,,,,,,"Object collapse creates conflicting initial values for send-cost(server1, server2, numbers_abs)"
data-network-sat18-strips,p15.pddl,abstract,error (exit code 2),92.9328066073358,pnf_translation,,1.1094091199338436,39.351743187755346,,47.43591013178229,0.0017828941345214844,,,,,,,,,,,,,,,,,,,,,"Object collapse creates conflicting initial values for send-cost(server1, server2, numbers_abs)"
data-network-sat18-strips,p16.pddl,abstract,interrupted,9.828341208398342,problem_reading,,1.127407368272543,,,,,,,,,,,,,,,,,,,,,,,,,
data-network-sat18-strips,p17.pddl,abstract,interrupted,10.608431350439787,problem_reading,,0.9963223002851009,,,,,,,,,,,,,,,,,,,,,,,,,
data-network-sat18-strips,p18.pddl,abstract,interrupted,11.913068018853664,problem_reading,,1.581248614937067,,,,,,,,,,,,,,,,,,,,,,,,,
data-network-sat18-strips,p19.pddl,abstract,interrupted,11.559227205812931,problem_reading,,1.06593207269907,,,,,,,,,,,,,,,,,,,,,,,,,
data-network-sat18-strips,p20.pddl,abstract,interrupted,12.809814356267452,problem_reading,,1.5968172438442707,,,,,,,,,,,,,,,,,,,,,,,,,
elevators-sat08-strips,p01.pddl,abstract,error (exit code 2),2.5251418352127075,pnf_translation,,0.3230210803449154,0.002779364585876465,,0.3445050045847893,0.0007096529006958008,,,,,,,,,,,,,,,,,,,,,"Object collapse creates conflicting initial values for travel-slow(count_abs, count_abs)"
elevators-sat08-strips,p02.pddl,abstract,error (exit code 2),2.096197050064802,pnf_translation,,0.2774486429989338,0.0026907362043857574,,0.266391821205616,0.0006837919354438782,,,,,,,,,,,,,,,,,,,,,"Object collapse creates conflicting initial values for travel-slow(count_abs, count_abs)"
elevators-sat08-strips,p03.pddl,abstract,error (exit code 2),2.0522382520139217,pnf_translation,,0.27824126183986664,0.0027233734726905823,,0.28861163929104805,0.000638667494058609,,,,,,,,,,,,,,,,,,,,,"Object collapse creates conflicting initial values for travel-slow(count_abs, count_abs)"
elevators-sat08-strips,p04.pddl,abstract,error (exit code 2),2.525840826332569,pnf_translation,,0.31951063871383667,0.0033557042479515076,,0.35421886295080185,0.0007340013980865479,,,,,,,,,,,,,,,,,,,,,"Object collapse creates conflicting initial values for travel-slow(count_abs, count_abs)"
elevators-sat08-strips,p05.pddl,abstract,error (exit code 2),2.4863432683050632,pnf_translation,,0.31405943632125854,0.0029577650129795074,,0.3835589252412319,0.0007394328713417053,,,,,,,,,,,,,,,,,,,,,"Object collapse creates conflicting initial values for travel-slow(count_abs, count_abs)"
elevators-sat08-strips,p06.pddl,abstract,error (exit code 2),2.5895871110260487,pnf_translation,,0.31767086312174797,0.0029868967831134796,,0.42838288471102715,0.0007399208843708038,,,,,,,,,,,,,,,,,,,,,"Object collapse creates conflicting initial values for travel-slow(count_abs, count_abs)"
elevators-sat08-strips,p07.pddl,abstract,error (exit code 2),2.591416586190462,pnf_translation,,0.32188085466623306,0.0030513331294059753,,0.4687427692115307,0.0007428638637065887,,,,,,,,,,,,,,,,,,,,,"Object collapse creates conflicting initial values for travel-slow(count_abs, count_abs)"
elevators-sat08-strips,p08.pddl,abstract,error (exit code 2),3.1748633831739426,pnf_translation,,0.3218684755265713,0.0031518079340457916,,0.49267902597784996,0.0007444433867931366,,,,,,,,,,,,,,,,,,,,,"Object collapse creates conflicting initial values for travel-slow(count_abs, count_abs)"
elevators-sat08-strips,p09.pddl,abstract,error (exit code 2),3.10636467859149,pnf_translation,,0.3776806369423866,0.003285229206085205,,0.5707704164087772,0.0008497387170791626,,,,,,,,,,,,,,,,,,,,,"Object collapse creates conflicting initial values for travel-slow(count_abs, count_abs)"
elevators-sat08-strips,p10.pddl,abstract,error (exit code 2),2.7393366899341345,pnf_translation,,0.33035252429544926,0.0036779483780264854,,0.572869623079896,0.0007536951452493668,,,,,,,,,,,,,,,,,,,,,"Object collapse creates conflicting initial values for travel-slow(count_abs, count_abs)"
elevators-sat08-strips,p11.pddl,abstract,error (exit code 2),2.5690414533019066,pnf_translation,,0.40366826951503754,0.003437519073486328,,0.6178414300084114,0.0007015243172645569,,,,,,,,,,,,,,,,,,,,,"Object collapse creates conflicting initial values for travel-slow(count_abs, count_abs)"
elevators-sat08-strips,p12.pddl,abstract,error (exit code 2),3.2840810380876064,pnf_translation,,0.45455532893538475,0.0036298781633377075,,0.8454729951918125,0.0008061490952968597,,,,,,,,,,,,,,,,,,,,,"Object collapse creates conflicting initial values for travel-slow(count_abs, count_abs)"
elevators-sat08-strips,p13.pddl,abstract,error (exit code 2),3.4075464233756065,pnf_translation,,0.45123110339045525,0.003355029970407486,,1.0494068153202534,0.0007917322218418121,,,,,,,,,,,,,,,,,,,,,"Object collapse creates conflicting initial values for travel-slow(count_abs, count_abs)"
elevators-sat08-strips,p14.pddl,abstract,error (exit code 2),3.2246611900627613,pnf_translation,,0.4129866026341915,0.003356941044330597,,1.254230111837387,0.0006993673741817474,,,,,,,,,,,,,,,,,,,,,"Object collapse creates conflicting initial values for travel-slow(count_abs, count_abs)"
elevators-sat08-strips,p15.pddl,abstract,error (exit code 2),3.5206450149416924,pnf_translation,,0.4132535308599472,0.003816753625869751,,1.54985012114048,0.0007247850298881531,,,,,,,,,,,,,,,,,,,,,"Object collapse creates conflicting initial values for travel-slow(count_abs, count_abs)"
elevators-sat08-strips,p16.pddl,abstract,error (exit code 2),4.071060489863157,pnf_translation,,0.4293711483478546,0.0036040544509887695,,1.8787149041891098,0.0008094608783721924,,,,,,,,,,,,,,,,,,,,,"Object collapse creates conflicting initial values for travel-slow(count_abs, count_abs)"
elevators-sat08-strips,p17.pddl,abstract,error (exit code 2),4.753215994685888,pnf_translation,,0.44305842369794846,0.0038003213703632355,,2.3702179454267025,0.0008146204054355621,,,,,,,,,,,,,,,,,,,,,"Object collapse creates conflicting initial values for travel-slow(count_abs, count_abs)"
elevators-sat08-strips,p18.pddl,abstract,error (exit code 2),5.112669952213764,pnf_translation,,0.4590732380747795,0.003918841481208801,,2.7767344899475574,0.0008616223931312561,,,,,,,,,,,,,,,,,,,,,"Object collapse creates conflicting initial values for travel-slow(count_abs, count_abs)"
elevators-sat08-strips,p19.pddl,abstract,error (exit code 2),6.083539634943008,pnf_translation,,0.47317658364772797,0.010382447391748428,,3.307399544864893,0.0008677244186401367,,,,,,,,,,,,,,,,,,,,,"Object collapse creates conflicting initial values for travel-slow(count_abs, count_abs)"
elevators-sat08-strips,p20.pddl,abstract,error (exit code 2),5.721866004168987,pnf_translation,,0.42695974186062813,0.0040163397789001465,,3.7384718023240566,0.0007410496473312378,,,,,,,,,,,,,,,,,,,,,"Object collapse creates conflicting initial values for travel-slow(count_abs, count_abs)"
elevators-sat08-strips,p21.pddl,abstract,error (exit code 2),5.626971121877432,pnf_translation,,0.6164438612759113,0.0037130452692508698,,3.023734997957945,0.0008972324430942535,,,,,,,,,,,,,,,,,,,,,"Object collapse creates conflicting initial values for travel-slow(count_abs, count_abs)"
elevators-sat08-strips,p22.pddl,abstract,error (exit code 2),7.125604964792728,pnf_translation,,0.6318576894700527,0.004284411668777466,,4.500687312334776,0.0009300261735916138,,,,,,,,,,,,,,,,,,,,,"Object collapse creates conflicting initial values for travel-slow(count_abs, count_abs)"
elevators-sat08-strips,p23.pddl,abstract,error (exit code 2),9.03248281776905,pnf_translation,,0.6185404174029827,0.003950376063585281,,6.423443213105202,0.0009305179119110107,,,,,,,,,,,,,,,,,,,,,"Object collapse creates conflicting initial values for travel-slow(count_abs, count_abs)"
elevators-sat08-strips,p24.pddl,abstract,error (exit code 2),11.469235450029373,pnf_translation,,0.6202437281608582,0.004392210394144058,,8.86782855913043,0.0009218789637088776,,,,,,,,,,,,,,,,,,,,,"Object collapse creates conflicting initial values for travel-slow(count_abs, count_abs)"
elevators-sat08-strips,p25.pddl,abstract,error (exit code 2),14.348816070705652,pnf_translation,,0.628718494437635,0.00453728623688221,,11.71572931855917,0.0009412141516804695,,,,,,,,,,,,,,,,,,,,,"Object collapse creates conflicting initial values for travel-slow(count_abs, count_abs)"
elevators-sat08-strips,p26.pddl,abstract,error (exit code 2),18.55375163629651,pnf_translation,,0.6652272902429104,0.0047836266458034515,,15.400796923786402,0.001529458910226822,,,,,,,,,,,,,,,,,,,,,"Object collapse creates conflicting initial values for travel-slow(count_abs, count_abs)"
elevators-sat08-strips,p27.pddl,abstract,error (exit code 2),21.851530950516462,pnf_translation,,0.6380176693201065,0.004521071910858154,,19.21316084265709,0.0009782873094081879,,,,,,,,,,,,,,,,,,,,,"Object collapse creates conflicting initial values for travel-slow(count_abs, count_abs)"
elevators-sat08-strips,p28.pddl,abstract,error (exit code 2),26.610822688788176,pnf_translation,,0.6414706036448479,0.004749555140733719,,23.949324935674667,0.0010058991611003876,,,,,,,,,,,,,,,,,,,,,"Object collapse creates conflicting initial values for travel-slow(count_abs, count_abs)"
elevators-sat08-strips,p29.pddl,abstract,error (exit code 2),32.88951349630952,pnf_translation,,0.6864588372409344,0.005190979689359665,,29.781255554407835,0.0011688768863677979,,,,,,,,,,,,,,,,,,,,,"Object collapse creates conflicting initial values for travel-slow(count_abs, count_abs)"
elevators-sat08-strips,p30.pddl,abstract,error (exit code 2),38.207122415304184,pnf_translation,,0.6521690748631954,0.005498174577951431,,35.51588327437639,0.0010341927409172058,,,,,,,,,,,,,,,,,,,,,"Object collapse creates conflicting initial values for travel-slow(count_abs, count_abs)"
elevators-sat11-strips,p01.pddl,abstract,error (exit code 2),3.6954736821353436,pnf_translation,,0.4557679481804371,0.0034308433532714844,,1.3016912080347538,0.0007868334650993347,,,,,,,,,,,,,,,,,,,,,"Object collapse creates conflicting initial values for travel-slow(count_abs, count_abs)"
elevators-sat11-strips,p02.pddl,abstract,error (exit code 2),11.346449984237552,pnf_translation,,0.634941185824573,0.004420713521540165,,8.714162869378924,0.0009273895993828773,,,,,,,,,,,,,,,,,,,,,"Object collapse creates conflicting initial values for travel-slow(count_abs, count_abs)"
elevators-sat11-strips,p03.pddl,abstract,error (exit code 2),17.02322518080473,pnf_translation,,0.5764644593000412,0.004311848431825638,,14.805931504815817,0.0011058449745178223,,,,,,,,,,,,,,,,,,,,,"Object collapse creates conflicting initial values for travel-slow(count_abs, count_abs)"
elevators-sat11-strips,p04.pddl,abstract,error (exit code 2),7.045898039825261,pnf_translation,,0.49938511475920677,0.004258966073393822,,3.850546888075769,0.0008314959704875946,,,,,,,,,,,,,,,,,,,,,"Object collapse creates conflicting initial values for travel-slow(count_abs, count_abs)"
elevators-sat11-strips,p05.pddl,abstract,error (exit code 2),5.941890892572701,pnf_translation,,0.48961387015879154,0.0039078304544091225,,2.7962732911109924,0.0008620470762252808,,,,,,,,,,,,,,,,,,,,,"Object collapse creates conflicting initial values for travel-slow(count_abs, count_abs)"
elevators-sat11-strips,p06.pddl,abstract,error (exit code 2),21.92978851404041,pnf_translation,,0.6419631242752075,0.004595714621245861,,19.255536442622542,0.0009836861863732338,,,,,,,,,,,,,,,,,,,,,"Object collapse creates conflicting initial values for travel-slow(count_abs, count_abs)"
elevators-sat11-strips,p07.pddl,abstract,error (exit code 2),14.361494582146406,pnf_translation,,0.6335787065327168,0.00460607185959816,,11.716813698410988,0.0009535662829875946,,,,,,,,,,,,,,,,,,,,,"Object collapse creates conflicting initial values for travel-slow(count_abs, count_abs)"
elevators-sat11-strips,p08.pddl,abstract,error (exit code 2),26.109145987778902,pnf_translation,,0.6044986993074417,0.004648428410291672,,23.698850203305483,0.0009441003203392029,,,,,,,,,,,,,,,,,,,,,"Object collapse creates conflicting initial values for travel-slow(count_abs, count_abs)"
elevators-sat11-strips,p09.pddl,abstract,error (exit code 2),33.15931590273976,pnf_translation,,0.6522998288273811,0.005009323358535767,,29.55624660104513,0.0010139010846614838,,,,,,,,,,,,,,,,,,,,,"Object collapse creates conflicting initial values for travel-slow(count_abs, count_abs)"
elevators-sat11-strips,p10.pddl,abstract,error (exit code 2),38.11174314841628,pnf_translation,,0.6504472680389881,0.0054925307631492615,,35.480159018188715,0.001043219119310379,,,,,,,,,,,,,,,,,,,,,"Object collapse creates conflicting initial values for travel-slow(count_abs, count_abs)"
elevators-sat11-strips,p11.pddl,abstract,error (exit code 2),118.65522987022996,pnf_translation,,0.7383579285815358,0.005444709211587906,,114.26780814677477,0.0014619911089539528,,,,,,,,,,,,,,,,,,,,,"Object collapse creates conflicting initial values for travel-slow(count_abs, count_abs)"
elevators-sat11-strips,p12.pddl,abstract,error (exit code 2),138.57770542800426,pnf_translation,,0.6721576787531376,0.005353201180696487,,135.89649623259902,0.0012867636978626251,,,,,,,,,,,,,,,,,,,,,"Object collapse creates conflicting initial values for travel-slow(count_abs, count_abs)"
elevators-sat11-strips,p13.pddl,abstract,error (exit code 2),165.3193535618484,pnf_translation,,0.907245334237814,0.0057888999581336975,,161.83211525902152,0.0014524012804031372,,,,,,,,,,,,,,,,,,,,,"Object collapse creates conflicting initial values for travel-slow(count_abs, count_abs)"
elevators-sat11-strips,p14.pddl,abstract,interrupted,13.274989443831146,problem_reading,,0.6865667747333646,,,,,,,,,,,,,,,,,,,,,,,,,
elevators-sat11-strips,p15.pddl,abstract,interrupted,12.287163320928812,problem_reading,,0.6370757967233658,,,,,,,,,,,,,,,,,,,,,,,,,
elevators-sat11-strips,p16.pddl,abstract,error (exit code 2),164.88243447616696,pnf_translation,,1.2411593869328499,0.006035901606082916,,161.00833186134696,0.001428890973329544,,,,,,,,,,,,,,,,,,,,,"Object collapse creates conflicting initial values for travel-slow(count_abs, count_abs)"
elevators-sat11-strips,p17.pddl,abstract,interrupted,15.93654691055417,problem_reading,,1.332663245499134,,,,,,,,,,,,,,,,,,,,,,,,,
elevators-sat11-strips,p18.pddl,abstract,interrupted,15.42045945301652,problem_reading,,1.2468260079622269,,,,,,,,,,,,,,,,,,,,,,,,,
elevators-sat11-strips,p19.pddl,abstract,interrupted,17.63609592616558,problem_reading,,1.3923125676810741,,,,,,,,,,,,,,,,,,,,,,,,,
elevators-sat11-strips,p20.pddl,abstract,interrupted,17.285284040495753,problem_reading,,1.2742867665365338,,,,,,,,,,,,,,,,,,,,,,,,,
freecell,p01.pddl,abstract,success,4.136110130697489,total,1.96025,0.339101,0.004402,,0.365508,0.022514,0.06224,0.272466,0.228453,,0.044155,0.012937,0.110341,0.423434,,,18,0,5,0,5,11,6,6,5,object,
freecell,p02.pddl,abstract,success,192.33579498901963,total,190.497715,0.31904,0.00427,,0.579307,0.027087,0.08588,0.383341,0.232185,,0.094578,0.022232,0.3453,188.311742,,,18,0,6,1,6,14,7,8,6,object,
freecell,p03.pddl,abstract,success,19.32890374213457,total,17.501144,0.330479,0.004403,,0.849049,0.031215,0.110686,0.382207,0.256214,,0.12736,0.036041,7.995964,7.263008,,,18,0,11,0,11,23,12,12,6,object,
freecell,p04.pddl,abstract,timed out,1800.1280026715249,abstract_solving,,0.347785291261971,0.00435525830835104,,1.1262165484949946,0.034761058166623116,0.13479935470968485,0.480325473472476,0.2924106167629361,,0.16266706492751837,0.05084866005927324,2.8167784241959453,,,,18,0,9,4,9,,10,14,6,object,
freecell,p05.pddl,abstract,timed out,1800.1441675499082,abstract_solving,,0.3755155950784683,0.004631604999303818,,2.1929743364453316,0.04209762439131737,0.17089124768972397,0.6797992214560509,0.34929902106523514,,0.25988954305648804,0.07295873388648033,0.792507529258728,,,,18,0,7,9,7,,8,17,7,object,
freecell,p06.pddl,abstract,timed out,1800.1171819344163,abstract_solving,,0.3718160539865494,0.004422925412654877,,4.113756015896797,0.04744676873087883,0.22581340745091438,0.7915710918605328,0.37338812276721,,0.375278789550066,0.09093523770570755,10.037909340113401,,,,18,0,11,4,11,,12,16,8,object,
freecell,p07.pddl,abstract,timed out,1800.143475336954,abstract_solving,,0.38518483750522137,0.004578972235321999,,4.09984437469393,0.04788660537451506,0.20777554158121347,0.8100542118772864,0.39777099527418613,,0.38056310545653105,0.09222131967544556,1.803213438950479,,,,18,0,8,10,8,,9,19,8,object,
freecell,p08.pddl,abstract,timed out,1800.1276003979146,abstract_asp,,0.38109513744711876,0.004463028162717819,,7.846076164394617,0.0544990673661232,0.2458360493183136,1.012484885752201,0.42413270473480225,,0.5343943759799004,0.11709388345479965,,,,,18,0,,,16,,17,,9,object,
freecell,p09.pddl,abstract,timed out,1800.1691883206367,abstract_solving,,0.3866941072046757,0.004516687244176865,,7.896960414946079,0.05516421049833298,0.25032344087958336,1.021756935864687,0.4243783764541149,,0.543495774269104,0.11843117326498032,0.6554373167455196,,,,18,0,5,18,5,,6,24,9,object,
freecell,p10.pddl,abstract,timed out,1800.1631561294198,abstract_solving,,0.39557385444641113,0.0045072175562381744,,14.573490619659424,0.06252582371234894,0.289114598184824,1.4340768977999687,0.47776203975081444,,0.7324696406722069,0.14383472874760628,9.145371548831463,,,,18,0,10,7,10,,11,18,10,object,
freecell,p11.pddl,abstract,timed out,1800.1493278071284,abstract_solving,,0.3974282294511795,0.004625003784894943,,14.640005018562078,0.062140386551618576,0.293080348521471,1.3973971828818321,0.4827897772192955,,0.728216614574194,0.1457238309085369,1.821785818785429,,,,18,0,8,11,8,,9,20,10,object,
freecell,p12.pddl,abstract,timed out,1800.1678064130247,abstract_solving,,0.39546478167176247,0.004581425338983536,,14.631056547164917,0.06192251667380333,0.2855570577085018,1.3802603036165237,0.475381076335907,,0.7270612008869648,0.14284443855285645,22.446645062416792,,,,18,0,11,7,11,,12,19,10,object,
freecell,p13.pddl,abstract,timed out,1800.15946482867,abstract_solving,,0.42318202927708626,0.004869677126407623,,26.381391528993845,0.07068323716521263,0.3382042683660984,1.8813920579850674,0.5413986295461655,,0.9738688506186008,0.17443906888365746,4.928647294640541,,,,18,0,9,10,9,,10,20,11,object,
freecell,p14.pddl,abstract,timed out,1800.1652355380356,abstract_solving,,0.4268639460206032,0.00486823171377182,,26.093187402933836,0.07199404016137123,0.3496815375983715,1.8358396589756012,0.5415816456079483,,0.976164199411869,0.1743570901453495,31.54251589998603,,,,18,0,11,5,11,,12,17,11,object,
freecell,p15.pddl,abstract,timed out,1800.2151849530637,abstract_solving,,0.4165268577635288,0.004458144307136536,,45.61143567413092,0.07976771146059036,0.3937910757958889,2.2374715469777584,0.5965433083474636,,1.2543435171246529,0.21177951246500015,159.0773443058133,,,,18,0,12,6,12,,13,19,12,object,
freecell,p16.pddl,abstract,timed out,1800.1815850809216,abstract_solving,,0.4215582497417927,0.004549875855445862,,45.748271856456995,0.07994546741247177,0.40005017817020416,2.224362436681986,0.5970310606062412,,1.2501298040151596,0.20543867722153664,13.093952145427465,,,,18,0,10,7,10,,11,18,12,object,
freecell,p17.pddl,abstract,timed out,1800.1411820985377,abstract_solving,,0.43321510031819344,0.004499457776546478,,76.58318697661161,0.088209617882967,0.4431059807538986,2.8365072309970856,0.6971905417740345,,1.584289476275444,0.23994999006390572,16.322074700146914,,,,18,0,11,8,11,,12,20,13,object,
freecell,p18.pddl,abstract,timed out,1800.2070898655802,abstract_solving,,0.4746765485033393,0.004887344315648079,,77.64879362937063,0.08968954160809517,0.4472910538315773,2.8295048037543893,0.7750576110556722,,1.607687471434474,0.25107380747795105,183.8559949118644,,,,18,0,13,3,13,,14,17,13,object,
freecell,p19.pddl,abstract,interrupted,13.423306092619896,problem_reading,,0.4515499584376812,,,,,,,,,,,,,,,,,,,,,,,,,
freecell,p20.pddl,abstract,interrupted,12.82230393588543,problem_reading,,0.44489188864827156,,,,,,,,,,,,,,,,,,,,,,,,,
freecell,probfreecell-10-1.pddl,abstract,timed out,1800.180232103914,abstract_solving,,0.4105611518025398,0.0045576803386211395,,68.00624357536435,0.08195304125547409,0.3418840058147907,2.7197629511356354,0.539817251265049,,1.4897311367094517,0.17335904762148857,28.5155286565423,,,,18,0,10,3,10,,11,14,14,object,
freecell,probfreecell-10-2.pddl,abstract,timed out,1800.1907077254727,abstract_solving,,0.4505304880440235,0.004631230607628822,,69.44857159163803,0.08232415094971657,0.34987838938832283,2.8269075797870755,0.559500171802938,,1.4975166274234653,0.17260513547807932,28.27142407745123,,,,18,0,10,6,10,,11,17,14,object,
freecell,probfreecell-10-3.pddl,abstract,timed out,1800.1270584575832,abstract_asp,,0.41846822388470173,0.004480345174670219,,67.84758370742202,0.08343959413468838,0.3414223724976182,2.6474103527143598,0.5113462852314115,,1.4329087464138865,0.16525346599519253,,,,,18,0,,,16,,17,,14,object,
freecell,probfreecell-10-4.pddl,abstract,timed out,1800.1840169653296,abstract_solving,,0.42973777279257774,0.004706431180238724,,68.57680920884013,0.08237801864743233,0.3395119644701481,2.7692916691303253,0.558804351836443,,1.495622456073761,0.16956304013729095,3.510009281337261,,,,18,0,7,11,7,,8,19,14,object,
freecell,probfreecell-10-5.pddl,abstract,timed out,1800.0814368240535,abstract_solving,,0.410965871065855,0.00455961748957634,,68.14044024422765,0.08185608312487602,0.3433575816452503,2.7435364313423634,0.5421187356114388,,1.4880486652255058,0.17285778746008873,20.754829447716475,,,,18,0,9,7,9,,10,17,14,object,
freecell,probfreecell-11-1.pddl,abstract,timed out,1800.133678931743,abstract_asp,,0.4379223696887493,0.004598580300807953,,85.48248413205147,0.08745091408491135,0.4087955206632614,3.1583319008350372,0.6230963431298733,,1.6650659181177616,0.21093889325857162,,,,,18,0,,,15,,16,,14,object,
freecell,probfreecell-11-2.pddl,abstract,timed out,1800.213256741874,abstract_solving,,0.45229919999837875,0.004820333793759346,,85.229167887941,0.08792304340749979,0.4159969612956047,3.241271795704961,0.6245859460905194,,1.6782774366438389,0.2086526546627283,39.94309768546373,,,,18,0,12,0,12,,13,13,14,object,
freecell,probfreecell-11-3.pddl,abstract,timed out,1800.1302193701267,abstract_asp,,0.42598435655236244,0.004553318023681641,,84.74699797481298,0.08654088899493217,0.3973056301474571,3.1410877108573914,0.6034773588180542,,1.6632562428712845,0.20531398057937622,,,,,18,0,,,15,,16,,14,object,
freecell,probfreecell-11-4.pddl,abstract,timed out,1800.2009615637362,abstract_solving,,0.4177013710141182,0.004485756158828735,,84.2343900501728,0.08726047724485397,0.3913893513381481,3.0938908755779266,0.6009737737476826,,1.633557852357626,0.20467687025666237,57.421981036663055,,,,18,0,12,3,12,,13,16,14,object,
freecell,probfreecell-11-5.pddl,abstract,timed out,1800.203930400312,abstract_solving,,0.43290501087903976,0.00476471334695816,,84.60013427957892,0.08896835148334503,0.39845912903547287,3.1007191091775894,0.6029613129794598,,1.6738214492797852,0.20556456968188286,33.28087405860424,,,,18,0,9,12,9,,10,22,14,object,
freecell,probfreecell-12-1.pddl,abstract,timed out,1800.201250367798,abstract_solving,,0.433940876275301,0.004712521098554134,,103.74752138741314,0.0940236123278737,0.46253141574561596,3.327980389818549,0.723281804472208,,1.7870571073144674,0.24220601189881563,7.533010743558407,,,,18,0,10,8,10,,11,19,14,object,
freecell,probfreecell-12-2.pddl,abstract,timed out,1800.1286309696734,abstract_asp,,0.43047385290265083,0.004702672362327576,,103.96532160043716,0.09420010074973106,0.4547886848449707,3.350290670990944,0.7140778005123138,,1.7877232283353806,0.24287046492099762,,,,,18,0,,,18,,19,,14,object,
freecell,probfreecell-12-3.pddl,abstract,timed out,1800.146803252399,abstract_asp,,0.48360536620020866,0.004725556820631027,,105.19897824898362,0.09351541474461555,0.44478679820895195,3.3869625702500343,0.7528777420520782,,1.8247864060103893,0.24691056087613106,,,,,18,0,,,16,,17,,14,object,
freecell,probfreecell-12-4.pddl,abstract,timed out,1800.1365829752758,abstract_solving,,0.45352990832179785,0.004606600850820541,,103.94572841469198,0.09401248674839735,0.44822245836257935,3.3911300534382463,0.7134994510561228,,1.7899330565705895,0.24234962835907936,231.24143724050373,,,,18,0,15,0,15,,16,16,14,object,
freecell,probfreecell-12-5.pddl,abstract,timed out,1800.19528272748,abstract_solving,,0.43571172282099724,0.004599574953317642,,103.94329170510173,0.0923490822315216,0.4505022242665291,3.297778759151697,0.7210051231086254,,1.78855349868536,0.25261739268898964,125.87715853378177,,,,18,0,12,3,12,,13,16,14,object,
freecell,probfreecell-13-1.pddl,abstract,interrupted,11.32721284776926,problem_reading,,0.40887586772441864,,,,,,,,,,,,,,,,,,,,,,,,,
freecell,probfreecell-13-2.pddl,abstract,interrupted,13.222678560763597,problem_reading,,0.4465477839112282,,,,,,,,,,,,,,,,,,,,,,,,,
freecell,probfreecell-13-3.pddl,abstract,interrupted,12.614006504416466,problem_reading,,0.44527082797139883,,,,,,,,,,,,,,,,,,,,,,,,,
freecell,probfreecell-13-4.pddl,abstract,interrupted,12.712208911776543,problem_reading,,0.4490382671356201,,,,,,,,,,,,,,,,,,,,,,,,,
freecell,probfreecell-13-5.pddl,abstract,interrupted,12.711244616657495,problem_reading,,0.44684774056077003,,,,,,,,,,,,,,,,,,,,,,,,,
freecell,probfreecell-2-1.pddl,abstract,success,29.94314604252577,total,27.064113,0.358031,0.004433,,2.764182,0.037894,0.062809,0.660787,0.222545,,0.275787,0.012279,0.086141,22.489411,,,18,0,4,0,4,9,5,5,14,object,
freecell,probfreecell-2-2.pddl,abstract,success,8.381221689283848,total,6.708639,0.28621,0.004347,,2.758776,0.037391,0.062333,0.58331,0.201523,,0.265831,0.012372,0.092703,2.318328,,,18,0,5,0,5,11,6,6,14,object,
freecell,probfreecell-2-3.pddl,abstract,success,9.150177549570799,total,7.329225,0.312933,0.004364,,2.717691,0.039115,0.062995,0.589418,0.207832,,0.269692,0.011966,0.093554,2.930567,,,18,0,5,0,5,11,6,6,14,object,
freecell,probfreecell-2-4.pddl,abstract,success,10.003512475639582,total,7.26604,0.33482,0.004246,,2.667201,0.037173,0.061018,0.652995,0.21339,,0.275936,0.012092,0.082404,2.850318,,,18,0,5,0,5,10,6,6,14,object,
freecell,probfreecell-2-5.pddl,abstract,success,15.956909202039242,total,14.223234,0.292398,0.004242,,2.703594,0.037199,0.061275,0.581241,0.203255,,0.268034,0.012132,0.073063,9.903801,,,18,0,4,0,4,9,5,5,14,object,
freecell,probfreecell-3-1.pddl,abstract,timed out,1800.1348181553185,abstract_solving,,0.3357211761176586,0.004323296248912811,,5.622048158198595,0.04397766664624214,0.08637218549847603,0.8652564436197281,0.2361157312989235,,0.42171547189354897,0.02208135277032852,0.13324912264943123,,,,18,0,4,3,4,,5,8,14,object,
freecell,probfreecell-3-2.pddl,abstract,timed out,1800.1408252045512,abstract_solving,,0.3247886151075363,0.004390429705381393,,5.538336407393217,0.04415426030755043,0.08680085092782974,0.900288388133049,0.23356440663337708,,0.42530060932040215,0.02192521095275879,0.20869894698262215,,,,18,0,5,0,6,,7,6,14,object,
freecell,probfreecell-3-3.pddl,abstract,success,664.441773597151,total,662.249278,0.335426,0.004302,,5.426038,0.043463,0.085746,0.893525,0.232561,,0.422161,0.021826,0.121933,654.527265,,,18,0,4,3,4,12,5,8,14,object,
freecell,probfreecell-3-4.pddl,abstract,success,478.71660359203815,total,475.65841,0.340553,0.004339,,5.449341,0.043823,0.086966,0.872327,0.234981,,0.424165,0.022565,0.414322,467.638891,,,18,0,5,0,7,15,8,6,14,object,
freecell,probfreecell-3-5.pddl,abstract,timed out,1800.1416250094771,abstract_solving,,0.3262725807726383,0.004312232136726379,,5.422769520431757,0.0449262410402298,0.08749870210886002,0.8342531993985176,0.23227321729063988,,0.44823338463902473,0.021990101784467697,0.3575959540903568,,,,18,0,6,0,6,,7,7,14,object,
freecell,probfreecell-4-1.pddl,abstract,timed out,1800.1321457587183,abstract_solving,,0.342050489038229,0.004354078322649002,,9.89997310563922,0.048615552484989166,0.10663808882236481,1.0600909069180489,0.2591794393956661,,0.5767180621623993,0.04477497935295105,0.5204141400754452,,,,18,0,6,1,6,,7,8,14,object,
freecell,probfreecell-4-2.pddl,abstract,timed out,1800.1710118092597,abstract_solving,,0.34026746824383736,0.004351943731307983,,9.574442464858294,0.0491286963224411,0.10399168357253075,1.1064267307519913,0.26141417026519775,,0.5737491101026535,0.03500833734869957,1.0708795227110386,,,,18,0,8,0,8,,9,9,14,object,
freecell,probfreecell-4-3.pddl,abstract,timed out,1800.1411501914263,abstract_solving,,0.3425637176260352,0.004332671873271465,,9.460730627179146,0.04954043589532375,0.10478154104202986,1.057087128981948,0.25742881186306477,,0.5720326723530889,0.03441067412495613,0.3981775064021349,,,,18,0,6,1,6,,7,8,14,object,
freecell,probfreecell-4-4.pddl,abstract,timed out,1800.1512634307146,abstract_solving,,0.3388378396630287,0.004363693296909332,,9.822225246578455,0.04901953414082527,0.12596334889531136,1.0734043270349503,0.2570088319480419,,0.5782720558345318,0.03497365117073059,1.30262241512537,,,,18,0,6,0,8,,9,7,14,object,
freecell,probfreecell-4-5.pddl,abstract,timed out,1800.135662626475,abstract_solving,,0.36790241301059723,0.004545949399471283,,9.836703591048717,0.05027679726481438,0.10821284353733063,1.094761785119772,0.2711329683661461,,1.078552808612585,0.06503629684448242,0.2753082774579525,,,,18,0,5,2,5,,6,8,14,object,
freecell,probfreecell-5-1.pddl,abstract,timed out,1800.1523475106806,abstract_solving,,0.371740004979074,0.004545906558632851,,15.224292854778469,0.05529895145446062,0.13499628752470016,1.4732281463220716,0.2959222858771682,,0.7366584064438939,0.05146310944110155,1.9352064672857523,,,,18,0,8,0,8,,9,9,14,object,
freecell,probfreecell-5-2.pddl,abstract,timed out,1800.141246713698,abstract_solving,,0.36148256063461304,0.004424307495355606,,14.917342402040958,0.05498087406158447,0.13233445957303047,1.4171953946352005,0.290082722902298,,0.7409616596996784,0.05116276443004608,0.8916093297302723,,,,18,0,6,2,6,,7,9,14,object,
freecell,probfreecell-5-3.pddl,abstract,timed out,1800.1297824569046,abstract_solving,,0.3519555442035198,0.004484064877033234,,14.696087919175625,0.055321305990219116,0.13439743965864182,1.3511994667351246,0.2918722704052925,,0.7202140539884567,0.05007495731115341,0.401830792427063,,,,18,0,6,3,6,,7,10,14,object,
freecell,probfreecell-5-4.pddl,abstract,timed out,1800.1490198802203,abstract_solving,,0.3539380067959428,0.0044492753222584724,,14.813255961053073,0.05458765383809805,0.1330708023160696,1.3915275251492858,0.2938733333721757,,0.7293234970420599,0.05114556197077036,1.8284412492066622,,,,18,0,7,0,7,,8,8,14,object,
freecell,probfreecell-5-5.pddl,abstract,timed out,1800.150752414018,abstract_solving,,0.3518073856830597,0.004463657736778259,,14.971667043864727,0.05466754734516144,0.13451434299349785,1.369053814560175,0.28889264166355133,,0.7357404492795467,0.05087943747639656,0.734290111809969,,,,18,0,7,1,7,,8,9,14,object,
freecell,probfreecell-6-1.pddl,abstract,timed out,1800.1549563072622,abstract_solving,,0.3584233410656452,0.004405617713928223,,21.964364487677813,0.05969524383544922,0.16998910531401634,1.6081655286252499,0.32510679960250854,,0.8809638246893883,0.06960121914744377,0.37412232533097267,,,,18,0,4,10,4,,5,15,14,object,
freecell,probfreecell-6-2.pddl,abstract,timed out,1800.1861985130236,abstract_solving,,0.35965500958263874,0.004430040717124939,,21.98097705002874,0.05991617031395435,0.16952596977353096,1.5937380334362388,0.3268748549744487,,0.8692396711558104,0.07017486169934273,7.205756010487676,,,,18,0,10,0,10,,11,11,14,object,
freecell,probfreecell-6-3.pddl,abstract,timed out,1800.1508169993758,abstract_solving,,0.36413250863552094,0.004431102424860001,,22.047550298273563,0.06011010706424713,0.17024368047714233,1.559655997902155,0.3288804478943348,,0.8814266920089722,0.06904789805412292,1.0382436141371727,,,,18,0,7,2,7,,8,10,14,object,
freecell,probfreecell-6-4.pddl,abstract,timed out,1800.1512814024463,abstract_solving,,0.363116217777133,0.004446349106729031,,22.136329798959196,0.060153307393193245,0.1703821150586009,1.5897764740511775,0.32868224196136,,0.8662690659984946,0.06884247064590454,0.41601638589054346,,,,18,0,5,6,5,,6,12,14,object,
freecell,probfreecell-6-5.pddl,abstract,timed out,1800.068048815243,abstract_solving,,0.3634841740131378,0.004420053213834763,,22.078272321261466,0.06084449030458927,0.1687790174037218,1.600930718705058,0.32972185406833887,,0.8813902800902724,0.06956343445926905,0.5608536479994655,,,,18,0,5,8,5,,6,14,14,object,
freecell,probfreecell-7-1.pddl,abstract,timed out,1800.2752233706415,abstract_solving,,0.3941918611526489,0.0045806653797626495,,30.963971760123968,0.06661432236433029,0.2052723467350006,2.0118169523775578,0.39715174958109856,,1.0424583032727242,0.09236026555299759,7.359106428921223,,,,18,0,10,0,10,,11,11,14,object,
freecell,probfreecell-7-2.pddl,abstract,timed out,1800.1621561087668,abstract_solving,,0.37482215091586113,0.004530545324087143,,30.47128626331687,0.0658758319914341,0.21416480466723442,1.90862400457263,0.3755704164505005,,1.0318810679018497,0.09141506254673004,3.890044342726469,,,,18,0,6,0,9,,10,7,14,object,
freecell,probfreecell-7-3.pddl,abstract,timed out,1800.200625691563,abstract_solving,,0.37925999984145164,0.00441163033246994,,30.538345519453287,0.06486012414097786,0.2043214701116085,1.949331283569336,0.3641734607517719,,1.0327332988381386,0.09042321145534515,9.353103220462799,,,,18,0,11,0,11,,12,12,14,object,
freecell,probfreecell-7-4.pddl,abstract,timed out,1800.177042607218,abstract_solving,,0.4015285149216652,0.0046789199113845825,,30.662413153797388,0.0660148598253727,0.21120654419064522,1.992926936596632,0.3945317901670933,,1.054364737123251,0.09179005399346352,1.9374008513987064,,,,18,0,6,11,6,,7,18,14,object,
freecell,probfreecell-7-5.pddl,abstract,timed out,1800.1606694310904,abstract_solving,,0.38602055981755257,0.004432175308465958,,30.49135237559676,0.06576849892735481,0.2065519131720066,1.9473427087068558,0.3688087835907936,,1.0596514977514744,0.0914427638053894,3.4271953515708447,,,,18,0,7,4,7,,8,12,14,object,
freecell,probfreecell-8-1.pddl,abstract,timed out,1800.1743297241628,abstract_solving,,0.406110193580389,0.004516907036304474,,41.11865392327309,0.07165028154850006,0.27113736793398857,2.11196681112051,0.43018823117017746,,1.2089786417782307,0.11617983505129814,1.7176289111375809,,,,18,0,6,11,6,,7,18,14,object,
freecell,probfreecell-8-2.pddl,abstract,timed out,1800.187997136265,abstract_solving,,0.38992399722337723,0.004592403769493103,,40.91596984863281,0.07149925082921982,0.2451174072921276,2.080760844051838,0.4109479598701,,1.1938155218958855,0.1148349903523922,21.01638500392437,,,,18,0,10,4,10,,11,15,14,object,
freecell,probfreecell-8-3.pddl,abstract,timed out,1800.2055338807404,abstract_solving,,0.38856067415326834,0.004512258805334568,,40.89254312496632,0.07064883783459663,0.24537490494549274,2.154087297618389,0.4211654728278518,,1.2105319742113352,0.11536248866468668,4.607736626639962,,,,18,0,9,6,9,,10,16,14,object,
freecell,probfreecell-8-4.pddl,abstract,timed out,1800.1690689474344,abstract_solving,,0.386457160115242,0.004527591168880463,,40.79029481858015,0.07221562042832375,0.24243786185979843,2.1214906461536884,0.42004871740937233,,1.1818985641002655,0.12999265640974045,1.922875139862299,,,,18,0,7,0,9,,10,8,14,object,
freecell,probfreecell-8-5.pddl,abstract,timed out,1800.1720224246383,abstract_solving,,0.4077911972999573,0.004515714943408966,,41.98283788189292,0.07174085080623627,0.24537495151162148,2.1387128084897995,0.4208480529487133,,1.1843763142824173,0.11579860001802444,92.5460405908525,,,,18,0,9,0,12,,13,10,14,object,
freecell,probfreecell-9-1.pddl,abstract,timed out,1800.1701424457133,abstract_solving,,0.39723167568445206,0.0045832619071006775,,52.99460404738784,0.07648622989654541,0.29034268110990524,2.5067279376089573,0.4753613881766796,,1.3215940929949284,0.143229641020298,1.305901888757944,,,,18,0,7,12,7,,8,20,14,object,
freecell,probfreecell-9-2.pddl,abstract,timed out,1800.1854961514473,abstract_solving,,0.39986275881528854,0.004598993808031082,,53.20692644268274,0.076993428170681,0.28694674372673035,2.5429521054029465,0.4737326465547085,,1.3390535824000835,0.1409962885081768,5.386443458497524,,,,18,0,9,1,9,,10,11,14,object,
freecell,probfreecell-9-3.pddl,abstract,timed out,1800.224282084033,abstract_solving,,0.3993144789710641,0.004567557014524937,,53.36732270848006,0.07752443943172693,0.2902156841009855,2.5310639860108495,0.4770981064066291,,1.343543304130435,0.1423573987558484,93.57367490511388,,,,18,0,12,0,12,,13,13,14,object,
freecell,probfreecell-9-4.pddl,abstract,timed out,1800.1471221717075,abstract_solving,,0.4002581341192126,0.004585522226989269,,53.37370253633708,0.07691408228129148,0.29580079577863216,2.514546997845173,0.46723323315382004,,1.3727244148030877,0.1417760606855154,2.6706766979768872,,,,18,0,8,6,8,,9,15,14,object,
freecell,probfreecell-9-5.pddl,abstract,timed out,1800.2116321101785,abstract_solving,,0.3979930281639099,0.004555355757474899,,53.287719797343016,0.0770793929696083,0.28673768043518066,2.5188125036656857,0.4783845469355583,,1.333660077303648,0.14240848273038864,27.987310104072094,,,,18,0,10,7,10,,11,18,14,object,
logistics98,prob22.pddl,abstract,interrupted,12.43240243010223,problem_reading,,0.49720764998346567,,,,,,,,,,,,,,,,,,,,,,,,,
logistics98,prob25.pddl,abstract,interrupted,13.61025856807828,problem_reading,,0.7242584489285946,,,,,,,,,,,,,,,,,,,,,,,,,
logistics98,prob26.pddl,abstract,interrupted,9.330832045525312,problem_reading,,0.5022771926596761,,,,,,,,,,,,,,,,,,,,,,,,,
logistics98,prob28.pddl,abstract,interrupted,26.129051353782415,problem_reading,,0.7684914581477642,,,,,,,,,,,,,,,,,,,,,,,,,
logistics98,prob29.pddl,abstract,interrupted,14.409293691627681,problem_reading,,0.480364796705544,,,,,,,,,,,,,,,,,,,,,,,,,
logistics98,prob30.pddl,abstract,interrupted,14.408198226243258,problem_reading,,0.7017816305160522,,,,,,,,,,,,,,,,,,,,,,,,,
mprime,prob01.pddl,abstract,success,4.239875012077391,total,2.440262,0.185128,0.002583,,0.518076,0.012491,0.074194,0.293968,0.271425,,0.065339,0.063376,0.326659,0.554688,,,4,1,0,0,5,10,6,1,4,object,
mprime,prob02.pddl,abstract,success,10.507289361208677,total,8.456088,0.207658,0.002908,,3.138874,0.020208,0.351787,0.567935,0.362866,,0.254225,0.055597,0.527399,2.848862,,,4,1,0,0,7,14,8,1,4,object,
mprime,prob03.pddl,abstract,success,6.808429686352611,total,5.213816,0.186912,0.002486,,1.721749,0.016601,0.226176,0.449928,0.349521,,0.176491,0.099582,0.517339,1.398664,,,4,1,0,0,4,8,5,1,3,object,
mprime,prob04.pddl,abstract,success,4.510647244751453,total,2.83682,0.182269,0.002521,,0.589786,0.013138,0.118792,0.277244,0.251805,,0.074623,0.066189,0.420984,0.791624,,,4,1,0,0,8,14,9,1,2,object,
mprime,prob05.pddl,abstract,success,10.100691087543964,total,8.400229,0.188498,0.002559,,2.183949,0.017047,0.256449,0.427116,0.262374,,0.190843,0.036611,2.063916,2.692908,,,4,1,0,0,11,22,12,1,4,object,
mprime,prob06.pddl,abstract,success,210.0941919758916,total,207.922907,0.308072,0.002945,,85.49567,0.026743,0.4197,2.593819,1.626651,,1.409128,0.759723,92.323078,22.460581,,,4,1,0,0,11,22,12,1,4,object,
mprime,prob07.pddl,abstract,success,5.4248428121209145,total,3.591569,0.206276,0.002715,,0.853856,0.016996,0.407034,0.343282,0.323488,,0.100797,0.043083,0.252264,0.969288,,,4,1,0,0,5,7,6,1,2,object,
mprime,prob08.pddl,abstract,success,27.578370383009315,total,25.026298,0.225527,0.002696,,14.143555,0.022833,0.356278,1.084515,0.778406,,0.584499,0.295976,1.712982,5.67026,,,4,1,0,0,6,12,7,1,4,object,
mprime,prob09.pddl,abstract,success,7.960678592324257,total,5.771955,0.195685,0.00276,,1.643404,0.016328,0.259577,0.430546,0.30248,,0.189156,0.049054,0.531208,2.062102,,,4,1,0,0,8,16,9,1,4,object,
mprime,prob10.pddl,abstract,interrupted,16.51128600537777,problem_reading,,0.33381861448287964,,,,,,,,,,,,,,,,,,,,,,,,,
mprime,prob11.pddl,abstract,success,5.05201530456543,total,3.238013,0.189235,0.002735,,0.677976,0.014288,0.12064,0.349565,0.294449,,0.090921,0.075467,0.457204,0.891424,,,4,1,0,0,7,12,8,1,3,object,
mprime,prob12.pddl,abstract,success,6.8471783101558685,total,5.037066,0.187322,0.002599,,1.310761,0.014113,0.110299,0.447822,0.384276,,0.154605,0.132222,0.790912,1.400714,,,4,1,0,0,6,10,7,1,3,object,
mprime,prob13.pddl,abstract,interrupted,16.232811257243156,problem_reading,,0.341505479067564,,,,,,,,,,,,,,,,,,,,,,,,,
mprime,prob14.pddl,abstract,interrupted,19.487601526081562,problem_reading,,0.38133278116583824,,,,,,,,,,,,,,,,,,,,,,,,,
mprime,prob15.pddl,abstract,interrupted,12.930608240887523,problem_reading,,0.273104764521122,,,,,,,,,,,,,,,,,,,,,,,,,
mprime,prob16.pddl,abstract,success,16.667887341231108,total,14.799988,0.199046,0.002789,,7.072956,0.019439,0.308927,0.813483,0.538647,,0.425505,0.183224,1.133727,3.972481,,,4,1,0,0,6,13,7,1,4,object,
mprime,prob17.pddl,abstract,success,115.96275528147817,total,113.772169,0.279381,0.002773,,93.59625,0.026732,0.496384,2.581652,1.295407,,1.426499,0.375595,1.976656,11.519933,,,4,1,0,0,4,8,5,1,4,object,
mprime,prob18.pddl,abstract,success,394.4447202719748,total,391.603033,0.315313,0.002766,,130.781568,0.027241,0.411667,3.334822,2.416142,,1.755579,1.20458,199.84767,50.530996,,,4,1,0,0,17,35,18,1,4,object,
mprime,prob19.pddl,abstract,success,55.94067773222923,total,53.551029,0.23309,0.003028,,36.96704,0.02449,0.399004,1.67824,0.98491,,0.943886,0.323218,2.290126,9.377386,,,4,1,0,0,6,12,7,1,4,object,
mprime,prob20.pddl,abstract,interrupted,15.505561005324125,problem_reading,,0.3340844139456749,,,,,,,,,,,,,,,,,,,,,,,,,
mprime,prob21.pddl,abstract,success,65.9360893778503,total,63.931584,0.306834,0.002824,,50.166684,0.02577,0.586144,1.627656,0.589742,,0.908636,0.042631,0.265946,9.249229,,,4,1,0,0,6,12,7,1,4,object,
mprime,prob22.pddl,abstract,interrupted,15.925132501870394,problem_reading,,0.33373281359672546,,,,,,,,,,,,,,,,,,,,,,,,,
mprime,prob23.pddl,abstract,success,111.53062421828508,total,108.992305,0.324961,0.002868,,67.955677,0.026617,0.458203,2.200071,1.338895,,1.255314,0.48051,15.538032,18.986251,,,4,1,0,0,10,20,11,1,4,object,
mprime,prob24.pddl,abstract,success,142.49398831278086,total,140.139705,0.326334,0.002995,,107.037215,0.029025,0.830903,2.677573,1.958993,,1.527219,0.904739,6.425057,18.024363,,,4,1,0,0,8,16,9,1,4,object,
mprime,prob25.pddl,abstract,success,3.301778096705675,total,1.499081,0.167437,0.002554,,0.313913,0.012148,0.057342,0.258062,0.21653,,0.030976,0.025313,0.131352,0.222811,,,4,1,0,0,4,7,5,1,4,object,
mprime,prob26.pddl,abstract,success,10.764094438403845,total,9.104779,0.190567,0.002547,,3.40525,0.01887,0.247146,0.54041,0.464656,,0.265645,0.192426,1.193314,2.504749,,,4,1,0,0,6,12,7,1,4,object,
mprime,prob27.pddl,abstract,success,17.929814368486404,total,16.094166,0.191484,0.002729,,7.833591,0.016852,0.260261,0.770909,0.775195,,0.40107,0.376721,1.94772,3.380392,,,4,1,0,0,5,8,6,1,4,object,
mprime,prob28.pddl,abstract,success,4.9858974404633045,total,2.648166,0.183424,0.002694,,0.539754,0.012423,0.102422,0.309493,0.271708,,0.066767,0.062388,0.383217,0.642629,,,4,1,0,0,7,12,8,1,3,object,
mprime,prob29.pddl,abstract,success,10.142023369669914,total,7.804147,0.192582,0.002617,,3.135977,0.017083,0.245155,0.541542,0.456273,,0.248008,0.193594,0.906477,1.779681,,,4,1,0,0,4,8,5,1,4,object,
mprime,prob30.pddl,abstract,success,167.80893159285188,total,165.760088,0.207749,0.002887,,98.370111,0.022727,0.406177,2.653185,2.345707,,1.495333,1.308126,39.168462,19.316136,,,4,1,0,0,9,18,10,1,4,object,
mprime,prob31.pddl,abstract,success,13.873092729598284,total,11.942577,0.203677,0.002666,,6.636151,0.019424,0.292255,0.824303,0.378397,,0.355579,0.044402,0.230785,2.840193,,,4,1,0,0,4,8,5,1,4,object,
mprime,prob32.pddl,abstract,success,6.346952173858881,total,3.721748,0.213969,0.003242,,1.0108,0.017547,0.248557,0.40034,0.251147,,0.114484,0.019947,0.146752,1.213021,,,4,1,0,0,7,13,8,1,4,object,
mprime,prob33.pddl,abstract,success,103.35965498536825,total,100.46601,0.320131,0.003376,,69.65495,0.027935,0.781258,2.165456,0.930494,,1.16626,0.213095,6.082642,18.75001,,,4,1,0,0,12,24,13,1,4,object,
mprime,prob34.pddl,abstract,success,12.461202211678028,total,10.604193,0.203006,0.002592,,6.040867,0.020014,0.357988,0.65589,0.313706,,0.311539,0.023761,0.125096,2.482256,,,4,1,0,0,4,8,5,1,4,object,
mprime,prob35.pddl,abstract,success,3.6838792450726032,total,2.224951,0.168137,0.002449,,0.481253,0.013218,0.07865,0.242148,0.230075,,0.063949,0.052678,0.285718,0.560343,,,4,1,0,0,5,10,6,1,4,object,
mystery,prob01.pddl,abstract,success,4.079741962254047,total,1.180032,0.177751,0.002148,,0.261501,0.01472,0.058845,0.23626,0.191148,,0.014755,0.00959,0.058964,0.105358,,,1,0,0,0,5,5,6,1,7,object,
mystery,prob02.pddl,abstract,success,11.318586916662753,total,9.439179,0.190877,0.002377,,2.680209,0.019881,0.333724,0.558256,0.478013,,0.220793,0.185605,2.219978,2.420344,,,1,0,0,0,7,14,8,1,5,object,
mystery,prob03.pddl,abstract,success,5.211216229945421,total,3.383884,0.185785,0.002188,,0.864963,0.019041,0.145718,0.377109,0.31216,,0.1036,0.082005,0.400738,0.814982,,,1,0,0,0,4,8,5,1,5,object,
mystery,prob04.pddl,abstract,timed out,1800.2180793769658,abstract_solving,,0.17703282833099365,0.0028894133865833282,,0.23574601113796234,0.01616380363702774,0.09489500150084496,0.22253063321113586,0.2034473717212677,,0.01712162047624588,0.012435991317033768,0.09071841090917587,,,,1,0,7,944,7,,8,952,5,object,
mystery,prob05.pddl,abstract,timed out,1800.1618657372892,abstract_solving,,0.18905066698789597,0.0023174621164798737,,1.3614377938210964,0.016758877784013748,0.2799980118870735,0.39070240780711174,0.44061989337205887,,0.14312084764242172,0.16472116857767105,2.1188643351197243,,,,1,0,9,148,9,,10,158,4,object,
mystery,prob06.pddl,abstract,timed out,1800.1536796959117,abstract_solving,,0.30374918691813946,0.002690737135708332,,21.54511840734631,0.032879697158932686,0.3588963011279702,1.1819806471467018,1.3212282974272966,,0.6179575631394982,0.6205057827755809,30.659183315001428,,,,1,0,8,0,10,,11,9,7,object,
mystery,prob08.pddl,abstract,timed out,1800.1657085865736,abstract_solving,,0.20710833743214607,0.00231875479221344,,2.181244518607855,0.024418409913778305,0.35560881718993187,0.45495130866765976,0.691241916269064,,0.17741171643137932,0.2891780771315098,1.507102608680725,,,,1,0,5,29,5,,6,35,5,object,
mystery,prob09.pddl,abstract,success,7.706565137952566,total,5.873145,0.179456,0.002275,,1.285097,0.016952,0.169047,0.398086,0.375427,,0.13968,0.121842,1.456396,1.635305,,,1,0,0,0,8,16,9,1,5,object,
mystery,prob10.pddl,abstract,interrupted,13.806958567351103,problem_reading,,0.3213265426456928,,,,,,,,,,,,,,,,,,,,,,,,,
mystery,prob11.pddl,abstract,success,3.3375635147094727,total,1.526944,0.17712,0.002265,,0.249702,0.016372,0.094883,0.270497,0.20999,,0.024124,0.018104,0.140797,0.248258,,,1,0,0,0,7,7,8,1,6,object,
mystery,prob12.pddl,abstract,timed out,1800.1328796558082,abstract_solving,,0.19196391105651855,0.002187449485063553,,0.356154952198267,0.01758250966668129,0.08013312891125679,0.2844103164970875,0.22858557105064392,,0.03314723074436188,0.026737414300441742,0.1527058519423008,,,,1,0,5,104,5,,6,110,7,object,
mystery,prob13.pddl,abstract,timed out,1800.167664784938,abstract_asp,,0.3341771587729454,0.002434059977531433,,88.22280783206224,0.03541899472475052,1.1613135933876038,2.0163547582924366,4.821792412549257,,1.0690423734486103,2.3955309689044952,,,,,1,0,,,13,,14,,4,object,
mystery,prob14.pddl,abstract,interrupted,13.928074315190315,problem_reading,,0.300770778208971,,,,,,,,,,,,,,,,,,,,,,,,,
mystery,prob15.pddl,abstract,success,83.39331170916557,total,75.910762,0.302412,0.002324,,55.153382,0.042585,0.395747,1.869771,1.585829,,0.982282,0.811227,4.690413,9.849762,,,1,0,0,0,6,10,7,1,11,object,
mystery,prob16.pddl,abstract,timed out,1800.2468580976129,abstract_solving,,0.18695100024342537,0.0022509917616844177,,1.2787009254097939,0.02155246213078499,0.2662576101720333,0.3654499351978302,0.531458418816328,,0.13533910736441612,0.23304768651723862,1.22261318936944,,,,1,0,5,720,5,,6,726,6,object,
mystery,prob17.pddl,abstract,success,78.49595414940268,total,76.083142,0.304683,0.002581,,56.733958,0.031038,0.456737,1.886132,1.951312,,0.984402,0.928933,4.781265,7.828499,,,1,0,0,0,4,8,5,1,6,object,
mystery,prob19.pddl,abstract,success,20.486397477798164,total,18.947522,0.199105,0.002167,,8.905551,0.027657,0.389856,0.700166,1.00121,,0.358922,0.538721,3.278277,3.444388,,,1,0,0,0,6,12,7,1,6,object,
mystery,prob20.pddl,abstract,success,19.688573487102985,total,17.773658,0.22084,0.002301,,7.968862,0.042721,0.274726,0.840918,0.688738,,0.40335,0.272824,2.334038,4.488105,,,1,0,0,0,7,9,8,1,12,object,
mystery,prob21.pddl,abstract,timed out,1800.0759696923196,abstract_asp,,0.21885570511221886,0.002334732562303543,,7.3004061207175255,0.02528826892375946,0.6584950834512711,0.7161599509418011,0.3330846056342125,,0.34568722546100616,0.008430805057287216,,,,,2,0,,,313,,314,,4,object,
mystery,prob22.pddl,abstract,timed out,1800.2012074887753,abstract_solving,,0.32267094776034355,0.0023802630603313446,,88.83404304087162,0.0403246246278286,0.6732319034636021,2.089670743793249,4.082316543906927,,1.1196559704840183,2.072078086435795,22.539012234658003,,,,1,0,8,19,8,,9,28,6,object,
mystery,prob23.pddl,abstract,timed out,1800.1885945089161,abstract_solving,,0.297677218914032,0.002320393919944763,,12.186328075826168,0.030489187687635422,0.41035187244415283,0.8997252993285656,1.394215438514948,,0.44454703107476234,0.7252624444663525,6.165859252214432,,,,1,0,8,70,8,,9,79,6,object,
mystery,prob24.pddl,abstract,timed out,1800.3721231408417,abstract_solving,,0.3096909299492836,0.002970311790704727,,3.9327518567442894,0.04248717799782753,0.6600244641304016,0.5342882350087166,1.0767828673124313,,0.23548132181167603,0.5595170371234417,3.09778019040823,,,,1,0,6,795,6,,7,802,10,object,
mystery,prob25.pddl,abstract,success,4.2918870858848095,total,1.606071,0.195406,0.002044,,0.445257,0.0122,0.046376,0.456757,0.163894,,0.014519,0.008595,0.050256,0.081932,,,1,0,0,0,4,6,5,1,6,object,
mystery,prob26.pddl,abstract,success,5.464380130171776,total,3.623622,0.190581,0.00223,,0.732205,0.020967,0.239313,0.373279,0.32758,,0.094724,0.086661,0.468226,1.00082,,,1,0,3,0,5,11,6,4,6,object,
mystery,prob27.pddl,abstract,success,4.653666522353888,total,2.551832,0.188506,0.002325,,0.517035,0.027256,0.094439,0.355616,0.261445,,0.073918,0.045418,0.253569,0.639455,,,1,0,0,0,5,9,6,1,13,object,
mystery,prob28.pddl,abstract,success,2.7758398465812206,total,1.142973,0.161658,0.002165,,0.209464,0.016221,0.071115,0.200225,0.172367,,0.016011,0.010871,0.083209,0.160525,,,1,0,0,0,7,9,8,1,8,object,
mystery,prob29.pddl,abstract,success,9.89145090058446,total,2.693405,0.181393,0.00229,,0.643124,0.022567,0.135312,0.30544,0.268121,,0.075618,0.061742,0.310578,0.610799,,,1,0,0,0,4,8,5,1,9,object,
mystery,prob30.pddl,abstract,success,12.819240257143974,total,10.970083,0.202597,0.002913,,2.554932,0.037543,0.281211,0.527157,0.432733,,0.240658,0.154342,3.354729,3.05468,,,1,0,0,0,9,17,10,1,13,object,
nomystery-sat11-strips,p01.pddl,abstract,success,190.75021049380302,total,188.012032,3.416064,0.007365,,1.473394,3.884236,0.023538,0.422865,0.21377,,0.073615,0.020515,4.067633,174.280457,,,1,0,16,0,18,35,19,17,81,fuellevel,
nomystery-sat11-strips,p02.pddl,abstract,timed out,1800.1739596016705,abstract_solving,,4.9508369490504265,0.009677145630121231,,2.624754421412945,6.108460769057274,0.037938088178634644,0.5253177843987942,0.2557208016514778,,0.11714182421565056,0.03649711236357689,26.63373191654682,,,,1,0,20,0,21,,22,21,94,fuellevel,
nomystery-sat11-strips,p03.pddl,abstract,timed out,1800.1002469211817,abstract_solving,,16.700067598372698,0.024042103439569473,,22.02095975726843,34.909486189484596,0.06721464172005653,0.9573621228337288,0.3235723450779915,,0.20967967063188553,0.07701227813959122,750.4430740363896,,,,1,0,25,0,25,,26,26,172,fuellevel,
nomystery-sat11-strips,p04.pddl,abstract,timed out,1800.2445278707892,abstract_solving,,28.811952703632414,0.03944805171340704,,72.4981742054224,84.7702208738774,0.05096813477575779,1.5129283964633942,0.2775908652693033,,0.33711306005716324,0.05760572571307421,329.9778728382662,,,,1,0,28,0,28,,29,29,235,fuellevel,
nomystery-sat11-strips,p05.pddl,abstract,timed out,1800.1370766237378,abstract_asp,,24.814082946628332,0.034900158643722534,,80.01060337200761,72.18054803460836,0.026058249175548553,1.5016309469938278,0.20949779078364372,,0.3532840311527252,0.014910373836755753,,,,,1,0,,,31,,32,,225,fuellevel,
nomystery-sat11-strips,p06.pddl,abstract,timed out,1800.0442654378712,abstract_asp,,24.681199602782726,0.035045151598751545,,89.36619690712541,71.02894164901227,0.025139639154076576,1.6010603085160255,0.2099017472937703,,0.37828734796494246,0.012638522312045097,,,,,1,0,,,32,,33,,226,fuellevel,
nomystery-sat11-strips,p07.pddl,abstract,timed out,1800.071215968579,abstract_asp,,30.800463266670704,0.043428707867860794,,159.00106151401997,99.80234429985285,0.03705631569027901,2.0167556703090668,0.23146135732531548,,0.4747116044163704,0.02495225891470909,,,,,1,0,,,33,,34,,252,fuellevel,
nomystery-sat11-strips,p08.pddl,abstract,timed out,1800.1336811482906,abstract_asp,,16.045431185513735,0.026109308004379272,,53.557573821395636,35.722662545740604,0.029730353504419327,1.264143317937851,0.21508212015032768,,0.3578210026025772,0.016406558454036713,,,,,1,0,,,33,,34,,179,fuellevel,
nomystery-sat11-strips,p09.pddl,abstract,error (exit code 2),359.76039219275117,problem_reading,,45.86182803660631,,,,,,,,,,,,,,,,,,,,,,,,,Resource detection timed out after 300s
nomystery-sat11-strips,p10.pddl,abstract,timed out,1800.1439934559166,abstract_asp,,28.752297934144735,0.046626798808574677,,185.12187684699893,87.07995259016752,0.03402698412537575,1.9942280873656273,0.20806113630533218,,0.5577529259026051,0.020093459635972977,,,,,1,0,,,36,,37,,242,fuellevel,
nomystery-sat11-strips,p11.pddl,abstract,success,157.58634448051453,total,155.293423,1.825051,0.004439,,0.704704,1.539179,0.022489,0.306185,0.220206,,0.047343,0.020324,4.200137,146.278003,,,1,0,16,0,18,28,19,17,58,fuellevel,
nomystery-sat11-strips,p12.pddl,abstract,timed out,1800.150452915579,abstract_solving,,2.525021132081747,0.0056979842483997345,,1.0914472341537476,2.3465698659420013,0.03542940691113472,0.3939734399318695,0.24082273617386818,,0.06604069843888283,0.03652767837047577,22.1440437361598,,,,1,0,20,0,21,,22,21,67,fuellevel,
nomystery-sat11-strips,p13.pddl,abstract,success,1401.4354426264763,total,1397.339768,8.394053,0.013594,,7.330436,13.913105,0.066301,0.612982,0.305899,,0.147946,0.076399,636.880366,729.337377,,,1,0,25,0,25,43,26,26,124,fuellevel,
nomystery-sat11-strips,p14.pddl,abstract,timed out,1800.2123136669397,abstract_solving,,15.097069527953863,0.022858720272779465,,24.0156284943223,34.07696841284633,0.051502931863069534,0.9784684628248215,0.28147541731595993,,0.2269730269908905,0.05805350840091705,310.6109229438007,,,,1,0,28,0,28,,29,29,171,fuellevel,
nomystery-sat11-strips,p15.pddl,abstract,timed out,1800.1317980401218,abstract_asp,,13.197425954043865,0.024420280009508133,,27.630685597658157,28.30317948758602,0.026192158460617065,1.0194494165480137,0.2943396046757698,,0.25850000232458115,0.014897257089614868,,,,,1,0,,,31,,32,,165,fuellevel,
nomystery-sat11-strips,p16.pddl,abstract,timed out,1800.1325252614915,abstract_asp,,13.255472727119923,0.020017560571432114,,31.48248839750886,28.468882489949465,0.0249638594686985,1.064547784626484,0.20516692847013474,,0.28014399111270905,0.012634441256523132,,,,,1,0,,,32,,33,,166,fuellevel,
nomystery-sat11-strips,p17.pddl,abstract,timed out,1800.1468503549695,abstract_asp,,17.468970950692892,0.024615507572889328,,53.301939718425274,38.77619367465377,0.04278981685638428,1.2282204814255238,0.23953827470541,,0.35172735527157784,0.025078289210796356,,,,,1,0,,,33,,34,,184,fuellevel,
nomystery-sat11-strips,p18.pddl,abstract,timed out,1800.1249281838536,abstract_asp,,8.354011796414852,0.014258604496717453,,19.32498510554433,14.057667214423418,0.028372369706630707,0.834410086274147,0.213784359395504,,0.25675301626324654,0.016271069645881653,,,,,1,0,,,33,,34,,131,fuellevel,
nomystery-sat11-strips,p19.pddl,abstract,timed out,1800.1406983966008,abstract_asp,,25.054220153018832,0.03690511267632246,,138.54959589987993,70.38438799232244,0.030643383972346783,1.693252196535468,0.22135305125266314,,0.49609889555722475,0.01825167890638113,,,,,1,0,,,36,,37,,225,fuellevel,
nomystery-sat11-strips,p20.pddl,abstract,timed out,1800.1332576535642,abstract_asp,,15.636326011270285,0.02361195534467697,,66.78650939837098,34.85971213504672,0.03362560272216797,1.3172724172472954,0.23982782289385796,,0.41002265363931656,0.02001868188381195,,,,,1,0,,,36,,37,,178,fuellevel,
openstacks-sat08-strips,p01.pddl,abstract,success,3.446052435785532,total,1.637054,0.192762,0.003495,,0.184608,0.014267,0.019784,0.256603,0.18646,,0.010029,0.00419,0.568393,0.127298,,,7,0,0,0,15,20,16,1,6,count,
openstacks-sat08-strips,p02.pddl,abstract,success,4.436909817159176,total,1.72895,0.198464,0.003451,,0.258587,0.01398,0.019784,0.253857,0.18631,,0.010265,0.004095,0.581577,0.130449,,,7,0,0,0,15,20,16,1,6,count,
openstacks-sat08-strips,p03.pddl,abstract,success,4.472523633390665,total,1.998243,0.214025,0.003491,,0.235259,0.013974,0.019512,0.236132,0.182303,,0.008971,0.003915,0.887759,0.127316,,,7,0,0,0,15,20,16,1,6,count,
openstacks-sat08-strips,p04.pddl,abstract,timed out,1800.121860127896,abstract_asp,,0.3289781026542187,0.005666229873895645,,0.24203183501958847,0.03458850830793381,0.04601879045367241,0.21698227897286415,0.1998501643538475,,0.013615649193525314,0.005101960152387619,,,,,12,0,,,22,,23,,11,count,
openstacks-sat08-strips,p05.pddl,abstract,timed out,1800.0237165885046,abstract_asp,,0.3400647798553109,0.005675671622157097,,0.32286924216896296,0.03421322721987963,0.03971785306930542,0.2707833955064416,0.19706330634653568,,0.016062775626778603,0.004839626140892506,,,,,12,0,,,23,,24,,11,count,
openstacks-sat08-strips,p06.pddl,abstract,timed out,1800.1178181357682,abstract_asp,,0.34448426589369774,0.005680069327354431,,0.27124442160129547,0.03384862840175629,0.0407625250518322,0.25281136482954025,0.19319770857691765,,0.017171747982501984,0.004786048084497452,,,,,12,0,,,22,,23,,11,count,
openstacks-sat08-strips,p07.pddl,abstract,timed out,1800.1182470656931,abstract_asp,,0.4204098768532276,0.008405007421970367,,0.3430597521364689,0.06237783655524254,0.05033472180366516,0.2412123940885067,0.20111064240336418,,0.024772126227617264,0.005215108394622803,,,,,17,0,,,23,,24,,16,count,
openstacks-sat08-strips,p08.pddl,abstract,timed out,1800.1154182814062,abstract_asp,,0.4046735242009163,0.00804821401834488,,0.37232551723718643,0.06292632222175598,0.0505170114338398,0.28384796157479286,0.1966666728258133,,0.029169734567403793,0.005578774958848953,,,,,17,0,,,24,,25,,16,count,
openstacks-sat08-strips,p09.pddl,abstract,timed out,1800.1182628571987,abstract_asp,,0.39977939426898956,0.007955983281135559,,0.3013627342879772,0.062304023653268814,0.05127950385212898,0.2527936212718487,0.1965189091861248,,0.025999054312705994,0.005447566509246826,,,,,17,0,,,23,,24,,16,count,
openstacks-sat08-strips,p10.pddl,abstract,timed out,1800.1186569295824,abstract_asp,,0.4808124229311943,0.01052388921380043,,0.49861160665750504,0.09981905668973923,0.06845400854945183,0.2933153547346592,0.2060059793293476,,0.04307233914732933,0.006122224032878876,,,,,22,0,,,23,,24,,21,count,
openstacks-sat08-strips,p11.pddl,abstract,timed out,1800.116154693067,abstract_asp,,0.49081213772296906,0.010408159345388412,,0.4561077505350113,0.10227950662374496,0.06928449496626854,0.32381248846650124,0.20715011656284332,,0.0436285063624382,0.0063669756054878235,,,,,22,0,,,24,,25,,21,count,
openstacks-sat08-strips,p12.pddl,abstract,timed out,1800.1198039725423,abstract_asp,,0.47916747629642487,0.010520853102207184,,0.4513201639056206,0.09940662235021591,0.06874260306358337,0.3112980052828789,0.20182308182120323,,0.04575134441256523,0.006040751934051514,,,,,22,0,,,25,,26,,21,count,
openstacks-sat08-strips,p13.pddl,abstract,timed out,1800.1162545755506,abstract_asp,,0.6288818195462227,0.015051783062517643,,1.2205483354628086,0.20008966326713562,0.10747478995472193,0.41205598041415215,0.21534811612218618,,0.09053057432174683,0.007228739559650421,,,,,32,0,,,23,,24,,31,count,
openstacks-sat08-strips,p14.pddl,abstract,timed out,1800.1181497462094,abstract_asp,,0.7088483236730099,0.015455849468708038,,1.2479371391236782,0.2013811320066452,0.1077902726829052,0.4103402718901634,0.220024935901165,,0.09472774714231491,0.007677994668483734,,,,,32,0,,,24,,25,,31,count,
openstacks-sat08-strips,p15.pddl,abstract,timed out,1800.1210567206144,abstract_asp,,0.6248072646558285,0.015487466007471085,,1.237760029733181,0.1997152790427208,0.10859736427664757,0.43193095177412033,0.21395018696784973,,0.09339191764593124,0.007601935416460037,,,,,32,0,,,24,,25,,31,count,
openstacks-sat08-strips,p16.pddl,abstract,timed out,1800.0253408960998,abstract_asp,,0.7968435119837523,0.026374727487564087,,3.445314317010343,0.3384768422693014,0.26814361847937107,0.5353544121608138,0.2276838757097721,,0.160662149079144,0.00880693644285202,,,,,42,0,,,24,,25,,41,count,
openstacks-sat08-strips,p17.pddl,abstract,timed out,1800.1209768392146,abstract_asp,,0.8118114098906517,0.01975582167506218,,3.459748163819313,0.334881704300642,0.3358699604868889,0.5804449394345284,0.23487025499343872,,0.16230680420994759,0.008841093629598618,,,,,42,0,,,24,,25,,41,count,
openstacks-sat08-strips,p18.pddl,abstract,timed out,1800.1200623437762,abstract_asp,,0.7681355141103268,0.019754953682422638,,3.4671215787529945,0.3295132741332054,0.26893429830670357,0.5124911926686764,0.221762266010046,,0.15713517740368843,0.00856960192322731,,,,,42,0,,,24,,25,,41,count,
openstacks-sat08-strips,p19.pddl,abstract,timed out,1800.0296423770487,abstract_asp,,1.0530439168214798,0.02534639835357666,,8.72864469140768,0.5140991546213627,0.21633512526750565,0.7725827507674694,0.23779182136058807,,0.25689802318811417,0.010130845010280609,,,,,52,0,,,24,,25,,51,count,
openstacks-sat08-strips,p20.pddl,abstract,timed out,1800.1208948157728,abstract_asp,,1.081636969000101,0.024990957230329514,,8.687416542321444,0.5235935337841511,0.2076784372329712,0.7609952688217163,0.24012405797839165,,0.2577090598642826,0.01036158949136734,,,,,52,0,,,23,,24,,51,count,
openstacks-sat08-strips,p21.pddl,abstract,timed out,1800.1168510690331,abstract_asp,,1.0330200865864754,0.024638347327709198,,8.761880744248629,0.5062391012907028,0.20893002673983574,0.7909622602164745,0.23715536296367645,,0.25409289821982384,0.010440289974212646,,,,,52,0,,,22,,23,,51,count,
openstacks-sat08-strips,p22.pddl,abstract,timed out,1800.1216100305319,abstract_asp,,1.2505226815119386,0.03034073207527399,,19.507094632834196,0.7339162873104215,0.2778182104229927,1.0304652815684676,0.2669457271695137,,0.37010688427835703,0.011649344116449356,,,,,62,0,,,23,,24,,61,count,
openstacks-sat08-strips,p23.pddl,abstract,timed out,1800.1178960092366,abstract_asp,,1.2077519856393337,0.030114177614450455,,19.636765226721764,0.7365261726081371,0.26988528296351433,0.9362223036587238,0.24465302750468254,,0.35914022475481033,0.011471416801214218,,,,,62,0,,,25,,26,,61,count,
openstacks-sat08-strips,p24.pddl,abstract,timed out,1800.119716990739,abstract_asp,,1.2082389369606972,0.029166877269744873,,19.678701411932707,0.7146205492317677,0.26945387572050095,0.9441298134624958,0.25098318606615067,,0.358683455735445,0.011597849428653717,,,,,62,0,,,21,,22,,61,count,
openstacks-sat08-strips,p25.pddl,abstract,timed out,1800.1227431297302,abstract_asp,,1.728158112615347,0.04023502767086029,,75.26047203689814,1.2646613605320454,0.41877905651926994,1.74302177131176,0.27514470368623734,,0.6469214931130409,0.014199122786521912,,,,,82,0,,,23,,24,,81,count,
openstacks-sat08-strips,p26.pddl,abstract,timed out,1800.1232326412573,abstract_asp,,1.6863288963213563,0.045958961360156536,,75.58454943168908,1.2546518808230758,0.3997869836166501,1.6583013515919447,0.27469895873218775,,0.6405362691730261,0.01433925423771143,,,,,82,0,,,21,,22,,81,count,
openstacks-sat08-strips,p27.pddl,abstract,timed out,1800.1203246489167,abstract_asp,,1.6930855512619019,0.03958747535943985,,76.09187753126025,1.2557973824441433,0.4074443094432354,1.5607167482376099,0.2684813030064106,,0.639690712094307,0.014111220836639404,,,,,82,0,,,23,,24,,81,count,
openstacks-sat08-strips,p28.pddl,abstract,interrupted,13.816867131739855,problem_reading,,2.2428481578826904,,,,,,,,,,,,,,,,,,,,,,,,,
openstacks-sat08-strips,p29.pddl,abstract,interrupted,11.332120403647423,problem_reading,,1.960540134459734,,,,,,,,,,,,,,,,,,,,,,,,,
openstacks-sat08-strips,p30.pddl,abstract,interrupted,13.411694020032883,problem_reading,,2.2236349284648895,,,,,,,,,,,,,,,,,,,,,,,,,
openstacks-sat11-strips,p01.pddl,abstract,timed out,1800.118889760226,abstract_asp,,1.0398451201617718,0.024858035147190094,,8.82443905994296,0.5282046049833298,0.23214511945843697,0.7860462889075279,0.2375793717801571,,0.2520478367805481,0.010075889527797699,,,,,52,0,,,22,,23,,51,count,
openstacks-sat11-strips,p02.pddl,abstract,timed out,1800.121353711933,abstract_asp,,1.2491190880537033,0.031021829694509506,,19.55938808992505,0.7636812590062618,0.2768036015331745,1.0245951041579247,0.25283976271748543,,0.37043751403689384,0.011661294847726822,,,,,62,0,,,23,,24,,61,count,
openstacks-sat11-strips,p03.pddl,abstract,timed out,1800.1207426004112,abstract_asp,,1.2113790176808834,0.029311444610357285,,19.668790627270937,0.7343085370957851,0.26687388867139816,0.9641909301280975,0.24532876163721085,,0.36115024611353874,0.011304803192615509,,,,,62,0,,,21,,22,,61,count,
openstacks-sat11-strips,p04.pddl,abstract,timed out,1800.1215376146138,abstract_asp,,1.779381100088358,0.04086023569107056,,75.66578868404031,1.263620875775814,0.42129146307706833,1.7450674250721931,0.2840290702879429,,0.6481848359107971,0.014668356627225876,,,,,82,0,,,23,,24,,81,count,
openstacks-sat11-strips,p05.pddl,abstract,timed out,1800.1221665032208,abstract_asp,,1.716378502547741,0.0462508462369442,,75.6751893684268,1.251273225992918,0.3941177614033222,1.6236126758158207,0.27365555241703987,,0.6440098620951176,0.014278799295425415,,,,,82,0,,,21,,22,,81,count,
openstacks-sat11-strips,p06.pddl,abstract,timed out,1800.1211383789778,abstract_asp,,1.672750063240528,0.03944183140993118,,75.4756945706904,1.2548528909683228,0.39902791753411293,1.6603026278316975,0.2712719589471817,,0.6534301899373531,0.014196492731571198,,,,,82,0,,,23,,24,,81,count,
openstacks-sat11-strips,p07.pddl,abstract,timed out,1800.121110536158,abstract_asp,,1.0652811601758003,0.02499493956565857,,8.64745320379734,0.5259261950850487,0.20616686716675758,0.7323525510728359,0.2413541078567505,,0.2546350508928299,0.010376021265983582,,,,,52,0,,,23,,24,,51,count,
openstacks-sat11-strips,p08.pddl,abstract,interrupted,14.829992357641459,problem_reading,,2.2010791711509228,,,,,,,,,,,,,,,,,,,,,,,,,
openstacks-sat11-strips,p09.pddl,abstract,interrupted,11.336324292235076,problem_reading,,1.9615458231419325,,,,,,,,,,,,,,,,,,,,,,,,,
openstacks-sat11-strips,p10.pddl,abstract,interrupted,13.511124435812235,problem_reading,,2.2164474464952946,,,,,,,,,,,,,,,,,,,,,,,,,
openstacks-sat11-strips,p11.pddl,abstract,interrupted,14.145544355735183,problem_reading,,2.3775641843676567,,,,,,,,,,,,,,,,,,,,,,,,,
openstacks-sat11-strips,p12.pddl,abstract,interrupted,19.596796605736017,problem_reading,,4.216550529003143,,,,,,,,,,,,,,,,,,,,,,,,,
openstacks-sat11-strips,p13.pddl,abstract,interrupted,22.523807607591152,problem_reading,,3.5740869380533695,,,,,,,,,,,,,,,,,,,,,,,,,
openstacks-sat11-strips,p14.pddl,abstract,interrupted,22.420280713588,problem_reading,,4.787230957299471,,,,,,,,,,,,,,,,,,,,,,,,,
openstacks-sat11-strips,p15.pddl,abstract,interrupted,28.31413295120001,problem_reading,,4.36809504032135,,,,,,,,,,,,,,,,,,,,,,,,,
openstacks-sat11-strips,p16.pddl,abstract,interrupted,29.68458526954055,problem_reading,,5.888939015567303,,,,,,,,,,,,,,,,,,,,,,,,,
openstacks-sat11-strips,p17.pddl,abstract,interrupted,35.811269890516996,problem_reading,,5.527855359017849,,,,,,,,,,,,,,,,,,,,,,,,,
openstacks-sat11-strips,p18.pddl,abstract,interrupted,42.9162533134222,problem_reading,,8.366319812834263,,,,,,,,,,,,,,,,,,,,,,,,,
openstacks-sat11-strips,p19.pddl,abstract,interrupted,44.92457890510559,problem_reading,,6.329702787101269,,,,,,,,,,,,,,,,,,,,,,,,,
openstacks-sat11-strips,p20.pddl,abstract,interrupted,53.59730613231659,problem_reading,,9.925982382148504,,,,,,,,,,,,,,,,,,,,,,,,,
openstacks-sat14-strips,p170_2.pddl,abstract,interrupted,19.828732628375292,problem_reading,,3.1583004407584667,,,,,,,,,,,,,,,,,,,,,,,,,
openstacks-sat14-strips,p170_3.pddl,abstract,interrupted,27.998657695949078,problem_reading,,5.502779044210911,,,,,,,,,,,,,,,,,,,,,,,,,
openstacks-sat14-strips,p190_1.pddl,abstract,interrupted,26.911541424691677,problem_reading,,3.901079524308443,,,,,,,,,,,,,,,,,,,,,,,,,
openstacks-sat14-strips,p190_2.pddl,abstract,interrupted,24.03186608105898,problem_reading,,3.703255847096443,,,,,,,,,,,,,,,,,,,,,,,,,
openstacks-sat14-strips,p190_3.pddl,abstract,interrupted,28.93342038616538,problem_reading,,5.757367126643658,,,,,,,,,,,,,,,,,,,,,,,,,
openstacks-sat14-strips,p210_1.pddl,abstract,interrupted,30.414448365569115,problem_reading,,4.305999457836151,,,,,,,,,,,,,,,,,,,,,,,,,
openstacks-sat14-strips,p210_2.pddl,abstract,interrupted,31.13369803968817,problem_reading,,4.394776821136475,,,,,,,,,,,,,,,,,,,,,,,,,
openstacks-sat14-strips,p210_3.pddl,abstract,interrupted,34.299426002427936,problem_reading,,6.7696722550317645,,,,,,,,,,,,,,,,,,,,,,,,,
openstacks-sat14-strips,p230_1.pddl,abstract,interrupted,35.8271216340363,problem_reading,,4.641792066395283,,,,,,,,,,,,,,,,,,,,,,,,,
openstacks-sat14-strips,p230_2.pddl,abstract,interrupted,37.12772950157523,problem_reading,,5.262279901653528,,,,,,,,,,,,,,,,,,,,,,,,,
openstacks-sat14-strips,p230_3.pddl,abstract,interrupted,44.01648052409291,problem_reading,,8.521731678396463,,,,,,,,,,,,,,,,,,,,,,,,,
openstacks-sat14-strips,p250_1.pddl,abstract,interrupted,40.714430348947644,problem_reading,,5.282315708696842,,,,,,,,,,,,,,,,,,,,,,,,,
openstacks-sat14-strips,p250_2.pddl,abstract,interrupted,43.926501512527466,problem_reading,,5.717097461223602,,,,,,,,,,,,,,,,,,,,,,,,,
openstacks-sat14-strips,p250_3.pddl,abstract,interrupted,54.23953378200531,problem_reading,,9.874342184513807,,,,,,,,,,,,,,,,,,,,,,,,,
openstacks-sat14-strips,p270_1.pddl,abstract,interrupted,47.71603805851191,problem_reading,,5.904165629297495,,,,,,,,,,,,,,,,,,,,,,,,,
openstacks-sat14-strips,p270_2.pddl,abstract,interrupted,53.711556307040155,problem_reading,,6.280125891789794,,,,,,,,,,,,,,,,,,,,,,,,,
openstacks-sat14-strips,p270_3.pddl,abstract,interrupted,57.636342369019985,problem_reading,,9.24406849220395,,,,,,,,,,,,,,,,,,,,,,,,,
openstacks-sat14-strips,p290_1.pddl,abstract,interrupted,53.24762491136789,problem_reading,,6.53017321228981,,,,,,,,,,,,,,,,,,,,,,,,,
openstacks-sat14-strips,p290_2.pddl,abstract,interrupted,52.52316699922085,problem_reading,,6.713235415518284,,,,,,,,,,,,,,,,,,,,,,,,,
openstacks-sat14-strips,p290_3.pddl,abstract,interrupted,69.52256020903587,problem_reading,,11.85569628700614,,,,,,,,,,,,,,,,,,,,,,,,,
openstacks-strips,p27.pddl,abstract,interrupted,325.4619874320924,problem_reading,,233.65243869274855,,,,,,,,,,,,,,,,,,,,,,,,,
openstacks-strips,p28.pddl,abstract,timed out,1800.6174874845892,problem_reading,,1334.5550618609414,,,,,,,,,,,,,,,,,,,,,,,,,
openstacks-strips,p29.pddl,abstract,interrupted,1384.8944026269019,problem_reading,,1177.967719592154,,,,,,,,,,,,,,,,,,,,,,,,,
openstacks-strips,p30.pddl,abstract,interrupted,648.580729432404,problem_reading,,554.6440716655925,,,,,,,,,,,,,,,,,,,,,,,,,
parking-sat11-strips,pfile09-033.pddl,abstract,interrupted,12.616115853190422,problem_reading,,0.1806584596633911,,,,,,,,,,,,,,,,,,,,,,,,,
parking-sat11-strips,pfile09-034.pddl,abstract,interrupted,14.11033780220896,problem_reading,,0.18884767219424248,,,,,,,,,,,,,,,,,,,,,,,,,
parking-sat11-strips,pfile09-035.pddl,abstract,interrupted,13.411179908551276,problem_reading,,0.1834813142195344,,,,,,,,,,,,,,,,,,,,,,,,,
parking-sat11-strips,pfile09-036.pddl,abstract,interrupted,13.821701720356941,problem_reading,,0.18693170696496964,,,,,,,,,,,,,,,,,,,,,,,,,
parking-sat11-strips,pfile10-037.pddl,abstract,interrupted,14.13665431085974,problem_reading,,0.18045264203101397,,,,,,,,,,,,,,,,,,,,,,,,,
parking-sat11-strips,pfile10-038.pddl,abstract,interrupted,17.15442360751331,problem_reading,,0.20417794957756996,,,,,,,,,,,,,,,,,,,,,,,,,
parking-sat11-strips,pfile10-039.pddl,abstract,interrupted,16.936867102980614,problem_reading,,0.20117424800992012,,,,,,,,,,,,,,,,,,,,,,,,,
parking-sat11-strips,pfile10-040.pddl,abstract,interrupted,15.810893151909113,problem_reading,,0.18984779343008995,,,,,,,,,,,,,,,,,,,,,,,,,
parking-sat11-strips,pfile11-041.pddl,abstract,interrupted,18.007950177416205,problem_reading,,0.1901742061600089,,,,,,,,,,,,,,,,,,,,,,,,,
parking-sat11-strips,pfile11-042.pddl,abstract,interrupted,18.132285116240382,problem_reading,,0.19426893536001444,,,,,,,,,,,,,,,,,,,,,,,,,
parking-sat11-strips,pfile11-043.pddl,abstract,interrupted,18.602591201663017,problem_reading,,0.1999206691980362,,,,,,,,,,,,,,,,,,,,,,,,,
parking-sat11-strips,pfile11-044.pddl,abstract,interrupted,15.927346427924931,problem_reading,,0.18017522990703583,,,,,,,,,,,,,,,,,,,,,,,,,
parking-sat11-strips,pfile12-045.pddl,abstract,interrupted,21.810846645385027,problem_reading,,0.200657207518816,,,,,,,,,,,,,,,,,,,,,,,,,
parking-sat11-strips,pfile12-046.pddl,abstract,interrupted,21.511991510167718,problem_reading,,0.22263954766094685,,,,,,,,,,,,,,,,,,,,,,,,,
parking-sat11-strips,pfile12-047.pddl,abstract,interrupted,21.13760032504797,problem_reading,,0.20200474932789803,,,,,,,,,,,,,,,,,,,,,,,,,
parking-sat11-strips,pfile12-048.pddl,abstract,interrupted,21.27309237793088,problem_reading,,0.2114832065999508,,,,,,,,,,,,,,,,,,,,,,,,,
parking-sat11-strips,pfile13-049.pddl,abstract,interrupted,24.011321768164635,problem_reading,,0.1997850462794304,,,,,,,,,,,,,,,,,,,,,,,,,
parking-sat11-strips,pfile13-050.pddl,abstract,interrupted,23.910394575446844,problem_reading,,0.19650980457663536,,,,,,,,,,,,,,,,,,,,,,,,,
parking-sat14-strips,p_28_2.pddl,abstract,interrupted,16.319485813379288,problem_reading,,0.18232053518295288,,,,,,,,,,,,,,,,,,,,,,,,,
parking-sat14-strips,p_28_3.pddl,abstract,interrupted,18.41221022978425,problem_reading,,0.19311130791902542,,,,,,,,,,,,,,,,,,,,,,,,,
parking-sat14-strips,p_30_1.pddl,abstract,interrupted,18.25779141485691,problem_reading,,0.18430795148015022,,,,,,,,,,,,,,,,,,,,,,,,,
parking-sat14-strips,p_30_2.pddl,abstract,interrupted,18.42780139669776,problem_reading,,0.18326770141720772,,,,,,,,,,,,,,,,,,,,,,,,,
parking-sat14-strips,p_30_3.pddl,abstract,interrupted,22.04165980219841,problem_reading,,0.21306264400482178,,,,,,,,,,,,,,,,,,,,,,,,,
parking-sat14-strips,p_32_1.pddl,abstract,interrupted,21.428532894700766,problem_reading,,0.18682842329144478,,,,,,,,,,,,,,,,,,,,,,,,,
parking-sat14-strips,p_32_2.pddl,abstract,interrupted,21.556780751794577,problem_reading,,0.18979091569781303,,,,,,,,,,,,,,,,,,,,,,,,,
parking-sat14-strips,p_32_3.pddl,abstract,interrupted,21.246450692415237,problem_reading,,0.18713447451591492,,,,,,,,,,,,,,,,,,,,,,,,,
parking-sat14-strips,p_34_1.pddl,abstract,interrupted,28.222077439539135,problem_reading,,0.228832577355206,,,,,,,,,,,,,,,,,,,,,,,,,
parking-sat14-strips,p_34_2.pddl,abstract,interrupted,27.226948983967304,problem_reading,,0.1990565061569214,,,,,,,,,,,,,,,,,,,,,,,,,
parking-sat14-strips,p_34_3.pddl,abstract,interrupted,24.72446681559086,problem_reading,,0.19329539313912392,,,,,,,,,,,,,,,,,,,,,,,,,
parking-sat14-strips,p_36_1.pddl,abstract,interrupted,28.236925694160163,problem_reading,,0.19981152284890413,,,,,,,,,,,,,,,,,,,,,,,,,
parking-sat14-strips,p_36_2.pddl,abstract,interrupted,27.627927673980594,problem_reading,,0.19262340012937784,,,,,,,,,,,,,,,,,,,,,,,,,
parking-sat14-strips,p_36_3.pddl,abstract,interrupted,31.90899033099413,problem_reading,,0.21058067679405212,,,,,,,,,,,,,,,,,,,,,,,,,
parking-sat14-strips,p_38_1.pddl,abstract,interrupted,32.02847332879901,problem_reading,,0.1990921376273036,,,,,,,,,,,,,,,,,,,,,,,,,
parking-sat14-strips,p_38_2.pddl,abstract,interrupted,37.167008489370346,problem_reading,,0.22129205614328384,,,,,,,,,,,,,,,,,,,,,,,,,
parking-sat14-strips,p_38_3.pddl,abstract,interrupted,36.12495070695877,problem_reading,,0.2117486633360386,,,,,,,,,,,,,,,,,,,,,,,,,
parking-sat14-strips,p_40_1.pddl,abstract,interrupted,37.909540340304375,problem_reading,,0.20422647148370743,,,,,,,,,,,,,,,,,,,,,,,,,
parking-sat14-strips,p_40_2.pddl,abstract,interrupted,41.60920023918152,problem_reading,,0.21343014389276505,,,,,,,,,,,,,,,,,,,,,,,,,
parking-sat14-strips,p_40_3.pddl,abstract,interrupted,42.005718091502786,problem_reading,,0.21201782673597336,,,,,,,,,,,,,,,,,,,,,,,,,
pipesworld-notankage,p43-net5-b24-g3.pddl,abstract,interrupted,8.523352455347776,problem_reading,,0.281659260392189,,,,,,,,,,,,,,,,,,,,,,,,,
pipesworld-notankage,p44-net5-b24-g5.pddl,abstract,interrupted,10.229438655078411,problem_reading,,0.3143334835767746,,,,,,,,,,,,,,,,,,,,,,,,,
pipesworld-notankage,p45-net5-b26-g4.pddl,abstract,interrupted,11.600426200777292,problem_reading,,0.32312797382473946,,,,,,,,,,,,,,,,,,,,,,,,,
pipesworld-notankage,p46-net5-b26-g6.pddl,abstract,interrupted,11.008863288909197,problem_reading,,0.314045000821352,,,,,,,,,,,,,,,,,,,,,,,,,
pipesworld-notankage,p47-net5-b28-g5.pddl,abstract,interrupted,11.951372504234314,problem_reading,,0.3412290960550308,,,,,,,,,,,,,,,,,,,,,,,,,
pipesworld-notankage,p48-net5-b28-g7.pddl,abstract,interrupted,10.807256070896983,problem_reading,,0.33736923709511757,,,,,,,,,,,,,,,,,,,,,,,,,
pipesworld-notankage,p49-net5-b30-g6.pddl,abstract,interrupted,10.12898250296712,problem_reading,,0.30193880572915077,,,,,,,,,,,,,,,,,,,,,,,,,
pipesworld-notankage,p50-net5-b30-g8.pddl,abstract,interrupted,11.308177050203085,problem_reading,,0.326715175062418,,,,,,,,,,,,,,,,,,,,,,,,,
pipesworld-tankage,p29-net3-b20-g6-t70.pddl,abstract,interrupted,12.319715350866318,problem_reading,,0.3703625947237015,,,,,,,,,,,,,,,,,,,,,,,,,
pipesworld-tankage,p30-net3-b20-g8-t70.pddl,abstract,interrupted,12.818554196506739,problem_reading,,0.3741988018155098,,,,,,,,,,,,,,,,,,,,,,,,,
pipesworld-tankage,p35-net4-b18-g4-t90.pddl,abstract,interrupted,15.286615494638681,problem_reading,,0.3882347196340561,,,,,,,,,,,,,,,,,,,,,,,,,
pipesworld-tankage,p36-net4-b18-g6-t90.pddl,abstract,interrupted,16.98454686626792,problem_reading,,0.4246306084096432,,,,,,,,,,,,,,,,,,,,,,,,,
pipesworld-tankage,p37-net4-b20-g5-t60.pddl,abstract,interrupted,14.562196910381317,problem_reading,,0.4043849967420101,,,,,,,,,,,,,,,,,,,,,,,,,
pipesworld-tankage,p38-net4-b20-g7-t60.pddl,abstract,interrupted,13.710062127560377,problem_reading,,0.3996291868388653,,,,,,,,,,,,,,,,,,,,,,,,,
pipesworld-tankage,p39-net4-b22-g7-t50.pddl,abstract,interrupted,14.710772342979908,problem_reading,,0.382733091711998,,,,,,,,,,,,,,,,,,,,,,,,,
pipesworld-tankage,p40-net4-b22-g8-t50.pddl,abstract,interrupted,16.410720504820347,problem_reading,,0.4016057848930359,,,,,,,,,,,,,,,,,,,,,,,,,
pipesworld-tankage,p42-net5-b22-g4-t50.pddl,abstract,interrupted,19.710341883823276,problem_reading,,0.4252140326425433,,,,,,,,,,,,,,,,,,,,,,,,,
pipesworld-tankage,p43-net5-b24-g3-t80.pddl,abstract,interrupted,36.30910079181194,problem_reading,,0.458930142223835,,,,,,,,,,,,,,,,,,,,,,,,,
pipesworld-tankage,p44-net5-b24-g5-t80.pddl,abstract,interrupted,32.78760832361877,problem_reading,,0.4196143923327327,,,,,,,,,,,,,,,,,,,,,,,,,
pipesworld-tankage,p45-net5-b26-g4-t50.pddl,abstract,interrupted,27.094445325434208,problem_reading,,0.4355309195816517,,,,,,,,,,,,,,,,,,,,,,,,,
pipesworld-tankage,p46-net5-b26-g6-t50.pddl,abstract,interrupted,23.510766944848,problem_reading,,0.39857303630560637,,,,,,,,,,,,,,,,,,,,,,,,,
pipesworld-tankage,p47-net5-b28-g5-t50.pddl,abstract,interrupted,28.02875994797796,problem_reading,,0.4004189148545265,,,,,,,,,,,,,,,,,,,,,,,,,
pipesworld-tankage,p48-net5-b28-g7-t50.pddl,abstract,interrupted,31.511060882359743,problem_reading,,0.44398823007941246,,,,,,,,,,,,,,,,,,,,,,,,,
pipesworld-tankage,p49-net5-b30-g6-t50.pddl,abstract,interrupted,36.506303645670414,problem_reading,,0.45707330480217934,,,,,,,,,,,,,,,,,,,,,,,,,
pipesworld-tankage,p50-net5-b30-g8-t50.pddl,abstract,interrupted,34.468527749180794,problem_reading,,0.42961476743221283,,,,,,,,,,,,,,,,,,,,,,,,,
quantum-layout-sat23-strips,p20.pddl,abstract,interrupted,11.613895641639829,problem_reading,,0.9504797914996743,,,,,,,,,,,,,,,,,,,,,,,,,
rovers,p35.pddl,abstract,interrupted,15.014862827025354,problem_reading,,2.740465742535889,,,,,,,,,,,,,,,,,,,,,,,,,
rovers,p37.pddl,abstract,interrupted,15.329356364905834,problem_reading,,3.062021914869547,,,,,,,,,,,,,,,,,,,,,,,,,
rovers,p38.pddl,abstract,interrupted,19.025437749922276,problem_reading,,3.3105642572045326,,,,,,,,,,,,,,,,,,,,,,,,,
rovers,p39.pddl,abstract,interrupted,16.622492130845785,problem_reading,,3.5623914375901222,,,,,,,,,,,,,,,,,,,,,,,,,
rovers,p40.pddl,abstract,interrupted,19.42377246543765,problem_reading,,3.667901825159788,,,,,,,,,,,,,,,,,,,,,,,,,
satellite,p24-HC-pfile4.pddl,abstract,interrupted,12.392904414795339,problem_reading,,0.3509979946538806,,,,,,,,,,,,,,,,,,,,,,,,,
satellite,p25-HC-pfile5.pddl,abstract,interrupted,13.58772275596857,problem_reading,,0.35545578971505165,,,,,,,,,,,,,,,,,,,,,,,,,
satellite,p26-HC-pfile6.pddl,abstract,interrupted,12.807433303445578,problem_reading,,0.36361052840948105,,,,,,,,,,,,,,,,,,,,,,,,,
satellite,p27-HC-pfile7.pddl,abstract,interrupted,12.534004807472229,problem_reading,,0.3152582384645939,,,,,,,,,,,,,,,,,,,,,,,,,
satellite,p28-HC-pfile8.pddl,abstract,interrupted,21.70309180766344,problem_reading,,0.42084091156721115,,,,,,,,,,,,,,,,,,,,,,,,,
satellite,p29-HC-pfile9.pddl,abstract,interrupted,29.715468175709248,problem_reading,,0.4439072757959366,,,,,,,,,,,,,,,,,,,,,,,,,
satellite,p30-HC-pfile10.pddl,abstract,interrupted,35.81177609972656,problem_reading,,0.45651096291840076,,,,,,,,,,,,,,,,,,,,,,,,,
satellite,p31-HC-pfile11.pddl,abstract,interrupted,51.12763372249901,problem_reading,,0.49262521229684353,,,,,,,,,,,,,,,,,,,,,,,,,
satellite,p32-HC-pfile12.pddl,abstract,interrupted,77.52772153541446,problem_reading,,0.5203769281506538,,,,,,,,,,,,,,,,,,,,,,,,,
satellite,p33-HC-pfile13.pddl,abstract,interrupted,129.58559265453368,problem_reading,,0.6568630123510957,,,,,,,,,,,,,,,,,,,,,,,,,
satellite,p34-HC-pfile14.pddl,abstract,interrupted,29.1439031874761,problem_reading,,0.39738631527870893,,,,,,,,,,,,,,,,,,,,,,,,,
satellite,p35-HC-pfile15.pddl,abstract,interrupted,51.19503009598702,problem_reading,,0.5196244139224291,,,,,,,,,,,,,,,,,,,,,,,,,
satellite,p36-HC-pfile16.pddl,abstract,interrupted,58.920443557202816,problem_reading,,0.5181712545454502,,,,,,,,,,,,,,,,,,,,,,,,,
scanalyzer-08-strips,p19.pddl,abstract,interrupted,16.40974973142147,problem_reading,,0.3507166802883148,,,,,,,,,,,,,,,,,,,,,,,,,
scanalyzer-08-strips,p28.pddl,abstract,interrupted,119.31095268204808,problem_reading,,0.1902143731713295,,,,,,,,,,,,,,,,,,,,,,,,,
scanalyzer-08-strips,p29.pddl,abstract,interrupted,67.41717697679996,problem_reading,,0.18231327459216118,,,,,,,,,,,,,,,,,,,,,,,,,
scanalyzer-08-strips,p30.pddl,abstract,interrupted,57.810945842415094,problem_reading,,0.18789576087146997,,,,,,,,,,,,,,,,,,,,,,,,,
scanalyzer-sat11-strips,p18.pddl,abstract,interrupted,120.23138513788581,problem_reading,,0.19008858874440193,,,,,,,,,,,,,,,,,,,,,,,,,
scanalyzer-sat11-strips,p19.pddl,abstract,interrupted,73.12484026700258,problem_reading,,0.206937275826931,,,,,,,,,,,,,,,,,,,,,,,,,
scanalyzer-sat11-strips,p20.pddl,abstract,interrupted,53.52316418662667,problem_reading,,0.17863572761416435,,,,,,,,,,,,,,,,,,,,,,,,,
snake-sat18-strips,p04.pddl,abstract,interrupted,188.12700644880533,problem_reading,,0.3386782929301262,,,,,,,,,,,,,,,,,,,,,,,,,
snake-sat18-strips,p06.pddl,abstract,interrupted,14.024609531275928,problem_reading,,0.3030653605237603,,,,,,,,,,,,,,,,,,,,,,,,,
snake-sat18-strips,p07.pddl,abstract,interrupted,16.129973093047738,problem_reading,,0.35131911002099514,,,,,,,,,,,,,,,,,,,,,,,,,
snake-sat18-strips,p08.pddl,abstract,interrupted,18.13223547115922,problem_reading,,0.37965457513928413,,,,,,,,,,,,,,,,,,,,,,,,,
snake-sat18-strips,p09.pddl,abstract,interrupted,19.14077442139387,problem_reading,,0.3845923952758312,,,,,,,,,,,,,,,,,,,,,,,,,
snake-sat18-strips,p10.pddl,abstract,interrupted,16.2457374073565,problem_reading,,0.3405303843319416,,,,,,,,,,,,,,,,,,,,,,,,,
snake-sat18-strips,p11.pddl,abstract,interrupted,21.143865887075663,problem_reading,,0.34034406766295433,,,,,,,,,,,,,,,,,,,,,,,,,
snake-sat18-strips,p12.pddl,abstract,interrupted,21.62659400701523,problem_reading,,0.35274458676576614,,,,,,,,,,,,,,,,,,,,,,,,,
snake-sat18-strips,p13.pddl,abstract,interrupted,23.599688068032265,problem_reading,,0.39106859639286995,,,,,,,,,,,,,,,,,,,,,,,,,
snake-sat18-strips,p14.pddl,abstract,interrupted,24.800106287002563,problem_reading,,0.421690221875906,,,,,,,,,,,,,,,,,,,,,,,,,
snake-sat18-strips,p15.pddl,abstract,interrupted,28.509191658347845,problem_reading,,0.44011927023530006,,,,,,,,,,,,,,,,,,,,,,,,,
snake-sat18-strips,p16.pddl,abstract,interrupted,35.311688754707575,problem_reading,,0.4330691173672676,,,,,,,,,,,,,,,,,,,,,,,,,
snake-sat18-strips,p17.pddl,abstract,interrupted,33.582426972687244,problem_reading,,0.42147666215896606,,,,,,,,,,,,,,,,,,,,,,,,,
snake-sat18-strips,p18.pddl,abstract,interrupted,40.4747842811048,problem_reading,,0.472027700394392,,,,,,,,,,,,,,,,,,,,,,,,,
snake-sat18-strips,p19.pddl,abstract,interrupted,40.232684064656496,problem_reading,,0.48363588750362396,,,,,,,,,,,,,,,,,,,,,,,,,
snake-sat18-strips,p20.pddl,abstract,interrupted,37.932572700083256,problem_reading,,0.4507516361773014,,,,,,,,,,,,,,,,,,,,,,,,,
tetris-sat14-strips,p020.pddl,abstract,interrupted,10.306790746748447,problem_reading,,0.34702252224087715,,,,,,,,,,,,,,,,,,,,,,,,,
tetris-sat14-strips,p021.pddl,abstract,interrupted,19.310686200857162,problem_reading,,0.3867036812007427,,,,,,,,,,,,,,,,,,,,,,,,,
tetris-sat14-strips,p022.pddl,abstract,interrupted,15.030170872807503,problem_reading,,0.3915959373116493,,,,,,,,,,,,,,,,,,,,,,,,,
tetris-sat14-strips,p023.pddl,abstract,interrupted,16.341338101774454,problem_reading,,0.41021422669291496,,,,,,,,,,,,,,,,,,,,,,,,,
tetris-sat14-strips,p024.pddl,abstract,interrupted,17.755506608635187,problem_reading,,0.36983080580830574,,,,,,,,,,,,,,,,,,,,,,,,,
tetris-sat14-strips,p025.pddl,abstract,interrupted,12.34313166514039,problem_reading,,0.4071117267012596,,,,,,,,,,,,,,,,,,,,,,,,,
tetris-sat14-strips,p026.pddl,abstract,interrupted,33.69326063618064,problem_reading,,0.3922257609665394,,,,,,,,,,,,,,,,,,,,,,,,,
tetris-sat14-strips,p027.pddl,abstract,interrupted,28.509631469845772,problem_reading,,0.3902793936431408,,,,,,,,,,,,,,,,,,,,,,,,,
tetris-sat14-strips,p028.pddl,abstract,interrupted,23.712481919676065,problem_reading,,0.3948902375996113,,,,,,,,,,,,,,,,,,,,,,,,,
tetris-sat14-strips,p029.pddl,abstract,interrupted,12.374964877963066,problem_reading,,0.39872249215841293,,,,,,,,,,,,,,,,,,,,,,,,,
tetris-sat14-strips,p031.pddl,abstract,interrupted,39.91033934056759,problem_reading,,0.4053030051290989,,,,,,,,,,,,,,,,,,,,,,,,,
tetris-sat14-strips,p032.pddl,abstract,interrupted,16.326109740883112,problem_reading,,0.4115629717707634,,,,,,,,,,,,,,,,,,,,,,,,,
tetris-sat14-strips,p033.pddl,abstract,interrupted,35.30368998646736,problem_reading,,0.4222528114914894,,,,,,,,,,,,,,,,,,,,,,,,,
tetris-sat14-strips,p034.pddl,abstract,interrupted,34.7822900749743,problem_reading,,0.4127468876540661,,,,,,,,,,,,,,,,,,,,,,,,,
tetris-sat14-strips,p035.pddl,abstract,interrupted,39.30861333757639,problem_reading,,0.4054493308067322,,,,,,,,,,,,,,,,,,,,,,,,,
tetris-sat14-strips,p036.pddl,abstract,interrupted,32.71126160398126,problem_reading,,0.41021307557821274,,,,,,,,,,,,,,,,,,,,,,,,,
tetris-sat14-strips,p037.pddl,abstract,interrupted,13.232163306325674,problem_reading,,0.40759551152586937,,,,,,,,,,,,,,,,,,,,,,,,,
tetris-sat14-strips,p038.pddl,abstract,interrupted,28.01069812476635,problem_reading,,0.410275112837553,,,,,,,,,,,,,,,,,,,,,,,,,
tetris-sat14-strips,p039.pddl,abstract,interrupted,40.95295722410083,problem_reading,,0.424996092915535,,,,,,,,,,,,,,,,,,,,,,,,,
tetris-sat14-strips,p040.pddl,abstract,interrupted,29.626432456076145,problem_reading,,0.43191736191511154,,,,,,,,,,,,,,,,,,,,,,,,,
thoughtful-sat14-strips,bootstrap-typed-01.pddl,abstract,timed out,1800.0465400703251,abstract_asp,,0.5344686955213547,0.008821997791528702,,0.7386313229799271,0.05306105315685272,0.1092669740319252,0.474620521068573,0.4123170003294945,,0.10474968329071999,0.0741712674498558,,,,,8,0,,,25,,26,,5,colnum,
thoughtful-sat14-strips,bootstrap-typed-02.pddl,abstract,timed out,1800.12474572286,abstract_asp,,0.4893294647336006,0.008625086396932602,,0.7510906383395195,0.05252597853541374,0.10615652799606323,0.42569752037525177,0.37502092868089676,,0.1005207970738411,0.07483335956931114,,,,,8,0,,,24,,25,,5,colnum,
thoughtful-sat14-strips,bootstrap-typed-03.pddl,abstract,success,1313.5167314484715,total,1311.614341,0.482575,0.008673,,0.709094,0.052203,0.107,0.414888,0.360648,,0.09801,0.070583,1304.575722,4.515313,,,8,0,16,0,25,49,26,17,5,colnum,
thoughtful-sat14-strips,bootstrap-typed-04.pddl,abstract,timed out,1800.1337206624448,abstract_asp,,0.507134560495615,0.008906342089176178,,0.7636820934712887,0.05361286923289299,0.10842065885663033,0.42900605872273445,0.3897826261818409,,0.10141197219491005,0.07603348046541214,,,,,8,0,,,24,,25,,5,colnum,
thoughtful-sat14-strips,bootstrap-typed-05.pddl,abstract,timed out,1800.1263976059854,abstract_asp,,0.4858204387128353,0.009018681943416595,,0.6652544029057026,0.05265984311699867,0.10620240122079849,0.3868950717151165,0.3567130081355572,,0.08990147337317467,0.06700672581791878,,,,,8,0,,,26,,27,,5,colnum,
thoughtful-sat14-strips,p11_6_53-typed.pddl,abstract,timed out,1800.1682897470891,abstract_asp,,0.5275738872587681,0.012977026402950287,,93.05032699555159,0.0822087936103344,0.2658213637769222,1.92102612555027,1.4908112324774265,,0.8809849843382835,0.6335066370666027,,,,,8,0,,,46,,47,,7,colnum,
thoughtful-sat14-strips,p11_6_59-typed.pddl,abstract,timed out,1800.162267435342,abstract_asp,,0.5830683521926403,0.014432694762945175,,72.16068796813488,0.08162616193294525,0.2660074606537819,1.7780637964606285,1.557933360338211,,0.8468738421797752,0.6564767807722092,,,,,8,0,,,47,,48,,7,colnum,
thoughtful-sat14-strips,p11_6_62-typed.pddl,abstract,timed out,1800.1517216041684,abstract_asp,,0.5650168620049953,0.014334701001644135,,73.57445170357823,0.08127354830503464,0.2682935297489166,1.9596575386822224,1.600160852074623,,0.9020310491323471,0.6768537610769272,,,,,8,0,,,46,,47,,7,colnum,
thoughtful-sat14-strips,p13_7_78-typed.pddl,abstract,timed out,1800.1728714630008,abstract_asp,,0.5917244590818882,0.008734408766031265,,128.39530685171485,0.09474799409508705,0.34427535161376,2.195247210562229,1.7624027617275715,,0.999375719577074,0.76579924300313,,,,,8,0,,,50,,51,,8,colnum,
thoughtful-sat14-strips,p13_7_79-typed.pddl,abstract,timed out,1800.1778624020517,abstract_asp,,0.5884526781737804,0.008911311626434326,,101.19169506803155,0.09555063396692276,0.35581468418240547,2.2226452864706516,1.772166434675455,,1.0040497928857803,0.7738885767757893,,,,,8,0,,,52,,53,,8,colnum,
thoughtful-sat14-strips,p13_7_86-typed.pddl,abstract,timed out,1800.179866477847,abstract_asp,,0.5891415178775787,0.008710715919733047,,112.83064859360456,0.09567326679825783,0.3482801206409931,2.1757506616413593,1.817745741456747,,1.046123467385769,1.434144303202629,,,,,8,0,,,52,,53,,8,colnum,
thoughtful-sat14-strips,target-typed-20.pddl,abstract,timed out,1800.1594357080758,abstract_asp,,0.5966037884354591,0.008815981447696686,,106.93819455429912,0.09445811808109283,0.3442730978131294,2.122020859271288,1.7428783439099789,,0.9714167378842831,0.738996122032404,,,,,8,0,,,50,,51,,8,colnum,
thoughtful-sat14-strips,target-typed-21.pddl,abstract,timed out,1800.1786095276475,abstract_asp,,0.5877436101436615,0.00868319720029831,,125.03618121519685,0.09526709094643593,0.3438177742063999,2.202443189918995,1.7505848854780197,,1.0487430319190025,0.7498904801905155,,,,,8,0,,,60,,61,,8,colnum,
thoughtful-sat14-strips,target-typed-22.pddl,abstract,timed out,1800.1717374958098,abstract_asp,,0.6019712686538696,0.008754506707191467,,112.44607311487198,0.09498916938900948,0.3455941677093506,2.2022785395383835,1.7751431427896023,,0.9457702897489071,0.7663010209798813,,,,,8,0,,,53,,54,,8,colnum,
thoughtful-sat14-strips,target-typed-23.pddl,abstract,timed out,1800.167776569724,abstract_asp,,0.6173262521624565,0.00886906310915947,,105.62185962125659,0.11375514045357704,0.343963835388422,2.217894233763218,1.7256940640509129,,0.9808578826487064,0.7477729395031929,,,,,8,0,,,53,,54,,8,colnum,
thoughtful-sat14-strips,target-typed-24.pddl,abstract,timed out,1800.1828142218292,abstract_asp,,0.5879389010369778,0.008701998740434647,,96.10767464712262,0.0945616364479065,0.34363894909620285,2.000191990286112,1.7490207217633724,,0.9001485221087933,0.7681798711419106,,,,,8,0,,,60,,61,,8,colnum,
thoughtful-sat14-strips,target-typed-25.pddl,abstract,timed out,1800.1630134657025,abstract_asp,,0.5880945734679699,0.008776266127824783,,111.7272765263915,0.09431478381156921,0.34543049335479736,2.2716136388480663,1.6975665614008904,,1.0704018361866474,0.7658075429499149,,,,,8,0,,,44,,45,,8,colnum,
thoughtful-sat14-strips,target-typed-26.pddl,abstract,timed out,1800.1628722772002,abstract_asp,,0.5995272137224674,0.00882091373205185,,90.43663968890905,0.09466728568077087,0.3438870757818222,2.136144943535328,1.7123481296002865,,0.9040590710937977,0.7366953343153,,,,,8,0,,,42,,43,,8,colnum,
thoughtful-sat14-strips,target-typed-27.pddl,abstract,timed out,1800.1830959543586,abstract_asp,,0.5905746035277843,0.00886201485991478,,83.2702868282795,0.09417914971709251,0.35447581112384796,2.0315878577530384,1.7805343270301819,,0.9222524762153625,0.7766886651515961,,,,,8,0,,,51,,52,,8,colnum,
thoughtful-sat14-strips,target-typed-28.pddl,abstract,timed out,1800.172273810953,abstract_asp,,0.5887892246246338,0.00872349739074707,,84.1409511975944,0.09477539360523224,0.3462505005300045,2.11172591522336,1.6885316409170628,,0.9008398652076721,0.72924380376935,,,,,8,0,,,54,,55,,8,colnum,
tidybot-sat11-strips,p01.pddl,abstract,interrupted,19.15410391613841,problem_reading,,0.6715818904340267,,,,,,,,,,,,,,,,,,,,,,,,,
tidybot-sat11-strips,p02.pddl,abstract,interrupted,17.906989458948374,problem_reading,,0.6923038102686405,,,,,,,,,,,,,,,,,,,,,,,,,
tidybot-sat11-strips,p03.pddl,abstract,interrupted,18.21693354472518,problem_reading,,0.6183665208518505,,,,,,,,,,,,,,,,,,,,,,,,,
tidybot-sat11-strips,p04.pddl,abstract,interrupted,18.690348159521818,problem_reading,,0.6425872296094894,,,,,,,,,,,,,,,,,,,,,,,,,
tidybot-sat11-strips,p05.pddl,abstract,interrupted,17.712401412427425,problem_reading,,0.613478560000658,,,,,,,,,,,,,,,,,,,,,,,,,
tidybot-sat11-strips,p06.pddl,abstract,interrupted,17.419838150031865,problem_reading,,0.569690765812993,,,,,,,,,,,,,,,,,,,,,,,,,
tidybot-sat11-strips,p07.pddl,abstract,interrupted,17.80078637972474,problem_reading,,0.6588561730459332,,,,,,,,,,,,,,,,,,,,,,,,,
tidybot-sat11-strips,p08.pddl,abstract,interrupted,17.796450059860945,problem_reading,,0.6233828850090504,,,,,,,,,,,,,,,,,,,,,,,,,
tidybot-sat11-strips,p09.pddl,abstract,interrupted,22.819523978978395,problem_reading,,0.610424093902111,,,,,,,,,,,,,,,,,,,,,,,,,
tidybot-sat11-strips,p10.pddl,abstract,interrupted,23.316070231609046,problem_reading,,0.6260202042758465,,,,,,,,,,,,,,,,,,,,,,,,,
tidybot-sat11-strips,p11.pddl,abstract,interrupted,23.128939531743526,problem_reading,,0.6224330104887486,,,,,,,,,,,,,,,,,,,,,,,,,
tidybot-sat11-strips,p12.pddl,abstract,interrupted,23.13032577186823,problem_reading,,0.6227569356560707,,,,,,,,,,,,,,,,,,,,,,,,,
tidybot-sat11-strips,p13.pddl,abstract,interrupted,23.4210302233696,problem_reading,,0.6553800366818905,,,,,,,,,,,,,,,,,,,,,,,,,
tidybot-sat11-strips,p14.pddl,abstract,interrupted,23.709098387509584,problem_reading,,0.6310123540461063,,,,,,,,,,,,,,,,,,,,,,,,,
tidybot-sat11-strips,p15.pddl,abstract,interrupted,23.22907030954957,problem_reading,,0.6221553385257721,,,,,,,,,,,,,,,,,,,,,,,,,
tidybot-sat11-strips,p16.pddl,abstract,interrupted,20.718249659985304,problem_reading,,0.5726435678079724,,,,,,,,,,,,,,,,,,,,,,,,,
tidybot-sat11-strips,p17.pddl,abstract,interrupted,31.133596966043115,problem_reading,,0.6369353272020817,,,,,,,,,,,,,,,,,,,,,,,,,
tidybot-sat11-strips,p18.pddl,abstract,interrupted,31.242566984146833,problem_reading,,0.6346666626632214,,,,,,,,,,,,,,,,,,,,,,,,,
tidybot-sat11-strips,p19.pddl,abstract,interrupted,50.29252541065216,problem_reading,,0.7036361573264003,,,,,,,,,,,,,,,,,,,,,,,,,
tidybot-sat11-strips,p20.pddl,abstract,interrupted,47.13150930404663,problem_reading,,0.656448595225811,,,,,,,,,,,,,,,,,,,,,,,,,
tpp,p01.pddl,abstract,success,2.6522994600236416,total,0.841516,0.146255,0.002085,,0.174999,0.005951,0.01139,0.221761,0.183014,,0.008464,0.003832,0.00667,0.02505,,,6,0,0,4,0,5,1,5,2,level,
tpp,p02.pddl,abstract,success,2.6355076832696795,total,0.845416,0.150735,0.002204,,0.174049,0.006408,0.012,0.186409,0.184501,,0.004359,0.003625,0.006769,0.048136,,,6,0,0,7,0,8,1,8,2,level,
tpp,p03.pddl,abstract,success,2.7156470641493797,total,0.886022,0.155115,0.00232,,0.181592,0.006494,0.01315,0.193221,0.187665,,0.00685,0.003702,0.005558,0.067832,,,6,0,0,10,0,11,1,11,2,level,
tpp,p04.pddl,abstract,success,2.7289155833423138,total,0.946554,0.155628,0.002289,,0.177127,0.006948,0.013505,0.21654,0.181247,,0.007819,0.003796,0.005579,0.126758,,,6,0,0,13,0,14,1,14,2,level,
tpp,p05.pddl,abstract,success,41.786337707191706,total,39.984846,0.170416,0.00235,,0.18523,0.009827,0.014527,0.233522,0.185676,,0.009057,0.003381,0.00578,39.095084,,,6,0,0,18,0,19,1,19,2,level,
tpp,p06.pddl,abstract,timed out,1800.1208830475807,abstract_solving,,0.18594475835561752,0.002627938985824585,,0.23455942422151566,0.013022489845752716,0.015126310288906097,0.2493736296892166,0.19920999184250832,,0.016498230397701263,0.003833997994661331,0.0072016119956970215,,,,6,0,0,20,0,,1,21,3,level,
tpp,p07.pddl,abstract,timed out,1800.1182309761643,abstract_solving,,0.1841619908809662,0.0025364309549331665,,0.23699502274394035,0.012891646474599838,0.015459615737199783,0.2077852338552475,0.19196239113807678,,0.015575531870126724,0.003793995827436447,0.006594538688659668,,,,6,0,0,22,0,,1,23,3,level,
tpp,p08.pddl,abstract,timed out,1800.1169108524919,abstract_solving,,0.18856584653258324,0.002581443637609482,,0.26846713945269585,0.01391414925456047,0.016038067638874054,0.2537769414484501,0.1922810971736908,,0.01969413459300995,0.003430500626564026,0.005718246102333069,,,,6,0,0,22,0,,1,23,3,level,
tpp,p09.pddl,abstract,timed out,1800.0386097244918,abstract_solving,,0.21892553195357323,0.0027873851358890533,,0.3282506391406059,0.019644834101200104,0.024322297424077988,0.24572136253118515,0.21109681576490402,,0.027893364429473877,0.00448739156126976,0.00722305104136467,,,,6,0,0,21,0,,1,22,3,level,
tpp,p10.pddl,abstract,timed out,1800.0259415879846,abstract_solving,,0.30722893215715885,0.0027835657820105553,,0.3476626658812165,0.021258563734591007,0.018780100159347057,0.2967160316184163,0.20291203539818525,,0.03446112386882305,0.003685861825942993,0.006610279902815819,,,,6,0,0,21,0,,1,22,3,level,
tpp,p11.pddl,abstract,timed out,1800.0781266205013,abstract_solving,,0.19457240030169487,0.003061912953853607,,0.42241334542632103,0.016466930508613586,0.01632598042488098,0.2964422255754471,0.19850581884384155,,0.05485021322965622,0.003488205373287201,0.005902469158172607,,,,6,0,0,22,0,,1,23,4,level,
tpp,p12.pddl,abstract,timed out,1800.1196741871536,abstract_solving,,0.204456627368927,0.003183964639902115,,0.5209076963365078,0.01794371008872986,0.01683865487575531,0.2749260477721691,0.20037363097071648,,0.060972098261117935,0.003712054342031479,0.005182158201932907,,,,6,0,0,22,0,,1,23,4,level,
tpp,p13.pddl,abstract,timed out,1800.12347997725,abstract_solving,,0.3040512688457966,0.0027379803359508514,,0.9642875604331493,0.02488161250948906,0.018936417996883392,0.4061664305627346,0.2118816152215004,,0.10397390648722649,0.0038677528500556946,0.006863955408334732,,,,6,0,0,18,0,,1,19,4,level,
tpp,p14.pddl,abstract,timed out,1800.1260419040918,abstract_solving,,0.31209853664040565,0.003084249794483185,,1.1672389023005962,0.027006112039089203,0.019906088709831238,0.4082184210419655,0.21133548393845558,,0.11793851852416992,0.003981329500675201,0.0063798800110816956,,,,6,0,0,19,0,,1,20,4,level,
tpp,p15.pddl,abstract,timed out,1800.1225330010056,abstract_solving,,0.3232625685632229,0.0028563514351844788,,1.4529229290783405,0.029619775712490082,0.020030047744512558,0.36853257194161415,0.2097063586115837,,0.12546728551387787,0.0035969577729701996,0.005627229809761047,,,,6,0,0,18,0,,1,19,4,level,
tpp,p16.pddl,abstract,timed out,1800.1321824602783,abstract_solving,,0.33501316234469414,0.002831585705280304,,5.255470361560583,0.03995106741786003,0.02119503915309906,0.64265176653862,0.21672400832176208,,0.26590752974152565,0.004032570868730545,0.0078074149787425995,,,,6,0,0,22,0,,1,23,5,level,
tpp,p17.pddl,abstract,timed out,1800.026212401688,abstract_solving,,0.3801744505763054,0.0035339444875717163,,10.600928906351328,0.04307137802243233,0.024198133498430252,0.7558275237679482,0.23123380541801453,,0.3547290749847889,0.00401470810174942,0.006427310407161713,,,,6,0,0,17,0,,1,18,5,level,
tpp,p18.pddl,abstract,timed out,1800.1349850781262,abstract_solving,,0.39564504101872444,0.0032366886734962463,,13.087386589497328,0.04595012217760086,0.025593426078557968,0.7869638875126839,0.25367122888565063,,0.3933779373764992,0.0040476396679878235,0.008418053388595581,,,,6,0,0,16,0,,1,17,5,level,
tpp,p19.pddl,abstract,timed out,1800.1286508822814,abstract_solving,,0.4041407275944948,0.0031447745859622955,,16.8061679918319,0.04880315624177456,0.02526538260281086,0.8586605796590447,0.2384007591754198,,0.42611915804445744,0.003933190368115902,0.005884970538318157,,,,6,0,0,16,0,,1,17,5,level,
tpp,p20.pddl,abstract,timed out,1800.1436325348914,abstract_solving,,0.4270644783973694,0.0034988485276699066,,20.544618424028158,0.05279861018061638,0.0267217718064785,0.9481397680938244,0.2609920911490917,,0.4629153832793236,0.00415671244263649,0.0068340003490448,,,,6,0,0,18,0,,1,19,5,level,
tpp,p21.pddl,abstract,timed out,1800.140525456518,abstract_solving,,0.5658119320869446,0.003063969314098358,,46.4772253036499,0.05153921619057655,0.025579605251550674,1.3394572921097279,0.24952072277665138,,0.7492849491536617,0.003831535577774048,0.0053979940712451935,,,,6,0,0,17,0,,1,18,6,level,
tpp,p22.pddl,abstract,timed out,1800.1422315724194,abstract_solving,,0.4143270254135132,0.003098677843809128,,59.398896869271994,0.055424075573682785,0.025986339896917343,1.4638831168413162,0.2533353194594383,,0.8255539536476135,0.004219364374876022,0.005319859832525253,,,,6,0,0,17,0,,1,18,6,level,
tpp,p23.pddl,abstract,timed out,1800.1427748575807,abstract_solving,,0.37427694350481033,0.0031061433255672455,,69.86765831708908,0.05829524248838425,0.026546362787485123,1.4543855674564838,0.23084726557135582,,0.8190229944884777,0.0034864433109760284,0.005444053560495377,,,,6,0,0,16,0,,1,17,6,level,
tpp,p24.pddl,abstract,timed out,1800.14210057538,abstract_solving,,0.4256026269868016,0.0034194858744740486,,84.47682366333902,0.06262357532978058,0.02846579998731613,1.686517495661974,0.2667074026539922,,0.9265205087140203,0.0040472932159900665,0.006443606689572334,,,,6,0,0,15,0,,1,16,6,level,
tpp,p25.pddl,abstract,interrupted,10.71037982031703,problem_reading,,0.4652218446135521,,,,,,,,,,,,,,,,,,,,,,,,,
tpp,p26.pddl,abstract,interrupted,11.70149628072977,problem_reading,,0.4533495865762234,,,,,,,,,,,,,,,,,,,,,,,,,
tpp,p27.pddl,abstract,interrupted,13.812567420303822,problem_reading,,0.5189038515090942,,,,,,,,,,,,,,,,,,,,,,,,,
tpp,p28.pddl,abstract,interrupted,13.105980646796525,problem_reading,,0.48913853522390127,,,,,,,,,,,,,,,,,,,,,,,,,
tpp,p29.pddl,abstract,interrupted,15.722061321139336,problem_reading,,0.5780920535326004,,,,,,,,,,,,,,,,,,,,,,,,,
tpp,p30.pddl,abstract,interrupted,17.123628601431847,problem_reading,,0.6280780136585236,,,,,,,,,,,,,,,,,,,,,,,,,
transport-sat08-strips,p01.pddl,abstract,success,2.8567325305193663,total,1.053876,0.162059,0.001813,,0.206154,0.008646,0.011753,0.220611,0.186542,,0.014862,0.005733,0.050644,0.119114,,,2,0,0,0,6,10,7,1,5,capacity-number,
transport-sat08-strips,p02.pddl,abstract,success,93.04307098407298,total,91.223865,0.193759,0.001939,,0.329081,0.013274,0.017769,0.268745,0.201812,,0.042967,0.011377,88.878328,1.148526,,,2,0,0,0,19,38,20,1,5,capacity-number,
transport-sat08-strips,p03.pddl,abstract,timed out,1800.125256948173,abstract_asp,,0.3562219813466072,0.002291269600391388,,0.9990767650306225,0.024720173329114914,0.02873799577355385,0.4324212446808815,0.2508605718612671,,0.14206676185131073,0.03278014808893204,,,,,2,0,,,18,,19,,5,capacity-number,
transport-sat08-strips,p04.pddl,abstract,timed out,1800.1198146007955,abstract_asp,,0.34371527656912804,0.0023169703781604767,,2.0110818818211555,0.026623699814081192,0.038704775273799896,0.5290039740502834,0.2611670307815075,,0.23705904930830002,0.04585147276520729,,,,,2,0,,,20,,21,,5,capacity-number,
transport-sat08-strips,p05.pddl,abstract,timed out,1800.1243471987545,abstract_asp,,0.4013916738331318,0.002498418092727661,,4.242856211960316,0.03374220058321953,0.05296667292714119,0.7416775077581406,0.3087858147919178,,0.36967502906918526,0.06827499344944954,,,,,2,0,,,21,,22,,5,capacity-number,
transport-sat08-strips,p06.pddl,abstract,timed out,1800.1211866028607,abstract_asp,,0.47352373972535133,0.0027207881212234497,,13.852731853723526,0.04530300945043564,0.07267556339502335,1.3231112398207188,0.42401279509067535,,0.7005543150007725,0.1265827715396881,,,,,2,0,,,18,,19,,5,capacity-number,
transport-sat08-strips,p07.pddl,abstract,timed out,1800.1285014236346,abstract_asp,,0.46668587531894445,0.0028695762157440186,,25.22716187965125,0.04551435727626085,0.0939251147210598,1.8396704085171223,0.5026775905862451,,0.9667793968692422,0.16742618009448051,,,,,2,0,,,17,,18,,5,capacity-number,
transport-sat08-strips,p08.pddl,abstract,timed out,1800.130486138165,abstract_asp,,0.5321166291832924,0.0030334889888763428,,43.41528384014964,0.05323508009314537,0.11434116587042809,2.214901674538851,0.5940295830368996,,1.2539902925491333,0.216090876609087,,,,,2,0,,,20,,21,,5,capacity-number,
transport-sat08-strips,p09.pddl,abstract,timed out,1800.134511999786,abstract_asp,,0.5314666070044041,0.0031497813761234283,,70.96275981515646,0.0542919747531414,0.14497335255146027,2.76306389644742,0.7317075580358505,,1.5824976339936256,0.2674568183720112,,,,,2,0,,,20,,21,,5,capacity-number,
transport-sat08-strips,p10.pddl,abstract,timed out,1800.1387297995389,abstract_asp,,0.6257734298706055,0.003458663821220398,,111.17500046640635,0.0649755485355854,0.1690639592707157,3.4412632137537003,0.8550428375601768,,1.963361244648695,0.33442026376724243,,,,,2,0,,,18,,19,,5,capacity-number,
transport-sat08-strips,p11.pddl,abstract,success,2.453478381037712,total,1.004905,0.151594,0.001657,,0.18431,0.0084,0.011815,0.175743,0.148974,,0.015992,0.005456,0.064738,0.197784,,,2,0,0,0,11,19,12,1,5,capacity-number,
transport-sat08-strips,p12.pddl,abstract,success,37.24805740267038,total,35.553223,0.193353,0.001926,,0.351104,0.014479,0.019746,0.251762,0.175053,,0.050215,0.011956,32.949324,1.464148,,,2,0,0,0,19,37,20,1,5,capacity-number,
transport-sat08-strips,p13.pddl,abstract,timed out,1800.1281064003706,abstract_asp,,0.3395637646317482,0.002380184829235077,,1.216256495565176,0.022863198071718216,0.03391856700181961,0.4712356999516487,0.25655142590403557,,0.16817575320601463,0.033269863575696945,,,,,2,0,,,26,,27,,5,capacity-number,
transport-sat08-strips,p14.pddl,abstract,timed out,1800.0448584109545,abstract_asp,,0.3998638279736042,0.002576671540737152,,2.7382009513676167,0.03137261047959328,0.05657728761434555,0.6671858206391335,0.30392537266016006,,0.29459935426712036,0.05577915906906128,,,,,2,0,,,23,,24,,5,capacity-number,
transport-sat08-strips,p15.pddl,abstract,timed out,1800.1275358721614,abstract_asp,,0.4465327523648739,0.002569098025560379,,5.661093205213547,0.04317067191004753,0.07424694299697876,0.8358714394271374,0.3308238722383976,,0.44063155725598335,0.08138039335608482,,,,,2,0,,,25,,26,,5,capacity-number,
transport-sat08-strips,p16.pddl,abstract,timed out,1800.1310785738751,abstract_asp,,0.5266015222296119,0.0028319191187620163,,19.434962331317365,0.053077926859259605,0.0938960462808609,1.4974804343655705,0.47193771973252296,,0.8557655597105622,0.15244416613131762,,,,,2,0,,,21,,22,,5,capacity-number,
transport-sat08-strips,p17.pddl,abstract,timed out,1800.1343351500109,abstract_asp,,0.5222313636913896,0.002827468328177929,,35.528612630441785,0.049642582423985004,0.12526651378721,1.9983425633981824,0.5655656903982162,,1.1789436750113964,0.19877204485237598,,,,,2,0,,,27,,28,,5,capacity-number,
transport-sat08-strips,p18.pddl,abstract,timed out,1800.1531128138304,abstract_asp,,0.6097994893789291,0.0033864229917526245,,62.25558761879802,0.06093836948275566,0.15348916873335838,2.8185568042099476,0.7398780770599842,,1.5055992528796196,0.2639446333050728,,,,,2,0,,,25,,26,,5,capacity-number,
transport-sat08-strips,p19.pddl,abstract,timed out,1800.148095972836,abstract_asp,,0.640089213848114,0.0032924413681030273,,101.54468767344952,0.06781298294663429,0.19301115721464157,3.5675961785018444,0.8326792307198048,,1.895133826881647,0.31983858719468117,,,,,2,0,,,28,,29,,5,capacity-number,
transport-sat08-strips,p20.pddl,abstract,timed out,1800.141151946038,abstract_asp,,0.6895047649741173,0.0034370608627796173,,158.73901837691665,0.07764285430312157,0.23269564285874367,4.222140289843082,0.9820931069552898,,2.4190913923084736,0.4086916148662567,,,,,2,0,,,24,,25,,5,capacity-number,
transport-sat08-strips,p21.pddl,abstract,success,3.99402591958642,total,1.279744,0.170474,0.001959,,0.247175,0.009145,0.012811,0.272375,0.199235,,0.020191,0.006199,0.080309,0.191521,,,2,0,0,0,8,13,9,1,5,capacity-number,
transport-sat08-strips,p22.pddl,abstract,success,13.811050863936543,total,11.628625,0.203008,0.002026,,0.393898,0.014096,0.021102,0.329285,0.222981,,0.054195,0.013045,8.597943,1.679186,,,2,0,1,0,16,33,17,2,5,capacity-number,
transport-sat08-strips,p23.pddl,abstract,timed out,1800.1214430527762,abstract_asp,,0.3364326683804393,0.0021878890693187714,,1.1816720636561513,0.02374531701207161,0.038440740667283535,0.4179918086156249,0.24637078400701284,,0.18381837755441666,0.03342344053089619,,,,,2,0,,,21,,22,,5,capacity-number,
transport-sat08-strips,p24.pddl,abstract,timed out,1800.1226275227964,abstract_asp,,0.35793953388929367,0.0023698359727859497,,2.694629941135645,0.026705116033554077,0.047808870673179626,0.5857549794018269,0.28282782435417175,,0.28494786471128464,0.0532698817551136,,,,,2,0,,,20,,21,,5,capacity-number,
transport-sat08-strips,p25.pddl,abstract,timed out,1800.124779716134,abstract_asp,,0.43615175411105156,0.0024984143674373627,,5.700798563659191,0.0379321463406086,0.06775428727269173,0.872969638556242,0.32661735638976097,,0.44370438531041145,0.08107532560825348,,,,,2,0,,,23,,24,,5,capacity-number,
transport-sat08-strips,p26.pddl,abstract,timed out,1800.1287544704974,abstract_asp,,0.5359229743480682,0.002808995544910431,,19.714253436774015,0.05346491187810898,0.09437016397714615,1.5629934556782246,0.480610653758049,,0.8568499237298965,0.15205325186252594,,,,,2,0,,,21,,22,,5,capacity-number,
transport-sat08-strips,p27.pddl,abstract,timed out,1800.1298173712566,abstract_asp,,0.5303466841578484,0.003374893218278885,,35.72448871657252,0.053673457354307175,0.12101656477898359,2.104043612256646,0.567992146126926,,1.1574592273682356,0.20116910245269537,,,,,2,0,,,20,,21,,5,capacity-number,
transport-sat08-strips,p28.pddl,abstract,timed out,1800.128526170738,abstract_asp,,0.6708778236061335,0.0031798025593161583,,62.03267887979746,0.0749600101262331,0.15652196388691664,2.6044336184859276,0.6927083199843764,,1.429511551745236,0.25187476444989443,,,,,2,0,,,19,,20,,5,capacity-number,
transport-sat08-strips,p29.pddl,abstract,timed out,1800.1403099587187,abstract_asp,,0.6723136594519019,0.003466084599494934,,102.17665090877563,0.07188678439706564,0.1964220181107521,3.603296620771289,0.8638536110520363,,1.8923865780234337,0.3321355553343892,,,,,2,0,,,19,,20,,5,capacity-number,
transport-sat08-strips,p30.pddl,abstract,timed out,1800.1428107842803,abstract_asp,,0.6337009519338608,0.003388773649930954,,157.85933213308454,0.0703679695725441,0.23089968785643578,4.196295879781246,1.0080616883933544,,2.397449031472206,0.40544937551021576,,,,,2,0,,,20,,21,,5,capacity-number,
transport-sat11-strips,p01.pddl,abstract,timed out,1800.1307982131839,abstract_asp,,0.5263958908617496,0.0030365437269210815,,43.41074822098017,0.0536690354347229,0.11542226746678352,2.2145435474812984,0.5960723981261253,,1.267155610024929,0.21532121673226357,,,,,2,0,,,20,,21,,5,capacity-number,
transport-sat11-strips,p02.pddl,abstract,timed out,1800.062608011067,abstract_asp,,0.6225336492061615,0.0033768191933631897,,71.81209974735975,0.05575175583362579,0.14765911549329758,2.8556047976017,0.7615480944514275,,1.612339936196804,0.27389370277523994,,,,,2,0,,,20,,21,,5,capacity-number,
transport-sat11-strips,p03.pddl,abstract,timed out,1800.1361794881523,abstract_asp,,0.6428289152681828,0.003253985196352005,,101.81671168655157,0.07220906391739845,0.19699257612228394,3.4364618062973022,0.8433511219918728,,1.9407286308705807,0.3282150588929653,,,,,2,0,,,19,,20,,5,capacity-number,
transport-sat11-strips,p04.pddl,abstract,timed out,1800.1294187009335,abstract_asp,,0.5204339837655425,0.002830994315445423,,19.299495704472065,0.05257925298064947,0.09365588799118996,1.5397324496880174,0.4694782942533493,,0.8558765016496181,0.15219030063599348,,,,,2,0,,,21,,22,,5,capacity-number,
transport-sat11-strips,p05.pddl,abstract,timed out,1800.1357233673334,abstract_asp,,0.4970659203827381,0.0028353333473205566,,35.79780038073659,0.049078453332185745,0.12376979738473892,2.00486833229661,0.5751995481550694,,1.1687048971652985,0.20104815438389778,,,,,2,0,,,27,,28,,5,capacity-number,
transport-sat11-strips,p06.pddl,abstract,timed out,1800.143146932125,abstract_asp,,0.576212078332901,0.003164093941450119,,61.62923561781645,0.06107280030846596,0.15272774919867516,2.7310028336942196,0.7058061771094799,,1.4962556697428226,0.25747622549533844,,,,,2,0,,,25,,26,,5,capacity-number,
transport-sat11-strips,p07.pddl,abstract,timed out,1800.1174568906426,abstract_asp,,0.6212854571640491,0.003261823207139969,,101.50309855863452,0.06794318556785583,0.19366338476538658,3.5281959362328053,0.8311898671090603,,1.9109031595289707,0.3244512379169464,,,,,2,0,,,28,,29,,5,capacity-number,
transport-sat11-strips,p08.pddl,abstract,timed out,1800.1344004739076,abstract_asp,,0.6186275659129024,0.003468274138867855,,111.02070403564721,0.06659219320863485,0.16836756188422441,3.565788384526968,0.8524667946621776,,1.9562126817181706,0.33191822096705437,,,,,2,0,,,18,,19,,5,capacity-number,
transport-sat11-strips,p09.pddl,abstract,timed out,1800.146969974041,abstract_asp,,0.6869931891560555,0.003447841852903366,,158.32499015331268,0.07828331366181374,0.2554422728717327,4.205253593623638,0.9850768037140369,,2.376465827226639,0.4081040509045124,,,,,2,0,,,24,,25,,5,capacity-number,
transport-sat11-strips,p10.pddl,abstract,timed out,1800.1389273107052,abstract_asp,,0.6487404294312,0.0034720078110694885,,158.77889473736286,0.06983159482479095,0.23217884823679924,4.212975446134806,0.9788247309625149,,2.407749481499195,0.40158746019005775,,,,,2,0,,,20,,21,,5,capacity-number,
transport-sat11-strips,p11.pddl,abstract,timed out,1800.1408151388168,abstract_asp,,0.5486388802528381,0.0037965113297104836,,138.49684503488243,0.06076220981776714,0.17838234268128872,4.110567516647279,0.9683533385396004,,2.200080600567162,0.37956451904028654,,,,,2,0,,,18,,19,,5,capacity-number,
transport-sat11-strips,p12.pddl,abstract,timed out,1800.1381389945745,abstract_asp,,0.587592288851738,0.0032987259328365326,,125.12944730743766,0.06299041211605072,0.1928490214049816,4.0279885940253735,0.8938529454171658,,2.126735419034958,0.3547064736485481,,,,,2,0,,,20,,21,,5,capacity-number,
transport-sat11-strips,p13.pddl,abstract,timed out,1800.1383559703827,abstract_asp,,0.5968959964811802,0.003704030066728592,,156.6049740165472,0.06409943476319313,0.19466618821024895,4.284458056092262,0.9547398947179317,,2.3070803992450237,0.38714083284139633,,,,,2,0,,,18,,19,,5,capacity-number,
transport-sat11-strips,p14.pddl,abstract,interrupted,25.8117185048759,problem_reading,,1.1621041223406792,,,,,,,,,,,,,,,,,,,,,,,,,
transport-sat11-strips,p15.pddl,abstract,interrupted,23.526740554720163,problem_reading,,1.1704645566642284,,,,,,,,,,,,,,,,,,,,,,,,,
transport-sat11-strips,p16.pddl,abstract,interrupted,25.909944724291563,problem_reading,,1.1936988048255444,,,,,,,,,,,,,,,,,,,,,,,,,
transport-sat11-strips,p17.pddl,abstract,interrupted,36.38998372480273,problem_reading,,1.7299979738891125,,,,,,,,,,,,,,,,,,,,,,,,,
transport-sat11-strips,p18.pddl,abstract,interrupted,35.573213282972574,problem_reading,,1.781977977603674,,,,,,,,,,,,,,,,,,,,,,,,,
transport-sat11-strips,p19.pddl,abstract,interrupted,33.58449611440301,problem_reading,,1.623016394674778,,,,,,,,,,,,,,,,,,,,,,,,,
transport-sat11-strips,p20.pddl,abstract,interrupted,37.42280892748386,problem_reading,,1.878862594254315,,,,,,,,,,,,,,,,,,,,,,,,,
transport-sat14-strips,p01.pddl,abstract,timed out,1800.1430328302085,abstract_asp,,0.6176149472594261,0.0038191117346286774,,191.7816058807075,0.06370309367775917,0.1845157966017723,4.682121403515339,0.988737341016531,,2.4689230136573315,0.4034420996904373,,,,,2,0,,,19,,20,,5,capacity-number,
transport-sat14-strips,p02.pddl,abstract,interrupted,17.323141554370522,problem_reading,,0.6242701653391123,,,,,,,,,,,,,,,,,,,,,,,,,
transport-sat14-strips,p03.pddl,abstract,timed out,1800.1299144076183,abstract_asp,,0.6289311526343226,0.0038759373128414154,,212.3111847518012,0.0686223627999425,0.20741528645157814,4.826940857805312,1.1443631704896688,,2.627453447319567,0.44039406441152096,,,,,2,0,,,17,,18,,5,capacity-number,
transport-sat14-strips,p04.pddl,abstract,interrupted,30.61091586574912,problem_reading,,1.2636445090174675,,,,,,,,,,,,,,,,,,,,,,,,,
transport-sat14-strips,p05.pddl,abstract,interrupted,35.57080732751638,problem_reading,,1.3231634041294456,,,,,,,,,,,,,,,,,,,,,,,,,
transport-sat14-strips,p06.pddl,abstract,interrupted,31.688251923769712,problem_reading,,1.2800216265022755,,,,,,,,,,,,,,,,,,,,,,,,,
transport-sat14-strips,p07.pddl,abstract,interrupted,42.622688472270966,problem_reading,,1.7543535763397813,,,,,,,,,,,,,,,,,,,,,,,,,
transport-sat14-strips,p08.pddl,abstract,interrupted,47.22191604599357,problem_reading,,2.0259736478328705,,,,,,,,,,,,,,,,,,,,,,,,,
transport-sat14-strips,p09.pddl,abstract,interrupted,44.80690775439143,problem_reading,,1.8971994295716286,,,,,,,,,,,,,,,,,,,,,,,,,
transport-sat14-strips,p10.pddl,abstract,interrupted,42.312453892081976,problem_reading,,1.8899907022714615,,,,,,,,,,,,,,,,,,,,,,,,,
transport-sat14-strips,p11.pddl,abstract,interrupted,19.892640445381403,problem_reading,,0.6768093630671501,,,,,,,,,,,,,,,,,,,,,,,,,
transport-sat14-strips,p12.pddl,abstract,interrupted,19.91120921820402,problem_reading,,0.7046648375689983,,,,,,,,,,,,,,,,,,,,,,,,,
transport-sat14-strips,p13.pddl,abstract,timed out,1800.1420539617538,abstract_asp,,0.6900066249072552,0.0037194862961769104,,165.5273772366345,0.07816176116466522,0.2621126063168049,4.259174536913633,0.9746274389326572,,2.3311949595808983,0.39508045837283134,,,,,2,0,,,19,,20,,5,capacity-number,
transport-sat14-strips,p14.pddl,abstract,interrupted,31.41076995804906,problem_reading,,1.17058040574193,,,,,,,,,,,,,,,,,,,,,,,,,
transport-sat14-strips,p15.pddl,abstract,interrupted,32.13293369114399,problem_reading,,1.2612107694149017,,,,,,,,,,,,,,,,,,,,,,,,,
transport-sat14-strips,p16.pddl,abstract,interrupted,23.612168084830046,problem_reading,,1.243919800966978,,,,,,,,,,,,,,,,,,,,,,,,,
transport-sat14-strips,p17.pddl,abstract,interrupted,46.4114260263741,problem_reading,,1.7468348778784275,,,,,,,,,,,,,,,,,,,,,,,,,
transport-sat14-strips,p18.pddl,abstract,interrupted,47.6073073297739,problem_reading,,1.888368371874094,,,,,,,,,,,,,,,,,,,,,,,,,
transport-sat14-strips,p19.pddl,abstract,interrupted,32.90918879210949,problem_reading,,1.8574598208069801,,,,,,,,,,,,,,,,,,,,,,,,,
transport-sat14-strips,p20.pddl,abstract,interrupted,51.41230222955346,problem_reading,,1.9117816351354122,,,,,,,,,,,,,,,,,,,,,,,,,
trucks-strips,p24.pddl,abstract,interrupted,412.1990537494421,problem_reading,,334.307102881372,,,,,,,,,,,,,,,,,,,,,,,,,
trucks-strips,p25.pddl,abstract,interrupted,305.3580493628979,problem_reading,,247.96868935227394,,,,,,,,,,,,,,,,,,,,,,,,,
trucks-strips,p26.pddl,abstract,interrupted,335.7792524471879,problem_reading,,277.13975976780057,,,,,,,,,,,,,,,,,,,,,,,,,
trucks-strips,p27.pddl,abstract,interrupted,368.60289680212736,problem_reading,,311.01671677455306,,,,,,,,,,,,,,,,,,,,,,,,,
trucks-strips,p28.pddl,abstract,interrupted,324.014318715781,problem_reading,,273.3408079147339,,,,,,,,,,,,,,,,,,,,,,,,,
trucks-strips,p29.pddl,abstract,interrupted,927.3918005041778,problem_reading,,855.4606336094439,,,,,,,,,,,,,,,,,,,,,,,,,
trucks-strips,p30.pddl,abstract,interrupted,1019.4392158892006,problem_reading,,946.3487711567432,,,,,,,,,,,,,,,,,,,,,,,,,
visitall-sat11-strips,problem38.pddl,abstract,interrupted,292.9859593883157,problem_reading,,6.503954954445362,,,,,,,,,,,,,,,,,,,,,,,,,
visitall-sat11-strips,problem40.pddl,abstract,interrupted,15.245636384934187,problem_reading,,7.1937988474965096,,,,,,,,,,,,,,,,,,,,,,,,,
visitall-sat11-strips,problem42.pddl,abstract,interrupted,17.13564046099782,problem_reading,,8.101528875529766,,,,,,,,,,,,,,,,,,,,,,,,,
visitall-sat11-strips,problem44.pddl,abstract,interrupted,18.945141334086657,problem_reading,,8.993599995970726,,,,,,,,,,,,,,,,,,,,,,,,,
visitall-sat11-strips,problem46.pddl,abstract,interrupted,19.41758196428418,problem_reading,,10.184125516563654,,,,,,,,,,,,,,,,,,,,,,,,,
visitall-sat11-strips,problem48.pddl,abstract,interrupted,19.717443241737783,problem_reading,,11.214705510996282,,,,,,,,,,,,,,,,,,,,,,,,,
visitall-sat11-strips,problem50.pddl,abstract,interrupted,22.385905228555202,problem_reading,,12.161225751042366,,,,,,,,,,,,,,,,,,,,,,,,,
visitall-sat14-strips,pfile50.pddl,abstract,interrupted,22.314373284578323,problem_reading,,12.616866901516914,,,,,,,,,,,,,,,,,,,,,,,,,
visitall-sat14-strips,pfile51.pddl,abstract,interrupted,22.140789300203323,problem_reading,,13.111592710018158,,,,,,,,,,,,,,,,,,,,,,,,,
visitall-sat14-strips,pfile52.pddl,abstract,interrupted,24.478747863322496,problem_reading,,14.196618620306253,,,,,,,,,,,,,,,,,,,,,,,,,
visitall-sat14-strips,pfile53.pddl,abstract,interrupted,25.053318593651056,problem_reading,,14.291017081588507,,,,,,,,,,,,,,,,,,,,,,,,,
visitall-sat14-strips,pfile54.pddl,abstract,interrupted,25.02348506450653,problem_reading,,14.820335578173399,,,,,,,,,,,,,,,,,,,,,,,,,
visitall-sat14-strips,pfile55.pddl,abstract,interrupted,25.41958847641945,problem_reading,,15.602761048823595,,,,,,,,,,,,,,,,,,,,,,,,,
visitall-sat14-strips,pfile56.pddl,abstract,interrupted,26.522021763026714,problem_reading,,16.138451071456075,,,,,,,,,,,,,,,,,,,,,,,,,
visitall-sat14-strips,pfile57.pddl,abstract,interrupted,27.154707320034504,problem_reading,,17.553201984614134,,,,,,,,,,,,,,,,,,,,,,,,,
visitall-sat14-strips,pfile58.pddl,abstract,interrupted,27.83453127462417,problem_reading,,18.14434409700334,,,,,,,,,,,,,,,,,,,,,,,,,
visitall-sat14-strips,pfile59.pddl,abstract,interrupted,29.14198837056756,problem_reading,,18.94519442692399,,,,,,,,,,,,,,,,,,,,,,,,,
visitall-sat14-strips,pfile60.pddl,abstract,interrupted,29.14372285362333,problem_reading,,19.4970590621233,,,,,,,,,,,,,,,,,,,,,,,,,
visitall-sat14-strips,pfile61.pddl,abstract,interrupted,31.54932922217995,problem_reading,,20.3428741293028,,,,,,,,,,,,,,,,,,,,,,,,,
visitall-sat14-strips,pfile62.pddl,abstract,interrupted,33.95933750271797,problem_reading,,21.645031072199345,,,,,,,,,,,,,,,,,,,,,,,,,
visitall-sat14-strips,pfile63.pddl,abstract,interrupted,29.15620483830571,problem_reading,,20.791531059890985,,,,,,,,,,,,,,,,,,,,,,,,,
visitall-sat14-strips,pfile64.pddl,abstract,interrupted,33.6275405138731,problem_reading,,23.572351161390543,,,,,,,,,,,,,,,,,,,,,,,,,
visitall-sat14-strips,pfile65.pddl,abstract,interrupted,34.322413430549204,problem_reading,,24.2762262057513,,,,,,,,,,,,,,,,,,,,,,,,,
woodworking-sat11-strips,p20.pddl,abstract,interrupted,12.508068651892245,problem_reading,,0.5874369610100985,,,,,,,,,,,,,,,,,,,,,,,,,
