domain,problem,mode,status,wall_time_seconds,last_completed_phase,total_seconds,problem_reading_seconds,pnf_translation_seconds,symmetry_discovery_seconds,resource_detection_seconds,abstraction_seconds,abstract_pddl_writing_seconds,concrete_fd_seconds,abstract_fd_seconds,fd_search_seconds,concrete_asp_seconds,abstract_asp_seconds,abstract_solving_seconds,abstract_fd_search_seconds,guided_concrete_solving_seconds,extended_concrete_solving_seconds,verdict,plan_valid,relaxed_deletes,relaxed_inequalities,decrements,increments,abstract_plan_length,plan_length,abstract_solve_calls,concrete_solve_calls,abstracted_object_count,abstracted_object_type,error_message
data-network-sat18-strips,p01.pddl,abs-asp,timed out,1800.0710568241775,abstract_asp,,0.6180197931826115,10.969911351799965,,4.316228739917278,78.67558255791664,6.275909151881933,0.681288119405508,0.2697252742946148,,0.2672682963311672,0.02783854678273201,,,,,,,4,0,,,20,,21,,17,numbers,
data-network-sat18-strips,p01.pddl,abs-fd,timed out,1800.180177167058,abstract_fd_search,,0.5770709738135338,10.616901107132435,,4.218135058879852,79.05619424954057,5.7865814454853535,0.5807637758553028,0.25263725966215134,,0.261777114123106,,,0.09604231640696526,,,,,4,0,33,0,38,,,34,17,numbers,
data-network-sat18-strips,p01.pddl,asp,timed out,1800.1393115781248,concrete_asp,,,,,,,,0.5825017392635345,,,0.25171934440732,,,,,,,,,,,,,,,20,,,
data-network-sat18-strips,p01.pddl,fd,success,4.867392625659704,total,1.89735,,,,,,,,,1.889484,,,,,,,,unchecked: No available engine supports all the problem features:,,,,,,82,,,,,
data-network-sat18-strips,p02.pddl,abs-asp,timed out,1800.1464185081422,abstract_asp,,0.6387735530734062,25.139440566301346,,6.612755674868822,184.77346970513463,14.383023027330637,0.7827196717262268,0.2689657658338547,,0.3337993063032627,0.033499568700790405,,,,,,,4,0,,,21,,22,,17,numbers,
data-network-sat18-strips,p02.pddl,abs-fd,timed out,1800.1104320399463,abstract_fd_search,,0.6458181813359261,24.998384155333042,,6.6205757558345795,186.05576623231173,13.679028250277042,0.8587553724646568,0.2738524414598942,,0.3264072611927986,,,0.102722879499197,,,,,4,0,27,0,33,,,28,17,numbers,
data-network-sat18-strips,p02.pddl,asp,timed out,1800.1606431119144,concrete_asp,,,,,,,,0.7558022476732731,,,0.32345617190003395,,,,,,,,,,,,,,,19,,,
data-network-sat18-strips,p02.pddl,fd,success,3.447627555578947,total,0.91529,,,,,,,,,0.906971,,,,,,,,unchecked: No available engine supports all the problem features:,,,,,,55,,,,,
data-network-sat18-strips,p03.pddl,abs-asp,timed out,1800.1602651774883,abstract_asp,,0.5903453454375267,30.898088291287422,,7.725582268089056,230.90312122553587,17.18241485580802,0.7596094384789467,0.2999815121293068,,0.3287126012146473,0.03576933220028877,,,,,,,4,0,,,18,,19,,17,numbers,
data-network-sat18-strips,p03.pddl,abs-fd,timed out,1800.2413496635854,abstract_fd_search,,0.5421670712530613,30.885059040039778,,7.5231750681996346,231.7432138249278,17.75098590925336,0.7214906550943851,0.23297646641731262,,0.30426084622740746,,,0.08295534178614616,,,,,4,0,0,0,41,,,1,17,numbers,
data-network-sat18-strips,p03.pddl,asp,timed out,1800.136499606073,concrete_asp,,,,,,,,0.7355366460978985,,,0.3127211183309555,,,,,,,,,,,,,,,19,,,
data-network-sat18-strips,p03.pddl,fd,success,3.685838509351015,total,0.963196,,,,,,,,,0.955114,,,,,,,,unchecked: No available engine supports all the problem features:,,,,,,85,,,,,
data-network-sat18-strips,p04.pddl,abs-asp,timed out,1800.1694584973156,abstract_asp,,0.5663026571273804,47.90448987856507,,10.28592736646533,361.35944709554315,27.153017915785313,0.7613150328397751,0.24790582805871964,,0.3318552300333977,0.03634839132428169,,,,,,,4,0,,,22,,23,,17,numbers,
data-network-sat18-strips,p04.pddl,abs-fd,timed out,1800.3054351471364,abstract_fd_search,,0.6549699418246746,50.37694600224495,,10.93761345371604,367.8145329505205,28.279104556888342,0.9199967123568058,0.313373189419508,,0.3700018599629402,,,0.11796196177601814,,,,,4,0,51,0,64,,,52,17,numbers,
data-network-sat18-strips,p04.pddl,asp,timed out,1800.139236018993,concrete_asp,,,,,,,,0.8297757236286998,,,0.3516284367069602,,,,,,,,,,,,,,,22,,,
data-network-sat18-strips,p04.pddl,fd,success,4.589358638972044,total,1.50003,,,,,,,,,1.492739,,,,,,,,unchecked: No available engine supports all the problem features:,,,,,,174,,,,,
data-network-sat18-strips,p05.pddl,abs-asp,timed out,1800.3565003201365,concrete_fd,,1.1474523060023785,201.3255520798266,,23.447586253285408,1475.4146647639573,,1.313410047441721,,,,,,,,,,,4,0,,,,,,,17,numbers,
data-network-sat18-strips,p05.pddl,abs-fd,timed out,1800.3184185549617,abstract_fd_search,,0.9872982390224934,189.79977338388562,,22.551636401563883,1471.0965723320842,109.48914098739624,1.2897479757666588,0.47497620061039925,,0.5707609467208385,,,0.11279590427875519,,,,,4,0,0,0,51,,,0,17,numbers,
data-network-sat18-strips,p05.pddl,asp,timed out,1800.1523291021585,concrete_asp,,,,,,,,1.164368774741888,,,0.5602195523679256,,,,,,,,,,,,,,,18,,,
data-network-sat18-strips,p05.pddl,fd,success,7.306171756237745,total,3.529371,,,,,,,,,3.522717,,,,,,,,unchecked: No available engine supports all the problem features:,,,,,,175,,,,,
data-network-sat18-strips,p06.pddl,abs-asp,timed out,1800.4003448225558,pnf_translation,,1.0915938839316368,273.0469488762319,,28.841565277427435,0.0016471296548843384,,,,,,,,,,,,,,,,,,,,,,,
data-network-sat18-strips,p06.pddl,abs-fd,timed out,1800.3832230977714,pnf_translation,,1.108267791569233,268.61819699779153,,28.938056960701942,0.00164804607629776,,,,,,,,,,,,,,,,,,,,,,,
data-network-sat18-strips,p06.pddl,asp,timed out,1800.1530773453414,concrete_asp,,,,,,,,1.2036441303789616,,,0.5983482748270035,,,,,,,,,,,,,,,19,,,
data-network-sat18-strips,p06.pddl,fd,timed out,1800.1133987158537,,,,,,,,,,,,,,,,,,,,,,,,,,,,,,
data-network-sat18-strips,p07.pddl,abs-asp,timed out,1800.4410142302513,pnf_translation,,1.078830525279045,307.3475182764232,,30.26486337557435,0.00165635347366333,,,,,,,,,,,,,,,,,,,,,,,
data-network-sat18-strips,p07.pddl,abs-fd,timed out,1800.3742287047207,pnf_translation,,1.0003095865249634,299.16033352166414,,29.865732103586197,0.0015406571328639984,,,,,,,,,,,,,,,,,,,,,,,
data-network-sat18-strips,p07.pddl,asp,timed out,1800.0605924725533,concrete_asp,,,,,,,,1.2524664103984833,,,0.5863526053726673,,,,,,,,,,,,,,,22,,,
data-network-sat18-strips,p07.pddl,fd,interrupted,1666.4151982031763,,,,,,,,,,,,,,,,,,,,,,,,,,,,,,
data-network-sat18-strips,p08.pddl,abs-asp,timed out,1800.6050095465034,pnf_translation,,1.1781849954277277,527.1691307853907,,46.418337021023035,0.0018087849020957947,,,,,,,,,,,,,,,,,,,,,,,
data-network-sat18-strips,p08.pddl,abs-fd,timed out,1800.6475263424218,pnf_translation,,1.203676976263523,530.549103975296,,46.659977078437805,0.0018109790980815887,,,,,,,,,,,,,,,,,,,,,,,
data-network-sat18-strips,p08.pddl,asp,timed out,1800.1615381874144,concrete_asp,,,,,,,,1.5267858002334833,,,0.7078799158334732,,,,,,,,,,,,,,,19,,,
data-network-sat18-strips,p08.pddl,fd,success,390.4005422219634,total,386.345386,,,,,,,,,386.338346,,,,,,,,unchecked: No available engine supports all the problem features:,,,,,,352,,,,,
data-network-sat18-strips,p09.pddl,abs-asp,timed out,1800.3861092887819,pnf_translation,,0.8027849048376083,331.67780262231827,,37.58808467164636,0.0015652254223823547,,,,,,,,,,,,,,,,,,,,,,,
data-network-sat18-strips,p09.pddl,abs-fd,timed out,1800.4245281405747,pnf_translation,,0.7827840521931648,341.54039596021175,,37.509651608765125,0.01441272720694542,,,,,,,,,,,,,,,,,,,,,,,
data-network-sat18-strips,p09.pddl,asp,timed out,1800.1489758826792,concrete_asp,,,,,,,,1.149726115167141,,,0.5610742829740047,,,,,,,,,,,,,,,20,,,
data-network-sat18-strips,p09.pddl,fd,success,219.2082251086831,total,216.01937,,,,,,,,,216.010227,,,,,,,,unchecked: No available engine supports all the problem features:,,,,,,319,,,,,
data-network-sat18-strips,p10.pddl,abs-asp,timed out,1800.6674089767039,pnf_translation,,1.1671543903648853,784.5029097013175,,56.008762527257204,0.0017585046589374542,,,,,,,,,,,,,,,,,,,,,,,
data-network-sat18-strips,p10.pddl,abs-fd,timed out,1800.7403054237366,pnf_translation,,1.2122669368982315,788.7274570800364,,56.22903050109744,0.0018937736749649048,,,,,,,,,,,,,,,,,,,,,,,
data-network-sat18-strips,p10.pddl,asp,timed out,1800.0818763673306,concrete_asp,,,,,,,,1.5386515632271767,,,0.7252953015267849,,,,,,,,,,,,,,,19,,,
data-network-sat18-strips,p10.pddl,fd,timed out,1800.1138981729746,,,,,,,,,,,,,,,,,,,,,,,,,,,,,,
data-network-sat18-strips,p11.pddl,abs-asp,success,49.63244115188718,total,46.761788,0.651186,1.346045,,4.306974,9.538534,0.634879,0.534475,0.211874,,0.271602,0.030889,24.448021,,4.674616,,,unchecked: No available engine supports all the problem features:,4,0,0,0,15,30,16,1,17,numbers,
data-network-sat18-strips,p11.pddl,abs-fd,success,61.41600339859724,total,58.598872,0.721692,1.363865,,4.397231,9.515126,0.634298,0.581452,0.247194,,0.290499,,,0.092267,40.580149,,,unchecked: No available engine supports all the problem features:,4,0,7,0,18,36,,8,17,numbers,
data-network-sat18-strips,p11.pddl,asp,timed out,1800.135145779699,concrete_asp,,,,,,,,0.5938719715923071,,,0.271696962416172,,,,,,,,,,,,,,,17,,,
data-network-sat18-strips,p11.pddl,fd,success,3.3814587853848934,total,0.878128,,,,,,,,,0.869565,,,,,,,,unchecked: No available engine supports all the problem features:,,,,,,29,,,,,
data-network-sat18-strips,p12.pddl,abs-asp,timed out,1800.1246641613543,abstract_asp,,0.9079485908150673,3.830916056409478,,9.803367245942354,28.529582714661956,2.0481872595846653,0.8174821380525827,0.2730783000588417,,0.40663470700383186,0.04283766262233257,,,,,,,4,0,,,17,,18,,17,numbers,
data-network-sat18-strips,p12.pddl,abs-fd,timed out,1800.2291341237724,abstract_fd_search,,0.982804823666811,3.8970047645270824,,10.08881950005889,28.758645921945572,2.067937444895506,0.9184120185673237,0.31706545501947403,,0.4151380807161331,,,0.10421204566955566,,,,,4,0,20,0,23,,,21,17,numbers,
data-network-sat18-strips,p12.pddl,asp,timed out,1800.1501237265766,concrete_asp,,,,,,,,0.7544392235577106,,,0.3652667813003063,,,,,,,,,,,,,,,19,,,
data-network-sat18-strips,p12.pddl,fd,success,6.064732942730188,total,2.24599,,,,,,,,,2.237546,,,,,,,,unchecked: No available engine supports all the problem features:,,,,,,31,,,,,
data-network-sat18-strips,p13.pddl,abs-asp,timed out,1800.1351686492562,abstract_asp,,0.9777647964656353,9.326218210160732,,17.59487423300743,71.42391203343868,5.179932247847319,0.9979097358882427,0.30695856735110283,,0.49047476053237915,0.05335019901394844,,,,,,,4,0,,,18,,19,,17,numbers,
data-network-sat18-strips,p13.pddl,abs-fd,timed out,1800.2055971547961,abstract_fd_search,,0.9816398918628693,9.46863017231226,,17.55778370425105,72.53988325968385,5.237338650971651,1.066680420190096,0.31146370247006416,,0.49371296912431717,,,0.10394386574625969,,,,,4,0,16,0,30,,,17,17,numbers,
data-network-sat18-strips,p13.pddl,asp,timed out,1800.1485637910664,concrete_asp,,,,,,,,0.9482170380651951,,,0.4675649255514145,,,,,,,,,,,,,,,20,,,
data-network-sat18-strips,p13.pddl,fd,success,30.053546433337033,total,26.850096,,,,,,,,,26.838673,,,,,,,,unchecked: No available engine supports all the problem features:,,,,,,135,,,,,
data-network-sat18-strips,p14.pddl,abs-asp,timed out,1800.1494561471045,abstract_asp,,0.8869659081101418,18.072878886014223,,29.135883316397667,132.26507753133774,10.217192187905312,1.0242441967129707,0.2862987145781517,,0.5486020669341087,0.05785266309976578,,,,,,,4,0,,,19,,20,,17,numbers,
data-network-sat18-strips,p14.pddl,abs-fd,timed out,1800.168807245791,abstract_fd_search,,0.9904886186122894,18.48844752088189,,29.902220968157053,135.4122848212719,10.382207904011011,1.133324719965458,0.3375122845172882,,0.5808353424072266,,,0.1061800979077816,,,,,4,0,32,0,38,,,33,17,numbers,
data-network-sat18-strips,p14.pddl,asp,timed out,1800.160255085677,concrete_asp,,,,,,,,1.070446491241455,,,0.5756443329155445,,,,,,,,,,,,,,,19,,,
data-network-sat18-strips,p14.pddl,fd,success,5.5309924222528934,total,1.470558,,,,,,,,,1.461967,,,,,,,,unchecked: No available engine supports all the problem features:,,,,,,61,,,,,
data-network-sat18-strips,p15.pddl,abs-asp,timed out,1800.1681522205472,abstract_asp,,0.9950238354504108,38.542767360806465,,45.9315630197525,288.1822709441185,22.10690711811185,1.2316776849329472,0.3149375841021538,,0.6593612171709538,0.06985274329781532,,,,,,,4,0,,,19,,20,,17,numbers,
data-network-sat18-strips,p15.pddl,abs-fd,timed out,1800.3159278705716,abstract_fd_search,,0.9905667752027512,38.50789802893996,,45.90862378850579,286.01578276976943,22.03434482216835,1.2892756052315235,0.31570688635110855,,0.6547437235713005,,,0.09650682285428047,,,,,4,0,0,0,52,,,1,17,numbers,
data-network-sat18-strips,p15.pddl,asp,timed out,1800.1514638140798,concrete_asp,,,,,,,,1.332009468227625,,,0.6778426729142666,,,,,,,,,,,,,,,19,,,
data-network-sat18-strips,p15.pddl,fd,success,31.344817351549864,total,28.19331,,,,,,,,,28.183713,,,,,,,,unchecked: No available engine supports all the problem features:,,,,,,138,,,,,
elevators-sat08-strips,p01.pddl,abs-asp,success,5.237124226987362,total,3.563381,0.276381,0.002547,,0.238264,0.01566,0.02082,0.201731,0.159711,,0.026314,0.00771,2.132879,,0.435398,,,unchecked: No available engine supports all the problem features:,7,0,0,0,12,25,13,1,4,count,
elevators-sat08-strips,p01.pddl,abs-fd,success,3.829784791916609,total,1.761271,0.335309,0.002717,,0.28332,0.016013,0.021257,0.231482,0.202363,,0.028541,,,0.085893,0.479192,,,unchecked: No available engine supports all the problem features:,7,0,0,0,12,25,,1,4,count,
elevators-sat08-strips,p01.pddl,asp,success,704.2015605941415,total,701.770144,,,,,,,0.233876,,,0.027585,,,,701.449893,,,unchecked: No available engine supports all the problem features:,,,,,,18,,19,,,
elevators-sat08-strips,p01.pddl,fd,success,3.0056784013286233,total,0.264494,,,,,,,,,0.258671,,,,,,,,unchecked: No available engine supports all the problem features:,,,,,,20,,,,,
elevators-sat08-strips,p02.pddl,abs-asp,success,233.97185445204377,total,230.411747,0.34311,0.003734,,0.381668,0.016934,0.022426,0.320969,0.222252,,0.038487,0.010186,228.039889,,0.906084,,,unchecked: No available engine supports all the problem features:,7,0,2,0,16,33,17,3,4,count,
elevators-sat08-strips,p02.pddl,abs-fd,success,4.698988439515233,total,2.38125,0.330203,0.003632,,0.32734,0.016923,0.021842,0.245231,0.206819,,0.033346,,,0.09363,1.023872,,,unchecked: No available engine supports all the problem features:,7,0,0,0,16,33,,1,4,count,
elevators-sat08-strips,p02.pddl,asp,timed out,1800.1271640472114,concrete_asp,,,,,,,,0.2944978252053261,,,0.03192828223109245,,,,,,,,,,,,,,,21,,,
elevators-sat08-strips,p02.pddl,fd,success,2.583787969313562,total,0.230035,,,,,,,,,0.226901,,,,,,,,unchecked: No available engine supports all the problem features:,,,,,,28,,,,,
elevators-sat08-strips,p03.pddl,abs-asp,success,811.85059338063,total,808.407322,0.341758,0.002783,,0.401762,0.016534,0.022551,0.29111,0.205589,,0.040827,0.010969,806.123633,,0.84244,,,unchecked: No available engine supports all the problem features:,7,0,0,0,14,29,15,1,4,count,
elevators-sat08-strips,p03.pddl,abs-fd,success,5.805516995489597,total,2.3541,0.368437,0.00285,,0.402684,0.016292,0.02294,0.259627,0.222077,,0.040025,,,0.097414,0.837496,,,unchecked: No available engine supports all the problem features:,7,0,0,0,14,29,,1,4,count,
elevators-sat08-strips,p03.pddl,asp,timed out,1800.1188348531723,concrete_asp,,,,,,,,0.24741170927882195,,,0.038438580930233,,,,,,,,,,,,,,,16,,,
elevators-sat08-strips,p03.pddl,fd,success,2.7445174269378185,total,0.306943,,,,,,,,,0.299974,,,,,,,,unchecked: No available engine supports all the problem features:,,,,,,23,,,,,
elevators-sat08-strips,p04.pddl,abs-asp,timed out,1800.1166881360114,abstract_asp,,0.3180146813392639,0.0028683990240097046,,0.3689914271235466,0.016656283289194107,0.023576073348522186,0.2614654451608658,0.2152627669274807,,0.04504664987325668,0.012182775884866714,,,,,,,7,0,,,17,,18,,4,count,
elevators-sat08-strips,p04.pddl,abs-fd,success,46.76628775149584,total,44.725106,0.317884,0.002835,,0.356117,0.016671,0.023272,0.25383,0.208879,,0.044121,,,0.088689,43.305637,,,unchecked: No available engine supports all the problem features:,7,0,21,0,22,45,,22,4,count,
elevators-sat08-strips,p04.pddl,asp,timed out,1800.121575344354,concrete_asp,,,,,,,,0.2798396833240986,,,0.046596210449934006,,,,,,,,,,,,,,,22,,,
elevators-sat08-strips,p04.pddl,fd,success,2.3955382127314806,total,0.291682,,,,,,,,,0.284805,,,,,,,,unchecked: No available engine supports all the problem features:,,,,,,40,,,,,
elevators-sat08-strips,p05.pddl,abs-asp,timed out,1800.1198629885912,abstract_asp,,0.3541973866522312,0.0038982145488262177,,0.4044262021780014,0.017394233494997025,0.023828908801078796,0.3237610310316086,0.2261963188648224,,0.05328114330768585,0.01258038729429245,,,,,,,7,0,,,16,,17,,4,count,
elevators-sat08-strips,p05.pddl,abs-fd,success,12.529578043147922,total,10.838435,0.279106,0.003209,,0.351863,0.016385,0.022589,0.219329,0.170932,,0.046896,,,0.071834,9.597501,,,unchecked: No available engine supports all the problem features:,7,0,3,0,18,37,,4,4,count,
elevators-sat08-strips,p05.pddl,asp,timed out,1800.1194524690509,concrete_asp,,,,,,,,0.26570653542876244,,,0.04899906739592552,,,,,,,,,,,,,,,20,,,
elevators-sat08-strips,p05.pddl,fd,success,2.1024105213582516,total,0.262384,,,,,,,,,0.257788,,,,,,,,unchecked: No available engine supports all the problem features:,,,,,,36,,,,,
elevators-sat08-strips,p06.pddl,abs-asp,timed out,1800.1198209114373,abstract_asp,,0.3377351798117161,0.0028675347566604614,,0.4990864582359791,0.016853325068950653,0.023928634822368622,0.328429214656353,0.21285336837172508,,0.05903005599975586,0.014877378940582275,,,,,,,7,0,,,18,,19,,4,count,
elevators-sat08-strips,p06.pddl,abs-fd,timed out,1800.130688328296,abstract_fd_search,,0.33128075674176216,0.002850878983736038,,0.4854488931596279,0.016732949763536453,0.023741640150547028,0.2953338027000427,0.21522649750113487,,0.05959368124604225,,,0.09015318006277084,,,,,7,0,5,0,26,,,6,4,count,
elevators-sat08-strips,p06.pddl,asp,timed out,1800.1130796596408,concrete_asp,,,,,,,,0.2970771752297878,,,0.05715968832373619,,,,,,,,,,,,,,,21,,,
elevators-sat08-strips,p06.pddl,fd,success,2.4280358739197254,total,0.303244,,,,,,,,,0.296606,,,,,,,,unchecked: No available engine supports all the problem features:,,,,,,41,,,,,
elevators-sat08-strips,p07.pddl,abs-asp,timed out,1800.1186700426042,abstract_asp,,0.3382270894944668,0.0030010156333446503,,0.5199881941080093,0.01737086847424507,0.024564288556575775,0.3276371397078037,0.21477258950471878,,0.06505737826228142,0.016015563160181046,,,,,,,7,0,,,18,,19,,4,count,
elevators-sat08-strips,p07.pddl,abs-fd,timed out,1800.1343508549035,abstract_fd_search,,0.3201143480837345,0.0030370131134986877,,0.46560822427272797,0.01772119477391243,0.024573583155870438,0.2805018424987793,0.21688668429851532,,0.062240201979875565,,,0.09381746873259544,,,,,7,0,32,0,32,,,33,4,count,
elevators-sat08-strips,p07.pddl,asp,timed out,1800.1129307849333,concrete_asp,,,,,,,,0.26725002471357584,,,0.058659338392317295,,,,,,,,,,,,,,,23,,,
elevators-sat08-strips,p07.pddl,fd,success,2.2370577938854694,total,0.295526,,,,,,,,,0.291015,,,,,,,,unchecked: No available engine supports all the problem features:,,,,,,54,,,,,
elevators-sat08-strips,p08.pddl,abs-asp,timed out,1800.1180543154478,abstract_asp,,0.32280799746513367,0.0029963888227939606,,0.49802108854055405,0.017295878380537033,0.025507841259241104,0.2873817905783653,0.21788322553038597,,0.0687304325401783,0.016251273453235626,,,,,,,7,0,,,19,,20,,4,count,
elevators-sat08-strips,p08.pddl,abs-fd,timed out,1800.106449238956,abstract_fd_search,,0.3340332880616188,0.003314148634672165,,0.5110388211905956,0.01771310530602932,0.025729045271873474,0.3632306717336178,0.23291541635990143,,0.07334252260625362,,,0.09634095430374146,,,,,7,0,29,0,29,,,30,4,count,
elevators-sat08-strips,p08.pddl,asp,timed out,1800.091145399958,concrete_asp,,,,,,,,0.2626841329038143,,,0.06230436637997627,,,,,,,,,,,,,,,23,,,
elevators-sat08-strips,p08.pddl,fd,success,2.939105302095413,total,0.363374,,,,,,,,,0.354553,,,,,,,,unchecked: No available engine supports all the problem features:,,,,,,52,,,,,
elevators-sat08-strips,p09.pddl,abs-asp,timed out,1800.122088741511,abstract_asp,,0.339355006814003,0.0032543353736400604,,0.5469558350741863,0.018092457205057144,0.026685796678066254,0.3140319772064686,0.2356257401406765,,0.0735253244638443,0.014970734715461731,,,,,,,7,0,,,17,,18,,4,count,
elevators-sat08-strips,p09.pddl,abs-fd,timed out,1800.1295374892652,abstract_fd_search,,0.33314238488674164,0.0031095370650291443,,0.5765898823738098,0.017519570887088776,0.026334282010793686,0.3355878256261349,0.21854792162775993,,0.07754313573241234,,,0.09148531034588814,,,,,7,0,6,0,23,,,7,4,count,
elevators-sat08-strips,p09.pddl,asp,timed out,1800.1237538978457,concrete_asp,,,,,,,,0.3110341429710388,,,0.07379673793911934,,,,,,,,,,,,,,,21,,,
elevators-sat08-strips,p09.pddl,fd,success,2.088918685913086,total,0.301696,,,,,,,,,0.298146,,,,,,,,unchecked: No available engine supports all the problem features:,,,,,,55,,,,,
elevators-sat08-strips,p10.pddl,abs-asp,timed out,1800.1224835217,abstract_asp,,0.29018835350871086,0.003367554396390915,,0.5729537755250931,0.01762431487441063,0.02570231258869171,0.27472612261772156,0.18822619691491127,,0.07627850025892258,0.018662869930267334,,,,,,,7,0,,,19,,20,,4,count,
elevators-sat08-strips,p10.pddl,abs-fd,timed out,1800.1479600593448,abstract_fd_search,,0.3311000093817711,0.0035102330148220062,,0.5868641696870327,0.017931055277585983,0.02634415775537491,0.3024243824183941,0.22191474586725235,,0.08134329319000244,,,0.09711312875151634,,,,,7,0,42,0,44,,,43,4,count,
elevators-sat08-strips,p10.pddl,asp,timed out,1800.1216571070254,concrete_asp,,,,,,,,0.30319441109895706,,,0.0768878199160099,,,,,,,,,,,,,,,25,,,
elevators-sat08-strips,p10.pddl,fd,success,3.4204706363379955,total,0.426647,,,,,,,,,0.419379,,,,,,,,unchecked: No available engine supports all the problem features:,,,,,,81,,,,,
elevators-sat08-strips,p11.pddl,abs-asp,timed out,1800.0417344979942,abstract_asp,,0.4817216582596302,0.0032083913683891296,,0.7371597401797771,0.03487017750740051,0.041873544454574585,0.40543876215815544,0.2390691079199314,,0.09931006282567978,0.02191920205950737,,,,,,,7,0,,,19,,20,,5,count,
elevators-sat08-strips,p11.pddl,abs-fd,timed out,1800.1367751806974,abstract_fd_search,,0.4097091816365719,0.002951165661215782,,0.6239063013345003,0.03388457931578159,0.03989281691610813,0.3105268180370331,0.18668961711227894,,0.0897667445242405,,,0.07741237245500088,,,,,7,0,14,0,30,,,15,5,count,
elevators-sat08-strips,p11.pddl,asp,timed out,1800.1223848760128,concrete_asp,,,,,,,,0.2855818569660187,,,0.08426503837108612,,,,,,,,,,,,,,,23,,,
elevators-sat08-strips,p11.pddl,fd,success,3.5645728893578053,total,0.420374,,,,,,,,,0.412517,,,,,,,,unchecked: No available engine supports all the problem features:,,,,,,39,,,,,
elevators-sat08-strips,p12.pddl,abs-asp,timed out,1800.1191176939756,abstract_asp,,0.41350022330880165,0.003375781700015068,,0.8010107055306435,0.035225821658968925,0.04226791113615036,0.3120318781584501,0.19313685782253742,,0.10936611518263817,0.03387804888188839,,,,,,,7,0,,,18,,19,,5,count,
elevators-sat08-strips,p12.pddl,abs-fd,timed out,1800.1599643155932,abstract_fd_search,,0.518402274698019,0.0036804862320423126,,0.8858873844146729,0.03502706438302994,0.04266725853085518,0.4309716038405895,0.2505837343633175,,0.1213625818490982,,,0.10547336935997009,,,,,7,0,36,0,36,,,37,5,count,
elevators-sat08-strips,p12.pddl,asp,timed out,1800.1298924461007,concrete_asp,,,,,,,,0.46247052773833275,,,0.1143505796790123,,,,,,,,,,,,,,,23,,,
elevators-sat08-strips,p12.pddl,fd,success,3.166176225990057,total,0.452351,,,,,,,,,0.445086,,,,,,,,unchecked: No available engine supports all the problem features:,,,,,,58,,,,,
elevators-sat08-strips,p13.pddl,abs-asp,timed out,1800.121256351471,abstract_asp,,0.47035375609993935,0.0032313503324985504,,1.0797121673822403,0.03463180363178253,0.04369562864303589,0.4632779248058796,0.24612387269735336,,0.14253660663962364,0.0280800499022007,,,,,,,7,0,,,19,,20,,5,count,
elevators-sat08-strips,p13.pddl,abs-fd,success,37.671410482376814,total,34.347737,0.461946,0.003291,,1.116012,0.034985,0.044369,0.432923,0.244184,,0.142415,,,0.097104,31.574583,,,unchecked: No available engine supports all the problem features:,7,0,3,0,37,75,,4,5,count,
elevators-sat08-strips,p13.pddl,asp,timed out,1800.1327470131218,concrete_asp,,,,,,,,0.41524095088243484,,,0.1326787956058979,,,,,,,,,,,,,,,24,,,
elevators-sat08-strips,p13.pddl,fd,success,3.1385493390262127,total,0.490161,,,,,,,,,0.482165,,,,,,,,unchecked: No available engine supports all the problem features:,,,,,,56,,,,,
elevators-sat08-strips,p14.pddl,abs-asp,timed out,1800.121375195682,abstract_asp,,0.47048014029860497,0.0034471452236175537,,1.401189610362053,0.03519710898399353,0.04525269567966461,0.4756022281944752,0.25436078384518623,,0.16301989927887917,0.031661257147789,,,,,,,7,0,,,22,,23,,5,count,
elevators-sat08-strips,p14.pddl,abs-fd,timed out,1800.1373591050506,abstract_fd_search,,0.4872262217104435,0.0036330223083496094,,1.3818377517163754,0.03588400036096573,0.04619063064455986,0.4745914377272129,0.26888928562402725,,0.16561584919691086,,,0.11154468357563019,,,,,7,0,3,0,50,,,4,5,count,
elevators-sat08-strips,p14.pddl,asp,timed out,1800.1214743927121,concrete_asp,,,,,,,,0.42153749894350767,,,0.15081056859344244,,,,,,,,,,,,,,,24,,,
elevators-sat08-strips,p14.pddl,fd,success,2.8735842257738113,total,0.561589,,,,,,,,,0.553976,,,,,,,,unchecked: No available engine supports all the problem features:,,,,,,80,,,,,
elevators-sat08-strips,p15.pddl,abs-asp,timed out,1800.1199511289597,abstract_asp,,0.46650396287441254,0.0034688226878643036,,1.6816341131925583,0.03608021140098572,0.04669664055109024,0.5027029402554035,0.2590722106397152,,0.18559059873223305,0.033926982432603836,,,,,,,7,0,,,19,,20,,5,count,
elevators-sat08-strips,p15.pddl,abs-fd,timed out,1800.1799166928977,abstract_fd_search,,0.4713950790464878,0.0035005714744329453,,1.6768157836049795,0.03538484498858452,0.04661138728260994,0.4743868187069893,0.2613054160028696,,0.18268688395619392,,,0.10683455131947994,,,,,7,0,52,0,54,,,53,5,count,
elevators-sat08-strips,p15.pddl,asp,timed out,1800.1270204558969,concrete_asp,,,,,,,,0.40232231840491295,,,0.16126707941293716,,,,,,,,,,,,,,,24,,,
elevators-sat08-strips,p15.pddl,fd,success,4.463007980957627,total,0.758742,,,,,,,,,0.749579,,,,,,,,unchecked: No available engine supports all the problem features:,,,,,,107,,,,,
elevators-sat08-strips,p16.pddl,abs-asp,timed out,1800.11921466887,abstract_asp,,0.4739718325436115,0.003870256245136261,,1.991884246468544,0.03617009148001671,0.053584080189466476,0.5248638913035393,0.26285915076732635,,0.20861173421144485,0.03755820170044899,,,,,,,7,0,,,19,,20,,5,count,
elevators-sat08-strips,p16.pddl,abs-fd,timed out,1800.2031974755228,abstract_fd_search,,0.45548228546977043,0.003911882638931274,,1.9309016354382038,0.0360175259411335,0.05385102704167366,0.4804968200623989,0.2613868676126003,,0.20597891882061958,,,0.10756728425621986,,,,,7,0,0,0,53,,,1,5,count,
elevators-sat08-strips,p16.pddl,asp,timed out,1800.0365011133254,concrete_asp,,,,,,,,0.42610110715031624,,,0.18154315277934074,,,,,,,,,,,,,,,23,,,
elevators-sat08-strips,p16.pddl,fd,success,2.940740991383791,total,0.645494,,,,,,,,,0.639213,,,,,,,,unchecked: No available engine supports all the problem features:,,,,,,83,,,,,
elevators-sat08-strips,p17.pddl,abs-asp,timed out,1800.122372508049,abstract_asp,,0.4587526246905327,0.0037271082401275635,,2.3155555687844753,0.03655922785401344,0.05600545555353165,0.5125735104084015,0.27295301482081413,,0.22458697482943535,0.04579068720340729,,,,,,,7,0,,,19,,20,,5,count,
elevators-sat08-strips,p17.pddl,abs-fd,timed out,1800.1971864141524,abstract_fd_search,,0.4730204604566097,0.0037565231323242188,,2.4284267127513885,0.036927588284015656,0.05661856383085251,0.531218595802784,0.2737845741212368,,0.22695696726441383,,,0.11432407051324844,,,,,7,0,2,0,64,,,3,5,count,
elevators-sat08-strips,p17.pddl,asp,timed out,1800.1302069611847,concrete_asp,,,,,,,,0.5320870205760002,,,0.21623863652348518,,,,,,,,,,,,,,,24,,,
elevators-sat08-strips,p17.pddl,fd,success,3.0737216901034117,total,0.759395,,,,,,,,,0.75313,,,,,,,,unchecked: No available engine supports all the problem features:,,,,,,105,,,,,
elevators-sat08-strips,p18.pddl,abs-asp,timed out,1800.0911057963967,abstract_asp,,0.4646919444203377,0.0038120225071907043,,2.8827166222035885,0.036939192563295364,0.058161597698926926,0.548133697360754,0.2804378420114517,,0.24919366464018822,0.04398144409060478,,,,,,,7,0,,,20,,21,,5,count,
elevators-sat08-strips,p18.pddl,abs-fd,timed out,1800.2378087881953,abstract_fd_search,,0.46301494166255,0.003768414258956909,,2.8797136042267084,0.0374162495136261,0.05728056840598583,0.5461292862892151,0.2860399689525366,,0.24938842095434666,,,0.11585680767893791,,,,,7,0,0,0,69,,,1,5,count,
elevators-sat08-strips,p18.pddl,asp,timed out,1800.1231820434332,concrete_asp,,,,,,,,0.5316334944218397,,,0.23269846756011248,,,,,,,,,,,,,,,24,,,
elevators-sat08-strips,p18.pddl,fd,success,3.1378678791224957,total,0.832282,,,,,,,,,0.824327,,,,,,,,unchecked: No available engine supports all the problem features:,,,,,,118,,,,,
elevators-sat08-strips,p19.pddl,abs-asp,timed out,1800.1224203947932,abstract_asp,,0.4685406759381294,0.009665679186582565,,3.3253032099455595,0.03809846006333828,0.053564468398690224,0.6184296365827322,0.2895129434764385,,0.2713422067463398,0.051642730832099915,,,,,,,7,0,,,20,,21,,5,count,
elevators-sat08-strips,p19.pddl,abs-fd,timed out,1800.2790331244469,abstract_fd_search,,0.4662884324789047,0.009773142635822296,,3.2974988035857677,0.03745364025235176,0.053957145661115646,0.5727111250162125,0.29007816314697266,,0.26817987114191055,,,0.12477735057473183,,,,,7,0,82,0,82,,,83,5,count,
elevators-sat08-strips,p19.pddl,asp,timed out,1800.1266378127038,concrete_asp,,,,,,,,0.5665275380015373,,,0.25384610891342163,,,,,,,,,,,,,,,24,,,
elevators-sat08-strips,p19.pddl,fd,success,2.8578207083046436,total,0.910507,,,,,,,,,0.907113,,,,,,,,unchecked: No available engine supports all the problem features:,,,,,,136,,,,,
elevators-sat08-strips,p20.pddl,abs-asp,timed out,1800.054446477443,abstract_asp,,0.46550125628709793,0.004042923450469971,,3.862670697271824,0.03775736689567566,0.056033894419670105,0.5994781255722046,0.2968541383743286,,0.2924904115498066,0.04757910594344139,,,,,,,7,0,,,18,,19,,5,count,
elevators-sat08-strips,p20.pddl,abs-fd,timed out,1800.1386708244681,abstract_fd_search,,0.4923623129725456,0.0043428801000118256,,4.129894707351923,0.03875455632805824,0.056108035147190094,0.688505508005619,0.31214936450123787,,0.29507675394415855,,,0.13843229413032532,,,,,7,0,0,0,65,,,1,5,count,
elevators-sat08-strips,p20.pddl,asp,timed out,1800.1637832038105,concrete_asp,,,,,,,,0.6048847325146198,,,0.28025707975029945,,,,,,,,,,,,,,,24,,,
elevators-sat08-strips,p20.pddl,fd,success,3.004854239523411,total,0.853574,,,,,,,,,0.849765,,,,,,,,unchecked: No available engine supports all the problem features:,,,,,,110,,,,,
elevators-sat08-strips,p21.pddl,abs-asp,timed out,1800.1204153615981,abstract_asp,,0.6395381186157465,0.0040426962077617645,,3.108720237389207,0.07280005887150764,0.06881563924252987,0.6122579947113991,0.2774911317974329,,0.2773513812571764,0.044493308290839195,,,,,,,7,0,,,21,,22,,7,count,
elevators-sat08-strips,p21.pddl,abs-fd,success,31.047121208161116,total,28.378929,0.617639,0.004005,,3.041106,0.072051,0.069584,0.591177,0.276085,,0.278425,,,0.111984,22.953878,,,unchecked: No available engine supports all the problem features:,7,0,0,0,59,118,,1,7,count,
elevators-sat08-strips,p21.pddl,asp,timed out,1800.119115523994,concrete_asp,,,,,,,,0.6589351147413254,,,0.2610238082706928,,,,,,,,,,,,,,,24,,,
elevators-sat08-strips,p21.pddl,fd,success,4.258270867168903,total,0.842762,,,,,,,,,0.836745,,,,,,,,unchecked: No available engine supports all the problem features:,,,,,,82,,,,,
elevators-sat08-strips,p22.pddl,abs-asp,timed out,1800.1233482435346,abstract_asp,,0.6428435295820236,0.004125133156776428,,4.554435025900602,0.07209509611129761,0.07168387621641159,0.8012204021215439,0.29740117490291595,,0.34874725341796875,0.05053529888391495,,,,,,,7,0,,,20,,21,,7,count,
elevators-sat08-strips,p22.pddl,abs-fd,timed out,1800.2082350440323,abstract_fd_search,,0.6388532333076,0.004074305295944214,,4.581951819360256,0.07199177891016006,0.07126033678650856,0.8009207062423229,0.2951050251722336,,0.35078902542591095,,,0.11557074263691902,,,,,7,0,60,0,60,,,61,7,count,
elevators-sat08-strips,p22.pddl,asp,timed out,1800.1248355675489,concrete_asp,,,,,,,,0.73284493945539,,,0.32500825449824333,,,,,,,,,,,,,,,22,,,
elevators-sat08-strips,p22.pddl,fd,success,8.948476543650031,total,1.03085,,,,,,,,,1.02741,,,,,,,,unchecked: No available engine supports all the problem features:,,,,,,96,,,,,
elevators-sat08-strips,p23.pddl,abs-asp,timed out,1800.1283627301455,abstract_asp,,0.6706221364438534,0.004270259290933609,,6.642697747796774,0.0736628994345665,0.07596045359969139,0.9387020096182823,0.3292946480214596,,0.4148312844336033,0.05919477716088295,,,,,,,7,0,,,20,,21,,7,count,
elevators-sat08-strips,p23.pddl,abs-fd,timed out,1800.2548284381628,abstract_fd_search,,0.5852309130132198,0.003802519291639328,,6.223803855478764,0.07209639251232147,0.07501757144927979,0.7702189832925797,0.2636256404221058,,0.38170382380485535,,,0.10571442544460297,,,,,7,0,72,0,72,,,73,7,count,
elevators-sat08-strips,p23.pddl,asp,timed out,1800.136074556969,concrete_asp,,,,,,,,0.756178105250001,,,0.36024169996380806,,,,,,,,,,,,,,,24,,,
elevators-sat08-strips,p23.pddl,fd,success,4.039636716246605,total,1.313258,,,,,,,,,1.307497,,,,,,,,unchecked: No available engine supports all the problem features:,,,,,,107,,,,,
elevators-sat08-strips,p24.pddl,abs-asp,timed out,1800.1235627271235,abstract_asp,,0.6515380777418613,0.0040948837995529175,,8.763070188462734,0.07359743118286133,0.07758675143122673,0.9067923910915852,0.33141322433948517,,0.4815446175634861,0.07114716619253159,,,,,,,7,0,,,19,,20,,7,count,
elevators-sat08-strips,p24.pddl,abs-fd,timed out,1800.3062499538064,abstract_fd_search,,0.65261110663414,0.0043063685297966,,8.82710000872612,0.07320140302181244,0.0784393697977066,0.947012685239315,0.3424813188612461,,0.48395268619060516,,,0.1406170316040516,,,,,7,0,87,0,87,,,88,7,count,
elevators-sat08-strips,p24.pddl,asp,timed out,1800.1324199214578,concrete_asp,,,,,,,,0.8973237201571465,,,0.45220737904310226,,,,,,,,,,,,,,,23,,,
elevators-sat08-strips,p24.pddl,fd,success,4.446335647255182,total,1.917304,,,,,,,,,1.910851,,,,,,,,unchecked: No available engine supports all the problem features:,,,,,,146,,,,,
elevators-sat08-strips,p25.pddl,abs-asp,timed out,1800.125437244773,abstract_asp,,0.6249677687883377,0.00423281267285347,,11.705595683306456,0.07560967281460762,0.08504194021224976,0.981466643512249,0.34173857420682907,,0.544782966375351,0.0715598352253437,,,,,,,7,0,,,20,,21,,7,count,
elevators-sat08-strips,p25.pddl,abs-fd,timed out,1800.34987898916,abstract_fd_search,,0.6252568401396275,0.004167936742305756,,11.708286356180906,0.0744466558098793,0.08554430305957794,1.0072518289089203,0.3403642848134041,,0.5430021807551384,,,0.14019498974084854,,,,,7,0,91,0,93,,,92,7,count,
elevators-sat08-strips,p25.pddl,asp,timed out,1800.132327903062,concrete_asp,,,,,,,,0.97400042694062,,,0.49595819413661957,,,,,,,,,,,,,,,24,,,
elevators-sat08-strips,p25.pddl,fd,success,4.247727107256651,total,2.138631,,,,,,,,,2.134554,,,,,,,,unchecked: No available engine supports all the problem features:,,,,,,173,,,,,
elevators-sat08-strips,p26.pddl,abs-asp,timed out,1800.131345845759,abstract_asp,,0.6058546900749207,0.004275456070899963,,15.018296882510185,0.07518402487039566,0.08953166380524635,1.1110999397933483,0.33634475991129875,,0.5847118198871613,0.08158997446298599,,,,,,,7,0,,,20,,21,,7,count,
elevators-sat08-strips,p26.pddl,abs-fd,timed out,1800.3875657767057,abstract_fd_search,,0.5770577061921358,0.004314126446843147,,14.866226935759187,0.07362465932965279,0.08883917704224586,1.0509946830570698,0.3112778961658478,,0.5694102421402931,,,0.13548951596021652,,,,,7,0,103,0,103,,,104,7,count,
elevators-sat08-strips,p26.pddl,asp,timed out,1800.0484591163695,concrete_asp,,,,,,,,1.2007560804486275,,,0.5797402746975422,,,,,,,,,,,,,,,23,,,
elevators-sat08-strips,p26.pddl,fd,success,6.3671665340662,total,2.364764,,,,,,,,,2.356408,,,,,,,,unchecked: No available engine supports all the problem features:,,,,,,149,,,,,
elevators-sat08-strips,p27.pddl,abs-asp,timed out,1800.1334314383566,abstract_asp,,0.6787090227007866,0.004737306386232376,,19.541838701814413,0.07529082149267197,0.09626052528619766,1.3489828146994114,0.4034564718604088,,0.683912880718708,0.09367617592215538,,,,,,,7,0,,,20,,21,,7,count,
elevators-sat08-strips,p27.pddl,abs-fd,timed out,1800.5061117745936,abstract_fd_search,,0.5907456800341606,0.004302777349948883,,18.91774094104767,0.0747000202536583,0.08863818645477295,1.1586141549050808,0.32994743064045906,,0.6349928379058838,,,0.14833800494670868,,,,,7,0,82,0,119,,,83,7,count,
elevators-sat08-strips,p27.pddl,asp,timed out,1800.1406943257898,concrete_asp,,,,,,,,1.2218685625120997,,,0.6200380530208349,,,,,,,,,,,,,,,24,,,
elevators-sat08-strips,p27.pddl,fd,success,5.5321718864142895,total,2.944521,,,,,,,,,2.936055,,,,,,,,unchecked: No available engine supports all the problem features:,,,,,,186,,,,,
elevators-sat08-strips,p28.pddl,abs-asp,timed out,1800.135467223823,abstract_asp,,0.6809470318257809,0.005567636340856552,,24.236060347408056,0.07709075510501862,0.1039024069905281,1.3836428187787533,0.4195881262421608,,0.7587301135063171,0.1043928861618042,,,,,,,7,0,,,19,,20,,7,count,
elevators-sat08-strips,p28.pddl,abs-fd,timed out,1800.5915830768645,abstract_fd_search,,0.5887252613902092,0.004520036280155182,,23.42472690716386,0.07607993856072426,0.11063677817583084,1.2150581367313862,0.3441232480108738,,0.7070400603115559,,,0.15949337929487228,,,,,7,0,0,0,119,,,1,7,count,
elevators-sat08-strips,p28.pddl,asp,timed out,1800.147241268307,concrete_asp,,,,,,,,1.4113978259265423,,,0.7060541994869709,,,,,,,,,,,,,,,23,,,
elevators-sat08-strips,p28.pddl,fd,success,7.474226791411638,total,3.459995,,,,,,,,,3.451762,,,,,,,,unchecked: No available engine supports all the problem features:,,,,,,188,,,,,
elevators-sat08-strips,p29.pddl,abs-asp,timed out,1800.1264362055808,abstract_asp,,0.6563364565372467,0.004819968715310097,,29.546502923592925,0.07832829654216766,0.09470731392502785,1.4363668579608202,0.41213207319378853,,0.8172979895025492,0.10661756433546543,,,,,,,7,0,,,20,,21,,7,count,
elevators-sat08-strips,p29.pddl,abs-fd,timed out,1800.6216348744929,abstract_fd_search,,0.5921094156801701,0.004651933908462524,,28.798524394631386,0.07692743465304375,0.09126678854227066,1.3050367645919323,0.36004188284277916,,0.7593972012400627,,,0.16588232293725014,,,,,7,0,3,0,130,,,4,7,count,
elevators-sat08-strips,p29.pddl,asp,timed out,1800.1570419222116,concrete_asp,,,,,,,,1.467949751764536,,,0.7608398050069809,,,,,,,,,,,,,,,24,,,
elevators-sat08-strips,p29.pddl,fd,success,7.685349099338055,total,4.742949,,,,,,,,,4.734189,,,,,,,,unchecked: No available engine supports all the problem features:,,,,,,203,,,,,
elevators-sat08-strips,p30.pddl,abs-asp,timed out,1800.1236769147217,abstract_asp,,0.6764204539358616,0.00515766441822052,,36.73861623927951,0.07759677991271019,0.0975768081843853,1.5310985893011093,0.43404657766222954,,0.902938611805439,0.11602418124675751,,,,,,,7,0,,,20,,21,,7,count,
elevators-sat08-strips,p30.pddl,abs-fd,timed out,1800.5845964960754,abstract_fd_search,,0.6473125293850899,0.005065906792879105,,36.51182890497148,0.0773126371204853,0.09639823064208031,1.5255372785031796,0.4337762352079153,,0.8805481605231762,,,0.20085211656987667,,,,,7,0,135,0,135,,,136,7,count,
elevators-sat08-strips,p30.pddl,asp,timed out,1800.1458354331553,concrete_asp,,,,,,,,1.6529348408803344,,,0.836586719378829,,,,,,,,,,,,,,,23,,,
elevators-sat08-strips,p30.pddl,fd,success,6.310004971921444,total,3.731428,,,,,,,,,3.724009,,,,,,,,unchecked: No available engine supports all the problem features:,,,,,,207,,,,,
elevators-sat11-strips,p01.pddl,abs-asp,timed out,1800.1205258183181,abstract_asp,,0.4660383313894272,0.0034617744386196136,,1.3695214577019215,0.03510035574436188,0.04535101354122162,0.47062352299690247,0.24956811219453812,,0.1652316004037857,0.03178485482931137,,,,,,,7,0,,,22,,23,,5,count,
elevators-sat11-strips,p01.pddl,abs-fd,timed out,1800.1828896589577,abstract_fd_search,,0.44909557327628136,0.003448009490966797,,1.3251780942082405,0.03532709926366806,0.045537836849689484,0.41604720801115036,0.24714504182338715,,0.15941502153873444,,,0.1017979308962822,,,,,7,0,3,0,50,,,4,5,count,
elevators-sat11-strips,p01.pddl,asp,timed out,1800.041642954573,concrete_asp,,,,,,,,0.50324487965554,,,0.15648427698761225,,,,,,,,,,,,,,,24,,,
elevators-sat11-strips,p01.pddl,fd,success,3.863232132047415,total,0.597331,,,,,,,,,0.59122,,,,,,,,unchecked: No available engine supports all the problem features:,,,,,,80,,,,,
elevators-sat11-strips,p02.pddl,abs-asp,timed out,1800.1229491978884,abstract_asp,,0.6338657978922129,0.004091957584023476,,8.804519657045603,0.0736375842243433,0.0779221709817648,0.9379462730139494,0.32588951848447323,,0.48353015445172787,0.07159674912691116,,,,,,,7,0,,,19,,20,,7,count,
elevators-sat11-strips,p02.pddl,abs-fd,timed out,1800.3851670324802,abstract_fd_search,,0.7141392175108194,0.004320560023188591,,8.869875421747565,0.07430596649646759,0.07902046106755733,0.9281669892370701,0.3472839016467333,,0.4814120139926672,,,0.1456852164119482,,,,,7,0,87,0,87,,,88,7,count,
elevators-sat11-strips,p02.pddl,asp,timed out,1800.1506081223488,concrete_asp,,,,,,,,1.003419890999794,,,0.4539712890982628,,,,,,,,,,,,,,,23,,,
elevators-sat11-strips,p02.pddl,fd,success,5.264362942427397,total,2.024829,,,,,,,,,2.017768,,,,,,,,unchecked: No available engine supports all the problem features:,,,,,,146,,,,,
elevators-sat11-strips,p03.pddl,abs-asp,timed out,1800.0313737243414,abstract_asp,,0.6493210643529892,0.00441766157746315,,15.297186236828566,0.07523562386631966,0.09048911556601524,1.2359371408820152,0.35980047658085823,,0.6130085401237011,0.08573587611317635,,,,,,,7,0,,,20,,21,,7,count,
elevators-sat11-strips,p03.pddl,abs-fd,timed out,1800.3960269540548,abstract_fd_search,,0.5825658030807972,0.004266068339347839,,14.912093423306942,0.07478481531143188,0.08747454732656479,1.0700472444295883,0.31135471910238266,,0.5732215717434883,,,0.13441075757145882,,,,,7,0,103,0,103,,,104,7,count,
elevators-sat11-strips,p03.pddl,asp,timed out,1800.1390690915287,concrete_asp,,,,,,,,1.2144858129322529,,,0.576197262853384,,,,,,,,,,,,,,,24,,,
elevators-sat11-strips,p03.pddl,fd,success,5.312055751681328,total,2.320769,,,,,,,,,2.311896,,,,,,,,unchecked: No available engine supports all the problem features:,,,,,,149,,,,,
elevators-sat11-strips,p04.pddl,abs-asp,timed out,1800.1224712207913,abstract_asp,,0.46486392617225647,0.004085056483745575,,3.8590562902390957,0.03795536234974861,0.05583524703979492,0.6214215829968452,0.2953394465148449,,0.29515577480196953,0.047848060727119446,,,,,,,7,0,,,18,,19,,5,count,
elevators-sat11-strips,p04.pddl,abs-fd,timed out,1800.2241572886705,abstract_fd_search,,0.47255755215883255,0.003997091203927994,,3.916571695357561,0.03831968083977699,0.0555325485765934,0.6454253531992435,0.29926522821187973,,0.29383590817451477,,,0.11102479696273804,,,,,7,0,0,0,65,,,1,5,count,
elevators-sat11-strips,p04.pddl,asp,timed out,1800.13747324422,concrete_asp,,,,,,,,0.6464754566550255,,,0.2791331969201565,,,,,,,,,,,,,,,24,,,
elevators-sat11-strips,p04.pddl,fd,success,3.2312242090702057,total,0.900003,,,,,,,,,0.893457,,,,,,,,unchecked: No available engine supports all the problem features:,,,,,,110,,,,,
elevators-sat11-strips,p05.pddl,abs-asp,timed out,1800.1202576123178,abstract_asp,,0.45639269798994064,0.0038092732429504395,,2.8691610544919968,0.05782059580087662,0.05897459387779236,0.538090780377388,0.27528756856918335,,0.25898225978016853,0.04421381279826164,,,,,,,7,0,,,20,,21,,5,count,
elevators-sat11-strips,p05.pddl,abs-fd,timed out,1800.2478507049382,abstract_fd_search,,0.46119455993175507,0.0038215182721614838,,2.879141565412283,0.03738854452967644,0.05772309750318527,0.5806243941187859,0.27860093116760254,,0.2503138594329357,,,0.11520547047257423,,,,,7,0,0,0,69,,,1,5,count,
elevators-sat11-strips,p05.pddl,asp,timed out,1800.126375041902,concrete_asp,,,,,,,,0.5744648491963744,,,0.2343134954571724,,,,,,,,,,,,,,,24,,,
elevators-sat11-strips,p05.pddl,fd,success,3.7027763053774834,total,0.843175,,,,,,,,,0.837129,,,,,,,,unchecked: No available engine supports all the problem features:,,,,,,118,,,,,
elevators-sat11-strips,p06.pddl,abs-asp,timed out,1800.127005720511,abstract_asp,,0.6293596383184195,0.004479145631194115,,19.250781754031777,0.0756327360868454,0.09348881058394909,1.2856507692486048,0.3751730602234602,,0.672681163996458,0.09179286658763885,,,,,,,7,0,,,21,,22,,7,count,
elevators-sat11-strips,p06.pddl,abs-fd,timed out,1800.446978636086,abstract_fd_search,,0.6557952165603638,0.004586871713399887,,19.28779835253954,0.07520325109362602,0.09588318690657616,1.275429118424654,0.3817414790391922,,0.6762634813785553,,,0.16824554651975632,,,,,7,0,82,0,119,,,83,7,count,
elevators-sat11-strips,p06.pddl,asp,timed out,1800.1384318796918,concrete_asp,,,,,,,,1.3158593317493796,,,0.6457342719659209,,,,,,,,,,,,,,,24,,,
elevators-sat11-strips,p06.pddl,fd,success,11.05051103234291,total,2.900513,,,,,,,,,2.890261,,,,,,,,unchecked: No available engine supports all the problem features:,,,,,,186,,,,,
elevators-sat11-strips,p07.pddl,abs-asp,timed out,1800.1251261793077,abstract_asp,,0.6312688887119293,0.004276886582374573,,11.815386611968279,0.07442355901002884,0.08521301299333572,1.003734029829502,0.34326034411787987,,0.5510598085820675,0.07145843282341957,,,,,,,7,0,,,20,,21,,7,count,
elevators-sat11-strips,p07.pddl,abs-fd,timed out,1800.3482040204108,abstract_fd_search,,0.6300470791757107,0.004233013838529587,,11.770821876823902,0.07366666570305824,0.08018304035067558,1.000600203871727,0.34521351754665375,,0.5443570427596569,,,0.1398407369852066,,,,,7,0,91,0,93,,,92,7,count,
elevators-sat11-strips,p07.pddl,asp,timed out,1800.1379795307294,concrete_asp,,,,,,,,1.027028737589717,,,0.5153747778385878,,,,,,,,,,,,,,,24,,,
elevators-sat11-strips,p07.pddl,fd,success,5.614614252001047,total,2.319171,,,,,,,,,2.311254,,,,,,,,unchecked: No available engine supports all the problem features:,,,,,,173,,,,,
elevators-sat11-strips,p08.pddl,abs-asp,timed out,1800.1271742135286,abstract_asp,,0.634090967476368,0.004598177969455719,,23.968723714351654,0.07585480064153671,0.09530574083328247,1.3464460484683514,0.41423504799604416,,0.7480150908231735,0.10398779809474945,,,,,,,7,0,,,19,,20,,7,count,
elevators-sat11-strips,p08.pddl,abs-fd,timed out,1800.581173878163,abstract_fd_search,,0.6579952426254749,0.004760116338729858,,23.956551749259233,0.07582978531718254,0.09752291440963745,1.3926270864903927,0.40104926005005836,,0.7537627927958965,,,0.18213645368814468,,,,,7,0,0,0,119,,,1,7,count,
elevators-sat11-strips,p08.pddl,asp,timed out,1800.1438334397972,concrete_asp,,,,,,,,1.3408244103193283,,,0.6927517578005791,,,,,,,,,,,,,,,23,,,
elevators-sat11-strips,p08.pddl,fd,success,6.686998073011637,total,3.507589,,,,,,,,,3.499754,,,,,,,,unchecked: No available engine supports all the problem features:,,,,,,188,,,,,
elevators-sat11-strips,p09.pddl,abs-asp,timed out,1800.1273763496429,abstract_asp,,0.6609440539032221,0.004856398329138756,,29.641743555665016,0.07720453105866909,0.09388832189142704,1.4926896132528782,0.4111003428697586,,0.815082274377346,0.10610977187752724,,,,,,,7,0,,,20,,21,,7,count,
elevators-sat11-strips,p09.pddl,abs-fd,timed out,1800.5311554707587,abstract_fd_search,,0.6387158259749413,0.004786394536495209,,29.46477970480919,0.07881852984428406,0.09458961337804794,1.4131553545594215,0.4066741541028023,,0.8113025538623333,,,0.1802944503724575,,,,,7,0,3,0,130,,,4,7,count,
elevators-sat11-strips,p09.pddl,asp,timed out,1800.150663740933,concrete_asp,,,,,,,,1.469773955643177,,,0.762242030352354,,,,,,,,,,,,,,,24,,,
elevators-sat11-strips,p09.pddl,fd,success,7.217931501567364,total,4.376216,,,,,,,,,4.368086,,,,,,,,unchecked: No available engine supports all the problem features:,,,,,,203,,,,,
elevators-sat11-strips,p10.pddl,abs-asp,timed out,1800.129059676081,abstract_asp,,0.6621415130794048,0.0049991123378276825,,36.577396746724844,0.07721634954214096,0.09555047005414963,1.5805975906550884,0.4288146644830704,,0.8878729678690434,0.11539268493652344,,,,,,,7,0,,,20,,21,,7,count,
elevators-sat11-strips,p10.pddl,abs-fd,timed out,1800.763170775026,abstract_fd_search,,0.6055715903639793,0.0050911493599414825,,35.95201105065644,0.07781238295137882,0.09673058986663818,1.430716933682561,0.4027642849832773,,0.8267039060592651,,,0.19236529432237148,,,,,7,0,135,0,135,,,136,7,count,
elevators-sat11-strips,p10.pddl,asp,timed out,1800.1036573275924,concrete_asp,,,,,,,,1.521946758031845,,,0.8266137465834618,,,,,,,,,,,,,,,23,,,
elevators-sat11-strips,p10.pddl,fd,success,6.30101927742362,total,3.714081,,,,,,,,,3.705901,,,,,,,,unchecked: No available engine supports all the problem features:,,,,,,207,,,,,
elevators-sat11-strips,p11.pddl,abs-asp,timed out,1800.1390005666763,abstract_asp,,0.6879194416105747,0.005085337907075882,,113.85706432908773,0.08505275845527649,0.10520750842988491,2.748239304870367,0.5500049535185099,,1.5483795683830976,0.16600147634744644,,,,,,,7,0,,,19,,20,,7,count,
elevators-sat11-strips,p11.pddl,abs-fd,interrupted,344.97968492284417,abstract_fd_search,,0.674836091697216,0.00518464669585228,,113.55513775721192,0.08610331639647484,0.1056186854839325,2.7915155701339245,0.5460890159010887,,1.5166965164244175,,,0.22443417459726334,,,,,7,0,0,0,140,,,1,7,count,
elevators-sat11-strips,p11.pddl,asp,timed out,1800.1672531962395,concrete_asp,,,,,,,,2.66889451444149,,,1.432880561798811,,,,,,,,,,,,,,,23,,,
elevators-sat11-strips,p11.pddl,fd,success,18.288733936846256,total,15.67797,,,,,,,,,15.668652,,,,,,,,unchecked: No available engine supports all the problem features:,,,,,,254,,,,,
elevators-sat11-strips,p12.pddl,abs-asp,timed out,1800.129763763398,abstract_asp,,0.6878040246665478,0.005249198526144028,,135.94765817001462,0.08555164188146591,0.11412113904953003,3.0749492458999157,0.5679037906229496,,1.6521799936890602,0.17987456172704697,,,,,,,7,0,,,18,,19,,7,count,
elevators-sat11-strips,p12.pddl,abs-fd,interrupted,334.9610629864037,abstract_fd_search,,0.665617473423481,0.005375772714614868,,135.72500735893846,0.0857059471309185,0.11523453146219254,3.126774914562702,0.5746288113296032,,1.6580729968845844,,,0.23718175292015076,,,,,7,0,0,0,142,,,0,7,count,
elevators-sat11-strips,p12.pddl,asp,timed out,1800.1678696274757,concrete_asp,,,,,,,,3.0535015128552914,,,1.5555554702877998,,,,,,,,,,,,,,,22,,,
elevators-sat11-strips,p12.pddl,fd,success,16.21802543103695,total,13.621458,,,,,,,,,13.614736,,,,,,,,unchecked: No available engine supports all the problem features:,,,,,,253,,,,,
elevators-sat11-strips,p13.pddl,abs-asp,timed out,1800.132425505668,abstract_asp,,0.6720559932291508,0.005464337766170502,,160.72865411266685,0.08678964525461197,0.12095705792307854,3.334067963063717,0.600816648453474,,1.7825039774179459,0.18930618092417717,,,,,,,7,0,,,19,,20,,7,count,
elevators-sat11-strips,p13.pddl,abs-fd,interrupted,356.2584653608501,abstract_fd_search,,0.6829108111560345,0.005364011973142624,,160.9164720326662,0.08724185079336166,0.1181836649775505,3.12983513250947,0.5843847095966339,,1.7488457225263119,,,0.23642392456531525,,,,,7,0,0,0,156,,,0,7,count,
elevators-sat11-strips,p13.pddl,asp,timed out,1800.1730573624372,concrete_asp,,,,,,,,3.243513472378254,,,1.6512757278978825,,,,,,,,,,,,,,,23,,,
elevators-sat11-strips,p13.pddl,fd,success,22.4871057709679,total,19.885817,,,,,,,,,19.878554,,,,,,,,unchecked: No available engine supports all the problem features:,,,,,,301,,,,,
elevators-sat11-strips,p16.pddl,abs-asp,timed out,1800.1429474577308,abstract_asp,,1.2439615987241268,0.011307109147310257,,160.8133198209107,0.175968986004591,0.22177325189113617,3.3456625752151012,0.7711566127836704,,1.8275950513780117,0.26263516023755074,,,,,,,7,0,,,20,,21,,7,count,
elevators-sat11-strips,p16.pddl,abs-fd,interrupted,364.4581426307559,abstract_fd_search,,1.2489077039062977,0.011317525058984756,,160.72502898424864,0.17455121129751205,0.2202909253537655,3.36144045740366,0.7638703398406506,,1.8404583893716335,,,0.3664827272295952,,,,,7,0,0,0,177,,,0,7,count,
elevators-sat11-strips,p16.pddl,asp,timed out,1800.1715740393847,concrete_asp,,,,,,,,3.358990402892232,,,1.7157694371417165,,,,,,,,,,,,,,,22,,,
elevators-sat11-strips,p16.pddl,fd,success,23.26447320729494,total,19.917658,,,,,,,,,19.907738,,,,,,,,unchecked: No available engine supports all the problem features:,,,,,,261,,,,,
freecell,p01.pddl,abs-asp,success,5.518643379211426,total,2.02257,0.331452,0.004337,,0.406636,0.022803,0.062151,0.32523,0.219467,,0.045527,0.012859,0.102443,,0.40423,,,valid,18,0,5,0,5,11,6,6,5,object,
freecell,p01.pddl,abs-fd,success,5.249738976359367,total,2.216113,0.320925,0.004234,,0.394511,0.022959,0.060531,0.308031,0.214669,,0.045396,,,0.087977,0.690235,,,valid,18,0,5,0,5,11,,6,5,object,
freecell,p01.pddl,asp,success,6.445159003138542,total,4.073286,,,,,,,0.27727,,,0.041824,,,,3.731984,,,valid,,,,,,8,,9,,,
freecell,p01.pddl,fd,success,2.792090144008398,total,0.302537,,,,,,,,,0.295544,,,,,,,,valid,,,,,,8,,,,,
freecell,p02.pddl,abs-asp,success,161.3253269083798,total,159.583557,0.282918,0.004195,,0.541031,0.027376,0.084032,0.291948,0.194654,,0.085749,0.021042,0.319107,,157.674172,,,valid,18,0,6,1,6,14,7,8,6,object,
freecell,p02.pddl,abs-fd,success,126.90253920480609,total,124.788869,0.317322,0.004276,,0.604318,0.027574,0.087698,0.332418,0.231865,,0.093019,,,0.09319,122.911933,,,valid,18,0,6,1,6,14,,8,6,object,
freecell,p02.pddl,asp,success,54.291515309363604,total,51.310759,,,,,,,0.373679,,,0.088781,,,,50.807045,,,valid,,,,,,14,,15,,,
freecell,p02.pddl,fd,success,2.549466338008642,total,0.380497,,,,,,,,,0.372117,,,,,,,,valid,,,,,,15,,,,,
freecell,p03.pddl,abs-asp,success,20.123102840036154,total,18.045486,0.423218,0.004329,,0.808573,0.031106,0.112091,0.387936,0.260184,,0.126478,0.036005,8.273931,,7.458069,,,valid,18,0,11,0,11,23,12,12,6,object,
freecell,p03.pddl,abs-fd,success,48.391817446798086,total,46.242285,0.334688,0.004275,,0.808405,0.031158,0.110329,0.386103,0.262944,,0.126433,,,0.094448,43.968056,,,valid,18,0,11,0,11,23,,12,6,object,
freecell,p03.pddl,asp,success,399.2379790674895,total,396.390833,,,,,,,0.407939,,,0.118681,,,,395.792535,,,valid,,,,,,18,,19,,,
freecell,p03.pddl,fd,success,2.6863826904445887,total,0.44455,,,,,,,,,0.436152,,,,,,,,valid,,,,,,18,,,,,
freecell,p04.pddl,abs-asp,timed out,1800.1267247796059,abstract_solving,,0.3597155995666981,0.004340432584285736,,1.1307976432144642,0.03574255853891373,0.1322379671037197,0.48431598395109177,0.2928667478263378,,0.16191702708601952,0.05106709152460098,2.7861500456929207,,,,,,18,0,9,4,9,,10,14,6,object,
freecell,p04.pddl,abs-fd,timed out,1800.1282591503114,abstract_fd_search,,0.36035738699138165,0.004379019141197205,,1.15998369269073,0.035181980580091476,0.13402001187205315,0.5037031937390566,0.29727208986878395,,0.16239818930625916,,,0.09717830456793308,,,,,18,0,9,3,9,,,13,6,object,
freecell,p04.pddl,asp,timed out,1800.1234381096438,concrete_asp,,,,,,,,0.4401133256033063,,,0.15258577652275562,,,,,,,,,,,,,,,24,,,
freecell,p04.pddl,fd,success,2.7258772514760494,total,0.509734,,,,,,,,,0.500277,,,,,,,,valid,,,,,,34,,,,,
freecell,p05.pddl,abs-asp,timed out,1800.1354316361248,abstract_solving,,0.35419120639562607,0.004761487245559692,,2.116453055292368,0.04111666604876518,0.17108072340488434,0.579963430762291,0.334969237446785,,0.2552327327430248,0.07128129154443741,0.7054848708212376,,,,,,18,0,7,9,7,,8,17,7,object,
freecell,p05.pddl,abs-fd,timed out,1800.139866784215,abstract_fd_search,,0.3713781610131264,0.004702717065811157,,2.11711585521698,0.041329000145196915,0.17447492480278015,0.5824964679777622,0.33174722641706467,,0.2550743892788887,,,0.10076097026467323,,,,,18,0,7,9,7,,,17,7,object,
freecell,p05.pddl,asp,timed out,1800.1341434046626,concrete_asp,,,,,,,,0.5777899287641048,,,0.23786212131381035,,,,,,,,,,,,,,,26,,,
freecell,p05.pddl,fd,success,2.9522446990013123,total,0.67742,,,,,,,,,0.669631,,,,,,,,valid,,,,,,33,,,,,
freecell,p06.pddl,abs-asp,timed out,1800.1479824967682,abstract_solving,,0.3745162580162287,0.004346420988440514,,4.083786377683282,0.04834781587123871,0.20497330650687218,0.8287959173321724,0.36722076684236526,,0.3770312871783972,0.09173240140080452,10.06232812255621,,,,,,18,0,11,4,11,,12,16,8,object,
freecell,p06.pddl,abs-fd,timed out,1800.1436444856226,abstract_fd_search,,0.3833792470395565,0.004425164312124252,,4.102071579545736,0.04804012179374695,0.2078990451991558,0.8489746600389481,0.3762122578918934,,0.3784030191600323,,,0.1072712391614914,,,,,18,0,11,1,11,,,13,8,object,
freecell,p06.pddl,asp,timed out,1800.1369106546044,concrete_asp,,,,,,,,0.7906605713069439,,,0.35052015259861946,,,,,,,,,,,,,,,28,,,
freecell,p06.pddl,fd,success,3.1899638772010803,total,0.936809,,,,,,,,,0.92803,,,,,,,,valid,,,,,,44,,,,,
freecell,p07.pddl,abs-asp,timed out,1800.138859435916,abstract_solving,,0.36772460862994194,0.004427403211593628,,4.139857850968838,0.04733538255095482,0.20662393420934677,0.8014729209244251,0.3796478435397148,,0.3768025152385235,0.09233861789107323,1.4272419326007366,,,,,,18,0,8,10,8,,9,19,8,object,
freecell,p07.pddl,abs-fd,timed out,1800.1325054876506,abstract_fd_search,,0.36639857292175293,0.0044720470905303955,,4.105623964220285,0.0483088418841362,0.21008849143981934,0.7987689226865768,0.3768143877387047,,0.37851958721876144,,,0.10705016180872917,,,,,18,0,8,10,8,,,19,8,object,
freecell,p07.pddl,asp,timed out,1800.0413484983146,concrete_asp,,,,,,,,0.80099843069911,,,0.35344791784882545,,,,,,,,,,,,,,,29,,,
freecell,p07.pddl,fd,success,3.4942505434155464,total,1.176268,,,,,,,,,1.169531,,,,,,,,valid,,,,,,53,,,,,
freecell,p08.pddl,abs-asp,timed out,1800.127877999097,abstract_asp,,0.39508817717432976,0.004523232579231262,,7.9392451122403145,0.055090129375457764,0.24706099927425385,1.1107145175337791,0.426413856446743,,0.538696076720953,0.11658063530921936,,,,,,,18,0,,,16,,17,,9,object,
freecell,p08.pddl,abs-fd,timed out,1800.216106519103,abstract_fd_search,,0.3410582095384598,0.00436391681432724,,7.668621759861708,0.054540954530239105,0.24161376431584358,0.9347443096339703,0.3722892478108406,,0.4981968514621258,,,0.09503918141126633,,,,,18,0,17,0,17,,,18,9,object,
freecell,p08.pddl,asp,timed out,1800.138037275523,concrete_asp,,,,,,,,1.0094022788107395,,,0.4984637685120106,,,,,,,,,,,,,,,31,,,
freecell,p08.pddl,fd,success,4.079929426312447,total,1.34457,,,,,,,,,1.335795,,,,,,,,valid,,,,,,52,,,,,
freecell,p09.pddl,abs-asp,timed out,1800.164776172489,abstract_solving,,0.35314497724175453,0.004351247102022171,,7.716420602053404,0.05472381040453911,0.2393554411828518,0.9284976609051228,0.37197206914424896,,0.5112849734723568,0.11083504185080528,0.6130849681794643,,,,,,18,0,5,18,5,,6,24,9,object,
freecell,p09.pddl,abs-fd,timed out,1800.1457355096936,abstract_fd_search,,0.3977857418358326,0.004491887986660004,,7.948389369994402,0.05530380643904209,0.24440759234130383,1.049982026219368,0.4232803490012884,,0.5413673762232065,,,0.11220816150307655,,,,,18,0,5,16,5,,,22,9,object,
freecell,p09.pddl,asp,timed out,1800.1446109591052,concrete_asp,,,,,,,,1.0149688720703125,,,0.5042779054492712,,,,,,,,,,,,,,,27,,,
freecell,p09.pddl,fd,success,4.589479647576809,total,1.328142,,,,,,,,,1.31854,,,,,,,,valid,,,,,,52,,,,,
freecell,p10.pddl,abs-asp,timed out,1800.1614969018847,abstract_solving,,0.3895755633711815,0.004810987040400505,,14.596805548295379,0.06446025148034096,0.28766584768891335,1.4207759629935026,0.5111280363053083,,0.7016415279358625,0.14573867619037628,11.578663559630513,,,,,,18,0,10,6,10,,11,17,10,object,
freecell,p10.pddl,abs-fd,timed out,1800.1555923875421,abstract_fd_search,,0.393895635381341,0.0045104920864105225,,14.500764220952988,0.06348318047821522,0.2878932151943445,1.3921891450881958,0.483712499961257,,0.7245119418948889,,,0.11891833506524563,,,,,18,0,10,7,10,,,18,10,object,
freecell,p10.pddl,asp,timed out,1800.151055175811,concrete_asp,,,,,,,,1.376722827553749,,,0.6967014297842979,,,,,,,,,,,,,,,31,,,
freecell,p10.pddl,fd,success,4.268701706081629,total,1.901992,,,,,,,,,1.893764,,,,,,,,valid,,,,,,68,,,,,
freecell,p11.pddl,abs-asp,timed out,1800.0535693392158,abstract_solving,,0.3918444402515888,0.004598621279001236,,14.677800100296736,0.06332560256123543,0.2903626225888729,1.4583980739116669,0.49577050656080246,,0.7288253977894783,0.14479579403996468,1.8449177630245686,,,,,,18,0,8,11,8,,9,20,10,object,
freecell,p11.pddl,abs-fd,timed out,1800.1562928576022,abstract_fd_search,,0.39483402855694294,0.004649041220545769,,14.740238703787327,0.06357179023325443,0.29951577074825764,1.3942754697054625,0.48380829207599163,,0.7339368034154177,,,0.1199701577425003,,,,,18,0,8,10,8,,,19,10,object,
freecell,p11.pddl,asp,timed out,1800.1407313868403,concrete_asp,,,,,,,,1.3952329978346825,,,0.6910772547125816,,,,,,,,,,,,,,,29,,,
freecell,p11.pddl,fd,success,5.3342956230044365,total,2.887321,,,,,,,,,2.878079,,,,,,,,valid,,,,,,90,,,,,
freecell,p12.pddl,abs-asp,timed out,1800.2070873454213,abstract_solving,,0.4086376018822193,0.0045786090195178986,,14.704107895493507,0.06422803550958633,0.29251569882035255,1.436602845788002,0.4825608506798744,,0.7336241453886032,0.14438580721616745,23.83731073513627,,,,,,18,0,11,7,11,,12,19,10,object,
freecell,p12.pddl,abs-fd,timed out,1800.1891482658684,abstract_fd_search,,0.41872672364115715,0.004573985934257507,,14.667478505522013,0.06365023925900459,0.2916535884141922,1.38532829657197,0.47918299958109856,,0.7288866341114044,,,0.11741629615426064,,,,,18,0,11,6,11,,,18,10,object,
freecell,p12.pddl,asp,timed out,1800.1517551653087,concrete_asp,,,,,,,,1.4207487776875496,,,0.6839176900684834,,,,,,,,,,,,,,,29,,,
freecell,p12.pddl,fd,success,4.034993387758732,total,1.737234,,,,,,,,,1.729562,,,,,,,,valid,,,,,,63,,,,,
freecell,p13.pddl,abs-asp,timed out,1800.161904912442,abstract_solving,,0.4282422475516796,0.004579022526741028,,26.280816841870546,0.07201050966978073,0.34459206089377403,1.8735781088471413,0.5358737520873547,,0.9743448905646801,0.1738256737589836,4.922282166779041,,,,,,18,0,9,10,9,,10,20,11,object,
freecell,p13.pddl,abs-fd,timed out,1800.168160442263,abstract_fd_search,,0.41496068239212036,0.0044381022453308105,,26.447539165616035,0.083957489579916,0.33931219205260277,1.8154176846146584,0.5782110840082169,,0.9768689461052418,,,0.12213753163814545,,,,,18,0,9,10,9,,,20,11,object,
freecell,p13.pddl,asp,timed out,1800.1597210913897,concrete_asp,,,,,,,,1.831050269305706,,,0.9021685384213924,,,,,,,,,,,,,,,30,,,
freecell,p13.pddl,fd,success,7.073575042188168,total,4.421053,,,,,,,,,4.411662,,,,,,,,valid,,,,,,83,,,,,
freecell,p14.pddl,abs-asp,timed out,1800.167040001601,abstract_solving,,0.42171191051602364,0.004520818591117859,,26.216919019818306,0.07148432359099388,0.34124796465039253,1.860629390925169,0.5339572951197624,,0.976276308298111,0.17426523566246033,31.955977227538824,,,,,,18,0,11,5,11,,12,17,11,object,
freecell,p14.pddl,abs-fd,timed out,1800.1617129221559,abstract_fd_search,,0.4280925281345844,0.004536814987659454,,26.26825286820531,0.07248472794890404,0.3421715274453163,1.8704635985195637,0.5342823937535286,,0.9663678631186485,,,0.1253644935786724,,,,,18,0,11,5,11,,,17,11,object,
freecell,p14.pddl,asp,timed out,1800.1614552550018,concrete_asp,,,,,,,,1.8531185127794743,,,0.9004141502082348,,,,,,,,,,,,,,,32,,,
freecell,p14.pddl,fd,success,4.806153833866119,total,2.406689,,,,,,,,,2.397598,,,,,,,,valid,,,,,,67,,,,,
freecell,p15.pddl,abs-asp,timed out,1800.202674396336,abstract_solving,,0.3716481514275074,0.004451189190149307,,44.53491498157382,0.08013498783111572,0.39447924867272377,2.03373172134161,0.5429676063358784,,1.1625742837786674,0.19707464799284935,121.70890827104449,,,,,,18,0,12,6,12,,13,19,12,object,
freecell,p15.pddl,abs-fd,timed out,1800.1759465523064,abstract_fd_search,,0.44307611137628555,0.004487570375204086,,45.7595990113914,0.08058135211467743,0.3871195428073406,2.2364968471229076,0.6022567078471184,,1.2650245651602745,,,0.13125447183847427,,,,,18,0,12,4,12,,,17,12,object,
freecell,p15.pddl,asp,timed out,1800.1617612950504,concrete_asp,,,,,,,,2.190813548862934,,,1.2013020515441895,,,,,,,,,,,,,,,31,,,
freecell,p15.pddl,fd,success,5.388533186167479,total,3.087418,,,,,,,,,3.0793,,,,,,,,valid,,,,,,99,,,,,
freecell,p16.pddl,abs-asp,timed out,1800.1687696054578,abstract_solving,,0.4229421131312847,0.004599733278155327,,45.71184582822025,0.08060870319604874,0.39828499779105186,2.2416078839451075,0.5991420168429613,,1.2553103119134903,0.20474033430218697,13.199220487847924,,,,,,18,0,10,7,10,,11,18,12,object,
freecell,p16.pddl,abs-fd,timed out,1800.2165763787925,abstract_fd_search,,0.4510282315313816,0.00476967915892601,,46.11464200168848,0.08177091926336288,0.3995220623910427,2.2947973161935806,0.6283182315528393,,1.2443894743919373,,,0.1408436819911003,,,,,18,0,10,9,10,,,20,12,object,
freecell,p16.pddl,asp,timed out,1800.1526716863737,concrete_asp,,,,,,,,2.240261889062822,,,1.1671554651111364,,,,,,,,,,,,,,,30,,,
freecell,p16.pddl,fd,success,5.488621596246958,total,3.103279,,,,,,,,,3.096255,,,,,,,,valid,,,,,,86,,,,,
freecell,p17.pddl,abs-asp,timed out,1800.2116719558835,abstract_solving,,0.4552473109215498,0.004554912447929382,,76.80823273397982,0.08974098786711693,0.4427898246794939,2.864299762994051,0.6998056564480066,,1.5933983605355024,0.24055581726133823,16.488096913322806,,,,,,18,0,11,8,11,,12,20,13,object,
freecell,p17.pddl,abs-fd,timed out,1800.2140870578587,abstract_fd_search,,0.44215431064367294,0.004630390554666519,,76.8907088637352,0.09007563441991806,0.44466570764780045,2.806696929037571,0.6999805346131325,,1.5904071889817715,,,0.1395343914628029,,,,,18,0,11,8,11,,,20,13,object,
freecell,p17.pddl,asp,timed out,1800.1914490573108,concrete_asp,,,,,,,,2.8233184032142162,,,1.50837829336524,,,,,,,,,,,,,,,30,,,
freecell,p17.pddl,fd,success,6.905672911554575,total,4.167835,,,,,,,,,4.161051,,,,,,,,valid,,,,,,95,,,,,
freecell,p18.pddl,abs-asp,timed out,1800.2125263437629,abstract_solving,,0.4455418027937412,0.0046291351318359375,,77.09020234271884,0.08982058241963387,0.45237011089921,2.8575622402131557,0.7198871783912182,,1.5948283076286316,0.2444828785955906,128.06764855235815,,,,,,18,0,13,3,13,,14,17,13,object,
freecell,p18.pddl,abs-fd,timed out,1800.2063452862203,abstract_fd_search,,0.3942222483456135,0.00442865863442421,,75.2437676154077,0.08951915428042412,0.43999888747930527,2.581539388746023,0.6568049788475037,,1.4779642969369888,,,0.1272515319287777,,,,,18,0,13,3,13,,,17,13,object,
freecell,p18.pddl,asp,timed out,1800.1810722909868,concrete_asp,,,,,,,,2.795309402048588,,,1.4927759543061256,,,,,,,,,,,,,,,32,,,
freecell,p18.pddl,fd,success,7.373594481498003,total,4.9026,,,,,,,,,4.894839,,,,,,,,valid,,,,,,109,,,,,
freecell,probfreecell-10-1.pddl,abs-asp,timed out,1800.1820496954024,abstract_solving,,0.4233243092894554,0.0044885240495204926,,67.93411387503147,0.08194243907928467,0.3408951051533222,2.746514316648245,0.5537966825067997,,1.4986678436398506,0.17389488220214844,27.7751293964684,,,,,,18,0,10,3,10,,11,14,14,object,
freecell,probfreecell-10-1.pddl,abs-fd,timed out,1800.1902883704752,abstract_fd_search,,0.42677426151931286,0.004495782777667046,,68.13853985443711,0.08206884935498238,0.34119829162955284,2.862648129463196,0.5399938486516476,,1.4959081467241049,,,0.12574098445475101,,,,,18,0,10,8,10,,,19,14,object,
freecell,probfreecell-10-1.pddl,asp,timed out,1800.1858897842467,concrete_asp,,,,,,,,2.704378619790077,,,1.4039266370236874,,,,,,,,,,,,,,,31,,,
freecell,probfreecell-10-1.pddl,fd,success,7.681430235505104,total,5.299586,,,,,,,,,5.291878,,,,,,,,valid,,,,,,81,,,,,
freecell,probfreecell-10-2.pddl,abs-asp,timed out,1800.1819141507149,abstract_solving,,0.4285247791558504,0.00453910231590271,,67.74396623112261,0.0828356221318245,0.3414027541875839,2.7386592887341976,0.5361330900341272,,1.4910121150314808,0.1717426385730505,24.68877812474966,,,,,,18,0,10,6,10,,11,17,14,object,
freecell,probfreecell-10-2.pddl,abs-fd,timed out,1800.1901991963387,abstract_fd_search,,0.4187856912612915,0.004501175135374069,,67.62561609596014,0.08340268209576607,0.34438062459230423,2.738804206252098,0.5348911248147488,,1.4897584356367588,,,0.12442141398787498,,,,,18,0,10,6,10,,,17,14,object,
freecell,probfreecell-10-2.pddl,asp,timed out,1800.1627610512078,concrete_asp,,,,,,,,2.7010847479104996,,,1.3913299851119518,,,,,,,,,,,,,,,28,,,
freecell,probfreecell-10-2.pddl,fd,success,6.679505616426468,total,3.656362,,,,,,,,,3.64795,,,,,,,,valid,,,,,,65,,,,,
freecell,probfreecell-10-3.pddl,abs-asp,timed out,1800.1292743459344,abstract_asp,,0.40367644280195236,0.004530228674411774,,67.89634256437421,0.08252547308802605,0.34257907420396805,2.79892722889781,0.5364727079868317,,1.4949920661747456,0.17188290506601334,,,,,,,18,0,,,16,,17,,14,object,
freecell,probfreecell-10-3.pddl,abs-fd,timed out,1800.2377300970256,abstract_fd_search,,0.4090675115585327,0.004533607512712479,,67.51974907144904,0.08261675760149956,0.34713592380285263,2.62685564160347,0.5075770802795887,,1.3898797743022442,,,0.11555998772382736,,,,,18,0,12,0,17,,,13,14,object,
freecell,probfreecell-10-3.pddl,asp,timed out,1800.2230573780835,concrete_asp,,,,,,,,2.7778364531695843,,,1.387797024101019,,,,,,,,,,,,,,,28,,,
freecell,probfreecell-10-3.pddl,fd,success,6.154410500079393,total,3.721681,,,,,,,,,3.713223,,,,,,,,valid,,,,,,74,,,,,
freecell,probfreecell-10-4.pddl,abs-asp,timed out,1800.1771093681455,abstract_solving,,0.4203486032783985,0.004578769207000732,,67.85748912394047,0.08258219808340073,0.3434193506836891,2.792364291846752,0.5402451455593109,,1.4971897676587105,0.17163428664207458,2.729673381894827,,,,,,18,0,7,11,7,,8,19,14,object,
freecell,probfreecell-10-4.pddl,abs-fd,timed out,1800.2340078651905,abstract_fd_search,,0.44292665645480156,0.004701068624854088,,68.39050954394042,0.08410244062542915,0.3479452580213547,2.9136248975992203,0.5612714122980833,,1.488669103011489,,,0.13114243559539318,,,,,18,0,7,11,7,,,19,14,object,
freecell,probfreecell-10-4.pddl,asp,timed out,1800.1466231234372,concrete_asp,,,,,,,,2.7136328108608723,,,1.3860090486705303,,,,,,,,,,,,,,,28,,,
freecell,probfreecell-10-4.pddl,fd,success,6.229196850210428,total,3.792559,,,,,,,,,3.784287,,,,,,,,valid,,,,,,79,,,,,
freecell,probfreecell-10-5.pddl,abs-asp,timed out,1800.183147199452,abstract_solving,,0.42454443871974945,0.004568271338939667,,68.35855058208108,0.08328777551651001,0.35320698469877243,2.773245722055435,0.5423759445548058,,1.493259720504284,0.17315057292580605,21.03681080415845,,,,,,18,0,9,7,9,,10,17,14,object,
freecell,probfreecell-10-5.pddl,abs-fd,timed out,1800.1242742463946,abstract_fd_search,,0.4190347418189049,0.004567079246044159,,68.25484405830503,0.08259100094437599,0.3431711159646511,2.7438614070415497,0.5442930907011032,,1.5008576661348343,,,0.12484493851661682,,,,,18,0,9,10,9,,,20,14,object,
freecell,probfreecell-10-5.pddl,asp,timed out,1800.167022112757,concrete_asp,,,,,,,,2.7340102568268776,,,1.389113299548626,,,,,,,,,,,,,,,29,,,
freecell,probfreecell-10-5.pddl,fd,success,7.006563495844603,total,4.180108,,,,,,,,,4.170537,,,,,,,,valid,,,,,,92,,,,,
freecell,probfreecell-11-1.pddl,abs-asp,timed out,1800.1362094059587,abstract_asp,,0.4454042389988899,0.0044986531138420105,,85.34537468850613,0.08975735679268837,0.3996892496943474,3.266316644847393,0.6016394570469856,,1.6418679729104042,0.20733783021569252,,,,,,,18,0,,,15,,16,,14,object,
freecell,probfreecell-11-1.pddl,abs-fd,timed out,1800.251247677952,abstract_fd_search,,0.4192354455590248,0.004482638090848923,,84.97054243460298,0.08845485746860504,0.39486121013760567,3.055332124233246,0.5912379138171673,,1.6060104854404926,,,0.13023950532078743,,,,,18,0,13,0,16,,,14,14,object,
freecell,probfreecell-11-1.pddl,asp,timed out,1800.1040801666677,concrete_asp,,,,,,,,3.109890952706337,,,1.5411903895437717,,,,,,,,,,,,,,,33,,,
freecell,probfreecell-11-1.pddl,fd,success,6.880657222121954,total,4.385366,,,,,,,,,4.37593,,,,,,,,valid,,,,,,92,,,,,
freecell,probfreecell-11-2.pddl,abs-asp,timed out,1800.2383255027235,abstract_solving,,0.37740637734532356,0.004431687295436859,,82.37595615163445,0.08786734938621521,0.38737549260258675,2.7951274812221527,0.539069764316082,,1.5546133480966091,0.19439605996012688,20.34881018102169,,,,,,18,0,12,0,12,,13,13,14,object,
freecell,probfreecell-11-2.pddl,abs-fd,timed out,1800.2222687639296,abstract_fd_search,,0.4365287981927395,0.004486896097660065,,84.79657576978207,0.0889047235250473,0.3999154716730118,3.0882812030613422,0.6062755919992924,,1.6448546051979065,,,0.13118068128824234,,,,,18,0,12,1,12,,,14,14,object,
freecell,probfreecell-11-2.pddl,asp,timed out,1800.178846668452,concrete_asp,,,,,,,,3.1017073690891266,,,1.5108085349202156,,,,,,,,,,,,,,,28,,,
freecell,probfreecell-11-2.pddl,fd,success,6.870549228042364,total,4.454268,,,,,,,,,4.445284,,,,,,,,valid,,,,,,89,,,,,
freecell,probfreecell-11-3.pddl,abs-asp,timed out,1800.1326071061194,abstract_asp,,0.4308849647641182,0.004498433321714401,,84.71529289335012,0.08889009058475494,0.39256396889686584,3.161365792155266,0.6008529625833035,,1.6513414084911346,0.20490171015262604,,,,,,,18,0,,,15,,16,,14,object,
freecell,probfreecell-11-3.pddl,abs-fd,timed out,1800.22550380975,abstract_fd_search,,0.44189153984189034,0.004546161741018295,,84.50048349797726,0.08918439596891403,0.4007781185209751,3.1291604414582253,0.6023756749927998,,1.6528213508427143,,,0.13352790102362633,,,,,18,0,16,0,16,,,17,14,object,
freecell,probfreecell-11-3.pddl,asp,timed out,1800.181704312563,concrete_asp,,,,,,,,3.1191263049840927,,,1.546957090497017,,,,,,,,,,,,,,,29,,,
freecell,probfreecell-11-3.pddl,fd,success,7.258054129779339,total,4.594317,,,,,,,,,4.587248,,,,,,,,valid,,,,,,93,,,,,
freecell,probfreecell-11-4.pddl,abs-asp,timed out,1800.1120571605861,abstract_solving,,0.41997627913951874,0.004586070775985718,,84.34279169887304,0.08815576881170273,0.40259580686688423,3.1924394108355045,0.6078850440680981,,1.6714422069489956,0.20642711967229843,59.00243855640292,,,,,,18,0,12,3,12,,13,16,14,object,
freecell,probfreecell-11-4.pddl,abs-fd,timed out,1800.262851562351,abstract_fd_search,,0.4366137683391571,0.004537608474493027,,84.61088562756777,0.08838802576065063,0.3921319469809532,3.2531818971037865,0.6010555401444435,,1.6499106213450432,,,0.13381245732307434,,,,,18,0,12,1,12,,,14,14,object,
freecell,probfreecell-11-4.pddl,asp,timed out,1800.1639449186623,concrete_asp,,,,,,,,3.1825010627508163,,,1.5456074252724648,,,,,,,,,,,,,,,29,,,
freecell,probfreecell-11-4.pddl,fd,success,6.9107129499316216,total,4.41205,,,,,,,,,4.40312,,,,,,,,valid,,,,,,92,,,,,
freecell,probfreecell-11-5.pddl,abs-asp,timed out,1800.1872011180967,abstract_solving,,0.43187446147203445,0.004495067521929741,,84.85508823208511,0.1071997731924057,0.3968421686440706,3.1757109984755516,0.6009798068553209,,1.6473615411669016,0.2148767150938511,20.96114357560873,,,,,,18,0,9,13,9,,10,23,14,object,
freecell,probfreecell-11-5.pddl,abs-fd,timed out,1800.0834671482444,abstract_fd_search,,0.43307938426733017,0.00453624501824379,,84.7397596873343,0.08894612640142441,0.39755290001630783,3.1323173753917217,0.6033762022852898,,1.634741012006998,,,0.1287853792309761,,,,,18,0,9,10,9,,,20,14,object,
freecell,probfreecell-11-5.pddl,asp,timed out,1800.185181222856,concrete_asp,,,,,,,,3.1148435287177563,,,1.5402919463813305,,,,,,,,,,,,,,,33,,,
freecell,probfreecell-11-5.pddl,fd,timed out,1800.1111613698304,,,,,,,,,,,,,,,,,,,,,,,,,,,,,,
freecell,probfreecell-12-1.pddl,abs-asp,timed out,1800.1164779867977,abstract_solving,,0.4276355020701885,0.004551993682980537,,103.90370120853186,0.09440634027123451,0.44656868278980255,3.390052929520607,0.7140556555241346,,1.7910869549959898,0.24327939376235008,7.262530701234937,,,,,,18,0,10,9,10,,11,20,14,object,
freecell,probfreecell-12-1.pddl,abs-fd,timed out,1800.2020518556237,abstract_fd_search,,0.4522078223526478,0.004662543535232544,,104.13908721134067,0.09444289281964302,0.4725582227110863,3.399494007229805,0.7174656838178635,,1.7971262745559216,,,0.13766681402921677,,,,,18,0,10,8,10,,,19,14,object,
freecell,probfreecell-12-1.pddl,asp,timed out,1800.1850515715778,concrete_asp,,,,,,,,3.477310001850128,,,1.6433452256023884,,,,,,,,,,,,,,,33,,,
freecell,probfreecell-12-1.pddl,fd,success,26.778846014291048,total,23.26706,,,,,,,,,23.258674,,,,,,,,valid,,,,,,121,,,,,
freecell,probfreecell-12-2.pddl,abs-asp,timed out,1800.134639210999,abstract_asp,,0.43844467401504517,0.0046238042414188385,,104.10824379324913,0.09387566521763802,0.4527323320508003,3.4346105456352234,0.7166034653782845,,1.8113201074302197,0.24121754243969917,,,,,,,18,0,,,18,,19,,14,object,
freecell,probfreecell-12-2.pddl,abs-fd,timed out,1800.2233086377382,abstract_fd_search,,0.435254517942667,0.005128148943185806,,104.30494033917785,0.09450444206595421,0.46006228029727936,3.3921770974993706,0.7123613730072975,,1.8156985454261303,,,0.1438516154885292,,,,,18,0,23,0,23,,,24,14,object,
freecell,probfreecell-12-2.pddl,asp,timed out,1800.1615525707603,concrete_asp,,,,,,,,3.3421934507787228,,,1.6883680559694767,,,,,,,,,,,,,,,26,,,
freecell,probfreecell-12-2.pddl,fd,success,8.327653847634792,total,5.233409,,,,,,,,,5.227146,,,,,,,,valid,,,,,,99,,,,,
freecell,probfreecell-12-3.pddl,abs-asp,timed out,1800.1366413645446,abstract_asp,,0.45936254784464836,0.004601854830980301,,104.00594503432512,0.09468133375048637,0.45405319705605507,3.3144216053187847,0.7199405990540981,,1.7951092384755611,0.241592425853014,,,,,,,18,0,,,17,,18,,14,object,
freecell,probfreecell-12-3.pddl,abs-fd,timed out,1800.2558901999146,abstract_fd_search,,0.45559534803032875,0.005156895145773888,,103.95315104536712,0.09434019587934017,0.4633790962398052,3.3538750000298023,0.7172412201762199,,1.801610577851534,,,0.14051854237914085,,,,,18,0,17,0,21,,,18,14,object,
freecell,probfreecell-12-3.pddl,asp,timed out,1800.1756857186556,concrete_asp,,,,,,,,3.322406105697155,,,1.691529180854559,,,,,,,,,,,,,,,29,,,
freecell,probfreecell-12-3.pddl,fd,success,7.75098080933094,total,4.642456,,,,,,,,,4.635721,,,,,,,,valid,,,,,,88,,,,,
freecell,probfreecell-12-4.pddl,abs-asp,timed out,1800.2332203276455,abstract_solving,,0.4772547408938408,0.0045804232358932495,,104.13683042675257,0.09421489387750626,0.4569858945906162,3.418178267776966,0.7136013247072697,,1.796397626399994,0.2421852983534336,233.8169288262725,,,,,,18,0,15,0,15,,16,16,14,object,
freecell,probfreecell-12-4.pddl,abs-fd,timed out,1800.2438122332096,abstract_fd_search,,0.4514295384287834,0.004607949405908585,,104.2969501465559,0.0950171984732151,0.44237546995282173,3.318305965512991,0.7218653410673141,,1.795649953186512,,,0.1374380998313427,,,,,18,0,15,0,15,,,16,14,object,
freecell,probfreecell-12-4.pddl,asp,timed out,1800.1845448575914,concrete_asp,,,,,,,,3.3171520233154297,,,1.6923332214355469,,,,,,,,,,,,,,,32,,,
freecell,probfreecell-12-4.pddl,fd,success,9.403928503394127,total,5.531623,,,,,,,,,5.52302,,,,,,,,valid,,,,,,111,,,,,
freecell,probfreecell-12-5.pddl,abs-asp,timed out,1800.2077370509505,abstract_solving,,0.4441429413855076,0.004514686763286591,,103.78444477170706,0.09358043596148491,0.44465818256139755,3.3843863755464554,0.7203674949705601,,1.7916841879487038,0.24222448095679283,124.94227910786867,,,,,,18,0,12,3,12,,13,16,14,object,
freecell,probfreecell-12-5.pddl,abs-fd,timed out,1800.2034384459257,abstract_fd_search,,0.4401380941271782,0.004594620317220688,,103.90730638802052,0.09401436522603035,0.4519348405301571,3.356326323002577,0.7178210951387882,,1.7873465456068516,,,0.14039987698197365,,,,,18,0,12,5,12,,,18,14,object,
freecell,probfreecell-12-5.pddl,asp,timed out,1800.1853779396042,concrete_asp,,,,,,,,3.4232115065678954,,,1.6809775717556477,,,,,,,,,,,,,,,32,,,
freecell,probfreecell-12-5.pddl,fd,success,1123.5259005948901,total,1119.854398,,,,,,,,,1119.845412,,,,,,,,valid,,,,,,158,,,,,
freecell,probfreecell-2-1.pddl,abs-asp,success,27.232030857354403,total,24.521006,0.33552,0.004305,,2.760572,0.037368,0.061066,0.626491,0.213415,,0.274319,0.012285,0.082152,,20.028423,,,valid,18,0,4,0,4,9,5,5,14,object,
freecell,probfreecell-2-1.pddl,abs-fd,success,28.466655910015106,total,24.872803,0.332862,0.004364,,2.813022,0.038078,0.082346,0.59084,0.217729,,0.271202,,,0.090203,20.340908,,,valid,18,0,4,0,4,9,,5,14,object,
freecell,probfreecell-2-1.pddl,asp,success,20.926827762275934,total,17.58336,,,,,,,0.637266,,,0.260044,,,,16.649605,,,valid,,,,,,9,,10,,,
freecell,probfreecell-2-1.pddl,fd,success,2.800393532961607,total,0.661544,,,,,,,,,0.654331,,,,,,,,valid,,,,,,9,,,,,
freecell,probfreecell-2-2.pddl,abs-asp,success,8.913599755614996,total,6.855556,0.312661,0.004377,,2.721459,0.037844,0.061461,0.608113,0.210121,,0.269638,0.012122,0.091242,,2.443918,,,valid,18,0,5,0,5,11,6,6,14,object,
freecell,probfreecell-2-2.pddl,abs-fd,success,10.902695294469595,total,7.641617,0.32919,0.004548,,2.816209,0.037999,0.061901,0.6376,0.228899,,0.273751,,,0.097209,3.05593,,,valid,18,0,5,0,5,11,,6,14,object,
freecell,probfreecell-2-2.pddl,asp,success,12.213594678789377,total,10.006519,,,,,,,0.589401,,,0.253406,,,,9.128413,,,valid,,,,,,8,,9,,,
freecell,probfreecell-2-2.pddl,fd,success,2.896147321909666,total,0.666773,,,,,,,,,0.656901,,,,,,,,valid,,,,,,8,,,,,
freecell,probfreecell-2-3.pddl,abs-asp,success,9.343797154724598,total,7.252645,0.310442,0.004278,,2.731355,0.037518,0.060033,0.590061,0.214476,,0.269142,0.011972,0.093217,,2.844751,,,valid,18,0,5,0,5,11,6,6,14,object,
freecell,probfreecell-2-3.pddl,abs-fd,success,9.216382950544357,total,7.099037,0.314225,0.00431,,2.740571,0.03763,0.06199,0.590065,0.218914,,0.270426,,,0.088876,2.670493,,,valid,18,0,5,0,5,11,,6,14,object,
freecell,probfreecell-2-3.pddl,asp,success,12.952093183994293,total,10.727259,,,,,,,0.614139,,,0.256593,,,,9.818677,,,valid,,,,,,8,,9,,,
freecell,probfreecell-2-3.pddl,fd,success,3.2527113407850266,total,0.692644,,,,,,,,,0.68556,,,,,,,,valid,,,,,,8,,,,,
freecell,probfreecell-2-4.pddl,abs-asp,success,9.328674785792828,total,7.244003,0.31451,0.00432,,2.640847,0.038139,0.06141,0.584767,0.213688,,0.27284,0.012173,0.088113,,2.926899,,,valid,18,0,5,0,5,10,6,6,14,object,
freecell,probfreecell-2-4.pddl,abs-fd,success,7.8272760808467865,total,6.102016,0.275263,0.004312,,2.537976,0.037929,0.062096,0.528892,0.17161,,0.253489,,,0.068823,2.113616,,,valid,18,0,5,0,5,11,,6,14,object,
freecell,probfreecell-2-4.pddl,asp,success,18.641987450420856,total,16.418425,,,,,,,0.592043,,,0.25662,,,,15.533162,,,valid,,,,,,8,,9,,,
freecell,probfreecell-2-4.pddl,fd,success,2.864853024482727,total,0.666102,,,,,,,,,0.657931,,,,,,,,valid,,,,,,8,,,,,
freecell,probfreecell-2-5.pddl,abs-asp,success,17.034667033702135,total,14.937492,0.31687,0.004306,,2.753547,0.037785,0.062112,0.602895,0.217518,,0.270894,0.012517,0.078496,,10.48771,,,valid,18,0,4,0,4,9,5,5,14,object,
freecell,probfreecell-2-5.pddl,abs-fd,success,16.976673170924187,total,14.873526,0.314016,0.004313,,2.733535,0.038251,0.062227,0.590231,0.216795,,0.271843,,,0.088609,10.467572,,,valid,18,0,4,0,4,9,,5,14,object,
freecell,probfreecell-2-5.pddl,asp,success,37.37026720494032,total,34.919995,,,,,,,0.588796,,,0.256503,,,,34.031959,,,valid,,,,,,9,,10,,,
freecell,probfreecell-2-5.pddl,fd,success,2.840406149625778,total,0.667031,,,,,,,,,0.660486,,,,,,,,valid,,,,,,9,,,,,
freecell,probfreecell-3-1.pddl,abs-asp,timed out,1800.1309027913958,abstract_solving,,0.3284189738333225,0.004301577806472778,,5.598710339516401,0.04445939138531685,0.08556143380701542,0.8409352693706751,0.23798397183418274,,0.42273444682359695,0.022321121767163277,0.1266967412084341,,,,,,18,0,4,3,4,,5,8,14,object,
freecell,probfreecell-3-1.pddl,abs-fd,timed out,1800.1374083459377,abstract_fd_search,,0.35049162805080414,0.004525098949670792,,5.6934475265443325,0.04522521421313286,0.08861016854643822,0.9207138791680336,0.25348080322146416,,0.42440003529191017,,,0.09756282344460487,,,,,18,0,4,3,4,,,8,14,object,
freecell,probfreecell-3-1.pddl,asp,timed out,1800.0322910547256,concrete_asp,,,,,,,,0.843207560479641,,,0.40007976070046425,,,,,,,,,,,,,,,13,,,
freecell,probfreecell-3-1.pddl,fd,success,3.568839408457279,total,0.987527,,,,,,,,,0.978997,,,,,,,,valid,,,,,,14,,,,,
freecell,probfreecell-3-2.pddl,abs-asp,timed out,1800.048194322735,abstract_solving,,0.3340161666274071,0.004414163529872894,,5.513182550668716,0.04456288740038872,0.08770204521715641,0.8936757352203131,0.23385899141430855,,0.42273396998643875,0.021758461371064186,0.20669610239565372,,,,,,18,0,5,0,6,,7,6,14,object,
freecell,probfreecell-3-2.pddl,abs-fd,timed out,1800.1331611722708,abstract_fd_search,,0.31822405755519867,0.00425662100315094,,5.462107438594103,0.044127218425273895,0.08563415706157684,0.8325775675475597,0.23067817091941833,,0.42072948068380356,,,0.08857893198728561,,,,,18,0,6,0,6,,,7,14,object,
freecell,probfreecell-3-2.pddl,asp,timed out,1800.1316477023065,concrete_asp,,,,,,,,0.8315490894019604,,,0.39211779087781906,,,,,,,,,,,,,,,13,,,
freecell,probfreecell-3-2.pddl,fd,success,3.1658743442967534,total,0.964518,,,,,,,,,0.953997,,,,,,,,valid,,,,,,13,,,,,
freecell,probfreecell-3-3.pddl,abs-asp,success,788.3291475251317,total,784.892745,0.358081,0.004621,,5.55513,0.04531,0.089896,0.861104,0.250132,,0.423489,0.023115,0.14102,,776.984936,,,valid,18,0,4,3,4,12,5,8,14,object,
freecell,probfreecell-3-3.pddl,abs-fd,success,676.0401176922023,total,673.151461,0.334227,0.004325,,5.611504,0.044003,0.086367,0.882918,0.232758,,0.421435,,,0.088682,665.32443,,,valid,18,0,4,3,4,12,,8,14,object,
freecell,probfreecell-3-3.pddl,asp,success,1193.8358838409185,total,1191.561499,,,,,,,0.83912,,,0.397121,,,,1190.24311,,,valid,,,,,,12,,13,,,
freecell,probfreecell-3-3.pddl,fd,success,3.1537791155278683,total,0.969574,,,,,,,,,0.959526,,,,,,,,valid,,,,,,13,,,,,
freecell,probfreecell-3-4.pddl,abs-asp,success,422.9260751120746,total,420.182329,0.302754,0.004248,,5.354947,0.043595,0.085268,0.815307,0.208381,,0.396034,0.021216,0.389582,,412.451366,,,valid,18,0,5,0,7,15,8,6,14,object,
freecell,probfreecell-3-4.pddl,abs-fd,success,75.49411863833666,total,73.29403,0.347146,0.004345,,5.45397,0.04441,0.085677,0.843893,0.242313,,0.419977,,,0.091259,65.628755,,,valid,18,0,7,0,7,15,,8,14,object,
freecell,probfreecell-3-4.pddl,asp,success,1156.1591035276651,total,1153.608333,,,,,,,0.843591,,,0.397226,,,,1152.283148,,,valid,,,,,,12,,13,,,
freecell,probfreecell-3-4.pddl,fd,success,3.1641770247370005,total,0.975978,,,,,,,,,0.965838,,,,,,,,valid,,,,,,12,,,,,
freecell,probfreecell-3-5.pddl,abs-asp,timed out,1800.1379446685314,abstract_solving,,0.32952607050538063,0.004359278827905655,,5.457020156085491,0.04456019774079323,0.08683814480900764,0.8326280415058136,0.23562994971871376,,0.42401251941919327,0.02175602689385414,0.3588925451040268,,,,,,18,0,6,0,6,,7,7,14,object,
freecell,probfreecell-3-5.pddl,abs-fd,timed out,1800.1419123709202,abstract_fd_search,,0.3365960083901882,0.0043133459985256195,,5.512149464339018,0.04431226849555969,0.08619969710707664,0.8925368152558804,0.2379339076578617,,0.4253980368375778,,,0.09297054260969162,,,,,18,0,6,0,6,,,7,14,object,
freecell,probfreecell-3-5.pddl,asp,timed out,1800.1300302483141,concrete_asp,,,,,,,,0.8331129923462868,,,0.3983396030962467,,,,,,,,,,,,,,,13,,,
freecell,probfreecell-3-5.pddl,fd,success,3.1838280903175473,total,0.966501,,,,,,,,,0.956264,,,,,,,,valid,,,,,,14,,,,,
freecell,probfreecell-4-1.pddl,abs-asp,timed out,1800.1392392255366,abstract_solving,,0.34016063809394836,0.004355279728770256,,9.88341685384512,0.04897601529955864,0.10606277734041214,1.0536877773702145,0.2580772843211889,,0.5755892135202885,0.0349422674626112,0.5190462153404951,,,,,,18,0,6,1,6,,7,8,14,object,
freecell,probfreecell-4-1.pddl,abs-fd,timed out,1800.1386906318367,abstract_fd_search,,0.3738406039774418,0.004464589059352875,,10.132210806012154,0.04962974041700363,0.10939190536737442,1.1560098379850388,0.27283642441034317,,0.5928402505815029,,,0.10196595638990402,,,,,18,0,6,1,6,,,8,14,object,
freecell,probfreecell-4-1.pddl,asp,timed out,1800.1375259468332,concrete_asp,,,,,,,,1.065940230153501,,,0.5533090028911829,,,,,,,,,,,,,,,16,,,
freecell,probfreecell-4-1.pddl,fd,success,4.1817413829267025,total,1.303638,,,,,,,,,1.296208,,,,,,,,valid,,,,,,21,,,,,
freecell,probfreecell-4-2.pddl,abs-asp,timed out,1800.1665066368878,abstract_solving,,0.34339916706085205,0.004369616508483887,,9.592420972883701,0.05593061447143555,0.10695872828364372,1.0470744296908379,0.25990164652466774,,0.5726345703005791,0.03508124127984047,1.084013283252716,,,,,,18,0,8,0,8,,9,9,14,object,
freecell,probfreecell-4-2.pddl,abs-fd,timed out,1800.1557065732777,abstract_fd_search,,0.35037537664175034,0.004323985427618027,,9.660812187939882,0.049427904188632965,0.10532578080892563,1.095803152769804,0.25883834436535835,,0.5790207050740719,,,0.09460441768169403,,,,,18,0,8,0,8,,,9,14,object,
freecell,probfreecell-4-2.pddl,asp,timed out,1800.135162986815,concrete_asp,,,,,,,,1.0700622089207172,,,0.5405550561845303,,,,,,,,,,,,,,,15,,,
freecell,probfreecell-4-2.pddl,fd,success,3.7825709208846092,total,1.272702,,,,,,,,,1.265118,,,,,,,,valid,,,,,,17,,,,,
freecell,probfreecell-4-3.pddl,abs-asp,timed out,1800.1424115896225,abstract_solving,,0.35038817673921585,0.004336297512054443,,9.501937497407198,0.04929212108254433,0.10765588656067848,1.0976633578538895,0.25959254428744316,,0.5713007301092148,0.03428206965327263,0.3898741751909256,,,,,,18,0,6,1,6,,7,8,14,object,
freecell,probfreecell-4-3.pddl,abs-fd,timed out,1800.1857303604484,abstract_fd_search,,0.37555452436208725,0.004492431879043579,,9.59420296922326,0.05066317319869995,0.11023624241352081,1.1189975403249264,0.2773231789469719,,0.5825205519795418,,,0.09841982275247574,,,,,18,0,6,1,6,,,8,14,object,
freecell,probfreecell-4-3.pddl,asp,timed out,1800.1359529197216,concrete_asp,,,,,,,,1.0763158425688744,,,0.5378840453922749,,,,,,,,,,,,,,,16,,,
freecell,probfreecell-4-3.pddl,fd,success,4.349681217223406,total,1.265944,,,,,,,,,1.259425,,,,,,,,valid,,,,,,18,,,,,
freecell,probfreecell-4-4.pddl,abs-asp,timed out,1800.149848870933,abstract_solving,,0.3386269733309746,0.004372142255306244,,9.507625503465533,0.04990916699171066,0.10945124737918377,1.0597502831369638,0.2609796207398176,,0.5780648216605186,0.03527967259287834,1.3151976950466633,,,,,,18,0,6,0,8,,9,7,14,object,
freecell,probfreecell-4-4.pddl,abs-fd,timed out,1800.1720482613891,abstract_fd_search,,0.35022268258035183,0.004394790157675743,,9.561528835445642,0.0492898914963007,0.10550587810575962,1.0930153746157885,0.2628524396568537,,0.5805367715656757,,,0.092377919703722,,,,,18,0,8,0,8,,,9,14,object,
freecell,probfreecell-4-4.pddl,asp,timed out,1800.134468127042,concrete_asp,,,,,,,,1.0685169771313667,,,0.5440763644874096,,,,,,,,,,,,,,,15,,,
freecell,probfreecell-4-4.pddl,fd,success,4.325115583837032,total,1.329974,,,,,,,,,1.322569,,,,,,,,valid,,,,,,19,,,,,
freecell,probfreecell-4-5.pddl,abs-asp,timed out,1800.060666140169,abstract_solving,,0.35647235438227654,0.004394453018903732,,9.730861153453588,0.049220792949199677,0.10654966160655022,1.1312946118414402,0.26632433384656906,,0.5805541835725307,0.03441043570637703,0.2728002592921257,,,,,,18,0,5,3,5,,6,9,14,object,
freecell,probfreecell-4-5.pddl,abs-fd,timed out,1800.1408744938672,abstract_fd_search,,0.3103151358664036,0.004227034747600555,,9.549113236367702,0.04948006570339203,0.1055879220366478,0.9670145995914936,0.21598724648356438,,0.5339525453746319,,,0.0740419439971447,,,,,18,0,5,3,5,,,9,14,object,
freecell,probfreecell-4-5.pddl,asp,timed out,1800.1295827440917,concrete_asp,,,,,,,,1.091411504894495,,,0.5433059483766556,,,,,,,,,,,,,,,15,,,
freecell,probfreecell-4-5.pddl,fd,success,3.9394781924784184,total,1.284714,,,,,,,,,1.273574,,,,,,,,valid,,,,,,19,,,,,
freecell,probfreecell-5-1.pddl,abs-asp,timed out,1800.160869665444,abstract_solving,,0.35221007466316223,0.0044750310480594635,,15.23571565374732,0.05579309165477753,0.1342349760234356,1.3763223327696323,0.2960271015763283,,0.7297102063894272,0.05082569643855095,1.9262829087674618,,,,,,18,0,8,0,8,,9,9,14,object,
freecell,probfreecell-5-1.pddl,abs-fd,timed out,1800.1612681671977,abstract_fd_search,,0.3100515156984329,0.0042456090450286865,,14.951036538928747,0.05569955334067345,0.14819316565990448,1.2437386959791183,0.24833904951810837,,0.6907004527747631,,,0.0774998888373375,,,,,18,0,8,0,8,,,9,14,object,
freecell,probfreecell-5-1.pddl,asp,timed out,1800.1389613449574,concrete_asp,,,,,,,,1.387788563966751,,,0.6773410923779011,,,,,,,,,,,,,,,18,,,
freecell,probfreecell-5-1.pddl,fd,success,4.256748411804438,total,1.712867,,,,,,,,,1.706545,,,,,,,,valid,,,,,,26,,,,,
freecell,probfreecell-5-2.pddl,abs-asp,timed out,1800.1463006604463,abstract_solving,,0.3668379820883274,0.004409562796354294,,14.986150488257408,0.05480717122554779,0.13072281144559383,1.425438355654478,0.29771649837493896,,0.7295320965349674,0.05199500173330307,0.9026328139007092,,,,,,18,0,6,2,6,,7,9,14,object,
freecell,probfreecell-5-2.pddl,abs-fd,timed out,1800.1436755508184,abstract_fd_search,,0.3517744354903698,0.004448641091585159,,14.88096410408616,0.05479862540960312,0.1346120424568653,1.3708977960050106,0.32078880071640015,,0.7269332818686962,,,0.09705550596117973,,,,,18,0,6,2,6,,,9,14,object,
freecell,probfreecell-5-2.pddl,asp,timed out,1800.1422754898667,concrete_asp,,,,,,,,1.4094512574374676,,,0.6860982067883015,,,,,,,,,,,,,,,16,,,
freecell,probfreecell-5-2.pddl,fd,success,4.860740918666124,total,1.678562,,,,,,,,,1.671924,,,,,,,,valid,,,,,,24,,,,,
freecell,probfreecell-5-3.pddl,abs-asp,timed out,1800.1546838991344,abstract_solving,,0.39099856466054916,0.004686933010816574,,14.914709154516459,0.055596571415662766,0.133029006421566,1.4648074060678482,0.3280048407614231,,0.7387875020503998,0.051684509962797165,0.4806443117558956,,,,,,18,0,6,3,6,,7,10,14,object,
freecell,probfreecell-5-3.pddl,abs-fd,timed out,1800.165556319058,abstract_fd_search,,0.3946828171610832,0.004716221243143082,,14.940992716699839,0.05574308708310127,0.1342339664697647,1.4495822340250015,0.3106141984462738,,0.7424099147319794,,,0.10225768387317657,,,,,18,0,6,3,6,,,10,14,object,
freecell,probfreecell-5-3.pddl,asp,timed out,1800.1421612463892,concrete_asp,,,,,,,,1.361177172511816,,,0.6835737563669682,,,,,,,,,,,,,,,18,,,
freecell,probfreecell-5-3.pddl,fd,success,4.450353041291237,total,1.668229,,,,,,,,,1.661382,,,,,,,,valid,,,,,,25,,,,,
freecell,probfreecell-5-4.pddl,abs-asp,timed out,1800.1578784063458,abstract_solving,,0.37730471417307854,0.004931602627038956,,15.00865314528346,0.055406004190444946,0.13417134061455727,1.4928009249269962,0.31077365577220917,,0.7290436886250973,0.06542667001485825,2.400524202734232,,,,,,18,0,7,0,7,,8,8,14,object,
freecell,probfreecell-5-4.pddl,abs-fd,timed out,1800.1476971507072,abstract_fd_search,,0.36431631073355675,0.004456009715795517,,14.902127772569656,0.05533028766512871,0.1331525295972824,1.414516855031252,0.2926688715815544,,0.7284272648394108,,,0.09953920543193817,,,,,18,0,7,0,7,,,8,14,object,
freecell,probfreecell-5-4.pddl,asp,timed out,1800.075180184096,concrete_asp,,,,,,,,1.3608370795845985,,,0.6809591762721539,,,,,,,,,,,,,,,17,,,
freecell,probfreecell-5-4.pddl,fd,success,5.56834377720952,total,1.79118,,,,,,,,,1.783298,,,,,,,,valid,,,,,,25,,,,,
freecell,probfreecell-5-5.pddl,abs-asp,timed out,1800.1923359055072,abstract_solving,,0.3660272676497698,0.00446782261133194,,14.983519557863474,0.05516792833805084,0.13258732110261917,1.4408168829977512,0.29844348691403866,,0.7314366735517979,0.051653360947966576,0.7239785026758909,,,,,,18,0,7,1,7,,8,9,14,object,
freecell,probfreecell-5-5.pddl,abs-fd,timed out,1800.1490590721369,abstract_fd_search,,0.32094451040029526,0.004292353987693787,,14.631657864898443,0.05426071584224701,0.13349271193146706,1.2669611014425755,0.25133420899510384,,0.6816479079425335,,,0.07911547273397446,,,,,18,0,7,2,7,,,10,14,object,
freecell,probfreecell-5-5.pddl,asp,timed out,1800.1538894157857,concrete_asp,,,,,,,,1.4040875006467104,,,0.6875239638611674,,,,,,,,,,,,,,,18,,,
freecell,probfreecell-5-5.pddl,fd,success,5.221270374953747,total,1.710616,,,,,,,,,1.702574,,,,,,,,valid,,,,,,27,,,,,
freecell,probfreecell-6-1.pddl,abs-asp,timed out,1800.15388661623,abstract_solving,,0.3589162342250347,0.004437267780303955,,21.951832596212626,0.08051810041069984,0.17088981717824936,1.5602754652500153,0.33139411360025406,,0.8783999532461166,0.06969664245843887,0.3847084417939186,,,,,,18,0,4,10,4,,5,15,14,object,
freecell,probfreecell-6-1.pddl,abs-fd,timed out,1800.151490252465,abstract_fd_search,,0.33265358582139015,0.004313737154006958,,21.43961114063859,0.0730825811624527,0.1689671017229557,1.437340296804905,0.28477559983730316,,0.8261710479855537,,,0.08210557326674461,,,,,18,0,4,10,4,,,15,14,object,
freecell,probfreecell-6-1.pddl,asp,timed out,1800.0815702602267,concrete_asp,,,,,,,,1.596308421343565,,,0.8250123225152493,,,,,,,,,,,,,,,20,,,
freecell,probfreecell-6-1.pddl,fd,success,4.208964552730322,total,1.962797,,,,,,,,,1.954529,,,,,,,,valid,,,,,,35,,,,,
freecell,probfreecell-6-2.pddl,abs-asp,timed out,1800.1951804552227,abstract_solving,,0.33477981947362423,0.004324126988649368,,21.537605870515108,0.07706850953400135,0.17052189446985722,1.436529515311122,0.28449903801083565,,0.8194875475019217,0.06707196868956089,6.307602647691965,,,,,,18,0,10,0,10,,11,11,14,object,
freecell,probfreecell-6-2.pddl,abs-fd,timed out,1800.153806824237,abstract_fd_search,,0.3741307593882084,0.004434201866388321,,22.007202923297882,0.060149185359478,0.16999980807304382,1.6097910329699516,0.32775621861219406,,0.8866423293948174,,,0.10099992528557777,,,,,18,0,7,0,10,,,8,14,object,
freecell,probfreecell-6-2.pddl,asp,timed out,1800.1454745866358,concrete_asp,,,,,,,,1.581078078597784,,,0.8271701373159885,,,,,,,,,,,,,,,18,,,
freecell,probfreecell-6-2.pddl,fd,success,5.723548509180546,total,2.021509,,,,,,,,,2.013816,,,,,,,,valid,,,,,,29,,,,,
freecell,probfreecell-6-3.pddl,abs-asp,timed out,1800.1488146297634,abstract_solving,,0.37465333566069603,0.004385370761156082,,22.218691017478704,0.060666292905807495,0.17136642709374428,1.6231007054448128,0.3314440995454788,,0.8870787620544434,0.06882797926664352,1.0258358381688595,,,,,,18,0,7,2,7,,8,10,14,object,
freecell,probfreecell-6-3.pddl,abs-fd,timed out,1800.1037828028202,abstract_fd_search,,0.3774181604385376,0.004645742475986481,,22.249842781573534,0.06170627474784851,0.17377619072794914,1.6375453248620033,0.34398090466856956,,0.876201193779707,,,0.10757243633270264,,,,,18,0,7,2,7,,,10,14,object,
freecell,probfreecell-6-3.pddl,asp,timed out,1800.0523272678256,concrete_asp,,,,,,,,1.5698260255157948,,,0.8369041755795479,,,,,,,,,,,,,,,20,,,
freecell,probfreecell-6-3.pddl,fd,success,4.190613139420748,total,1.921504,,,,,,,,,1.913312,,,,,,,,valid,,,,,,33,,,,,
freecell,probfreecell-6-4.pddl,abs-asp,timed out,1800.1496872864664,abstract_solving,,0.3620654456317425,0.004370000213384628,,22.162524946033955,0.060095805674791336,0.1699606329202652,1.58408859744668,0.33892781659960747,,0.8781825006008148,0.06851512938737869,0.42708243802189827,,,,,,18,0,5,6,5,,6,12,14,object,
freecell,probfreecell-6-4.pddl,abs-fd,timed out,1800.1500427611172,abstract_fd_search,,0.37813199684023857,0.00443403422832489,,22.184770923107862,0.06075718626379967,0.16925371065735817,1.607422698289156,0.3312595374882221,,0.8798873610794544,,,0.09967992827296257,,,,,18,0,5,6,5,,,12,14,object,
freecell,probfreecell-6-4.pddl,asp,timed out,1800.0553559623659,concrete_asp,,,,,,,,1.558306910097599,,,0.843313429504633,,,,,,,,,,,,,,,18,,,
freecell,probfreecell-6-4.pddl,fd,success,5.119016166776419,total,1.970401,,,,,,,,,1.963619,,,,,,,,valid,,,,,,33,,,,,
freecell,probfreecell-6-5.pddl,abs-asp,timed out,1800.1524011455476,abstract_solving,,0.37758757919073105,0.004399500787258148,,22.336665771901608,0.060241084545850754,0.1713162548840046,1.5633222460746765,0.3301955834031105,,0.8730450123548508,0.06978786736726761,0.5740177482366562,,,,,,18,0,5,8,5,,6,14,14,object,
freecell,probfreecell-6-5.pddl,abs-fd,timed out,1800.1532404404134,abstract_fd_search,,0.3601046986877918,0.004455305635929108,,22.061897233128548,0.06047777645289898,0.1751694455742836,1.5882769078016281,0.3445916809141636,,0.8770049326121807,,,0.10065868683159351,,,,,18,0,5,7,5,,,13,14,object,
freecell,probfreecell-6-5.pddl,asp,timed out,1800.143783815205,concrete_asp,,,,,,,,1.5866666324436665,,,0.8251386396586895,,,,,,,,,,,,,,,20,,,
freecell,probfreecell-6-5.pddl,fd,success,4.099494710564613,total,1.929116,,,,,,,,,1.921316,,,,,,,,valid,,,,,,39,,,,,
freecell,probfreecell-7-1.pddl,abs-asp,timed out,1800.1902694143355,abstract_solving,,0.39261728152632713,0.004431579262018204,,30.42742158100009,0.06686933152377605,0.2088283747434616,1.935546988621354,0.37242773547768593,,1.0287861283868551,0.09152893722057343,6.53238208591938,,,,,,18,0,10,0,10,,11,11,14,object,
freecell,probfreecell-7-1.pddl,abs-fd,timed out,1800.1833732835948,abstract_fd_search,,0.3685457892715931,0.00443638488650322,,30.402977738529444,0.06632852926850319,0.2071712203323841,1.9444755353033543,0.3775341734290123,,1.0152159705758095,,,0.1043284609913826,,,,,18,0,10,0,10,,,11,14,object,
freecell,probfreecell-7-1.pddl,asp,timed out,1800.1487617902458,concrete_asp,,,,,,,,1.910719346255064,,,0.9677351973950863,,,,,,,,,,,,,,,23,,,
freecell,probfreecell-7-1.pddl,fd,success,5.6621597949415445,total,2.438358,,,,,,,,,2.430493,,,,,,,,valid,,,,,,43,,,,,
freecell,probfreecell-7-2.pddl,abs-asp,timed out,1800.1516914330423,abstract_solving,,0.37234028428792953,0.004413817077875137,,30.501639522612095,0.0664772279560566,0.209445770829916,1.9513307586312294,0.3821542337536812,,1.0403218194842339,0.0921083316206932,4.011149849742651,,,,,,18,0,6,0,9,,10,7,14,object,
freecell,probfreecell-7-2.pddl,abs-fd,timed out,1800.1707685738802,abstract_fd_search,,0.4084597434848547,0.004432091489434242,,30.53898948058486,0.0669541247189045,0.20884492248296738,1.8998538609594107,0.4326407462358475,,1.0478731077164412,,,0.10995195806026459,,,,,18,0,9,0,9,,,10,14,object,
freecell,probfreecell-7-2.pddl,asp,timed out,1800.1512573333457,concrete_asp,,,,,,,,1.9140046881511807,,,0.9693269990384579,,,,,,,,,,,,,,,21,,,
freecell,probfreecell-7-2.pddl,fd,success,5.246499597094953,total,2.407303,,,,,,,,,2.400282,,,,,,,,valid,,,,,,36,,,,,
freecell,probfreecell-7-3.pddl,abs-asp,timed out,1800.1182295531034,abstract_solving,,0.3640587069094181,0.0044640228152275085,,30.492939472198486,0.06597905233502388,0.20565035194158554,1.9095065407454967,0.37609394267201424,,1.0306777358055115,0.09004533290863037,9.383999735116959,,,,,,18,0,11,0,11,,12,12,14,object,
freecell,probfreecell-7-3.pddl,abs-fd,timed out,1800.2126545235515,abstract_fd_search,,0.38438187167048454,0.004406623542308807,,30.680627163499594,0.0662665143609047,0.20767517760396004,2.0011584125459194,0.39117735251784325,,1.0276398733258247,,,0.1050129272043705,,,,,18,0,11,0,11,,,12,14,object,
freecell,probfreecell-7-3.pddl,asp,timed out,1800.0760632157326,concrete_asp,,,,,,,,1.921608466655016,,,0.9714278243482113,,,,,,,,,,,,,,,25,,,
freecell,probfreecell-7-3.pddl,fd,success,4.681602880358696,total,2.40755,,,,,,,,,2.39902,,,,,,,,valid,,,,,,37,,,,,
freecell,probfreecell-7-4.pddl,abs-asp,timed out,1800.1814029887319,abstract_solving,,0.33475252240896225,0.004274379462003708,,29.66937818750739,0.06583874672651291,0.20460961014032364,1.7842548415064812,0.32479239255189896,,0.9602027460932732,0.08551104739308357,1.2790037281811237,,,,,,18,0,6,11,6,,7,18,14,object,
freecell,probfreecell-7-4.pddl,abs-fd,timed out,1800.164600621909,abstract_fd_search,,0.40601198747754097,0.004536189138889313,,30.6120119728148,0.06643309444189072,0.21092216297984123,1.9499735906720161,0.39070093631744385,,1.0376862436532974,,,0.11048790067434311,,,,,18,0,6,7,6,,,14,14,object,
freecell,probfreecell-7-4.pddl,asp,timed out,1800.1505723297596,concrete_asp,,,,,,,,1.9112902032211423,,,0.9756272528320551,,,,,,,,,,,,,,,23,,,
freecell,probfreecell-7-4.pddl,fd,success,5.858476344496012,total,2.486408,,,,,,,,,2.478462,,,,,,,,valid,,,,,,47,,,,,
freecell,probfreecell-7-5.pddl,abs-asp,timed out,1800.1613847278059,abstract_solving,,0.3803955838084221,0.004487019032239914,,30.53962978348136,0.06636510789394379,0.21012460812926292,1.9554842002689838,0.37258558347821236,,1.0359754115343094,0.09101229533553123,3.3975037559866905,,,,,,18,0,7,4,7,,8,12,14,object,
freecell,probfreecell-7-5.pddl,abs-fd,timed out,1800.1604690477252,abstract_fd_search,,0.38775182142853737,0.004342410713434219,,30.66622118651867,0.0667644701898098,0.20770014822483063,1.9226542189717293,0.3692231811583042,,1.0400709062814713,,,0.1020096093416214,,,,,18,0,7,4,7,,,12,14,object,
freecell,probfreecell-7-5.pddl,asp,timed out,1800.1516011804342,concrete_asp,,,,,,,,1.914095863699913,,,0.9715591482818127,,,,,,,,,,,,,,,22,,,
freecell,probfreecell-7-5.pddl,fd,success,4.74388874694705,total,2.410197,,,,,,,,,2.400931,,,,,,,,valid,,,,,,44,,,,,
freecell,probfreecell-8-1.pddl,abs-asp,timed out,1800.182750955224,abstract_solving,,0.3932168073952198,0.004594834521412849,,41.08246950246394,0.0715877003967762,0.2507324256002903,2.1912683732807636,0.4231058657169342,,1.194967158138752,0.11625643633306026,1.6945477072149515,,,,,,18,0,6,11,6,,7,18,14,object,
freecell,probfreecell-8-1.pddl,abs-fd,timed out,1800.16439011693,abstract_fd_search,,0.39262719079852104,0.004506327211856842,,41.22150529921055,0.07146666198968887,0.24435843154788017,2.1509762220084667,0.42775529623031616,,1.1966356709599495,,,0.11263610795140266,,,,,18,0,6,11,6,,,18,14,object,
freecell,probfreecell-8-1.pddl,asp,timed out,1800.0708059631288,concrete_asp,,,,,,,,2.1008937433362007,,,1.1223199479281902,,,,,,,,,,,,,,,25,,,
freecell,probfreecell-8-1.pddl,fd,success,5.0851327404379845,total,2.74317,,,,,,,,,2.735667,,,,,,,,valid,,,,,,57,,,,,
freecell,probfreecell-8-2.pddl,abs-asp,timed out,1800.1772028654814,abstract_solving,,0.3876746743917465,0.00454283133149147,,40.75334621220827,0.0721951276063919,0.2510855607688427,2.0975347124040127,0.4205983877182007,,1.1843218095600605,0.1151774488389492,20.63214300572872,,,,,,18,0,10,4,10,,11,15,14,object,
freecell,probfreecell-8-2.pddl,abs-fd,timed out,1800.1992649305612,abstract_fd_search,,0.3965612258762121,0.0045059360563755035,,41.09074256941676,0.07166420295834541,0.24968632496893406,2.141463901847601,0.42370867915451527,,1.1939649283885956,,,0.11135027930140495,,,,,18,0,10,0,10,,,11,14,object,
freecell,probfreecell-8-2.pddl,asp,timed out,1800.06284378469,concrete_asp,,,,,,,,2.105298701673746,,,1.1064265482127666,,,,,,,,,,,,,,,22,,,
freecell,probfreecell-8-2.pddl,fd,success,5.037784308195114,total,2.666339,,,,,,,,,2.659533,,,,,,,,valid,,,,,,49,,,,,
freecell,probfreecell-8-3.pddl,abs-asp,timed out,1800.207592073828,abstract_solving,,0.3975965231657028,0.004531212151050568,,41.17321637272835,0.07163653522729874,0.24925265088677406,2.106597173959017,0.42214902862906456,,1.1752716265618801,0.11556212231516838,4.633049983531237,,,,,,18,0,9,6,9,,10,16,14,object,
freecell,probfreecell-8-3.pddl,abs-fd,timed out,1800.188156887889,abstract_fd_search,,0.4090201370418072,0.004528626799583435,,41.208154529333115,0.07218627259135246,0.24776878952980042,2.125465728342533,0.4193032570183277,,1.1859967932105064,,,0.11174729466438293,,,,,18,0,9,2,9,,,12,14,object,
freecell,probfreecell-8-3.pddl,asp,timed out,1800.149694185704,concrete_asp,,,,,,,,2.084254629909992,,,1.0990350283682346,,,,,,,,,,,,,,,22,,,
freecell,probfreecell-8-3.pddl,fd,success,6.096375122666359,total,2.800203,,,,,,,,,2.793727,,,,,,,,valid,,,,,,49,,,,,
freecell,probfreecell-8-4.pddl,abs-asp,timed out,1800.1809407174587,abstract_solving,,0.4118218757212162,0.0047432295978069305,,41.53353599831462,0.07159891724586487,0.24993839114904404,2.1461535282433033,0.48544883355498314,,1.2020850516855717,0.11719448119401932,2.6850446574389935,,,,,,18,0,7,0,9,,10,8,14,object,
freecell,probfreecell-8-4.pddl,abs-fd,timed out,1800.2005674876273,abstract_fd_search,,0.404259379953146,0.004914838820695877,,41.23997040838003,0.07173899188637733,0.25456106290221214,2.166613407433033,0.442181970924139,,1.1943090558052063,,,0.11580413207411766,,,,,18,0,9,4,9,,,14,14,object,
freecell,probfreecell-8-4.pddl,asp,timed out,1800.153469759971,concrete_asp,,,,,,,,2.1011919155716896,,,1.1121695451438427,,,,,,,,,,,,,,,24,,,
freecell,probfreecell-8-4.pddl,fd,success,4.9979998506605625,total,2.696569,,,,,,,,,2.689957,,,,,,,,valid,,,,,,49,,,,,
freecell,probfreecell-8-5.pddl,abs-asp,timed out,1800.1043402552605,abstract_solving,,0.41045728512108326,0.0047713760286569595,,41.467652982100844,0.07229258492588997,0.25058053247630596,2.1891907267272472,0.4452669080346823,,1.1903632711619139,0.12125089019536972,104.67820371873677,,,,,,18,0,9,0,12,,13,10,14,object,
freecell,probfreecell-8-5.pddl,abs-fd,timed out,1800.1877929009497,abstract_fd_search,,0.38919370621442795,0.004614748060703278,,40.887400433421135,0.08518850430846214,0.24814878404140472,2.093061864376068,0.4205033667385578,,1.184764750301838,,,0.11255982145667076,,,,,18,0,9,0,12,,,10,14,object,
freecell,probfreecell-8-5.pddl,asp,timed out,1800.1524598933756,concrete_asp,,,,,,,,2.090285900980234,,,1.101434700191021,,,,,,,,,,,,,,,24,,,
freecell,probfreecell-8-5.pddl,fd,success,6.232893129810691,total,2.838597,,,,,,,,,2.829466,,,,,,,,valid,,,,,,57,,,,,
freecell,probfreecell-9-1.pddl,abs-asp,timed out,1800.18017340824,abstract_solving,,0.41685131937265396,0.004789531230926514,,53.975139390677214,0.07862623780965805,0.29254861176013947,2.7427064329385757,0.5020724385976791,,1.3446478620171547,0.14651848375797272,1.6809005178511143,,,,,,18,0,7,12,7,,8,20,14,object,
freecell,probfreecell-9-1.pddl,abs-fd,timed out,1800.156653277576,abstract_fd_search,,0.39553435146808624,0.005046851933002472,,53.09222526848316,0.07748710736632347,0.29262299835681915,2.415060006082058,0.4662836454808712,,1.3401270657777786,,,0.11576060950756073,,,,,18,0,7,11,7,,,19,14,object,
freecell,probfreecell-9-1.pddl,asp,timed out,1800.1543166907504,concrete_asp,,,,,,,,2.5382936680689454,,,1.2547106062993407,,,,,,,,,,,,,,,27,,,
freecell,probfreecell-9-1.pddl,fd,success,6.2621078584343195,total,3.334286,,,,,,,,,3.325845,,,,,,,,valid,,,,,,61,,,,,
freecell,probfreecell-9-2.pddl,abs-asp,timed out,1800.1759384199977,abstract_solving,,0.4201841577887535,0.004538979381322861,,53.1683833822608,0.07753687724471092,0.290658101439476,2.569864857941866,0.4941747412085533,,1.32285226136446,0.14082997664809227,5.415932349860668,,,,,,18,0,9,0,9,,10,10,14,object,
freecell,probfreecell-9-2.pddl,abs-fd,timed out,1800.178373888135,abstract_fd_search,,0.409951850771904,0.004530809819698334,,53.00166625529528,0.07746139168739319,0.29792509600520134,2.5409597903490067,0.4770417548716068,,1.3245292976498604,,,0.1375264637172222,,,,,18,0,9,6,9,,,16,14,object,
freecell,probfreecell-9-2.pddl,asp,timed out,1800.1547946743667,concrete_asp,,,,,,,,2.4796504750847816,,,1.2435342567041516,,,,,,,,,,,,,,,26,,,
freecell,probfreecell-9-2.pddl,fd,success,7.135881669819355,total,3.417354,,,,,,,,,3.409453,,,,,,,,valid,,,,,,58,,,,,
freecell,probfreecell-9-3.pddl,abs-asp,timed out,1800.2354689389467,abstract_solving,,0.3622669018805027,0.004427745938301086,,52.42840397357941,0.0762735903263092,0.28381719812750816,2.2797783948481083,0.42085423693060875,,1.247603204101324,0.13454608246684074,73.06555439159274,,,,,,18,0,12,0,12,,13,13,14,object,
freecell,probfreecell-9-3.pddl,abs-fd,timed out,1800.2283892184496,abstract_fd_search,,0.4100877195596695,0.004511721432209015,,53.50621194019914,0.07698531076312065,0.29253896325826645,2.5056461431086063,0.4658208340406418,,1.3315875679254532,,,0.1174372173845768,,,,,18,0,11,0,12,,,12,14,object,
freecell,probfreecell-9-3.pddl,asp,timed out,1800.1735055446625,concrete_asp,,,,,,,,2.6240364015102386,,,1.2620667293667793,,,,,,,,,,,,,,,24,,,
freecell,probfreecell-9-3.pddl,fd,success,6.535008776932955,total,3.303749,,,,,,,,,3.297529,,,,,,,,valid,,,,,,52,,,,,
freecell,probfreecell-9-4.pddl,abs-asp,timed out,1800.0625463537872,abstract_solving,,0.39867670089006424,0.004567921161651611,,53.21036066301167,0.077027203515172,0.29042917117476463,2.5321262534707785,0.48001954331994057,,1.3417153470218182,0.14257840812206268,2.642449861392379,,,,,,18,0,8,6,8,,9,15,14,object,
freecell,probfreecell-9-4.pddl,abs-fd,timed out,1800.1657230760902,abstract_fd_search,,0.36435523070394993,0.004525940865278244,,52.05615918710828,0.07715178094804287,0.29436724446713924,2.2492663748562336,0.4244689717888832,,1.241720324382186,,,0.09759582951664925,,,,,18,0,8,7,8,,,16,14,object,
freecell,probfreecell-9-4.pddl,asp,timed out,1800.1439389809966,concrete_asp,,,,,,,,2.5364242792129517,,,1.2515185177326202,,,,,,,,,,,,,,,29,,,
freecell,probfreecell-9-4.pddl,fd,success,6.56327747553587,total,3.411141,,,,,,,,,3.402447,,,,,,,,valid,,,,,,64,,,,,
freecell,probfreecell-9-5.pddl,abs-asp,timed out,1800.2224867604673,abstract_solving,,0.4038536548614502,0.004601582884788513,,53.276859268546104,0.07803336903452873,0.3077547922730446,2.541492775082588,0.4744931608438492,,1.352457370609045,0.14359894767403603,27.382819540798664,,,,,,18,0,10,7,10,,11,18,14,object,
freecell,probfreecell-9-5.pddl,abs-fd,timed out,1800.1796418577433,abstract_fd_search,,0.40281151607632637,0.004544317722320557,,53.46981081739068,0.07707203552126884,0.29104045033454895,2.560370061546564,0.4809143729507923,,1.3418315798044205,,,0.14254751428961754,,,,,18,0,10,4,10,,,15,14,object,
freecell,probfreecell-9-5.pddl,asp,timed out,1800.0650266297162,concrete_asp,,,,,,,,2.516446653753519,,,1.2443967908620834,,,,,,,,,,,,,,,27,,,
freecell,probfreecell-9-5.pddl,fd,success,6.509128719568253,total,3.379044,,,,,,,,,3.372157,,,,,,,,valid,,,,,,66,,,,,
mprime,prob01.pddl,abs-asp,success,4.862377770245075,total,2.458594,0.181595,0.002582,,0.517103,0.012709,0.074501,0.277075,0.273713,,0.062978,0.063511,0.34165,,0.569497,,,valid,4,1,0,0,5,10,6,1,4,object,
mprime,prob01.pddl,abs-fd,success,5.507255710661411,total,2.306205,0.188785,0.002607,,0.601533,0.012767,0.073345,0.344584,0.278933,,0.067151,,,0.100741,0.554084,,,valid,4,1,0,0,5,10,,1,4,object,
mprime,prob01.pddl,asp,success,2.753022912889719,total,0.690894,,,,,,,0.291651,,,0.061483,,,,0.318977,,,valid,,,,,,5,,6,,,
mprime,prob01.pddl,fd,success,2.676272973418236,total,0.322886,,,,,,,,,0.314319,,,,,,,,valid,,,,,,5,,,,,
mprime,prob02.pddl,abs-asp,success,10.739632986485958,total,8.244689,0.206385,0.002739,,3.129229,0.019326,0.340851,0.563411,0.346126,,0.250279,0.054456,0.483294,,2.737877,,,valid,4,1,0,0,7,14,8,1,4,object,
mprime,prob02.pddl,abs-fd,success,10.313204638659954,total,8.245212,0.199937,0.002708,,3.103601,0.019183,0.349617,0.54032,0.341417,,0.249851,,,0.096317,3.23253,,,valid,4,1,0,0,9,19,,1,4,object,
mprime,prob02.pddl,asp,success,7.476528720930219,total,5.057936,,,,,,,0.544955,,,0.23287,,,,4.241527,,,valid,,,,,,7,,8,,,
mprime,prob02.pddl,fd,success,3.3646236024796963,total,0.637245,,,,,,,,,0.629325,,,,,,,,valid,,,,,,13,,,,,
mprime,prob03.pddl,abs-asp,success,7.795477082952857,total,5.454322,0.19975,0.002612,,1.785665,0.016394,0.248077,0.446772,0.382807,,0.186102,0.105554,0.513497,,1.469568,,,valid,4,1,0,0,4,8,5,1,3,object,
mprime,prob03.pddl,abs-fd,success,6.980081457644701,total,4.930714,0.19478,0.002723,,1.769327,0.0166,0.251602,0.451653,0.386336,,0.187232,,,0.109849,1.471846,,,valid,4,1,0,0,4,8,,1,3,object,
mprime,prob03.pddl,asp,success,3.9497689716517925,total,1.57359,,,,,,,0.475712,,,0.175728,,,,0.894167,,,valid,,,,,,4,,5,,,
mprime,prob03.pddl,fd,success,2.6799182444810867,total,0.519018,,,,,,,,,0.512008,,,,,,,,valid,,,,,,6,,,,,
mprime,prob04.pddl,abs-asp,success,5.158305559307337,total,3.140544,0.186915,0.002581,,0.630426,0.013422,0.119853,0.295215,0.291916,,0.07833,0.07007,0.475513,,0.879408,,,valid,4,1,0,0,8,14,9,1,2,object,
mprime,prob04.pddl,abs-fd,success,6.519497148692608,total,2.914712,0.206432,0.002612,,0.70525,0.013539,0.121453,0.303459,0.301762,,0.080466,,,0.101439,0.98772,,,valid,4,1,0,0,9,18,,1,2,object,
mprime,prob04.pddl,asp,success,3.274664392694831,total,0.960182,,,,,,,0.335978,,,0.075589,,,,0.519844,,,valid,,,,,,8,,9,,,
mprime,prob04.pddl,fd,success,2.3901342498138547,total,0.32957,,,,,,,,,0.321814,,,,,,,,valid,,,,,,9,,,,,
mprime,prob05.pddl,abs-asp,success,13.007549315690994,total,9.474635,0.216751,0.002706,,2.338072,0.017775,0.281629,0.540605,0.309537,,0.208806,0.038738,2.311058,,3.073356,,,valid,4,1,0,0,11,22,12,1,4,object,
mprime,prob05.pddl,abs-fd,success,10.065646089613438,total,7.091202,0.204535,0.002684,,2.317109,0.017691,0.280408,0.505677,0.305129,,0.207599,,,0.091616,3.063105,,,valid,4,1,0,0,11,22,,1,4,object,
mprime,prob05.pddl,asp,success,16.977320700883865,total,14.994763,,,,,,,0.440073,,,0.194871,,,,14.327224,,,valid,,,,,,11,,12,,,
mprime,prob05.pddl,fd,success,4.150537546724081,total,0.601301,,,,,,,,,0.593579,,,,,,,,valid,,,,,,14,,,,,
mprime,prob06.pddl,abs-asp,success,208.85518138110638,total,206.445562,0.305343,0.00289,,85.175108,0.027135,0.413577,2.684698,1.647332,,1.429242,0.762155,90.98845,,22.50707,,,valid,4,1,0,0,11,22,12,1,4,object,
mprime,prob06.pddl,abs-fd,success,133.71294803358614,total,131.141596,0.305408,0.002919,,85.253681,0.027702,0.425349,2.579095,1.648329,,1.412422,,,0.492609,38.360224,,,valid,4,1,0,0,23,46,,1,4,object,
mprime,prob06.pddl,asp,success,309.2021776512265,total,306.578899,,,,,,,2.582381,,,1.320688,,,,302.480405,,,valid,,,,,,11,,12,,,
mprime,prob06.pddl,fd,success,5.425499029457569,total,3.1986,,,,,,,,,3.190672,,,,,,,,valid,,,,,,22,,,,,
mprime,prob07.pddl,abs-asp,success,5.68758649379015,total,3.606213,0.206531,0.00266,,0.861691,0.017075,0.408428,0.335992,0.323941,,0.101116,0.043761,0.24359,,0.984852,,,valid,4,1,0,0,5,7,6,1,2,object,
mprime,prob07.pddl,abs-fd,success,5.453494124114513,total,3.40661,0.202513,0.002633,,0.861638,0.017111,0.403127,0.339197,0.320829,,0.102122,,,0.095045,0.980055,,,valid,4,1,0,0,5,6,,1,2,object,
mprime,prob07.pddl,asp,success,2.5266966857016087,total,0.847842,,,,,,,0.29592,,,0.088468,,,,0.450754,,,valid,,,,,,5,,6,,,
mprime,prob07.pddl,fd,success,2.384432442486286,total,0.374036,,,,,,,,,0.367245,,,,,,,,valid,,,,,,5,,,,,
mprime,prob08.pddl,abs-asp,success,25.30485538393259,total,23.583061,0.208505,0.00253,,13.81732,0.022851,0.321708,0.954404,0.694312,,0.539393,0.27819,1.558588,,5.082964,,,valid,4,1,0,0,6,12,7,1,4,object,
mprime,prob08.pddl,abs-fd,success,25.901368461549282,total,23.730872,0.222221,0.002697,,14.162451,0.023323,0.356343,1.044272,0.820013,,0.582594,,,0.147946,6.227772,,,valid,4,1,0,0,7,14,,1,4,object,
mprime,prob08.pddl,asp,success,8.438525475561619,total,5.042852,,,,,,,1.101293,,,0.549332,,,,3.345313,,,valid,,,,,,6,,7,,,
mprime,prob08.pddl,fd,success,3.6847583949565887,total,1.188974,,,,,,,,,1.180544,,,,,,,,valid,,,,,,7,,,,,
mprime,prob09.pddl,abs-asp,success,9.227115781977773,total,5.919294,0.204481,0.00276,,1.713629,0.016604,0.258975,0.493836,0.30665,,0.177329,0.049074,0.53525,,2.050297,,,valid,4,1,0,0,8,16,9,1,4,object,
mprime,prob09.pddl,abs-fd,success,8.559046119451523,total,5.344747,0.203282,0.002768,,1.688177,0.016519,0.257573,0.435415,0.308654,,0.172612,,,0.097312,2.06535,,,valid,4,1,0,0,8,16,,1,4,object,
mprime,prob09.pddl,asp,success,4.826601177453995,total,2.535326,,,,,,,0.418443,,,0.15462,,,,1.941199,,,valid,,,,,,8,,9,,,
mprime,prob09.pddl,fd,success,2.0776128247380257,total,0.428031,,,,,,,,,0.425117,,,,,,,,valid,,,,,,11,,,,,
mprime,prob11.pddl,abs-asp,success,5.318311419337988,total,3.253681,0.183116,0.002692,,0.686884,0.014506,0.118138,0.311747,0.298535,,0.087826,0.075651,0.475012,,0.91173,,,valid,4,1,0,0,7,12,8,1,3,object,
mprime,prob11.pddl,abs-fd,success,4.913162641227245,total,2.803438,0.185114,0.002701,,0.683671,0.014695,0.120621,0.306737,0.298485,,0.086896,,,0.100111,0.935907,,,valid,4,1,0,0,7,12,,1,3,object,
mprime,prob11.pddl,asp,success,2.9507096223533154,total,0.926037,,,,,,,0.309461,,,0.083062,,,,0.507545,,,valid,,,,,,7,,8,,,
mprime,prob11.pddl,fd,success,2.358908459544182,total,0.338887,,,,,,,,,0.332249,,,,,,,,valid,,,,,,7,,,,,
mprime,prob12.pddl,abs-asp,success,6.212278312072158,total,4.511055,0.174537,0.002454,,1.257681,0.014425,0.107943,0.342327,0.332771,,0.136933,0.123688,0.70594,,1.254536,,,valid,4,1,0,0,6,10,7,1,3,object,
mprime,prob12.pddl,abs-fd,success,6.77119305729866,total,4.338458,0.189414,0.00267,,1.342953,0.014818,0.113201,0.411323,0.383034,,0.151145,,,0.110046,1.52549,,,valid,4,1,0,0,7,8,,1,3,object,
mprime,prob12.pddl,asp,success,3.8182441629469395,total,1.314332,,,,,,,0.379848,,,0.131653,,,,0.788921,,,valid,,,,,,6,,7,,,
mprime,prob12.pddl,fd,success,2.4442945681512356,total,0.435154,,,,,,,,,0.428429,,,,,,,,valid,,,,,,11,,,,,
mprime,prob16.pddl,abs-asp,success,16.9736993573606,total,14.888184,0.20557,0.002814,,7.073512,0.019664,0.311006,0.811055,0.535584,,0.423884,0.181818,1.132705,,4.058345,,,valid,4,1,0,0,6,13,7,1,4,object,
mprime,prob16.pddl,abs-fd,success,15.729752726852894,total,13.622863,0.19847,0.002742,,7.092082,0.019431,0.30542,0.815612,0.539505,,0.424991,,,0.123887,3.992068,,,valid,4,1,0,0,6,12,,1,4,object,
mprime,prob16.pddl,asp,success,7.086331624537706,total,4.079321,,,,,,,0.865193,,,0.398517,,,,2.77719,,,valid,,,,,,6,,7,,,
mprime,prob16.pddl,fd,success,3.61924946680665,total,0.96237,,,,,,,,,0.954775,,,,,,,,valid,,,,,,7,,,,,
mprime,prob17.pddl,abs-asp,success,117.22245072573423,total,114.969262,0.307773,0.002839,,95.093016,0.027309,0.508555,2.603455,1.276191,,1.41631,0.378436,1.887288,,11.288333,,,valid,4,1,0,0,4,8,5,1,4,object,
mprime,prob17.pddl,abs-fd,success,116.79290269687772,total,114.366086,0.322571,0.003004,,96.179086,0.027758,0.504734,2.656891,1.328975,,1.436542,,,0.166906,11.571003,,,valid,4,1,0,0,4,8,,1,4,object,
mprime,prob17.pddl,asp,success,12.686143580824137,total,10.415031,,,,,,,2.556056,,,1.302806,,,,6.505324,,,valid,,,,,,4,,5,,,
mprime,prob17.pddl,fd,success,5.871995378285646,total,2.891209,,,,,,,,,2.884993,,,,,,,,valid,,,,,,4,,,,,
mprime,prob18.pddl,abs-asp,success,390.2810017839074,total,387.907233,0.308213,0.002772,,130.997075,0.04013,0.412949,3.161093,2.396846,,1.74454,1.201985,196.22715,,50.472096,,,valid,4,1,0,0,17,35,18,1,4,object,
mprime,prob18.pddl,abs-fd,timed out,1800.2903399206698,abstract_fd_search,,0.30189524963498116,0.002818174660205841,,130.95261584967375,0.02699356898665428,0.42176155000925064,3.3209485560655594,2.407223880290985,,1.761272344738245,,,0.4481703042984009,,,,,4,1,15,0,23,,,16,4,object,
mprime,prob18.pddl,asp,success,418.76117669790983,total,415.781256,,,,,,,3.298497,,,1.632046,,,,410.50604,,,valid,,,,,,17,,18,,,
mprime,prob18.pddl,fd,success,6.4053629748523235,total,4.095823,,,,,,,,,4.088296,,,,,,,,valid,,,,,,20,,,,,
mprime,prob19.pddl,abs-asp,success,55.45126819983125,total,52.570953,0.242348,0.002748,,36.49248,0.02441,0.364069,1.585228,0.926726,,0.921799,0.32219,2.111001,,9.314536,,,valid,4,1,0,0,6,12,7,1,4,object,
mprime,prob19.pddl,abs-fd,success,54.988709822297096,total,51.829028,0.226911,0.002718,,36.396498,0.024305,0.367561,1.602274,0.934361,,0.922474,,,0.167767,10.909769,,,valid,4,1,0,0,8,16,,1,4,object,
mprime,prob19.pddl,asp,success,10.874092791229486,total,8.655009,,,,,,,1.598725,,,0.858783,,,,6.129721,,,valid,,,,,,6,,7,,,
mprime,prob19.pddl,fd,success,4.131292641162872,total,1.855399,,,,,,,,,1.845083,,,,,,,,valid,,,,,,8,,,,,
mprime,prob21.pddl,abs-asp,success,65.91629477590322,total,63.719346,0.303117,0.002766,,50.117757,0.026435,0.588322,1.584194,0.592454,,0.927576,0.042509,0.26414,,9.095721,,,valid,4,1,0,0,6,12,7,1,4,object,
mprime,prob21.pddl,abs-fd,success,65.78277052566409,total,63.561978,0.301698,0.002786,,50.081666,0.026476,0.584231,1.611526,0.591063,,0.907971,,,0.094231,9.206311,,,valid,4,1,0,0,6,12,,1,4,object,
mprime,prob21.pddl,asp,success,9.846296798437834,total,7.800692,,,,,,,1.475526,,,0.820348,,,,5.462261,,,valid,,,,,,6,,7,,,
mprime,prob21.pddl,fd,success,4.3915635123848915,total,1.908703,,,,,,,,,1.900547,,,,,,,,valid,,,,,,7,,,,,
mprime,prob23.pddl,abs-asp,success,105.30686860531569,total,102.939826,0.30264,0.002787,,67.115991,0.026918,0.444687,2.171969,1.306086,,1.242249,0.471768,11.776671,,17.697768,,,valid,4,1,0,0,10,20,11,1,4,object,
mprime,prob23.pddl,abs-fd,success,95.04441258870065,total,91.375956,0.321658,0.00281,,67.067346,0.027215,0.44991,2.215342,1.301832,,1.247251,,,0.185507,18.237578,,,valid,4,1,0,0,11,22,,1,4,object,
mprime,prob23.pddl,asp,success,84.9775751940906,total,81.935558,,,,,,,2.228245,,,1.18502,,,,78.361062,,,valid,,,,,,10,,11,,,
mprime,prob23.pddl,fd,success,4.989449789747596,total,2.507748,,,,,,,,,2.498102,,,,,,,,valid,,,,,,11,,,,,
mprime,prob24.pddl,abs-asp,success,143.06016208603978,total,140.684804,0.325207,0.003216,,107.023134,0.02958,0.817477,2.703437,1.977011,,1.537145,0.901915,6.676743,,18.300307,,,valid,4,1,0,0,8,16,9,1,4,object,
mprime,prob24.pddl,abs-fd,success,135.69650080800056,total,133.327913,0.322236,0.003312,,106.935834,0.029429,0.843809,2.810256,1.970893,,1.534572,,,0.2804,18.330619,,,valid,4,1,0,0,8,15,,1,4,object,
mprime,prob24.pddl,asp,success,16.069186877459288,total,13.871978,,,,,,,2.526196,,,1.326549,,,,9.941481,,,valid,,,,,,8,,9,,,
mprime,prob24.pddl,fd,success,5.140085022896528,total,2.974242,,,,,,,,,2.966485,,,,,,,,valid,,,,,,13,,,,,
mprime,prob25.pddl,abs-asp,success,3.552635945379734,total,1.303471,0.167355,0.002412,,0.274057,0.01149,0.055293,0.21055,0.181321,,0.027315,0.023686,0.120854,,0.192962,,,valid,4,1,0,0,4,7,5,1,4,object,
mprime,prob25.pddl,abs-fd,success,3.402077790349722,total,1.406951,0.166719,0.002554,,0.304204,0.011771,0.056318,0.223725,0.220813,,0.027209,,,0.088489,0.2404,,,valid,4,1,0,0,5,9,,1,4,object,
mprime,prob25.pddl,asp,success,3.6017587762326,total,0.514858,,,,,,,0.308593,,,0.042141,,,,0.142037,,,valid,,,,,,4,,5,,,
mprime,prob25.pddl,fd,success,3.003992337733507,total,0.285308,,,,,,,,,0.278878,,,,,,,,valid,,,,,,4,,,,,
mprime,prob26.pddl,abs-asp,success,12.59494934976101,total,9.668576,0.205793,0.002697,,3.514583,0.01961,0.236052,0.618084,0.50482,,0.288694,0.202456,1.251138,,2.711639,,,valid,4,1,0,0,6,12,7,1,4,object,
mprime,prob26.pddl,abs-fd,success,10.367680914700031,total,8.306851,0.199952,0.002695,,3.469727,0.019819,0.258824,0.585846,0.50609,,0.302374,,,0.12428,2.740858,,,valid,4,1,0,0,6,12,,1,4,object,
mprime,prob26.pddl,asp,success,5.171674255281687,total,2.52795,,,,,,,0.595029,,,0.268061,,,,1.63349,,,valid,,,,,,6,,7,,,
mprime,prob26.pddl,fd,success,3.323479302227497,total,0.655887,,,,,,,,,0.646984,,,,,,,,valid,,,,,,6,,,,,
mprime,prob27.pddl,abs-asp,success,18.404937639832497,total,16.361618,0.191806,0.002799,,7.879248,0.017039,0.258381,0.773256,0.8068,,0.403783,0.379,2.041466,,3.471137,,,valid,4,1,0,0,5,8,6,1,4,object,
mprime,prob27.pddl,abs-fd,success,16.079357504844666,total,14.052682,0.192143,0.002723,,7.883561,0.016891,0.261611,0.772507,0.783876,,0.403796,,,0.161535,3.466231,,,valid,4,1,0,0,5,10,,1,4,object,
mprime,prob27.pddl,asp,success,4.504820331931114,total,2.829296,,,,,,,0.696645,,,0.349304,,,,1.765226,,,valid,,,,,,5,,6,,,
mprime,prob27.pddl,fd,success,2.8697850182652473,total,0.855276,,,,,,,,,0.848031,,,,,,,,valid,,,,,,5,,,,,
mprime,prob28.pddl,abs-asp,success,4.654642567038536,total,2.627114,0.182207,0.002663,,0.522777,0.012419,0.103857,0.273865,0.271458,,0.063439,0.062526,0.391583,,0.657216,,,valid,4,1,0,0,7,12,8,1,3,object,
mprime,prob28.pddl,abs-fd,success,3.750698197633028,total,2.102247,0.168316,0.002556,,0.48175,0.01227,0.103024,0.233639,0.233331,,0.059338,,,0.081457,0.683,,,valid,4,1,0,0,9,15,,1,3,object,
mprime,prob28.pddl,asp,success,3.638004817068577,total,0.760867,,,,,,,0.310313,,,0.063899,,,,0.36803,,,valid,,,,,,7,,8,,,
mprime,prob28.pddl,fd,success,3.1580313853919506,total,0.345321,,,,,,,,,0.336668,,,,,,,,valid,,,,,,9,,,,,
mprime,prob29.pddl,abs-asp,success,10.36341155692935,total,8.297558,0.208014,0.002657,,3.199308,0.017493,0.26783,0.57151,0.497562,,0.262777,0.205021,0.981814,,1.976713,,,valid,4,1,0,0,4,8,5,1,4,object,
mprime,prob29.pddl,abs-fd,success,9.2641049772501,total,7.220371,0.195509,0.002687,,3.195604,0.01755,0.265861,0.548247,0.493836,,0.260702,,,0.125907,2.021814,,,valid,4,1,0,0,4,8,,1,4,object,
mprime,prob29.pddl,asp,success,4.212397128343582,total,1.836535,,,,,,,0.53118,,,0.230656,,,,1.06064,,,valid,,,,,,4,,5,,,
mprime,prob29.pddl,fd,success,3.944270007312298,total,0.683624,,,,,,,,,0.676834,,,,,,,,valid,,,,,,4,,,,,
mprime,prob30.pddl,abs-asp,success,169.97862784937024,total,166.714544,0.225206,0.002794,,99.458693,0.022373,0.373102,2.675672,2.354598,,1.480866,1.29759,39.018,,19.350025,,,valid,4,1,0,0,9,18,10,1,4,object,
mprime,prob30.pddl,abs-fd,success,130.22748398780823,total,126.591493,0.227224,0.002893,,99.356916,0.022423,0.375665,2.595367,2.333804,,1.473142,,,0.365568,19.531489,,,valid,4,1,0,0,10,20,,1,4,object,
mprime,prob30.pddl,asp,success,106.17574929818511,total,102.826412,,,,,,,2.620448,,,1.382343,,,,98.681398,,,valid,,,,,,9,,10,,,
mprime,prob30.pddl,fd,success,4.878522999584675,total,2.80849,,,,,,,,,2.800128,,,,,,,,valid,,,,,,9,,,,,
mprime,prob31.pddl,abs-asp,success,13.647442588582635,total,11.679791,0.198711,0.002662,,6.597765,0.019639,0.288857,0.722401,0.365584,,0.358357,0.043852,0.224498,,2.762239,,,valid,4,1,0,0,4,8,5,1,4,object,
mprime,prob31.pddl,abs-fd,success,14.58425129391253,total,11.6346,0.21031,0.002585,,6.677806,0.019539,0.294232,0.755933,0.37401,,0.352753,,,0.093396,2.765318,,,valid,4,1,0,0,4,8,,1,4,object,
mprime,prob31.pddl,asp,success,4.557758159935474,total,2.624014,,,,,,,0.709082,,,0.322988,,,,1.56959,,,valid,,,,,,4,,5,,,
mprime,prob31.pddl,fd,success,2.8792182318866253,total,0.83178,,,,,,,,,0.825179,,,,,,,,valid,,,,,,5,,,,,
mprime,prob32.pddl,abs-asp,success,4.893776800483465,total,3.236465,0.179205,0.002532,,0.92013,0.017437,0.219798,0.299309,0.209999,,0.102818,0.018841,0.126869,,1.090917,,,valid,4,1,0,0,7,13,8,1,4,object,
mprime,prob32.pddl,abs-fd,success,5.5517863519489765,total,3.55067,0.19056,0.002581,,0.991603,0.017766,0.245906,0.357807,0.251923,,0.111002,,,0.08766,1.221254,,,valid,4,1,0,0,7,13,,1,4,object,
mprime,prob32.pddl,asp,success,3.7212929353117943,total,1.200556,,,,,,,0.370761,,,0.10433,,,,0.697719,,,valid,,,,,,7,,8,,,
mprime,prob32.pddl,fd,success,3.632984660565853,total,0.431249,,,,,,,,,0.422742,,,,,,,,valid,,,,,,8,,,,,
mprime,prob33.pddl,abs-asp,success,102.83414274454117,total,100.479981,0.310578,0.002859,,69.742783,0.028516,0.791808,2.13435,0.911256,,1.166022,0.218872,6.250233,,18.5585,,,valid,4,1,0,0,12,24,13,1,4,object,
mprime,prob33.pddl,abs-fd,success,100.6249520406127,total,97.775494,0.324983,0.00309,,70.230069,0.029029,0.788905,2.313875,0.94153,,1.173406,,,0.143925,21.468053,,,valid,4,1,0,0,14,28,,1,4,object,
mprime,prob33.pddl,asp,success,47.039233434945345,total,43.841845,,,,,,,2.118988,,,1.08238,,,,40.472536,,,valid,,,,,,12,,13,,,
mprime,prob33.pddl,fd,success,4.691875830292702,total,2.213318,,,,,,,,,2.209303,,,,,,,,valid,,,,,,14,,,,,
mprime,prob34.pddl,abs-asp,success,12.1049445271492,total,10.442745,0.193631,0.002546,,6.036506,0.020021,0.344925,0.651052,0.296822,,0.3095,0.023754,0.115492,,2.392022,,,valid,4,1,0,0,4,8,5,1,4,object,
mprime,prob34.pddl,abs-fd,success,13.241853207349777,total,11.153334,0.203565,0.002656,,6.196845,0.020193,0.37642,0.715801,0.349168,,0.33582,,,0.090954,2.755824,,,valid,4,1,0,0,4,8,,1,4,object,
mprime,prob34.pddl,asp,success,3.9815989285707474,total,2.296445,,,,,,,0.632248,,,0.291472,,,,1.357382,,,valid,,,,,,4,,5,,,
mprime,prob34.pddl,fd,success,3.2101902291178703,total,0.817618,,,,,,,,,0.811102,,,,,,,,valid,,,,,,4,,,,,
mprime,prob35.pddl,abs-asp,success,4.498695660382509,total,2.477428,0.178841,0.002562,,0.525946,0.013788,0.080399,0.285486,0.271825,,0.072399,0.056013,0.302772,,0.612593,,,valid,4,1,0,0,5,10,6,1,4,object,
mprime,prob35.pddl,abs-fd,success,4.335404597222805,total,2.013301,0.178958,0.002412,,0.512094,0.013413,0.079482,0.266828,0.228913,,0.065117,,,0.0785,0.54939,,,valid,4,1,0,0,5,10,,1,4,object,
mprime,prob35.pddl,asp,success,2.7764515802264214,total,0.756381,,,,,,,0.289053,,,0.064964,,,,0.382858,,,valid,,,,,,5,,6,,,
mprime,prob35.pddl,fd,success,2.961117185652256,total,0.297735,,,,,,,,,0.289482,,,,,,,,valid,,,,,,6,,,,,
mystery,prob01.pddl,abs-asp,success,4.059496778994799,total,1.135097,0.175692,0.002079,,0.247119,0.014442,0.057652,0.216673,0.178853,,0.013771,0.009067,0.056687,,0.103553,,,valid,1,0,0,0,5,5,6,1,7,object,
mystery,prob01.pddl,abs-fd,success,4.242159616202116,total,1.214637,0.180344,0.002138,,0.255161,0.014527,0.059123,0.241238,0.199267,,0.016158,,,0.086945,0.106263,,,valid,1,0,0,0,5,7,,1,7,object,
mystery,prob01.pddl,asp,success,2.269385155290365,total,0.314339,,,,,,,0.204346,,,0.011746,,,,0.077564,,,valid,,,,,,5,,6,,,
mystery,prob01.pddl,fd,success,2.171365663409233,total,0.223652,,,,,,,,,0.214034,,,,,,,,valid,,,,,,5,,,,,
mystery,prob02.pddl,abs-asp,success,11.45620384067297,total,9.430223,0.19772,0.002335,,2.740866,0.020837,0.331595,0.489084,0.476993,,0.215787,0.18576,2.199073,,2.452612,,,valid,1,0,0,0,7,14,8,1,5,object,
mystery,prob02.pddl,abs-fd,success,10.933916186913848,total,8.508317,0.197176,0.002311,,2.714173,0.020068,0.333127,0.496815,0.483077,,0.215961,,,0.131344,3.796359,,,valid,1,0,2,0,11,23,,3,5,object,
mystery,prob02.pddl,asp,success,6.384553796611726,total,3.843281,,,,,,,0.484976,,,0.191443,,,,3.14295,,,valid,,,,,,7,,8,,,
mystery,prob02.pddl,fd,success,2.6198615692555904,total,0.585908,,,,,,,,,0.57793,,,,,,,,valid,,,,,,14,,,,,
mystery,prob03.pddl,abs-asp,success,5.349239446222782,total,3.375793,0.187022,0.002202,,0.874697,0.018831,0.149194,0.33187,0.311074,,0.099106,0.079506,0.418491,,0.825615,,,valid,1,0,0,0,4,8,5,1,5,object,
mystery,prob03.pddl,abs-fd,success,4.360424758866429,total,2.711511,0.174773,0.002079,,0.830141,0.018522,0.146034,0.288231,0.271461,,0.093939,,,0.081878,0.766986,,,valid,1,0,0,0,4,8,,1,5,object,
mystery,prob03.pddl,asp,success,2.8749147299677134,total,0.88703,,,,,,,0.329528,,,0.095621,,,,0.446298,,,valid,,,,,,4,,5,,,
mystery,prob03.pddl,fd,success,2.4419089257717133,total,0.387514,,,,,,,,,0.379352,,,,,,,,valid,,,,,,4,,,,,
mystery,prob04.pddl,abs-asp,timed out,1800.2050534188747,abstract_solving,,0.1904415413737297,0.002122260630130768,,0.2893129736185074,0.016382530331611633,0.09268569946289062,0.24818548187613487,0.20186956226825714,,0.01928236335515976,0.012219082564115524,0.09432625398039818,,,,,,1,0,7,944,7,,8,952,5,object,
mystery,prob04.pddl,abs-fd,timed out,1800.1942753251642,abstract_fd_search,,0.1832708604633808,0.0021301675587892532,,0.24705739505589008,0.016274068504571915,0.09364522062242031,0.2195309605449438,0.2027012873440981,,0.02627597004175186,,,0.08586574718356133,,,,,1,0,7,813,7,,,821,5,object,
mystery,prob04.pddl,asp,timed out,1800.1522947885096,concrete_asp,,,,,,,,0.21105040982365608,,,0.015261244028806686,,,,,,,,,,,,,,,1123,,,
mystery,prob04.pddl,fd,no plan found,132.39182833209634,total,130.668618,,,,,,,,,130.663286,,,,,,,,,,,,,,,,,,,
mystery,prob05.pddl,abs-asp,timed out,1800.1661672480404,abstract_solving,,0.19271821156144142,0.002317778766155243,,1.3754189424216747,0.017995130270719528,0.28330688551068306,0.43784862384200096,0.4372049570083618,,0.14550725370645523,0.16495615988969803,2.1451032608747482,,,,,,1,0,9,147,9,,10,157,4,object,
mystery,prob05.pddl,abs-fd,timed out,1800.073199570179,abstract_fd_search,,0.18464671820402145,0.0022907964885234833,,1.3578093834221363,0.01774728298187256,0.28265004232525826,0.39091257005929947,0.4403505511581898,,0.14094210043549538,,,0.11959134414792061,,,,,1,0,9,168,9,,,178,4,object,
mystery,prob05.pddl,asp,timed out,1800.1536279059947,concrete_asp,,,,,,,,0.41012075915932655,,,0.13187289983034134,,,,,,,,,,,,,,,205,,,
mystery,prob05.pddl,fd,timed out,1800.1139765679836,,,,,,,,,,,,,,,,,,,,,,,,,,,,,,
mystery,prob06.pddl,abs-asp,timed out,1800.1528386622667,abstract_solving,,0.314716212451458,0.002364031970500946,,21.570115998387337,0.0333542600274086,0.36831601336598396,1.1607384867966175,1.3486365042626858,,0.61615801602602,0.618886835873127,30.768453776836395,,,,,,1,0,8,0,10,,11,9,7,object,
mystery,prob06.pddl,abs-fd,success,50.08784618973732,total,46.755677,0.313915,0.002417,,21.611579,0.033324,0.365421,1.165712,1.323078,,0.619881,,,0.221768,20.78764,,,valid,1,0,20,0,20,41,,21,7,object,
mystery,prob06.pddl,asp,success,64.67615785449743,total,62.166695,,,,,,,1.118548,,,0.573992,,,,60.377139,,,valid,,,,,,11,,12,,,
mystery,prob06.pddl,fd,success,8.650640374980867,total,6.116146,,,,,,,,,6.107866,,,,,,,,valid,,,,,,16,,,,,
mystery,prob08.pddl,abs-asp,timed out,1800.1449919231236,abstract_solving,,0.2057635262608528,0.0026437193155288696,,2.1649806946516037,0.0262727253139019,0.32839924469590187,0.4439438618719578,0.7333544343709946,,0.1747312992811203,0.3036732152104378,1.5787088423967361,,,,,,3,0,5,23,5,,6,29,6,object,
mystery,prob08.pddl,abs-fd,timed out,1800.1588770784438,abstract_fd_search,,0.21687332168221474,0.0026947520673274994,,2.2147620879113674,0.02667895331978798,0.33708908408880234,0.4856984242796898,0.7274921610951424,,0.1783636212348938,,,0.14532757923007011,,,,,3,0,5,27,5,,,33,6,object,
mystery,prob08.pddl,asp,timed out,1800.1463503986597,concrete_asp,,,,,,,,0.4996502436697483,,,0.17002493143081665,,,,,,,,,,,,,,,39,,,
mystery,prob08.pddl,fd,timed out,1800.11403753981,,,,,,,,,,,,,,,,,,,,,,,,,,,,,,
mystery,prob09.pddl,abs-asp,success,9.704913165420294,total,6.115141,0.201559,0.002288,,1.375372,0.017763,0.167635,0.453351,0.383,,0.144633,0.123467,1.486972,,1.635213,,,valid,1,0,0,0,8,16,9,1,5,object,
mystery,prob09.pddl,abs-fd,success,6.871541723608971,total,4.784845,0.186622,0.002259,,1.300934,0.017173,0.168728,0.383972,0.376766,,0.139874,,,0.108808,2.011535,,,valid,1,0,4,0,10,18,,5,5,object,
mystery,prob09.pddl,asp,success,4.316958397626877,total,1.818731,,,,,,,0.454639,,,0.132861,,,,1.200933,,,valid,,,,,,8,,9,,,
mystery,prob09.pddl,fd,success,163.72115135379136,total,160.543044,,,,,,,,,160.534657,,,,,,,,valid,,,,,,9,,,,,
mystery,prob11.pddl,abs-asp,success,4.599847937002778,total,1.575598,0.189891,0.00223,,0.307741,0.016757,0.093851,0.255712,0.211687,,0.025151,0.017878,0.134824,,0.247168,,,valid,1,0,0,0,7,7,8,1,6,object,
mystery,prob11.pddl,abs-fd,success,4.517851445823908,total,1.557124,0.194791,0.002215,,0.32882,0.016669,0.092796,0.279164,0.213267,,0.024649,,,0.091219,0.244946,,,valid,1,0,0,0,7,7,,1,6,object,
mystery,prob11.pddl,asp,success,2.7725069373846054,total,0.457365,,,,,,,0.228639,,,0.020855,,,,0.186159,,,valid,,,,,,7,,8,,,
mystery,prob11.pddl,fd,success,2.2746822983026505,total,0.240412,,,,,,,,,0.232234,,,,,,,,valid,,,,,,7,,,,,
mystery,prob12.pddl,abs-asp,timed out,1800.1307948604226,abstract_solving,,0.17472494766116142,0.0021541155874729156,,0.2956133335828781,0.017844252288341522,0.0777326375246048,0.22898734360933304,0.22622112929821014,,0.028919178992509842,0.026578981429338455,0.15706521645188332,,,,,,1,0,5,103,5,,6,109,7,object,
mystery,prob12.pddl,abs-fd,timed out,1800.0502255745232,abstract_fd_search,,0.16638052091002464,0.0020309314131736755,,0.2485799379646778,0.01726510003209114,0.07722355425357819,0.2110830917954445,0.18546567484736443,,0.02811410278081894,,,0.07172568142414093,,,,,1,0,5,107,5,,,113,7,object,
mystery,prob12.pddl,asp,timed out,1800.1355161815882,concrete_asp,,,,,,,,0.30267680436372757,,,0.031810373067855835,,,,,,,,,,,,,,,142,,,
mystery,prob12.pddl,fd,no plan found,17.44977367669344,total,15.995819,,,,,,,,,15.992393,,,,,,,,,,,,,,,,,,,
mystery,prob13.pddl,abs-asp,timed out,1800.183853019029,abstract_asp,,0.3317101150751114,0.0025025103241205215,,88.14844933524728,0.038404276594519615,1.1507581509649754,2.092089928686619,5.2849506717175245,,1.0695131067186594,2.626241957768798,,,,,,,3,0,,,10,,11,,5,object,
mystery,prob13.pddl,abs-fd,success,119.61107789352536,total,117.241595,0.332305,0.002526,,87.965573,0.038623,1.128474,2.003388,5.288544,,1.076127,,,0.696232,18.412847,,,valid,3,0,11,0,11,23,,12,5,object,
mystery,prob13.pddl,asp,success,149.67297020182014,total,146.976588,,,,,,,1.982792,,,1.018669,,,,143.762654,,,valid,,,,,,15,,16,,,
mystery,prob13.pddl,fd,success,4.035604313015938,total,2.055052,,,,,,,,,2.050169,,,,,,,,valid,,,,,,21,,,,,
mystery,prob15.pddl,abs-asp,success,79.74751648679376,total,76.44018,0.311929,0.003061,,55.403855,0.042762,0.401564,1.838422,1.576111,,0.976337,0.800463,4.840775,,10.01034,,,valid,1,0,0,0,6,10,7,1,11,object,
mystery,prob15.pddl,abs-fd,success,74.45714646205306,total,70.78458,0.320816,0.002598,,55.254199,0.043112,0.396272,1.912532,1.581506,,0.99293,,,0.256674,9.844342,,,valid,1,0,0,0,6,10,,1,11,object,
mystery,prob15.pddl,asp,success,11.02609921246767,total,8.802575,,,,,,,1.842892,,,0.902834,,,,5.996286,,,valid,,,,,,6,,7,,,
mystery,prob15.pddl,fd,success,4.219323319382966,total,2.06489,,,,,,,,,2.05839,,,,,,,,valid,,,,,,6,,,,,
mystery,prob16.pddl,abs-asp,timed out,1800.257180776447,abstract_solving,,0.2034253515303135,0.0023248717188835144,,1.3510306775569916,0.022567089647054672,0.2823317423462868,0.4147631786763668,0.5517612174153328,,0.13936594501137733,0.23520951718091965,1.2836556918919086,,,,,,1,0,5,698,5,,6,704,6,object,
mystery,prob16.pddl,abs-fd,timed out,1800.2795549370348,abstract_fd_search,,0.19208113104104996,0.0023225340992212296,,1.3140673618763685,0.02305341698229313,0.27998473308980465,0.3841002397239208,0.5580623988062143,,0.13558652251958847,,,0.13060582242906094,,,,,1,0,5,893,5,,,899,6,object,
mystery,prob16.pddl,asp,timed out,1800.2872370518744,concrete_asp,,,,,,,,0.415406983345747,,,0.12894251197576523,,,,,,,,,,,,,,,919,,,
mystery,prob16.pddl,fd,timed out,1800.1128581911325,,,,,,,,,,,,,,,,,,,,,,,,,,,,,,
mystery,prob17.pddl,abs-asp,success,78.76347346045077,total,76.605878,0.29674,0.002304,,57.17337,0.031729,0.458266,1.87201,1.956318,,0.998526,0.942014,4.809512,,7.888032,,,valid,1,0,0,0,4,8,5,1,6,object,
mystery,prob17.pddl,abs-fd,success,72.81847625225782,total,70.670294,0.295439,0.002331,,56.669195,0.031418,0.45855,1.873914,1.925792,,0.985206,,,0.282517,8.016108,,,valid,1,0,0,0,4,8,,1,6,object,
mystery,prob17.pddl,asp,success,10.611413970589638,total,7.207152,,,,,,,1.887178,,,0.91233,,,,4.366455,,,valid,,,,,,4,,5,,,
mystery,prob17.pddl,fd,success,5.146469224244356,total,2.054299,,,,,,,,,2.046915,,,,,,,,valid,,,,,,4,,,,,
mystery,prob19.pddl,abs-asp,success,22.68747717514634,total,20.597114,0.210066,0.002548,,9.147643,0.046927,0.439916,0.822491,1.101441,,0.386981,0.589309,3.722173,,3.962194,,,valid,1,0,0,0,6,12,7,1,6,object,
mystery,prob19.pddl,abs-fd,success,20.606310673058033,total,18.548603,0.20907,0.002613,,9.184757,0.02791,0.440537,0.780398,1.095093,,0.385274,,,0.203213,6.097526,,,valid,1,0,7,0,7,14,,8,6,object,
mystery,prob19.pddl,asp,success,5.945505820214748,total,3.495209,,,,,,,0.841054,,,0.365236,,,,2.247829,,,valid,,,,,,6,,7,,,
mystery,prob19.pddl,fd,success,3.196913242340088,total,0.98138,,,,,,,,,0.974645,,,,,,,,valid,,,,,,6,,,,,
mystery,prob20.pddl,abs-asp,success,20.46257682517171,total,17.48123,0.238621,0.00227,,7.938886,0.111851,0.272168,0.83161,0.678216,,0.397607,0.267766,2.239898,,4.354648,,,valid,1,0,0,0,7,9,8,1,12,object,
mystery,prob20.pddl,abs-fd,success,18.728288680315018,total,15.602023,0.232138,0.002284,,8.001471,0.043494,0.280354,0.809445,0.67986,,0.401179,,,0.140818,4.811876,,,valid,1,0,0,0,8,10,,1,12,object,
mystery,prob20.pddl,asp,success,7.3039911314845085,total,5.185252,,,,,,,0.82313,,,0.37654,,,,3.939728,,,valid,,,,,,7,,8,,,
mystery,prob20.pddl,fd,success,3.003955670632422,total,0.911828,,,,,,,,,0.902138,,,,,,,,valid,,,,,,8,,,,,
mystery,prob21.pddl,abs-asp,timed out,1800.133998438716,abstract_asp,,0.23966003209352493,0.0024980753660202026,,7.467352326959372,0.14446154609322548,0.5814817473292351,0.7888874560594559,0.35214512422680855,,0.33633890748023987,0.008576899766921997,,,,,,,2,0,,,293,,294,,4,object,
mystery,prob21.pddl,abs-fd,no plan found,11.651456478983164,abstract_fd_search,,0.21867085620760918,0.0023760199546813965,,7.3285237811505795,0.09957307204604149,0.6037878021597862,0.7114272639155388,0.33954159542918205,,0.3363434225320816,,,0.11943206191062927,,,,,2,0,,,,,,,4,object,
mystery,prob21.pddl,asp,timed out,1800.1875311546028,concrete_asp,,,,,,,,0.7554760873317719,,,0.31246909126639366,,,,,,,,,,,,,,,136,,,
mystery,prob21.pddl,fd,timed out,1800.1163426041603,,,,,,,,,,,,,,,,,,,,,,,,,,,,,,
mystery,prob22.pddl,abs-asp,timed out,1800.211708303541,abstract_solving,,0.3527400903403759,0.002611897885799408,,89.75307319313288,0.06123751774430275,0.669060330837965,2.18470436707139,4.238835670053959,,1.1028671190142632,2.095067899674177,24.352039571851492,,,,,,1,0,8,18,8,,9,27,6,object,
mystery,prob22.pddl,abs-fd,timed out,1800.2071575000882,abstract_fd_search,,0.32191428542137146,0.002399235963821411,,89.43341131135821,0.039580442011356354,0.6686976626515388,2.043239861726761,4.1539220325648785,,1.0997081398963928,,,0.5495718382298946,,,,,1,0,8,21,8,,,30,6,object,
mystery,prob22.pddl,asp,timed out,1800.226119760424,concrete_asp,,,,,,,,1.9992401748895645,,,1.0186872519552708,,,,,,,,,,,,,,,78,,,
mystery,prob22.pddl,fd,timed out,1800.1132656782866,,,,,,,,,,,,,,,,,,,,,,,,,,,,,,
mystery,prob23.pddl,abs-asp,timed out,1800.1823803931475,abstract_solving,,0.2986781671643257,0.0022987648844718933,,12.211519829928875,0.031224403530359268,0.41387129575014114,0.8455773890018463,1.3816875293850899,,0.44033775478601456,0.7306115925312042,6.388895612210035,,,,,,1,0,8,70,8,,9,79,6,object,
mystery,prob23.pddl,abs-fd,timed out,1800.1770840063691,abstract_fd_search,,0.2963808588683605,0.0023268796503543854,,12.255652584135532,0.031420137733221054,0.40637315809726715,0.8528512381017208,1.3909615576267242,,0.4426715299487114,,,0.2515564542263746,,,,,1,0,8,70,8,,,79,6,object,
mystery,prob23.pddl,asp,timed out,1800.1833290755749,concrete_asp,,,,,,,,0.8550870940089226,,,0.4068797789514065,,,,,,,,,,,,,,,94,,,
mystery,prob23.pddl,fd,timed out,1800.1138290781528,,,,,,,,,,,,,,,,,,,,,,,,,,,,,,
mystery,prob24.pddl,abs-asp,timed out,1800.3935695253313,abstract_solving,,0.3241865932941437,0.0025257468223571777,,4.045478895306587,0.043638043105602264,0.6690405495464802,0.5981136299669743,1.076693583279848,,0.23806704953312874,0.5557279512286186,3.1290641762316227,,,,,,1,0,6,779,6,,7,786,10,object,
mystery,prob24.pddl,abs-fd,timed out,1800.4243119321764,abstract_fd_search,,0.26988527178764343,0.002417299896478653,,3.851444263011217,0.04318717494606972,0.6590453311800957,0.4807320162653923,0.9856211766600609,,0.21808690950274467,,,0.17493204027414322,,,,,1,0,9,798,9,,,808,10,object,
mystery,prob24.pddl,asp,timed out,1800.3668096922338,concrete_asp,,,,,,,,0.6439425498247147,,,0.2225142940878868,,,,,,,,,,,,,,,786,,,
mystery,prob24.pddl,fd,timed out,1800.015758043155,,,,,,,,,,,,,,,,,,,,,,,,,,,,,,
mystery,prob25.pddl,abs-asp,success,3.434021469205618,total,1.098361,0.164793,0.002312,,0.218077,0.012836,0.049782,0.216415,0.202264,,0.012309,0.009827,0.057648,,0.09534,,,valid,1,0,0,0,4,6,5,1,6,object,
mystery,prob25.pddl,abs-fd,success,4.5139022171497345,total,1.218796,0.170791,0.002126,,0.278038,0.012454,0.048407,0.266496,0.187835,,0.015786,,,0.079417,0.089956,,,valid,1,0,0,0,4,6,,1,6,object,
mystery,prob25.pddl,asp,success,2.2906586714088917,total,0.30503,,,,,,,0.204566,,,0.011711,,,,0.068823,,,valid,,,,,,4,,5,,,
mystery,prob25.pddl,fd,success,2.3975329361855984,total,0.22945,,,,,,,,,0.222479,,,,,,,,valid,,,,,,4,,,,,
mystery,prob26.pddl,abs-asp,success,6.509185504168272,total,3.619787,0.200459,0.002241,,0.755818,0.021289,0.236115,0.318285,0.325121,,0.091697,0.087233,0.472108,,1.035646,,,valid,1,0,3,0,5,11,6,4,6,object,
mystery,prob26.pddl,abs-fd,success,6.183060526847839,total,3.160681,0.203337,0.002316,,0.786017,0.021702,0.221391,0.337715,0.325206,,0.093227,,,0.101023,0.997922,,,valid,1,0,6,0,6,12,,7,6,object,
mystery,prob26.pddl,asp,success,3.173117373138666,total,0.959666,,,,,,,0.33754,,,0.090036,,,,0.508558,,,valid,,,,,,6,,7,,,
mystery,prob26.pddl,fd,success,2.3653115620836616,total,0.35296,,,,,,,,,0.343866,,,,,,,,valid,,,,,,6,,,,,
mystery,prob27.pddl,abs-asp,success,3.9223415181040764,total,2.225484,0.174713,0.002183,,0.486845,0.027044,0.094457,0.2424,0.214311,,0.063,0.04282,0.24919,,0.58485,,,valid,1,0,0,0,5,9,6,1,13,object,
mystery,prob27.pddl,abs-fd,success,4.333487324416637,total,2.264708,0.182182,0.00232,,0.514558,0.027127,0.093734,0.286533,0.25595,,0.067423,,,0.094411,0.659367,,,valid,1,0,0,0,5,9,,1,13,object,
mystery,prob27.pddl,asp,success,2.2974012568593025,total,0.643467,,,,,,,0.247181,,,0.060005,,,,0.325737,,,valid,,,,,,5,,6,,,
mystery,prob27.pddl,fd,success,2.0646667033433914,total,0.284997,,,,,,,,,0.280108,,,,,,,,valid,,,,,,5,,,,,
mystery,prob28.pddl,abs-asp,success,2.740771360695362,total,1.075948,0.156271,0.002137,,0.186797,0.016116,0.086541,0.168422,0.163638,,0.013727,0.010683,0.079895,,0.150903,,,valid,1,0,0,0,7,9,8,1,8,object,
mystery,prob28.pddl,abs-fd,success,3.2471848875284195,total,1.23448,0.166816,0.002215,,0.240926,0.016422,0.071508,0.206246,0.202008,,0.014897,,,0.08681,0.164639,,,valid,1,0,0,0,7,9,,1,8,object,
mystery,prob28.pddl,asp,success,2.318751636892557,total,0.348557,,,,,,,0.210569,,,0.014582,,,,0.105035,,,valid,,,,,,7,,8,,,
mystery,prob28.pddl,fd,success,2.4444399252533913,total,0.210664,,,,,,,,,0.207514,,,,,,,,valid,,,,,,9,,,,,
mystery,prob29.pddl,abs-asp,success,4.801227610558271,total,2.718083,0.182713,0.002326,,0.591973,0.022641,0.137035,0.298727,0.287704,,0.075136,0.062438,0.320718,,0.649158,,,valid,1,0,0,0,4,8,5,1,9,object,
mystery,prob29.pddl,abs-fd,success,5.5181707590818405,total,2.510312,0.197782,0.002359,,0.640635,0.023191,0.154153,0.335525,0.285628,,0.078801,,,0.0958,0.626307,,,valid,1,0,0,0,4,8,,1,9,object,
mystery,prob29.pddl,asp,success,2.4508001171052456,total,0.678312,,,,,,,0.274761,,,0.06749,,,,0.324076,,,valid,,,,,,4,,5,,,
mystery,prob29.pddl,fd,success,2.16511045768857,total,0.290186,,,,,,,,,0.286645,,,,,,,,valid,,,,,,4,,,,,
mystery,prob30.pddl,abs-asp,success,13.125124596059322,total,11.037777,0.203552,0.00242,,2.564969,0.03736,0.258689,0.527363,0.436072,,0.236705,0.165113,3.352667,,3.109661,,,valid,1,0,0,0,9,17,10,1,13,object,
mystery,prob30.pddl,abs-fd,success,9.699295327067375,total,7.720979,0.199559,0.002357,,2.618876,0.036844,0.252958,0.517903,0.425802,,0.234903,,,0.11023,3.22204,,,valid,1,0,0,0,10,20,,1,13,object,
mystery,prob30.pddl,asp,success,11.487853209488094,total,9.431157,,,,,,,0.533938,,,0.222324,,,,8.62864,,,valid,,,,,,9,,10,,,
mystery,prob30.pddl,fd,success,2.647957794368267,total,0.590509,,,,,,,,,0.580874,,,,,,,,valid,,,,,,10,,,,,
nomystery-sat11-strips,p01.pddl,abs-asp,success,19.216072041541338,total,12.732144,3.480694,0.007014,,1.448059,4.041276,0.019756,0.374813,0.19633,,0.069572,0.006917,1.422534,,1.552165,,,valid,1,0,0,0,18,18,19,1,85,fuellevel,
nomystery-sat11-strips,p01.pddl,abs-fd,success,20.347303388640285,total,11.796482,3.574709,0.007037,,1.507887,3.952475,0.01566,0.390681,0.209536,,0.069989,,,0.095442,1.866945,,,valid,1,0,0,0,20,20,,1,85,fuellevel,
nomystery-sat11-strips,p01.pddl,asp,success,199.8990489318967,total,193.584128,,,,,,,0.378339,,,0.066886,,,,193.092578,,,valid,,,,,,18,,19,,,
nomystery-sat11-strips,p01.pddl,fd,success,6.553048085421324,total,0.403957,,,,,,,,,0.397061,,,,,,,,valid,,,,,,20,,,,,
nomystery-sat11-strips,p02.pddl,abs-asp,success,36.46186470426619,total,27.248909,4.731519,0.009359,,2.597419,6.426998,0.016173,0.484424,0.192337,,0.096638,0.00763,10.197492,,2.368106,,,valid,1,0,0,0,21,21,22,1,100,fuellevel,
nomystery-sat11-strips,p02.pddl,abs-fd,success,72.3301497027278,total,62.914108,4.690616,0.009403,,2.606018,6.344193,0.016189,0.491633,0.197013,,0.095175,,,0.088871,48.245323,,,valid,1,0,10,0,23,38,,11,100,fuellevel,
nomystery-sat11-strips,p02.pddl,asp,timed out,1800.061417400837,concrete_asp,,,,,,,,0.46440598368644714,,,0.08889466896653175,,,,,,,,,,,,,,,21,,,
nomystery-sat11-strips,p02.pddl,fd,success,8.56626246869564,total,0.557032,,,,,,,,,0.549189,,,,,,,,valid,,,,,,22,,,,,
nomystery-sat11-strips,p03.pddl,abs-asp,success,183.26808719709516,total,160.956598,15.880417,0.026246,,22.437579,37.044056,0.01916,0.898129,0.178217,,0.195773,0.00885,77.946366,,6.111898,,,valid,1,0,0,0,25,25,26,1,181,fuellevel,
nomystery-sat11-strips,p03.pddl,abs-fd,success,105.69109973683953,total,82.706632,15.540563,0.026096,,21.986247,36.917946,0.019453,0.947632,0.198434,,0.209955,,,0.088438,6.575601,,,valid,1,0,0,0,27,27,,1,181,fuellevel,
nomystery-sat11-strips,p03.pddl,asp,timed out,1800.1257580546662,concrete_asp,,,,,,,,0.904114156961441,,,0.19579545687884092,,,,,,,,,,,,,,,25,,,
nomystery-sat11-strips,p03.pddl,fd,success,23.447136675938964,total,0.963928,,,,,,,,,0.957888,,,,,,,,valid,,,,,,28,,,,,
nomystery-sat11-strips,p04.pddl,abs-asp,success,446.9101173877716,total,393.851102,30.464622,0.039845,,72.775841,87.626754,0.019882,1.523661,0.214534,,0.317996,0.010633,190.064542,,10.470556,,,valid,1,0,0,0,28,28,29,1,242,fuellevel,
nomystery-sat11-strips,p04.pddl,abs-fd,success,258.2082665152848,total,206.158103,30.498947,0.040607,,74.199989,86.877793,0.020321,1.618791,0.216049,,0.319922,,,0.099766,11.951708,,,valid,1,0,0,0,32,32,,1,242,fuellevel,
nomystery-sat11-strips,p04.pddl,asp,timed out,1800.1428657891229,concrete_asp,,,,,,,,1.4444092269986868,,,0.29698141757398844,,,,,,,,,,,,,,,28,,,
nomystery-sat11-strips,p04.pddl,fd,success,40.511025343090296,total,1.572781,,,,,,,,,1.565206,,,,,,,,valid,,,,,,32,,,,,
nomystery-sat11-strips,p05.pddl,abs-asp,timed out,1800.1982577051967,abstract_asp,,24.487728951498866,0.03446134924888611,,79.80039131455123,71.5522732026875,0.02440868690609932,1.573015520349145,0.2082616463303566,,0.35492705926299095,0.011560413986444473,,,,,,,1,0,,,31,,32,,226,fuellevel,
nomystery-sat11-strips,p05.pddl,abs-fd,success,229.96158856153488,total,193.98976,24.953618,0.033953,,79.730053,70.392084,0.024371,1.517486,0.202409,,0.355293,,,0.09158,16.359869,,,valid,1,0,0,0,36,36,,1,226,fuellevel,
nomystery-sat11-strips,p05.pddl,asp,timed out,1800.1547964178026,concrete_asp,,,,,,,,1.4424822479486465,,,0.32754016667604446,,,,,,,,,,,,,,,29,,,
nomystery-sat11-strips,p05.pddl,fd,success,35.80810532718897,total,1.571164,,,,,,,,,1.56364,,,,,,,,valid,,,,,,38,,,,,
nomystery-sat11-strips,p06.pddl,abs-asp,timed out,1800.1404775250703,abstract_asp,,23.894175693392754,0.03507794067263603,,91.57682259939611,71.11106132529676,0.024909287691116333,1.6087655313313007,0.20790839567780495,,0.37920924834907055,0.012729579582810402,,,,,,,1,0,,,32,,33,,226,fuellevel,
nomystery-sat11-strips,p06.pddl,abs-fd,success,265.78675327450037,total,229.376319,24.580635,0.03414,,89.68003,71.913453,0.024963,1.585064,0.206569,,0.379556,,,0.093163,40.460913,,,valid,1,0,7,0,40,54,,8,226,fuellevel,
nomystery-sat11-strips,p06.pddl,asp,timed out,1800.149119604379,concrete_asp,,,,,,,,1.4932484291493893,,,0.35129647329449654,,,,,,,,,,,,,,,30,,,
nomystery-sat11-strips,p06.pddl,fd,success,37.9362935423851,total,3.047998,,,,,,,,,3.041256,,,,,,,,valid,,,,,,43,,,,,
nomystery-sat11-strips,p07.pddl,abs-asp,timed out,1800.1442669667304,abstract_asp,,31.57410165295005,0.04843389242887497,,156.61485398560762,108.89263052865863,0.0280824676156044,2.01326822116971,0.21404118463397026,,0.4746499992907047,0.014774035662412643,,,,,,,1,0,,,34,,35,,254,fuellevel,
nomystery-sat11-strips,p07.pddl,abs-fd,success,374.3402939066291,total,318.103767,32.344818,0.048417,,156.787232,101.675547,0.029069,2.0395,0.239004,,0.479467,,,0.100447,23.885239,,,valid,1,0,0,0,43,43,,1,254,fuellevel,
nomystery-sat11-strips,p07.pddl,asp,timed out,1800.158495790325,concrete_asp,,,,,,,,1.9986541382968426,,,0.45000462140887976,,,,,,,,,,,,,,,30,,,
nomystery-sat11-strips,p07.pddl,fd,success,44.08998304978013,total,2.068764,,,,,,,,,2.062579,,,,,,,,valid,,,,,,43,,,,,
nomystery-sat11-strips,p08.pddl,abs-asp,timed out,1800.1348050236702,abstract_asp,,15.817637108266354,0.02325683832168579,,53.624446507543325,35.18991284817457,0.029145561158657074,1.1592577323317528,0.21928144991397858,,0.3507371060550213,0.016230665147304535,,,,,,,1,0,,,33,,34,,179,fuellevel,
nomystery-sat11-strips,p08.pddl,abs-fd,success,149.3064397163689,total,125.941934,15.658219,0.02245,,54.567034,35.099921,0.029332,1.257642,0.211856,,0.358184,,,0.115126,18.263221,,,valid,1,0,0,0,43,43,,1,179,fuellevel,
nomystery-sat11-strips,p08.pddl,asp,timed out,1800.1553900837898,concrete_asp,,,,,,,,1.163272213190794,,,0.33600544184446335,,,,,,,,,,,,,,,30,,,
nomystery-sat11-strips,p08.pddl,fd,success,23.934860695153475,total,1.286019,,,,,,,,,1.280075,,,,,,,,valid,,,,,,43,,,,,
nomystery-sat11-strips,p10.pddl,abs-asp,timed out,1800.1471271254122,abstract_asp,,28.93325189873576,0.03984985128045082,,185.56243246793747,88.41926066949964,0.041456189006567,1.958448812365532,0.21856632456183434,,0.5565091334283352,0.01972595974802971,,,,,,,1,0,,,36,,37,,242,fuellevel,
nomystery-sat11-strips,p10.pddl,abs-fd,timed out,1800.4509973526,abstract_fd_search,,28.896393321454525,0.04671231657266617,,189.95195555314422,86.19698227196932,0.04166526347398758,2.028022639453411,0.22846436873078346,,0.5513429045677185,,,0.09592143818736076,,,,,1,0,6,0,54,,,7,242,fuellevel,
nomystery-sat11-strips,p10.pddl,asp,timed out,1800.1097989790142,concrete_asp,,,,,,,,1.98689229413867,,,0.5190483815968037,,,,,,,,,,,,,,,31,,,
nomystery-sat11-strips,p10.pddl,fd,timed out,1800.1129533052444,,,,,,,,,,,,,,,,,,,,,,,,,,,,,,
nomystery-sat11-strips,p11.pddl,abs-asp,success,11.457626435905695,total,7.299404,1.798029,0.004798,,0.669713,1.599662,0.01389,0.295102,0.186696,,0.047151,0.006583,1.409915,,1.175196,,,valid,1,0,3,0,18,19,19,4,62,fuellevel,
nomystery-sat11-strips,p11.pddl,abs-fd,success,230.35472530126572,total,226.067043,1.823928,0.004763,,0.687797,1.639349,0.013931,0.339669,0.191869,,0.049886,,,0.086758,221.133909,,,valid,1,0,15,0,20,34,,16,62,fuellevel,
nomystery-sat11-strips,p11.pddl,asp,success,228.72947929799557,total,223.645605,,,,,,,0.326605,,,0.050023,,,,223.226045,,,valid,,,,,,18,,19,,,
nomystery-sat11-strips,p11.pddl,fd,success,5.17325472459197,total,0.368452,,,,,,,,,0.360073,,,,,,,,valid,,,,,,20,,,,,
nomystery-sat11-strips,p12.pddl,abs-asp,success,25.643149562180042,total,19.546759,2.532148,0.00599,,1.125965,2.517446,0.01591,0.349641,0.188898,,0.063599,0.0078,10.987961,,1.636907,,,valid,1,0,0,0,21,21,22,1,73,fuellevel,
nomystery-sat11-strips,p12.pddl,abs-fd,success,711.0604517012835,total,704.52454,2.523821,0.005357,,1.158954,2.549171,0.015595,0.414756,0.198818,,0.066309,,,0.088606,697.362575,,,valid,1,0,16,0,23,37,,17,73,fuellevel,
nomystery-sat11-strips,p12.pddl,asp,timed out,1800.1327117457986,concrete_asp,,,,,,,,0.378721933811903,,,0.06440728530287743,,,,,,,,,,,,,,,21,,,
nomystery-sat11-strips,p12.pddl,fd,success,6.294307686388493,total,0.616594,,,,,,,,,0.609145,,,,,,,,valid,,,,,,21,,,,,
nomystery-sat11-strips,p13.pddl,abs-asp,success,128.4229705426842,total,114.545264,8.467893,0.01358,,7.45901,14.919955,0.01838,0.644801,0.199071,,0.149693,0.00876,77.706077,,4.791803,,,valid,1,0,0,0,25,25,26,1,133,fuellevel,
nomystery-sat11-strips,p13.pddl,abs-fd,timed out,1800.2155790291727,abstract_fd_search,,8.393089823424816,0.014976035803556442,,7.393156740814447,14.94415856897831,0.017810694873332977,0.6767560578882694,0.19423503428697586,,0.14865553379058838,,,0.08865448459982872,,,,,1,0,11,0,27,,,12,133,fuellevel,
nomystery-sat11-strips,p13.pddl,asp,timed out,1800.1379737630486,concrete_asp,,,,,,,,0.6704880222678185,,,0.13997893780469894,,,,,,,,,,,,,,,22,,,
nomystery-sat11-strips,p13.pddl,fd,success,14.258164260536432,total,0.737422,,,,,,,,,0.729686,,,,,,,,valid,,,,,,25,,,,,
nomystery-sat11-strips,p14.pddl,abs-asp,success,212.55230569466949,total,194.232682,13.387746,0.024558,,23.605994,34.745605,0.018695,0.830286,0.159355,,0.206309,0.009023,114.674123,,6.405931,,,valid,1,0,0,0,28,28,29,1,178,fuellevel,
nomystery-sat11-strips,p14.pddl,abs-fd,timed out,1800.175438489765,abstract_fd_search,,15.386036153882742,0.025177424773573875,,24.26162003725767,35.14690518938005,0.019586924463510513,0.9922784641385078,0.22556882537901402,,0.22587531618773937,,,0.08964765444397926,,,,,1,0,10,0,32,,,11,178,fuellevel,
nomystery-sat11-strips,p14.pddl,asp,timed out,1800.1605040840805,concrete_asp,,,,,,,,0.9781013429164886,,,0.21430695429444313,,,,,,,,,,,,,,,27,,,
nomystery-sat11-strips,p14.pddl,fd,timed out,1800.1140395328403,,,,,,,,,,,,,,,,,,,,,,,,,,,,,,
nomystery-sat11-strips,p15.pddl,abs-asp,timed out,1800.133002500981,abstract_asp,,13.229518923908472,0.02208361029624939,,27.710212614387274,28.276640087366104,0.022806480526924133,0.9294365756213665,0.20607447996735573,,0.2558335028588772,0.011743098497390747,,,,,,,1,0,,,31,,32,,166,fuellevel,
nomystery-sat11-strips,p15.pddl,abs-fd,timed out,1800.1447876617312,abstract_fd_search,,12.864084742963314,0.019758157432079315,,27.51290513947606,28.578852269798517,0.022677727043628693,0.9698037728667259,0.19449931383132935,,0.257039662450552,,,0.09227531030774117,,,,,1,0,9,0,36,,,10,166,fuellevel,
nomystery-sat11-strips,p15.pddl,asp,timed out,1800.052096951753,concrete_asp,,,,,,,,0.9561232626438141,,,0.24106890335679054,,,,,,,,,,,,,,,28,,,
nomystery-sat11-strips,p15.pddl,fd,timed out,1800.1103392653167,,,,,,,,,,,,,,,,,,,,,,,,,,,,,,
nomystery-sat11-strips,p16.pddl,abs-asp,timed out,1800.1370661854744,abstract_asp,,13.890135636553168,0.020014537498354912,,31.511662997305393,28.38592224381864,0.026137368753552437,1.0772726517170668,0.23426784947514534,,0.28037260100245476,0.013004936277866364,,,,,,,1,0,,,32,,33,,166,fuellevel,
nomystery-sat11-strips,p16.pddl,abs-fd,timed out,1800.3410459943116,abstract_fd_search,,13.259168911725283,0.022231005132198334,,31.32335052266717,28.28043421730399,0.026275642216205597,1.053644672036171,0.209746602922678,,0.27765555307269096,,,0.0944158099591732,,,,,1,0,21,0,40,,,22,166,fuellevel,
nomystery-sat11-strips,p16.pddl,asp,timed out,1800.144989438355,concrete_asp,,,,,,,,0.9644689150154591,,,0.26190292462706566,,,,,,,,,,,,,,,31,,,
nomystery-sat11-strips,p16.pddl,fd,timed out,1800.1133657321334,,,,,,,,,,,,,,,,,,,,,,,,,,,,,,
nomystery-sat11-strips,p17.pddl,abs-asp,timed out,1800.13135689497,abstract_asp,,16.719669494777918,0.024450842291116714,,53.21810817718506,39.589442022144794,0.02741146832704544,1.2019832506775856,0.20972101017832756,,0.32484590634703636,0.013286914676427841,,,,,,,1,0,,,34,,35,,186,fuellevel,
nomystery-sat11-strips,p17.pddl,abs-fd,timed out,1800.3481162972748,abstract_fd_search,,17.301037549972534,0.02529279515147209,,53.5858459174633,39.64945190772414,0.0286484993994236,1.2123545929789543,0.2302594557404518,,0.34011515229940414,,,0.10083974152803421,,,,,1,0,16,0,43,,,17,186,fuellevel,
nomystery-sat11-strips,p17.pddl,asp,timed out,1800.1503580827266,concrete_asp,,,,,,,,1.1579071460291743,,,0.3206467228010297,,,,,,,,,,,,,,,30,,,
nomystery-sat11-strips,p17.pddl,fd,success,24.31180085707456,total,1.281523,,,,,,,,,1.274887,,,,,,,,valid,,,,,,40,,,,,
nomystery-sat11-strips,p18.pddl,abs-asp,timed out,1800.1283772736788,abstract_asp,,8.35214027762413,0.012978516519069672,,19.352213218808174,14.144922230392694,0.028456993401050568,0.8187586143612862,0.214455284178257,,0.252858929336071,0.016270514577627182,,,,,,,1,0,,,33,,34,,131,fuellevel,
nomystery-sat11-strips,p18.pddl,abs-fd,timed out,1800.1410859897733,abstract_fd_search,,8.705817114561796,0.013997744768857956,,19.391803681850433,14.087656116113067,0.02967028319835663,0.8961839564144611,0.2251678705215454,,0.25946009904146194,,,0.10184657946228981,,,,,1,0,21,0,43,,,22,131,fuellevel,
nomystery-sat11-strips,p18.pddl,asp,timed out,1800.1395483305678,concrete_asp,,,,,,,,0.8476888444274664,,,0.24276154395192862,,,,,,,,,,,,,,,31,,,
nomystery-sat11-strips,p18.pddl,fd,timed out,1800.111685927026,,,,,,,,,,,,,,,,,,,,,,,,,,,,,,
nomystery-sat11-strips,p19.pddl,abs-asp,timed out,1800.1431634165347,abstract_asp,,24.66435343772173,0.03833774849772453,,135.79292082041502,70.52850921824574,0.03270505741238594,1.6590854600071907,0.2181495539844036,,0.4929908774793148,0.018682166934013367,,,,,,,1,0,,,36,,37,,225,fuellevel,
nomystery-sat11-strips,p19.pddl,abs-fd,timed out,1800.5317719765007,abstract_fd_search,,24.45043994858861,0.033499233424663544,,135.74119379743934,70.50243763253093,0.033332161605358124,1.7257370576262474,0.21555694565176964,,0.4975319541990757,,,0.0970863401889801,,,,,1,0,7,0,56,,,8,225,fuellevel,
nomystery-sat11-strips,p19.pddl,asp,timed out,1800.1747486470267,concrete_asp,,,,,,,,1.690853375941515,,,0.4662834629416466,,,,,,,,,,,,,,,31,,,
nomystery-sat11-strips,p19.pddl,fd,timed out,1800.1143353842199,,,,,,,,,,,,,,,,,,,,,,,,,,,,,,
nomystery-sat11-strips,p20.pddl,abs-asp,timed out,1800.0371052101254,abstract_asp,,15.61368141695857,0.025966975837945938,,66.08847679942846,34.78810141980648,0.03424350544810295,1.4205268025398254,0.221951711922884,,0.4097510725259781,0.02007606253027916,,,,,,,1,0,,,36,,37,,178,fuellevel,
nomystery-sat11-strips,p20.pddl,abs-fd,timed out,1800.260631935671,abstract_fd_search,,15.999318167567253,0.025863369926810265,,65.99702976085246,35.02896797657013,0.03449868597090244,1.3277385216206312,0.2209486085921526,,0.4077722579240799,,,0.09535575844347477,,,,,1,0,8,0,54,,,9,178,fuellevel,
nomystery-sat11-strips,p20.pddl,asp,timed out,1800.1605095546693,concrete_asp,,,,,,,,1.3167983666062355,,,0.38120611384510994,,,,,,,,,,,,,,,32,,,
nomystery-sat11-strips,p20.pddl,fd,timed out,1800.0188050866127,,,,,,,,,,,,,,,,,,,,,,,,,,,,,,
openstacks-sat08-strips,p01.pddl,abs-asp,success,5.414093896746635,total,1.788543,0.209774,0.003337,,0.268009,0.014276,0.019553,0.272232,0.192407,,0.011187,0.004085,0.581329,,0.130875,,,valid,7,0,0,0,15,20,16,1,6,count,
openstacks-sat08-strips,p01.pddl,abs-fd,success,4.2087802812457085,total,1.201094,0.202763,0.003413,,0.239702,0.014243,0.019704,0.243587,0.187645,,0.009494,,,0.087413,0.133998,,,valid,7,0,0,0,15,20,,1,6,count,
openstacks-sat08-strips,p01.pddl,asp,success,7.721248980611563,total,5.679556,,,,,,,0.19733,,,0.00635,,,,5.451249,,,valid,,,,,,17,,18,,,
openstacks-sat08-strips,p01.pddl,fd,success,2.2480069398880005,total,0.219547,,,,,,,,,0.210145,,,,,,,,valid,,,,,,18,,,,,
openstacks-sat08-strips,p02.pddl,abs-asp,success,3.7052581813186407,total,1.642248,0.18919,0.003371,,0.187256,0.014372,0.020175,0.210117,0.189221,,0.00799,0.004033,0.607825,,0.130842,,,valid,7,0,0,0,15,20,16,1,6,count,
openstacks-sat08-strips,p02.pddl,abs-fd,success,4.190544482320547,total,1.182279,0.200025,0.003394,,0.23645,0.013998,0.019764,0.238431,0.184937,,0.009949,,,0.085529,0.130717,,,valid,7,0,0,0,15,20,,1,6,count,
openstacks-sat08-strips,p02.pddl,asp,success,10.054176170378923,total,8.000999,,,,,,,0.196682,,,0.006299,,,,7.77407,,,valid,,,,,,18,,19,,,
openstacks-sat08-strips,p02.pddl,fd,success,2.2809524200856686,total,0.2171,,,,,,,,,0.207986,,,,,,,,valid,,,,,,18,,,,,
openstacks-sat08-strips,p03.pddl,abs-asp,success,4.085560034960508,total,1.991643,0.194724,0.00341,,0.207627,0.013833,0.019426,0.216626,0.189944,,0.006517,0.004357,0.929716,,0.131117,,,valid,7,0,0,0,15,20,16,1,6,count,
openstacks-sat08-strips,p03.pddl,abs-fd,success,3.4590205252170563,total,1.078148,0.191723,0.003448,,0.185783,0.014112,0.019352,0.194474,0.185707,,0.006919,,,0.084823,0.131326,,,valid,7,0,0,0,15,20,,1,6,count,
openstacks-sat08-strips,p03.pddl,asp,success,12.108328752219677,total,10.047725,,,,,,,0.196524,,,0.006435,,,,9.821297,,,valid,,,,,,17,,18,,,
openstacks-sat08-strips,p03.pddl,fd,success,2.230170536786318,total,0.217773,,,,,,,,,0.208341,,,,,,,,valid,,,,,,17,,,,,
openstacks-sat08-strips,p04.pddl,abs-asp,timed out,1800.1187703832984,abstract_asp,,0.333490576595068,0.0055740028619766235,,0.25295891240239143,0.034559641033411026,0.03998710215091705,0.2177172265946865,0.2001805268228054,,0.013922445476055145,0.004782930016517639,,,,,,,12,0,,,22,,23,,11,count,
openstacks-sat08-strips,p04.pddl,abs-fd,success,4.551563303917646,total,1.980189,0.338067,0.005601,,0.271125,0.034256,0.040059,0.275274,0.195043,,0.015322,,,0.089107,0.648058,,,valid,12,0,0,0,30,40,,1,11,count,
openstacks-sat08-strips,p04.pddl,asp,timed out,1800.1231412291527,concrete_asp,,,,,,,,0.22655964642763138,,,0.013306699693202972,,,,,,,,,,,,,,,23,,,
openstacks-sat08-strips,p04.pddl,fd,success,2.433195412158966,total,0.242249,,,,,,,,,0.233142,,,,,,,,valid,,,,,,34,,,,,
openstacks-sat08-strips,p05.pddl,abs-asp,timed out,1800.1187707036734,abstract_asp,,0.34120066463947296,0.005499392747879028,,0.2902894653379917,0.03448636829853058,0.03929942101240158,0.24939250946044922,0.1929859071969986,,0.017189085483551025,0.0048385001718997955,,,,,,,12,0,,,23,,24,,11,count,
openstacks-sat08-strips,p05.pddl,abs-fd,success,4.946406736969948,total,1.909799,0.337419,0.005652,,0.269691,0.034835,0.039375,0.211778,0.191226,,0.013175,,,0.08771,0.644451,,,valid,12,0,0,0,30,40,,1,11,count,
openstacks-sat08-strips,p05.pddl,asp,timed out,1800.1201790720224,concrete_asp,,,,,,,,0.2140733189880848,,,0.013068538159132004,,,,,,,,,,,,,,,23,,,
openstacks-sat08-strips,p05.pddl,fd,success,2.478147931396961,total,0.236847,,,,,,,,,0.22892,,,,,,,,valid,,,,,,34,,,,,
openstacks-sat08-strips,p06.pddl,abs-asp,timed out,1800.1211995221674,abstract_asp,,0.3505465015769005,0.005719698965549469,,0.29589034244418144,0.03475410118699074,0.04184598848223686,0.2742011845111847,0.20607582107186317,,0.016738664358854294,0.004914049059152603,,,,,,,12,0,,,22,,23,,11,count,
openstacks-sat08-strips,p06.pddl,abs-fd,success,6.021325759589672,total,2.119905,0.362648,0.005744,,0.296221,0.034821,0.043489,0.275421,0.207505,,0.018108,,,0.094203,0.694357,,,valid,12,0,0,0,30,40,,1,11,count,
openstacks-sat08-strips,p06.pddl,asp,timed out,1800.0260204821825,concrete_asp,,,,,,,,0.2161007598042488,,,0.013408325612545013,,,,,,,,,,,,,,,24,,,
openstacks-sat08-strips,p06.pddl,fd,success,2.400864467024803,total,0.239262,,,,,,,,,0.230336,,,,,,,,valid,,,,,,36,,,,,
openstacks-sat08-strips,p07.pddl,abs-asp,timed out,1800.116955343634,abstract_asp,,0.40522102266550064,0.00788583979010582,,0.32155533134937286,0.06272643804550171,0.05014852434396744,0.2417035549879074,0.20005185529589653,,0.025086600333452225,0.005624733865261078,,,,,,,17,0,,,23,,24,,16,count,
openstacks-sat08-strips,p07.pddl,abs-fd,success,7.270900312811136,total,3.492397,0.412732,0.008407,,0.381714,0.06309,0.049762,0.303001,0.193394,,0.029026,,,0.091327,1.841496,,,valid,17,0,0,0,45,50,,1,16,count,
openstacks-sat08-strips,p07.pddl,asp,timed out,1800.120315592736,concrete_asp,,,,,,,,0.23967467993497849,,,0.024445194751024246,,,,,,,,,,,,,,,23,,,
openstacks-sat08-strips,p07.pddl,fd,success,2.5618043430149555,total,0.269134,,,,,,,,,0.261236,,,,,,,,valid,,,,,,53,,,,,
openstacks-sat08-strips,p08.pddl,abs-asp,timed out,1800.1153235808015,abstract_asp,,0.4144413471221924,0.007889270782470703,,0.35869162529706955,0.06184576451778412,0.0497715137898922,0.27979861199855804,0.19995005056262016,,0.028418350964784622,0.005606155842542648,,,,,,,17,0,,,24,,25,,16,count,
openstacks-sat08-strips,p08.pddl,abs-fd,success,6.482626486569643,total,3.454613,0.430119,0.007785,,0.359118,0.062,0.049468,0.27666,0.199136,,0.027792,,,0.088302,1.84602,,,valid,17,0,0,0,45,50,,1,16,count,
openstacks-sat08-strips,p08.pddl,asp,timed out,1800.0317097268999,concrete_asp,,,,,,,,0.24040589109063148,,,0.024370059370994568,,,,,,,,,,,,,,,23,,,
openstacks-sat08-strips,p08.pddl,fd,success,2.5918817594647408,total,0.267299,,,,,,,,,0.258873,,,,,,,,valid,,,,,,50,,,,,
openstacks-sat08-strips,p09.pddl,abs-asp,timed out,1800.1151409484446,abstract_asp,,0.4085686020553112,0.007884614169597626,,0.32577623426914215,0.061393409967422485,0.050083961337804794,0.26052946597337723,0.20167355984449387,,0.02644561603665352,0.005595054477453232,,,,,,,17,0,,,23,,24,,16,count,
openstacks-sat08-strips,p09.pddl,abs-fd,success,5.649221438914537,total,3.426427,0.395138,0.007961,,0.305619,0.062752,0.050509,0.237701,0.201411,,0.024793,,,0.090089,1.943935,,,valid,17,0,0,0,45,60,,1,16,count,
openstacks-sat08-strips,p09.pddl,asp,timed out,1800.1198369450867,concrete_asp,,,,,,,,0.23976228386163712,,,0.024633556604385376,,,,,,,,,,,,,,,23,,,
openstacks-sat08-strips,p09.pddl,fd,success,2.626500390470028,total,0.273461,,,,,,,,,0.264166,,,,,,,,valid,,,,,,52,,,,,
openstacks-sat08-strips,p10.pddl,abs-asp,timed out,1800.1206506825984,abstract_asp,,0.5046220608055592,0.010935463011264801,,0.49659203737974167,0.10107522085309029,0.06896102800965309,0.28558192029595375,0.21433362737298012,,0.04162272810935974,0.006883997470140457,,,,,,,22,0,,,23,,24,,21,count,
openstacks-sat08-strips,p10.pddl,abs-fd,success,8.602871585637331,total,6.14702,0.482667,0.010501,,0.464551,0.100115,0.068296,0.290796,0.204475,,0.042526,,,0.090223,4.250655,,,valid,22,0,0,0,60,80,,1,21,count,
openstacks-sat08-strips,p10.pddl,asp,timed out,1800.1218162178993,concrete_asp,,,,,,,,0.27307142317295074,,,0.03956155478954315,,,,,,,,,,,,,,,24,,,
openstacks-sat08-strips,p10.pddl,fd,success,2.7415559142827988,total,0.311242,,,,,,,,,0.304436,,,,,,,,valid,,,,,,71,,,,,
openstacks-sat08-strips,p11.pddl,abs-asp,timed out,1800.1186670474708,abstract_asp,,0.4737425483763218,0.010458506643772125,,0.4733298607170582,0.12312983721494675,0.06843448057770729,0.2871919069439173,0.20245160907506943,,0.04169442504644394,0.005922203883528709,,,,,,,22,0,,,24,,25,,21,count,
openstacks-sat08-strips,p11.pddl,abs-fd,success,8.421690177172422,total,5.569409,0.459773,0.010332,,0.471334,0.101589,0.068337,0.27009,0.17394,,0.041942,,,0.076761,3.784331,,,valid,22,0,0,0,60,71,,1,21,count,
openstacks-sat08-strips,p11.pddl,asp,timed out,1800.1193525157869,concrete_asp,,,,,,,,0.2789299227297306,,,0.04048576578497887,,,,,,,,,,,,,,,24,,,
openstacks-sat08-strips,p11.pddl,fd,success,2.776626519858837,total,0.31894,,,,,,,,,0.309621,,,,,,,,valid,,,,,,71,,,,,
openstacks-sat08-strips,p12.pddl,abs-asp,timed out,1800.1190675962716,abstract_asp,,0.4983127601444721,0.010948412120342255,,0.47636089473962784,0.10082014836370945,0.069016607478261,0.2886222396045923,0.21895365603268147,,0.04182669706642628,0.006222447380423546,,,,,,,22,0,,,25,,26,,21,count,
openstacks-sat08-strips,p12.pddl,abs-fd,success,8.263066824525595,total,5.347606,0.454882,0.010416,,0.455515,0.099524,0.067151,0.268981,0.173887,,0.041665,,,0.077856,3.588145,,,valid,22,0,0,0,60,67,,1,21,count,
openstacks-sat08-strips,p12.pddl,asp,timed out,1800.122493389994,concrete_asp,,,,,,,,0.27903223037719727,,,0.039993081241846085,,,,,,,,,,,,,,,24,,,
openstacks-sat08-strips,p12.pddl,fd,success,2.7559638135135174,total,0.313438,,,,,,,,,0.305264,,,,,,,,valid,,,,,,68,,,,,
openstacks-sat08-strips,p13.pddl,abs-asp,timed out,1800.119640307501,abstract_asp,,0.7031326834112406,0.014937613159418106,,1.2417883984744549,0.1970361266285181,0.10621953569352627,0.3796586859971285,0.21658259816467762,,0.08936239778995514,0.007361076772212982,,,,,,,32,0,,,23,,24,,31,count,
openstacks-sat08-strips,p13.pddl,abs-fd,success,20.2886558547616,total,16.658141,0.641605,0.014732,,1.282618,0.203046,0.106472,0.432905,0.215021,,0.092509,,,0.097087,13.285395,,,valid,32,0,0,0,90,110,,1,31,count,
openstacks-sat08-strips,p13.pddl,asp,timed out,1800.1263818070292,concrete_asp,,,,,,,,0.37453486397862434,,,0.0863221175968647,,,,,,,,,,,,,,,23,,,
openstacks-sat08-strips,p13.pddl,fd,success,3.2457659654319286,total,0.55237,,,,,,,,,0.440042,,,,,,,,valid,,,,,,106,,,,,
openstacks-sat08-strips,p14.pddl,abs-asp,timed out,1800.0826637428254,abstract_asp,,0.6663303636014462,0.014939926564693451,,1.3117205705493689,0.20349393784999847,0.10899050347507,0.45959358662366867,0.23115341179072857,,0.09453782066702843,0.008150957524776459,,,,,,,32,0,,,24,,25,,31,count,
openstacks-sat08-strips,p14.pddl,abs-fd,success,19.18965931236744,total,16.037152,0.626373,0.014877,,1.23273,0.22225,0.107719,0.395086,0.217092,,0.091765,,,0.096726,12.71624,,,valid,32,0,0,0,90,100,,1,31,count,
openstacks-sat08-strips,p14.pddl,asp,timed out,1800.08967557922,concrete_asp,,,,,,,,0.38110171258449554,,,0.08692009747028351,,,,,,,,,,,,,,,24,,,
openstacks-sat08-strips,p14.pddl,fd,success,3.146047465503216,total,0.447246,,,,,,,,,0.439611,,,,,,,,valid,,,,,,105,,,,,
openstacks-sat08-strips,p15.pddl,abs-asp,timed out,1800.1205287761986,abstract_asp,,0.635198961943388,0.015097446739673615,,1.289823867380619,0.2015329822897911,0.10697650536894798,0.4083230383694172,0.21154481172561646,,0.09298275783658028,0.007512044161558151,,,,,,,32,0,,,24,,25,,31,count,
openstacks-sat08-strips,p15.pddl,abs-fd,success,20.14821980521083,total,16.103485,0.635242,0.015222,,1.285046,0.19961,0.106375,0.433525,0.212439,,0.09348,,,0.09515,12.746552,,,valid,32,0,0,0,90,115,,1,31,count,
openstacks-sat08-strips,p15.pddl,asp,timed out,1800.1258845329285,concrete_asp,,,,,,,,0.37771889194846153,,,0.08540148660540581,,,,,,,,,,,,,,,23,,,
openstacks-sat08-strips,p15.pddl,fd,success,3.836242936551571,total,0.491648,,,,,,,,,0.484502,,,,,,,,valid,,,,,,104,,,,,
openstacks-sat08-strips,p16.pddl,abs-asp,timed out,1800.118992857635,abstract_asp,,0.7929291650652885,0.026690538972616196,,3.4784087352454662,0.36164478212594986,0.2881283797323704,0.5176684148609638,0.22766170278191566,,0.15984291583299637,0.008980054408311844,,,,,,,42,0,,,24,,25,,41,count,
openstacks-sat08-strips,p16.pddl,abs-fd,success,42.13339257054031,total,38.135601,0.826309,0.03146,,3.481828,0.340012,0.335686,0.576705,0.239144,,0.160983,,,0.104342,31.494435,,,valid,42,0,0,0,120,160,,1,41,count,
openstacks-sat08-strips,p16.pddl,asp,timed out,1800.126058306545,concrete_asp,,,,,,,,5.763225346803665,,,0.15550093725323677,,,,,,,,,,,,,,,23,,,
openstacks-sat08-strips,p16.pddl,fd,success,3.623148810118437,total,0.628403,,,,,,,,,0.622201,,,,,,,,valid,,,,,,142,,,,,
openstacks-sat08-strips,p17.pddl,abs-asp,timed out,1800.121478393674,abstract_asp,,0.8075404651463032,0.01961260661482811,,3.4699683897197247,0.3337997756898403,0.2744716815650463,0.5385772176086903,0.2298559807240963,,0.1581665351986885,0.009023930877447128,,,,,,,42,0,,,25,,26,,41,count,
openstacks-sat08-strips,p17.pddl,abs-fd,success,40.81817581132054,total,36.132387,0.78989,0.019547,,3.529044,0.334014,0.270107,0.51878,0.227025,,0.155305,,,0.102627,29.606494,,,valid,42,0,0,0,120,138,,1,41,count,
openstacks-sat08-strips,p17.pddl,asp,timed out,1800.1217369996011,concrete_asp,,,,,,,,0.50904580950737,,,0.1488211527466774,,,,,,,,,,,,,,,23,,,
openstacks-sat08-strips,p17.pddl,fd,success,4.723354517482221,total,0.661109,,,,,,,,,0.653986,,,,,,,,valid,,,,,,142,,,,,
openstacks-sat08-strips,p18.pddl,abs-asp,timed out,1800.1184084042907,abstract_asp,,0.7813187874853611,0.01918131858110428,,3.4915152601897717,0.35363203287124634,0.2901240661740303,0.5156797990202904,0.22827303037047386,,0.1562676653265953,0.008956249803304672,,,,,,,42,0,,,24,,25,,41,count,
openstacks-sat08-strips,p18.pddl,abs-fd,success,42.56878832727671,total,38.265611,0.788083,0.019367,,3.515041,0.332401,0.262419,0.551413,0.22976,,0.15872,,,0.103075,31.744207,,,valid,42,0,0,0,120,160,,1,41,count,
openstacks-sat08-strips,p18.pddl,asp,timed out,1800.1283900924027,concrete_asp,,,,,,,,0.5207984559237957,,,0.1504954732954502,,,,,,,,,,,,,,,23,,,
openstacks-sat08-strips,p18.pddl,fd,success,3.591737501323223,total,0.634319,,,,,,,,,0.626282,,,,,,,,valid,,,,,,143,,,,,
openstacks-sat08-strips,p19.pddl,abs-asp,timed out,1800.0323125571012,abstract_asp,,1.0814817994832993,0.024780921638011932,,8.7916126139462,0.5154428742825985,0.2158086933195591,0.7885857112705708,0.2402939610183239,,0.2549043409526348,0.01028856635093689,,,,,,,52,0,,,24,,25,,51,count,
openstacks-sat08-strips,p19.pddl,abs-fd,success,80.40217793360353,total,76.2794,1.056133,0.025051,,8.7283,0.512507,0.216469,0.729761,0.238633,,0.250644,,,0.104971,63.406087,,,valid,52,0,0,0,150,200,,1,51,count,
openstacks-sat08-strips,p19.pddl,asp,timed out,1800.1290975511074,concrete_asp,,,,,,,,0.7603405155241489,,,0.23734895139932632,,,,,,,,,,,,,,,23,,,
openstacks-sat08-strips,p19.pddl,fd,success,4.702314864844084,total,0.979495,,,,,,,,,0.971149,,,,,,,,valid,,,,,,175,,,,,
openstacks-sat08-strips,p20.pddl,abs-asp,timed out,1800.1207986176014,abstract_asp,,1.083032600581646,0.03150764852762222,,8.750420074909925,0.5261573567986488,0.2073442041873932,0.787157416343689,0.23812313750386238,,0.26011035218834877,0.010476499795913696,,,,,,,52,0,,,23,,24,,51,count,
openstacks-sat08-strips,p20.pddl,abs-fd,success,77.19510377943516,total,71.787356,1.086895,0.025196,,8.724047,0.545612,0.215829,0.756462,0.241745,,0.254665,,,0.128522,58.762752,,,valid,52,0,0,0,150,182,,1,51,count,
openstacks-sat08-strips,p20.pddl,asp,timed out,1800.130718678236,concrete_asp,,,,,,,,0.7784399203956127,,,0.24125750735402107,,,,,,,,,,,,,,,23,,,
openstacks-sat08-strips,p20.pddl,fd,success,3.6579531244933605,total,0.844144,,,,,,,,,0.840722,,,,,,,,valid,,,,,,186,,,,,
openstacks-sat08-strips,p21.pddl,abs-asp,timed out,1800.118781529367,abstract_asp,,1.068517129868269,0.02517377957701683,,8.77966683357954,0.5086691454052925,0.21172093600034714,0.7234469205141068,0.23609591275453568,,0.24793227761983871,0.010066721588373184,,,,,,,52,0,,,22,,23,,51,count,
openstacks-sat08-strips,p21.pddl,abs-fd,success,84.28642661124468,total,80.340841,1.041295,0.025395,,8.758193,0.535376,0.212715,0.725557,0.237926,,0.24666,,,0.10969,67.48458,,,valid,52,0,0,0,150,200,,1,51,count,
openstacks-sat08-strips,p21.pddl,asp,timed out,1800.0348648391664,concrete_asp,,,,,,,,0.7486354410648346,,,0.23324517533183098,,,,,,,,,,,,,,,22,,,
openstacks-sat08-strips,p21.pddl,fd,success,4.2197898253798485,total,0.939481,,,,,,,,,0.930621,,,,,,,,valid,,,,,,178,,,,,
openstacks-sat08-strips,p22.pddl,abs-asp,timed out,1800.0280230008066,abstract_asp,,1.376920908689499,0.030714046210050583,,19.828522693365812,0.7278679870069027,0.2799631617963314,1.0539904832839966,0.2707907594740391,,0.3944569416344166,0.012238841503858566,,,,,,,62,0,,,22,,23,,61,count,
openstacks-sat08-strips,p22.pddl,abs-fd,success,149.80876908823848,total,144.831136,1.240173,0.030266,,19.583055,0.764719,0.272184,0.961272,0.255648,,0.3698,,,0.112814,119.545059,,,valid,62,0,0,0,180,240,,1,61,count,
openstacks-sat08-strips,p22.pddl,asp,timed out,1800.042737815529,concrete_asp,,,,,,,,1.0299730561673641,,,0.34924787282943726,,,,,,,,,,,,,,,23,,,
openstacks-sat08-strips,p22.pddl,fd,success,6.430822104215622,total,1.351048,,,,,,,,,1.342906,,,,,,,,valid,,,,,,219,,,,,
openstacks-sat08-strips,p23.pddl,abs-asp,timed out,1800.1200310774148,abstract_asp,,1.23846772685647,0.049002863466739655,,19.687211327254772,0.721914816647768,0.26127345860004425,0.9548491425812244,0.2487945407629013,,0.3639690764248371,0.011500712484121323,,,,,,,62,0,,,25,,26,,61,count,
openstacks-sat08-strips,p23.pddl,abs-fd,success,129.5400038845837,total,123.714604,1.215604,0.029324,,19.624786,0.720282,0.263755,0.992201,0.253438,,0.361923,,,0.114879,98.520042,,,valid,62,0,0,0,180,217,,1,61,count,
openstacks-sat08-strips,p23.pddl,asp,timed out,1800.1347169093788,concrete_asp,,,,,,,,0.9859883487224579,,,0.33843057975172997,,,,,,,,,,,,,,,23,,,
openstacks-sat08-strips,p23.pddl,fd,success,4.84353381767869,total,1.265538,,,,,,,,,1.25786,,,,,,,,valid,,,,,,217,,,,,
openstacks-sat08-strips,p24.pddl,abs-asp,timed out,1800.1212658174336,abstract_asp,,1.2205733563750982,0.02919205091893673,,19.73508659005165,0.7164003495126963,0.27250258065760136,0.9893045537173748,0.2519851680845022,,0.3650516960769892,0.01140475645661354,,,,,,,62,0,,,21,,22,,61,count,
openstacks-sat08-strips,p24.pddl,abs-fd,success,140.44298974610865,total,134.865012,1.210341,0.0294,,19.653129,0.711946,0.267522,1.015662,0.254947,,0.364023,,,0.113978,109.644941,,,valid,62,0,0,0,180,240,,1,61,count,
openstacks-sat08-strips,p24.pddl,asp,timed out,1800.129336208105,concrete_asp,,,,,,,,0.962901633232832,,,0.3343098871409893,,,,,,,,,,,,,,,23,,,
openstacks-sat08-strips,p24.pddl,fd,success,4.163967289030552,total,1.141096,,,,,,,,,1.137671,,,,,,,,valid,,,,,,218,,,,,
openstacks-sat08-strips,p25.pddl,abs-asp,timed out,1800.0251702964306,abstract_asp,,1.7772407568991184,0.03976791352033615,,75.23108993470669,1.2544229365885258,0.418815266340971,1.7513954006135464,0.2704419791698456,,0.6481432244181633,0.014549482613801956,,,,,,,82,0,,,23,,24,,81,count,
openstacks-sat08-strips,p25.pddl,abs-fd,interrupted,314.98891373351216,abstract_fd_search,,1.7035140059888363,0.04017535224556923,,75.3541251309216,1.3236808478832245,0.4082590900361538,1.794431947171688,0.27032384648919106,,0.67169139534235,,,0.13125594705343246,,,,,82,0,0,0,240,,,1,81,count,
openstacks-sat08-strips,p25.pddl,asp,timed out,1800.1359202750027,concrete_asp,,,,,,,,1.7668964266777039,,,0.6097842082381248,,,,,,,,,,,,,,,22,,,
openstacks-sat08-strips,p25.pddl,fd,success,8.060165528208017,total,2.608717,,,,,,,,,2.600161,,,,,,,,valid,,,,,,298,,,,,
openstacks-sat08-strips,p26.pddl,abs-asp,timed out,1800.1204575896263,abstract_asp,,1.4727163426578045,0.043651312589645386,,74.45590253919363,1.2418250627815723,0.3903408497571945,1.3899277225136757,0.22789615020155907,,0.5970807187259197,0.01329503208398819,,,,,,,82,0,,,21,,22,,81,count,
openstacks-sat08-strips,p26.pddl,abs-fd,interrupted,309.872136939317,abstract_fd_search,,1.677547125145793,0.046215351670980453,,75.65979975089431,1.2518851105123758,0.4081145655363798,1.6834800746291876,0.2723511550575495,,0.6359781119972467,,,0.12914676778018475,,,,,82,0,0,0,240,,,1,81,count,
openstacks-sat08-strips,p26.pddl,asp,timed out,1800.12577964738,concrete_asp,,,,,,,,1.5427423678338528,,,0.595728937536478,,,,,,,,,,,,,,,23,,,
openstacks-sat08-strips,p26.pddl,fd,success,5.688807118684053,total,2.056452,,,,,,,,,2.053403,,,,,,,,valid,,,,,,286,,,,,
openstacks-sat08-strips,p27.pddl,abs-asp,timed out,1800.1225822232664,abstract_asp,,1.7100264243781567,0.04005766287446022,,75.52662041783333,1.2652106992900372,0.40143289789557457,1.67745166644454,0.27697567269206047,,0.6477022804319859,0.014771293848752975,,,,,,,82,0,,,23,,24,,81,count,
openstacks-sat08-strips,p27.pddl,abs-fd,interrupted,312.86434407904744,abstract_fd_search,,1.7094986625015736,0.03995707258582115,,75.49557622149587,1.238075703382492,0.40783516690135,1.606259573251009,0.2767879068851471,,0.6482574082911015,,,0.13043004646897316,,,,,82,0,0,0,240,,,1,81,count,
openstacks-sat08-strips,p27.pddl,asp,timed out,1800.1397756235674,concrete_asp,,,,,,,,1.6304377121850848,,,0.6099483780562878,,,,,,,,,,,,,,,22,,,
openstacks-sat08-strips,p27.pddl,fd,success,6.511660952121019,total,2.112811,,,,,,,,,2.109062,,,,,,,,valid,,,,,,288,,,,,
openstacks-sat11-strips,p01.pddl,abs-asp,timed out,1800.1198017857969,abstract_asp,,1.0638716705143452,0.02489987388253212,,8.822554111480713,0.5095436275005341,0.2018858827650547,0.726269569247961,0.23586959764361382,,0.24749185144901276,0.009795237332582474,,,,,,,52,0,,,22,,23,,51,count,
openstacks-sat11-strips,p01.pddl,abs-fd,success,84.38614661619067,total,80.375365,1.045808,0.024711,,8.777474,0.532919,0.232628,0.727878,0.240473,,0.247381,,,0.110157,67.421498,,,valid,52,0,0,0,150,200,,1,51,count,
openstacks-sat11-strips,p01.pddl,asp,timed out,1800.1316421590745,concrete_asp,,,,,,,,0.7249698340892792,,,0.23097828030586243,,,,,,,,,,,,,,,22,,,
openstacks-sat11-strips,p01.pddl,fd,success,4.953934408724308,total,0.923566,,,,,,,,,0.917565,,,,,,,,valid,,,,,,178,,,,,
openstacks-sat11-strips,p02.pddl,abs-asp,timed out,1800.11916895397,abstract_asp,,1.2463540490716696,0.030081532895565033,,19.569482006132603,0.7278199810534716,0.27596854232251644,0.9571344070136547,0.2516637947410345,,0.36723081581294537,0.011752258986234665,,,,,,,62,0,,,23,,24,,61,count,
openstacks-sat11-strips,p02.pddl,abs-fd,success,150.57231518253684,total,144.366771,1.266565,0.030555,,19.671325,0.762936,0.277923,1.017488,0.252167,,0.373139,,,0.115416,118.883115,,,valid,62,0,0,0,180,240,,1,61,count,
openstacks-sat11-strips,p02.pddl,asp,timed out,1800.1327866343781,concrete_asp,,,,,,,,0.9547778116539121,,,0.341313723474741,,,,,,,,,,,,,,,23,,,
openstacks-sat11-strips,p02.pddl,fd,success,4.409895229153335,total,1.178208,,,,,,,,,1.172571,,,,,,,,valid,,,,,,219,,,,,
openstacks-sat11-strips,p03.pddl,abs-asp,timed out,1800.1203069612384,abstract_asp,,1.0829768627882004,0.029114123433828354,,19.435576427727938,0.7362062595784664,0.2636653818190098,0.8695592619478703,0.20783554390072823,,0.3354107178747654,0.010462932288646698,,,,,,,62,0,,,21,,22,,61,count,
openstacks-sat11-strips,p03.pddl,abs-fd,success,140.8856476470828,total,135.927033,1.233825,0.029451,,19.625546,0.739894,0.27376,0.988728,0.254963,,0.369821,,,0.114313,110.64352,,,valid,62,0,0,0,180,240,,1,61,count,
openstacks-sat11-strips,p03.pddl,asp,timed out,1800.1317413002253,concrete_asp,,,,,,,,0.9417424090206623,,,0.33740516006946564,,,,,,,,,,,,,,,23,,,
openstacks-sat11-strips,p03.pddl,fd,success,5.568451564759016,total,1.285507,,,,,,,,,1.279008,,,,,,,,valid,,,,,,218,,,,,
openstacks-sat11-strips,p04.pddl,abs-asp,timed out,1800.1224576160312,abstract_asp,,1.7145854458212852,0.0399952195584774,,75.30231808498502,1.2651160210371017,0.4102647006511688,1.7487915381789207,0.2732771523296833,,0.6553217098116875,0.01442984864115715,,,,,,,82,0,,,23,,24,,81,count,
openstacks-sat11-strips,p04.pddl,abs-fd,interrupted,316.4770786240697,abstract_fd_search,,1.7965801060199738,0.04108574241399765,,75.6737670712173,1.2580817751586437,0.4272606149315834,1.77372981980443,0.2939709238708019,,0.6502296328544617,,,0.1355947181582451,,,,,82,0,0,0,240,,,1,81,count,
openstacks-sat11-strips,p04.pddl,asp,timed out,1800.1565060950816,concrete_asp,,,,,,,,1.746701616793871,,,0.615787360817194,,,,,,,,,,,,,,,22,,,
openstacks-sat11-strips,p04.pddl,fd,success,7.425312802195549,total,2.570534,,,,,,,,,2.560525,,,,,,,,valid,,,,,,298,,,,,
openstacks-sat11-strips,p05.pddl,abs-asp,timed out,1800.0424743331969,abstract_asp,,1.7608549166470766,0.05201856046915054,,76.02847637422383,1.245788374915719,0.40645141899585724,1.615972863510251,0.3076473977416754,,0.6360879354178905,0.01424763910472393,,,,,,,82,0,,,21,,22,,81,count,
openstacks-sat11-strips,p05.pddl,abs-fd,interrupted,307.8585595190525,abstract_fd_search,,1.6840649358928204,0.04567846655845642,,76.35369512811303,1.27866249717772,0.3998340629041195,1.5954963825643063,0.2717042528092861,,0.6500477120280266,,,0.1274483185261488,,,,,82,0,0,0,240,,,1,81,count,
openstacks-sat11-strips,p05.pddl,asp,timed out,1800.1304347291589,concrete_asp,,,,,,,,1.5589323677122593,,,0.5954983346164227,,,,,,,,,,,,,,,23,,,
openstacks-sat11-strips,p05.pddl,fd,success,6.585267264395952,total,2.288233,,,,,,,,,2.280791,,,,,,,,valid,,,,,,286,,,,,
openstacks-sat11-strips,p06.pddl,abs-asp,timed out,1800.1234644390643,abstract_asp,,1.7068582400679588,0.039743732661008835,,75.33897229656577,1.263370357453823,0.3982497304677963,1.6529693491756916,0.27371593937277794,,0.6523062400519848,0.014126244932413101,,,,,,,82,0,,,23,,24,,81,count,
openstacks-sat11-strips,p06.pddl,abs-fd,interrupted,314.2565566338599,abstract_fd_search,,1.703289594501257,0.04017586633563042,,75.4479814581573,1.2946356795728207,0.42574547976255417,1.5609252229332924,0.2730988450348377,,0.6514864265918732,,,0.12866293638944626,,,,,82,0,0,0,240,,,1,81,count,
openstacks-sat11-strips,p06.pddl,asp,timed out,1800.134980221279,concrete_asp,,,,,,,,1.587112401612103,,,0.6078196298331022,,,,,,,,,,,,,,,22,,,
openstacks-sat11-strips,p06.pddl,fd,success,6.376834660768509,total,2.292918,,,,,,,,,2.286585,,,,,,,,valid,,,,,,288,,,,,
openstacks-sat11-strips,p07.pddl,abs-asp,timed out,1800.1163447164,abstract_asp,,1.0586432684212923,0.031487833708524704,,8.601245194673538,0.5228816065937281,0.20633730478584766,0.7037349343299866,0.2276388257741928,,0.25099723786115646,0.010377772152423859,,,,,,,52,0,,,23,,24,,51,count,
openstacks-sat11-strips,p07.pddl,abs-fd,success,76.3683598563075,total,71.342496,1.099208,0.032195,,8.747445,0.541379,0.206907,0.778805,0.234388,,0.261192,,,0.106056,58.423215,,,valid,52,0,0,0,150,182,,1,51,count,
openstacks-sat11-strips,p07.pddl,asp,timed out,1800.1275126375258,concrete_asp,,,,,,,,0.784527599811554,,,0.23945202678442,,,,,,,,,,,,,,,23,,,
openstacks-sat11-strips,p07.pddl,fd,success,3.6982104666531086,total,0.846632,,,,,,,,,0.843026,,,,,,,,valid,,,,,,186,,,,,
thoughtful-sat14-strips,bootstrap-typed-01.pddl,abs-asp,timed out,1800.1821440048516,abstract_asp,,0.4877155013382435,0.00899975374341011,,0.7434576228260994,0.05213891714811325,0.10411771014332771,0.4080389626324177,0.3720448166131973,,0.10097843408584595,0.07340539246797562,,,,,,,8,0,,,25,,26,,5,colnum,
thoughtful-sat14-strips,bootstrap-typed-01.pddl,abs-fd,success,13.289635051041842,total,9.573888,0.50001,0.008985,,0.76919,0.052481,0.105382,0.466303,0.370901,,0.102624,,,0.124039,6.900324,,,valid,8,0,27,0,31,60,,28,5,colnum,
thoughtful-sat14-strips,bootstrap-typed-01.pddl,asp,timed out,1800.1328187398612,concrete_asp,,,,,,,,0.47412949055433273,,,0.09763797745108604,,,,,,,,,,,,,,,27,,,
thoughtful-sat14-strips,bootstrap-typed-01.pddl,fd,success,4.410900741815567,total,0.52933,,,,,,,,,0.519517,,,,,,,,valid,,,,,,30,,,,,
thoughtful-sat14-strips,bootstrap-typed-02.pddl,abs-asp,timed out,1800.133643977344,abstract_asp,,0.5234228447079659,0.009382005780935287,,0.8230644091963768,0.053465887904167175,0.10571994632482529,0.48618366941809654,0.4072071276605129,,0.10279758647084236,0.07603928819298744,,,,,,,8,0,,,24,,25,,5,colnum,
thoughtful-sat14-strips,bootstrap-typed-02.pddl,abs-fd,success,10.319171816110611,total,6.309303,0.572778,0.009374,,0.824379,0.053714,0.107695,0.482756,0.396824,,0.102642,,,0.131211,3.469439,,,valid,8,0,0,0,27,35,,1,5,colnum,
thoughtful-sat14-strips,bootstrap-typed-02.pddl,asp,timed out,1800.1273638121784,concrete_asp,,,,,,,,0.45457378029823303,,,0.09623512625694275,,,,,,,,,,,,,,,25,,,
thoughtful-sat14-strips,bootstrap-typed-02.pddl,fd,success,4.112139718607068,total,0.518981,,,,,,,,,0.510608,,,,,,,,valid,,,,,,27,,,,,
thoughtful-sat14-strips,bootstrap-typed-03.pddl,abs-asp,success,1288.3148250170052,total,1285.865364,0.484445,0.009415,,0.724657,0.052648,0.105854,0.450408,0.366098,,0.101084,0.071301,1278.744716,,4.530323,,,valid,8,0,16,0,25,49,26,17,5,colnum,
thoughtful-sat14-strips,bootstrap-typed-03.pddl,abs-fd,success,12.875879626721144,total,9.281423,0.49624,0.009007,,0.778858,0.053404,0.105141,0.445597,0.366686,,0.099389,,,0.122139,6.630948,,,valid,8,0,27,0,33,65,,28,5,colnum,
thoughtful-sat14-strips,bootstrap-typed-03.pddl,asp,timed out,1800.123462812975,concrete_asp,,,,,,,,0.4510972099378705,,,0.09276627562940121,,,,,,,,,,,,,,,27,,,
thoughtful-sat14-strips,bootstrap-typed-03.pddl,fd,success,4.047408416867256,total,0.507542,,,,,,,,,0.499967,,,,,,,,valid,,,,,,33,,,,,
thoughtful-sat14-strips,bootstrap-typed-04.pddl,abs-asp,timed out,1800.1285595390946,abstract_asp,,0.496918648481369,0.008872795850038528,,0.7852154169231653,0.05209231935441494,0.1041461881250143,0.4438726305961609,0.36960557103157043,,0.10505123808979988,0.0751971248537302,,,,,,,8,0,,,25,,26,,5,colnum,
thoughtful-sat14-strips,bootstrap-typed-04.pddl,abs-fd,success,10.006058115512133,total,6.56976,0.483951,0.008885,,0.792121,0.052267,0.104527,0.449418,0.365743,,0.10253,,,0.120115,3.93969,,,valid,8,0,5,0,29,39,,6,5,colnum,
thoughtful-sat14-strips,bootstrap-typed-04.pddl,asp,timed out,1800.13994628191,concrete_asp,,,,,,,,0.47293947637081146,,,0.09779563546180725,,,,,,,,,,,,,,,27,,,
thoughtful-sat14-strips,bootstrap-typed-04.pddl,fd,success,3.990469679236412,total,0.513504,,,,,,,,,0.504507,,,,,,,,valid,,,,,,27,,,,,
thoughtful-sat14-strips,bootstrap-typed-05.pddl,abs-asp,timed out,1800.1256771944463,abstract_asp,,0.4901144877076149,0.008910484611988068,,0.7209936641156673,0.05211050435900688,0.1045401431620121,0.4277076832950115,0.35893701761960983,,0.0923285037279129,0.06652219220995903,,,,,,,8,0,,,26,,27,,5,colnum,
thoughtful-sat14-strips,bootstrap-typed-05.pddl,abs-fd,success,15.214369855821133,total,11.156934,0.506957,0.009012,,0.758164,0.053357,0.105391,0.457565,0.362992,,0.092974,,,0.121103,8.501923,,,valid,8,0,32,0,34,65,,33,5,colnum,
thoughtful-sat14-strips,bootstrap-typed-05.pddl,asp,timed out,1800.141078043729,concrete_asp,,,,,,,,0.4089101105928421,,,0.08436360955238342,,,,,,,,,,,,,,,27,,,
thoughtful-sat14-strips,bootstrap-typed-05.pddl,fd,success,4.000889856368303,total,0.493483,,,,,,,,,0.485542,,,,,,,,valid,,,,,,34,,,,,
thoughtful-sat14-strips,p11_6_53-typed.pddl,abs-asp,timed out,1800.159450441599,abstract_asp,,0.5627947151660919,0.008564990013837814,,94.68918460235,0.08221821114420891,0.26430825516581535,1.9871650226414204,1.5807473994791508,,0.9056399539113045,0.6736471839249134,,,,,,,8,0,,,46,,47,,7,colnum,
thoughtful-sat14-strips,p11_6_53-typed.pddl,abs-fd,timed out,1800.4610095713288,abstract_fd_search,,0.5027048960328102,0.008440863341093063,,88.985128140077,0.08209078572690487,0.26525668427348137,1.777674924582243,1.4217259772121906,,0.8411151729524136,,,0.7694488447159529,,,,,8,0,93,0,93,,,94,7,colnum,
thoughtful-sat14-strips,p11_6_53-typed.pddl,asp,timed out,1800.1637655366212,concrete_asp,,,,,,,,1.9725339943543077,,,0.8417258756235242,,,,,,,,,,,,,,,53,,,
thoughtful-sat14-strips,p11_6_53-typed.pddl,fd,timed out,1800.1142327357084,,,,,,,,,,,,,,,,,,,,,,,,,,,,,,
thoughtful-sat14-strips,p11_6_59-typed.pddl,abs-asp,timed out,1800.1627300847322,abstract_asp,,0.5617619641125202,0.008625620976090431,,73.55640303343534,0.08320374600589275,0.26926777325570583,1.767220949754119,1.5654274821281433,,0.8459105510264635,0.6505333315581083,,,,,,,8,0,,,47,,48,,7,colnum,
thoughtful-sat14-strips,p11_6_59-typed.pddl,abs-fd,timed out,1800.3848583810031,abstract_fd_search,,0.5535500198602676,0.00874657928943634,,73.92126788944006,0.08369110897183418,0.2910277992486954,1.7340041771531105,1.5633505396544933,,0.8492509089410305,,,0.8213911131024361,,,,,8,0,87,0,97,,,88,7,colnum,
thoughtful-sat14-strips,p11_6_59-typed.pddl,asp,timed out,1800.1756629310548,concrete_asp,,,,,,,,1.7431416995823383,,,0.7885543927550316,,,,,,,,,,,,,,,46,,,
thoughtful-sat14-strips,p11_6_59-typed.pddl,fd,timed out,1800.0150295812637,,,,,,,,,,,,,,,,,,,,,,,,,,,,,,
thoughtful-sat14-strips,p11_6_62-typed.pddl,abs-asp,timed out,1800.1608234234154,abstract_asp,,0.5694875083863735,0.008735820651054382,,70.24366588145494,0.08262144029140472,0.27566463127732277,2.0312197282910347,1.5809614472091198,,0.9064555130898952,0.6686762124300003,,,,,,,8,0,,,46,,47,,7,colnum,
thoughtful-sat14-strips,p11_6_62-typed.pddl,abs-fd,timed out,1800.119171384722,concrete_asp,,0.5620237402617931,0.00856388732790947,,72.71935158967972,0.08185289055109024,0.2688286565244198,2.0129683054983616,1.5602237023413181,,0.9056388065218925,,,,,,,,8,0,,,,,,,7,colnum,
thoughtful-sat14-strips,p11_6_62-typed.pddl,asp,timed out,1800.1559991305694,concrete_asp,,,,,,,,1.9730502618476748,,,0.8642144408077002,,,,,,,,,,,,,,,49,,,
thoughtful-sat14-strips,p11_6_62-typed.pddl,fd,timed out,1800.1136471433565,,,,,,,,,,,,,,,,,,,,,,,,,,,,,,
thoughtful-sat14-strips,p13_7_78-typed.pddl,abs-asp,timed out,1800.1693681776524,abstract_asp,,0.5883057489991188,0.008886724710464478,,123.57176906988025,0.09753649681806564,0.3608763925731182,2.1841879785060883,1.7686613649129868,,1.0327573455870152,0.7692967280745506,,,,,,,8,0,,,50,,51,,8,colnum,
thoughtful-sat14-strips,p13_7_78-typed.pddl,abs-fd,timed out,1800.1198649257421,concrete_asp,,0.604769803583622,0.008824080228805542,,124.88883286714554,0.09737371280789375,0.3477422334253788,2.2760572247207165,1.7736422717571259,,1.0269707553088665,,,,,,,,8,0,,,,,,,8,colnum,
thoughtful-sat14-strips,p13_7_78-typed.pddl,asp,timed out,1800.1680987663567,concrete_asp,,,,,,,,2.1876361668109894,,,0.9734158776700497,,,,,,,,,,,,,,,52,,,
thoughtful-sat14-strips,p13_7_78-typed.pddl,fd,timed out,1800.1139929182827,,,,,,,,,,,,,,,,,,,,,,,,,,,,,,
thoughtful-sat14-strips,p13_7_79-typed.pddl,abs-asp,timed out,1800.16823028028,abstract_asp,,0.5879016481339931,0.00889991968870163,,101.2633726708591,0.09583922475576401,0.34399331361055374,2.2187761925160885,1.7819843962788582,,0.983592938631773,0.7770861349999905,,,,,,,8,0,,,53,,54,,8,colnum,
thoughtful-sat14-strips,p13_7_79-typed.pddl,abs-fd,timed out,1800.4582821279764,abstract_fd_search,,0.5866313204169273,0.008713435381650925,,101.23348672315478,0.09612130373716354,0.3450702130794525,2.12389899417758,1.8038003742694855,,0.9830324053764343,,,1.0749830901622772,,,,,8,0,72,0,110,,,73,8,colnum,
thoughtful-sat14-strips,p13_7_79-typed.pddl,asp,timed out,1800.178341199644,concrete_asp,,,,,,,,2.193934057839215,,,0.917935942299664,,,,,,,,,,,,,,,50,,,
thoughtful-sat14-strips,p13_7_79-typed.pddl,fd,success,6.192067349329591,total,3.475408,,,,,,,,,3.467693,,,,,,,,valid,,,,,,114,,,,,
thoughtful-sat14-strips,p13_7_86-typed.pddl,abs-asp,timed out,1800.1584113240242,abstract_asp,,0.5884785503149033,0.008730806410312653,,111.18184188380837,0.09605032578110695,0.34438255429267883,2.2799016647040844,1.7228933200240135,,1.0141711868345737,0.7403573989868164,,,,,,,8,0,,,52,,53,,8,colnum,
thoughtful-sat14-strips,p13_7_86-typed.pddl,abs-fd,timed out,1800.5857333093882,abstract_fd_search,,0.5981303863227367,0.008721563965082169,,115.19468751549721,0.09681515395641327,0.3485543057322502,2.2459147199988365,1.721338041126728,,1.0119343362748623,,,1.0626482255756855,,,,,8,0,110,0,126,,,111,8,colnum,
thoughtful-sat14-strips,p13_7_86-typed.pddl,asp,timed out,1800.1670255577192,concrete_asp,,,,,,,,2.1442503556609154,,,0.9425943428650498,,,,,,,,,,,,,,,53,,,
thoughtful-sat14-strips,p13_7_86-typed.pddl,fd,success,6.747597206383944,total,4.069371,,,,,,,,,4.060569,,,,,,,,valid,,,,,,128,,,,,
thoughtful-sat14-strips,target-typed-20.pddl,abs-asp,timed out,1800.2112867087126,abstract_asp,,0.5994194634258747,0.00888669490814209,,110.7532935552299,0.1162417121231556,0.34396953135728836,2.1097143553197384,1.7153170630335808,,0.9683045409619808,0.7369751445949078,,,,,,,8,0,,,50,,51,,8,colnum,
thoughtful-sat14-strips,target-typed-20.pddl,abs-fd,timed out,1800.5188768729568,abstract_fd_search,,0.5877030119299889,0.008765343576669693,,110.60722424834967,0.09709090366959572,0.3473181314766407,2.1034910827875137,1.7164234817028046,,0.9712135754525661,,,1.1399379596114159,,,,,8,0,119,0,119,,,120,8,colnum,
thoughtful-sat14-strips,target-typed-20.pddl,asp,timed out,1800.1637533530593,concrete_asp,,,,,,,,2.1028541699051857,,,0.917107492685318,,,,,,,,,,,,,,,50,,,
thoughtful-sat14-strips,target-typed-20.pddl,fd,success,6.087176725268364,total,3.414273,,,,,,,,,3.406034,,,,,,,,valid,,,,,,126,,,,,
thoughtful-sat14-strips,target-typed-21.pddl,abs-asp,timed out,1800.0836772881448,abstract_asp,,0.6389496102929115,0.009049445390701294,,129.32727203518152,0.09648020565509796,0.3540704846382141,2.3991446793079376,1.7819704562425613,,1.04030866548419,0.7944372370839119,,,,,,,8,0,,,60,,61,,8,colnum,
thoughtful-sat14-strips,target-typed-21.pddl,abs-fd,timed out,1800.543448632583,abstract_fd_search,,0.5843943189829588,0.008845027536153793,,126.00601919181645,0.0957657415419817,0.34412708692252636,2.2361248545348644,1.7222845572978258,,1.0334373824298382,,,1.7267471216619015,,,,,8,0,145,0,154,,,146,8,colnum,
thoughtful-sat14-strips,target-typed-21.pddl,asp,timed out,1800.182111684233,concrete_asp,,,,,,,,2.1856024488806725,,,0.9848159290850163,,,,,,,,,,,,,,,60,,,
thoughtful-sat14-strips,target-typed-21.pddl,fd,success,7.2640830390155315,total,4.503037,,,,,,,,,4.49419,,,,,,,,valid,,,,,,164,,,,,
thoughtful-sat14-strips,target-typed-22.pddl,abs-asp,timed out,1800.1646210104227,abstract_asp,,0.6042204611003399,0.008786005899310112,,109.66128221899271,0.09683484956622124,0.34573482535779476,2.1955192536115646,1.7634124550968409,,0.9453797228634357,0.7714687250554562,,,,,,,8,0,,,53,,54,,8,colnum,
thoughtful-sat14-strips,target-typed-22.pddl,abs-fd,timed out,1800.4699825216085,abstract_fd_search,,0.6122694835066795,0.008821811527013779,,115.42739220522344,0.09550009481608868,0.34703562036156654,2.095033038407564,1.7732002642005682,,0.9526477586477995,,,1.9196832403540611,,,,,8,0,126,0,126,,,127,8,colnum,
thoughtful-sat14-strips,target-typed-22.pddl,asp,timed out,1800.1726112999022,concrete_asp,,,,,,,,2.0443584360182285,,,0.8806923031806946,,,,,,,,,,,,,,,53,,,
thoughtful-sat14-strips,target-typed-22.pddl,fd,success,5.974316079169512,total,3.287295,,,,,,,,,3.278772,,,,,,,,valid,,,,,,130,,,,,
thoughtful-sat14-strips,target-typed-23.pddl,abs-asp,timed out,1800.1703409738839,abstract_asp,,0.5861110650002956,0.008791133761405945,,103.7067636474967,0.09551259130239487,0.34431465342640877,2.1996134258806705,1.730430319905281,,0.9666666574776173,0.7581234648823738,,,,,,,8,0,,,53,,54,,8,colnum,
thoughtful-sat14-strips,target-typed-23.pddl,abs-fd,timed out,1800.4898997657,abstract_fd_search,,0.6012940295040607,0.008675843477249146,,104.68700758367777,0.0965573601424694,0.343590434640646,2.1427655145525932,1.7235644720494747,,0.9776940830051899,,,1.1224141605198383,,,,,8,0,122,0,122,,,123,8,colnum,
thoughtful-sat14-strips,target-typed-23.pddl,asp,timed out,1800.1774374730885,concrete_asp,,,,,,,,2.155276618897915,,,0.9115602225065231,,,,,,,,,,,,,,,57,,,
thoughtful-sat14-strips,target-typed-23.pddl,fd,success,6.281605515629053,total,3.57343,,,,,,,,,3.564698,,,,,,,,valid,,,,,,123,,,,,
thoughtful-sat14-strips,target-typed-24.pddl,abs-asp,timed out,1800.1748109012842,abstract_asp,,0.5976188257336617,0.008886415511369705,,100.7137942314148,0.11758237332105637,0.3547917306423187,1.9542628601193428,1.7478188946843147,,0.884860210120678,0.772894449532032,,,,,,,8,0,,,60,,61,,8,colnum,
thoughtful-sat14-strips,target-typed-24.pddl,abs-fd,timed out,1800.121942974627,concrete_asp,,0.5883081629872322,0.008690141141414642,,100.66273369640112,0.11505940183997154,0.3467954695224762,1.9467897526919842,1.7391242906451225,,0.8788199909031391,,,,,,,,8,0,,,,,,,8,colnum,
thoughtful-sat14-strips,target-typed-24.pddl,asp,timed out,1800.1059942953289,concrete_asp,,,,,,,,2.0024659521877766,,,0.8316140063107014,,,,,,,,,,,,,,,60,,,
thoughtful-sat14-strips,target-typed-24.pddl,fd,timed out,1800.0600358527154,,,,,,,,,,,,,,,,,,,,,,,,,,,,,,
thoughtful-sat14-strips,target-typed-25.pddl,abs-asp,timed out,1800.1612131912261,abstract_asp,,0.6068562176078558,0.008836997672915459,,110.26872556656599,0.09644671157002449,0.3483752515166998,2.303181065246463,1.6576720867305994,,1.0396852754056454,0.7016199994832277,,,,,,,8,0,,,44,,45,,8,colnum,
thoughtful-sat14-strips,target-typed-25.pddl,abs-fd,timed out,1800.5460496917367,abstract_fd_search,,0.5792574509978294,0.008822232484817505,,112.3475850019604,0.09594409167766571,0.3540903087705374,2.2465357687324286,1.675315871834755,,1.076109141111374,,,1.2829523663967848,,,,,8,0,128,0,130,,,129,8,colnum,
thoughtful-sat14-strips,target-typed-25.pddl,asp,timed out,1800.1792866773903,concrete_asp,,,,,,,,2.233339723199606,,,1.0048367753624916,,,,,,,,,,,,,,,44,,,
thoughtful-sat14-strips,target-typed-25.pddl,fd,success,7.650576047599316,total,4.625453,,,,,,,,,4.617488,,,,,,,,valid,,,,,,121,,,,,
thoughtful-sat14-strips,target-typed-26.pddl,abs-asp,timed out,1800.1542809940875,abstract_asp,,0.6507380232214928,0.009061966091394424,,88.27762751281261,0.09698333591222763,0.35240959376096725,2.2116807624697685,1.7618381530046463,,0.9235020875930786,0.7521733790636063,,,,,,,8,0,,,41,,42,,8,colnum,
thoughtful-sat14-strips,target-typed-26.pddl,abs-fd,timed out,1800.45428756997,abstract_fd_search,,0.586576085537672,0.008952423930168152,,88.47793793305755,0.09617777913808823,0.3624844402074814,2.026909213513136,1.7094530686736107,,0.9014440216124058,,,1.0231357589364052,,,,,8,0,114,0,114,,,115,8,colnum,
thoughtful-sat14-strips,target-typed-26.pddl,asp,timed out,1800.1734374985099,concrete_asp,,,,,,,,2.031677782535553,,,0.8483742959797382,,,,,,,,,,,,,,,55,,,
thoughtful-sat14-strips,target-typed-26.pddl,fd,success,5.843999046832323,total,3.136187,,,,,,,,,3.126837,,,,,,,,valid,,,,,,126,,,,,
thoughtful-sat14-strips,target-typed-27.pddl,abs-asp,timed out,1800.1696149669588,abstract_asp,,0.6084974221885204,0.008801128715276718,,82.80701600015163,0.09521755203604698,0.344835851341486,2.088188160210848,1.7662072628736496,,0.9338695667684078,0.7701360881328583,,,,,,,8,0,,,51,,52,,8,colnum,
thoughtful-sat14-strips,target-typed-27.pddl,abs-fd,timed out,1800.497510522604,abstract_fd_search,,0.5937003493309021,0.008924230933189392,,80.72297874093056,0.09750775992870331,0.3577444851398468,2.1515594497323036,1.7722631841897964,,0.9242727980017662,,,1.3889567516744137,,,,,8,0,133,0,134,,,134,8,colnum,
thoughtful-sat14-strips,target-typed-27.pddl,asp,timed out,1800.2024752125144,concrete_asp,,,,,,,,2.030366823077202,,,0.8730953484773636,,,,,,,,,,,,,,,53,,,
thoughtful-sat14-strips,target-typed-27.pddl,fd,success,6.113684691488743,total,3.402689,,,,,,,,,3.392426,,,,,,,,valid,,,,,,143,,,,,
thoughtful-sat14-strips,target-typed-28.pddl,abs-asp,timed out,1800.1659972704947,abstract_asp,,0.5920070111751556,0.008797738701105118,,85.32697672396898,0.09607718512415886,0.34895890578627586,2.03210985660553,1.6819974929094315,,0.8978452086448669,0.7282842695713043,,,,,,,8,0,,,54,,55,,8,colnum,
thoughtful-sat14-strips,target-typed-28.pddl,abs-fd,timed out,1800.499190248549,abstract_fd_search,,0.586711585521698,0.008926723152399063,,85.51415804028511,0.09599295631051064,0.3595489226281643,1.986133698374033,1.6812734715640545,,0.9012926518917084,,,1.1972427479922771,,,,,8,0,127,0,127,,,128,8,colnum,
thoughtful-sat14-strips,target-typed-28.pddl,asp,timed out,1800.1627783207223,concrete_asp,,,,,,,,1.9805821720510721,,,0.8417455926537514,,,,,,,,,,,,,,,56,,,
thoughtful-sat14-strips,target-typed-28.pddl,fd,success,6.022794462740421,total,3.285779,,,,,,,,,3.277255,,,,,,,,valid,,,,,,133,,,,,
tpp,p01.pddl,abs-asp,success,2.7300644032657146,total,0.824669,0.148219,0.002113,,0.17438,0.005974,0.011034,0.186197,0.186325,,0.004641,0.003465,0.00715,,0.029446,,,valid,6,0,0,4,0,5,1,5,2,level,
tpp,p01.pddl,abs-fd,success,4.586175352334976,total,1.080244,0.165726,0.002188,,0.249751,0.005984,0.011306,0.258292,0.187004,,0.00854,,,0.088195,0.032893,,,valid,6,0,0,4,0,5,,5,2,level,
tpp,p01.pddl,asp,success,3.1935501331463456,total,0.278249,,,,,,,0.230708,,,0.006395,,,,0.026906,,,valid,,,,,,5,,6,,,
tpp,p01.pddl,fd,success,3.1730548040941358,total,0.247813,,,,,,,,,0.240223,,,,,,,,valid,,,,,,5,,,,,
tpp,p02.pddl,abs-asp,success,2.2591349706053734,total,0.699405,0.142833,0.002085,,0.139862,0.005583,0.011824,0.17464,0.145533,,0.005357,0.003127,0.004485,,0.031461,,,valid,6,0,0,7,0,8,1,8,2,level,
tpp,p02.pddl,abs-fd,success,2.3829069025814533,total,0.770616,0.142473,0.002154,,0.150648,0.005621,0.011912,0.155154,0.156722,,0.003914,,,0.071773,0.035248,,,valid,6,0,0,7,0,8,,8,2,level,
tpp,p02.pddl,asp,success,2.99506073910743,total,0.271725,,,,,,,0.212151,,,0.006357,,,,0.040197,,,valid,,,,,,8,,9,,,
tpp,p02.pddl,fd,success,2.966590187512338,total,0.230607,,,,,,,,,0.222257,,,,,,,,valid,,,,,,8,,,,,
tpp,p03.pddl,abs-asp,success,4.295778375118971,total,1.004841,0.17062,0.002335,,0.234009,0.006462,0.012965,0.240024,0.182941,,0.008368,0.003518,0.007525,,0.072744,,,valid,6,0,0,10,0,11,1,11,2,level,
tpp,p03.pddl,abs-fd,success,2.9950890950858593,total,1.063672,0.153798,0.002242,,0.196567,0.006605,0.013047,0.257535,0.187951,,0.008984,,,0.087932,0.077587,,,valid,6,0,0,10,0,11,,11,2,level,
tpp,p03.pddl,asp,success,3.015555914491415,total,0.291719,,,,,,,0.212719,,,0.006412,,,,0.059308,,,valid,,,,,,11,,12,,,
tpp,p03.pddl,fd,success,2.9695528335869312,total,0.229584,,,,,,,,,0.222416,,,,,,,,valid,,,,,,11,,,,,
tpp,p04.pddl,abs-asp,success,3.9675092920660973,total,1.037947,0.173696,0.002346,,0.221962,0.007079,0.013139,0.23028,0.184473,,0.007578,0.003357,0.006337,,0.1333,,,valid,6,0,0,13,0,14,1,14,2,level,
tpp,p04.pddl,abs-fd,success,2.8867314103990793,total,0.990199,0.153346,0.002226,,0.164414,0.006816,0.012961,0.211947,0.172415,,0.007512,,,0.081023,0.131538,,,valid,6,0,0,13,0,14,,14,2,level,
tpp,p04.pddl,asp,success,3.085991619154811,total,0.358035,,,,,,,0.213525,,,0.005689,,,,0.124492,,,valid,,,,,,14,,15,,,
tpp,p04.pddl,fd,success,2.9748690528795123,total,0.23024,,,,,,,,,0.222569,,,,,,,,valid,,,,,,14,,,,,
tpp,p05.pddl,abs-asp,success,43.00392409414053,total,39.909008,0.185571,0.002354,,0.240197,0.009951,0.014286,0.240988,0.186002,,0.009097,0.00331,0.005848,,38.944621,,,valid,6,0,0,18,0,19,1,19,2,level,
tpp,p05.pddl,abs-fd,success,41.323495753109455,total,39.292388,0.168069,0.002419,,0.186277,0.010031,0.014564,0.197576,0.186212,,0.006443,,,0.083522,38.364099,,,valid,6,0,0,18,0,19,,19,2,level,
tpp,p05.pddl,asp,success,41.843257158994675,total,38.980851,,,,,,,0.22875,,,0.009629,,,,38.612903,,,valid,,,,,,19,,20,,,
tpp,p05.pddl,fd,success,3.0520272739231586,total,0.247174,,,,,,,,,0.240144,,,,,,,,valid,,,,,,19,,,,,
tpp,p06.pddl,abs-asp,timed out,1800.116215787828,abstract_solving,,0.17778882011771202,0.002517644315958023,,0.2256143018603325,0.012780673801898956,0.014318834990262985,0.20605579018592834,0.18822666630148888,,0.0142291821539402,0.0033853352069854736,0.006252974271774292,,,,,,6,0,0,21,0,,1,22,3,level,
tpp,p06.pddl,abs-fd,timed out,1800.1176985315979,abstract_fd_search,,0.16787465661764145,0.002364102751016617,,0.1968439742922783,0.012318626046180725,0.013770248740911484,0.17886856570839882,0.16008108854293823,,0.013820946216583252,,,0.07192033529281616,,,,,6,0,0,21,0,,,22,3,level,
tpp,p06.pddl,asp,timed out,1800.1148852407932,concrete_asp,,,,,,,,0.2407265156507492,,,0.013379838317632675,,,,,,,,,,,,,,,22,,,
tpp,p06.pddl,fd,success,3.066895678639412,total,0.259263,,,,,,,,,0.253407,,,,,,,,valid,,,,,,29,,,,,
tpp,p07.pddl,abs-asp,timed out,1800.1165885012597,abstract_solving,,0.19185291603207588,0.002539590001106262,,0.25601828657090664,0.012964917346835136,0.015266655012965202,0.2686965074390173,0.187634089961648,,0.01911928504705429,0.0037391353398561478,0.007327575236558914,,,,,,6,0,0,22,0,,1,23,3,level,
tpp,p07.pddl,abs-fd,timed out,1800.1134966388345,abstract_fd_search,,0.19586924836039543,0.0025125443935394287,,0.28066829591989517,0.013337500393390656,0.015314102172851562,0.22599561139941216,0.18814856186509132,,0.017224617302417755,,,0.09626683592796326,,,,,6,0,0,22,0,,,23,3,level,
tpp,p07.pddl,asp,timed out,1800.0227265767753,concrete_asp,,,,,,,,0.24386056512594223,,,0.014816772192716599,,,,,,,,,,,,,,,24,,,
tpp,p07.pddl,fd,success,3.0785757824778557,total,0.2645,,,,,,,,,0.258507,,,,,,,,valid,,,,,,46,,,,,
tpp,p08.pddl,abs-asp,timed out,1800.1165699250996,abstract_solving,,0.20178242400288582,0.002606622874736786,,0.2949608601629734,0.014101527631282806,0.01573226973414421,0.251070324331522,0.19207829982042313,,0.020611394196748734,0.003573346883058548,0.006440397351980209,,,,,,6,0,0,22,0,,1,23,3,level,
tpp,p08.pddl,abs-fd,timed out,1800.11429002136,abstract_fd_search,,0.18940313532948494,0.002537194639444351,,0.2527860142290592,0.014087505638599396,0.015421222895383835,0.20187974348664284,0.18345525860786438,,0.017039291560649872,,,0.08125170692801476,,,,,6,0,0,22,0,,,23,3,level,
tpp,p08.pddl,asp,timed out,1800.1159542389214,concrete_asp,,,,,,,,0.24345522746443748,,,0.019342981278896332,,,,,,,,,,,,,,,24,,,
tpp,p08.pddl,fd,success,3.27355345338583,total,0.275133,,,,,,,,,0.267793,,,,,,,,valid,,,,,,56,,,,,
tpp,p09.pddl,abs-asp,timed out,1800.1185400225222,abstract_solving,,0.21255973726511002,0.002727217972278595,,0.3079696297645569,0.025088954716920853,0.01732737198472023,0.23482363671064377,0.20392725244164467,,0.027545519173145294,0.0036806240677833557,0.006406571716070175,,,,,,6,0,0,21,0,,1,22,3,level,
tpp,p09.pddl,abs-fd,timed out,1800.1186058409512,abstract_fd_search,,0.2295396588742733,0.002682790160179138,,0.38179005309939384,0.02532896026968956,0.017172299325466156,0.23211493343114853,0.19915920495986938,,0.027825038880109787,,,0.08428273722529411,,,,,6,0,0,21,0,,,22,3,level,
tpp,p09.pddl,asp,timed out,1800.1148804016411,concrete_asp,,,,,,,,0.2625284157693386,,,0.026331041008234024,,,,,,,,,,,,,,,23,,,
tpp,p09.pddl,fd,success,3.324373748153448,total,0.287708,,,,,,,,,0.281239,,,,,,,,valid,,,,,,58,,,,,
tpp,p10.pddl,abs-asp,timed out,1800.1191286817193,abstract_solving,,0.29614587873220444,0.003036387264728546,,0.3304411955177784,0.02156224101781845,0.018542788922786713,0.235319584608078,0.19993795081973076,,0.03095024824142456,0.003610726445913315,0.00609249621629715,,,,,,6,0,0,21,0,,1,22,3,level,
tpp,p10.pddl,abs-fd,timed out,1800.1246712245047,abstract_fd_search,,0.32192568108439445,0.003295905888080597,,0.405595101416111,0.02194569632411003,0.01887555792927742,0.30337679013609886,0.21716996282339096,,0.036148495972156525,,,0.09130041301250458,,,,,6,0,0,21,0,,,22,3,level,
tpp,p10.pddl,asp,timed out,1800.118197478354,concrete_asp,,,,,,,,0.26659468933939934,,,0.029971793293952942,,,,,,,,,,,,,,,23,,,
tpp,p10.pddl,fd,success,3.4381550326943398,total,0.300159,,,,,,,,,0.293605,,,,,,,,valid,,,,,,74,,,,,
tpp,p11.pddl,abs-asp,timed out,1800.1205204352736,abstract_solving,,0.2065146155655384,0.0030229687690734863,,0.5028812475502491,0.016587261110544205,0.015939440578222275,0.3303965851664543,0.19996261596679688,,0.05644937977194786,0.003890417516231537,0.0069469548761844635,,,,,,6,0,0,22,0,,1,23,4,level,
tpp,p11.pddl,abs-fd,timed out,1800.1184668242931,abstract_fd_search,,0.19311434775590897,0.003028605133295059,,0.42887321673333645,0.016833843663334846,0.015873732045292854,0.2603074964135885,0.198564350605011,,0.0524522066116333,,,0.08449504896998405,,,,,6,0,0,22,0,,,23,4,level,
tpp,p11.pddl,asp,timed out,1800.1194179579616,concrete_asp,,,,,,,,0.294288482517004,,,0.051495619118213654,,,,,,,,,,,,,,,24,,,
tpp,p11.pddl,fd,success,3.1912904419004917,total,0.33366,,,,,,,,,0.326061,,,,,,,,valid,,,,,,103,,,,,
tpp,p12.pddl,abs-asp,timed out,1800.1218726933002,abstract_solving,,0.21951034292578697,0.002566017210483551,,0.5775363147258759,0.018260587006807327,0.016609523445367813,0.27760049700737,0.20518311858177185,,0.061961829662323,0.0037647560238838196,0.008102178573608398,,,,,,6,0,0,22,0,,1,23,4,level,
tpp,p12.pddl,abs-fd,timed out,1800.1197623983026,abstract_fd_search,,0.22320693358778954,0.0025484971702098846,,0.5603855066001415,0.01905836910009384,0.01671062409877777,0.3393138162791729,0.20207921415567398,,0.06553922593593597,,,0.08830299973487854,,,,,6,0,0,22,0,,,23,4,level,
tpp,p12.pddl,asp,timed out,1800.115915145725,concrete_asp,,,,,,,,0.30757440626621246,,,0.058152392506599426,,,,,,,,,,,,,,,24,,,
tpp,p12.pddl,fd,success,3.2082674875855446,total,0.350759,,,,,,,,,0.343965,,,,,,,,valid,,,,,,91,,,,,
tpp,p13.pddl,abs-asp,timed out,1800.1222951598465,abstract_solving,,0.3152410350739956,0.002696104347705841,,1.021609641611576,0.025018896907567978,0.018744032829999924,0.35405678302049637,0.20888057351112366,,0.10129129514098167,0.003755863755941391,0.005838088691234589,,,,,,6,0,0,18,0,,1,19,4,level,
tpp,p13.pddl,abs-fd,timed out,1800.1199359446764,abstract_fd_search,,0.3060041032731533,0.00274595245718956,,0.9784438535571098,0.024998147040605545,0.0190935917198658,0.33450427651405334,0.20984097570180893,,0.10147976130247116,,,0.08545161038637161,,,,,6,0,0,18,0,,,19,4,level,
tpp,p13.pddl,asp,timed out,1800.1197029873729,concrete_asp,,,,,,,,0.3672197312116623,,,0.09604015573859215,,,,,,,,,,,,,,,20,,,
tpp,p13.pddl,fd,success,3.360739454627037,total,0.414262,,,,,,,,,0.406485,,,,,,,,valid,,,,,,59,,,,,
tpp,p14.pddl,abs-asp,timed out,1800.1216665580869,abstract_solving,,0.31948529183864594,0.002778194844722748,,1.244545716792345,0.028147056698799133,0.019450079649686813,0.38785675913095474,0.2102712020277977,,0.11712070181965828,0.003785502165555954,0.006174001842737198,,,,,,6,0,0,19,0,,1,20,4,level,
tpp,p14.pddl,abs-fd,timed out,1800.1238979771733,abstract_fd_search,,0.3675253763794899,0.002819892019033432,,1.2398221865296364,0.027888178825378418,0.019171278923749924,0.35434988886117935,0.21736272424459457,,0.11216283217072487,,,0.08665483072400093,,,,,6,0,0,19,0,,,20,4,level,
tpp,p14.pddl,asp,timed out,1800.1249401047826,concrete_asp,,,,,,,,0.3867134377360344,,,0.12125861272215843,,,,,,,,,,,,,,,21,,,
tpp,p14.pddl,fd,success,3.4844972901046276,total,0.452889,,,,,,,,,0.445364,,,,,,,,valid,,,,,,89,,,,,
tpp,p15.pddl,abs-asp,timed out,1800.0293368157,abstract_solving,,0.34349759109318256,0.0030848514288663864,,1.5150971915572882,0.02979770116508007,0.020291775465011597,0.36786380782723427,0.21120403707027435,,0.12501909397542477,0.0036571118980646133,0.006578752771019936,,,,,,6,0,0,18,0,,1,19,4,level,
tpp,p15.pddl,abs-fd,timed out,1800.1230017654598,abstract_fd_search,,0.32013019174337387,0.003064144402742386,,1.4389019310474396,0.029546290636062622,0.019940514117479324,0.4131983518600464,0.21645180135965347,,0.12793515995144844,,,0.08396941050887108,,,,,6,0,0,18,0,,,19,4,level,
tpp,p15.pddl,asp,timed out,1800.1236337199807,concrete_asp,,,,,,,,0.40470532700419426,,,0.11879824101924896,,,,,,,,,,,,,,,20,,,
tpp,p15.pddl,fd,success,3.5172222033143044,total,0.490487,,,,,,,,,0.482903,,,,,,,,valid,,,,,,105,,,,,
tpp,p16.pddl,abs-asp,timed out,1800.1355650052428,abstract_solving,,0.33188870176672935,0.008392930030822754,,5.280677076429129,0.034103572368621826,0.020939119160175323,0.5495484583079815,0.21530697494745255,,0.26034902408719063,0.0035435855388641357,0.0060452669858932495,,,,,,6,0,0,22,0,,1,23,5,level,
tpp,p16.pddl,abs-fd,timed out,1800.137446101755,abstract_fd_search,,0.3290562257170677,0.008363131433725357,,5.298119354993105,0.034640174359083176,0.02132527530193329,0.5586121901869774,0.2204698845744133,,0.26027878001332283,,,0.08698336035013199,,,,,6,0,0,22,0,,,23,5,level,
tpp,p16.pddl,asp,timed out,1800.0405724942684,concrete_asp,,,,,,,,0.5563649274408817,,,0.24596038460731506,,,,,,,,,,,,,,,23,,,
tpp,p16.pddl,fd,success,3.850264709442854,total,0.760223,,,,,,,,,0.752047,,,,,,,,valid,,,,,,128,,,,,
tpp,p17.pddl,abs-asp,timed out,1800.1373565904796,abstract_solving,,0.37690043076872826,0.0030686035752296448,,10.467683143913746,0.04394543170928955,0.023268479853868484,0.7683567404747009,0.22943590581417084,,0.35787383466959,0.004082713276147842,0.005868412554264069,,,,,,6,0,0,18,0,,1,19,5,level,
tpp,p17.pddl,abs-fd,timed out,1800.1271644420922,abstract_fd_search,,0.37820053845643997,0.003056790679693222,,10.488692492246628,0.043427880853414536,0.023434113711118698,0.7708459161221981,0.23275092616677284,,0.3569394089281559,,,0.0845813900232315,,,,,6,0,0,18,0,,,19,5,level,
tpp,p17.pddl,asp,timed out,1800.1276643835008,concrete_asp,,,,,,,,0.7601472176611423,,,0.3340795300900936,,,,,,,,,,,,,,,19,,,
tpp,p17.pddl,fd,success,4.092293120920658,total,0.997569,,,,,,,,,0.989314,,,,,,,,valid,,,,,,121,,,,,
tpp,p18.pddl,abs-asp,timed out,1800.09596657753,abstract_solving,,0.38977463357150555,0.0031260550022125244,,13.0779900085181,0.047700246796011925,0.024448588490486145,0.7930066902190447,0.23408172093331814,,0.38715991005301476,0.004390977323055267,0.005948919802904129,,,,,,6,0,0,16,0,,1,17,5,level,
tpp,p18.pddl,abs-fd,timed out,1800.127456881106,abstract_fd_search,,0.3755943886935711,0.003033418208360672,,13.078643381595612,0.04634260758757591,0.023757420480251312,0.7620565742254257,0.2375766783952713,,0.38669760897755623,,,0.08552424237132072,,,,,6,0,0,16,0,,,17,5,level,
tpp,p18.pddl,asp,timed out,1800.1268074922264,concrete_asp,,,,,,,,0.7944627404212952,,,0.3587300255894661,,,,,,,,,,,,,,,19,,,
tpp,p18.pddl,fd,success,4.083674594759941,total,0.97316,,,,,,,,,0.964611,,,,,,,,valid,,,,,,106,,,,,
tpp,p19.pddl,abs-asp,timed out,1800.1305793859065,abstract_solving,,0.39295679703354836,0.003194175660610199,,16.847481317818165,0.050044674426317215,0.024863146245479584,0.8355750031769276,0.2603429891169071,,0.42421558126807213,0.003610003739595413,0.005943804979324341,,,,,,6,0,0,16,0,,1,17,5,level,
tpp,p19.pddl,abs-fd,timed out,1800.1279342882335,abstract_fd_search,,0.40735794603824615,0.0031937137246131897,,16.903998769819736,0.04964546486735344,0.02545328438282013,0.8524009399116039,0.2405497096478939,,0.4276762567460537,,,0.08632303401827812,,,,,6,0,0,16,0,,,17,5,level,
tpp,p19.pddl,asp,timed out,1800.1282984502614,concrete_asp,,,,,,,,0.8532296568155289,,,0.398328747600317,,,,,,,,,,,,,,,18,,,
tpp,p19.pddl,fd,success,4.46470233052969,total,1.255992,,,,,,,,,1.248034,,,,,,,,valid,,,,,,163,,,,,
tpp,p20.pddl,abs-asp,timed out,1800.1306596510112,abstract_solving,,0.4066358432173729,0.003215271979570389,,20.4887028131634,0.05387764051556587,0.025465305894613266,0.890912277624011,0.2620924133807421,,0.4567943084985018,0.0038109198212623596,0.007287058979272842,,,,,,6,0,0,18,0,,1,19,5,level,
tpp,p20.pddl,abs-fd,timed out,1800.1309173032641,abstract_fd_search,,0.4137710817158222,0.0032086893916130066,,20.51539123803377,0.05323764309287071,0.02546180784702301,0.9088196158409119,0.2436678186058998,,0.45782870426774025,,,0.08513624593615532,,,,,6,0,0,18,0,,,19,5,level,
tpp,p20.pddl,asp,timed out,1800.1270093191415,concrete_asp,,,,,,,,0.8937693918123841,,,0.42707895021885633,,,,,,,,,,,,,,,18,,,
tpp,p20.pddl,fd,success,4.974058826453984,total,1.402845,,,,,,,,,1.395304,,,,,,,,valid,,,,,,208,,,,,
tpp,p21.pddl,abs-asp,timed out,1800.15792491287,abstract_solving,,0.4209372289478779,0.0033104941248893738,,46.80084102600813,0.05164032801985741,0.026169374585151672,1.4275993220508099,0.268109280616045,,0.7666181139647961,0.004413489252328873,0.006788425147533417,,,,,,6,0,0,17,0,,1,18,6,level,
tpp,p21.pddl,abs-fd,timed out,1800.1405023559928,abstract_fd_search,,0.3984847255051136,0.0030054524540901184,,46.60009038448334,0.05131447687745094,0.02540755644440651,1.3912451937794685,0.25141943991184235,,0.7680579386651516,,,0.08561442047357559,,,,,6,0,0,17,0,,,18,6,level,
tpp,p21.pddl,asp,timed out,1800.1390950530767,concrete_asp,,,,,,,,1.3938985578715801,,,0.7027480266988277,,,,,,,,,,,,,,,19,,,
tpp,p21.pddl,fd,success,5.342817276716232,total,1.915458,,,,,,,,,1.90773,,,,,,,,valid,,,,,,195,,,,,
tpp,p22.pddl,abs-asp,timed out,1800.1407312713563,abstract_solving,,0.39985133334994316,0.003130856901407242,,59.450561571866274,0.05583934113383293,0.02590477466583252,1.4646617658436298,0.2523655779659748,,0.829085223376751,0.00377761572599411,0.006013792008161545,,,,,,6,0,0,17,0,,1,18,6,level,
tpp,p22.pddl,abs-fd,timed out,1800.1363369636238,abstract_fd_search,,0.3974793925881386,0.0030969232320785522,,59.299909975379705,0.05596655234694481,0.026017647236585617,1.464390080422163,0.2512793242931366,,0.834053348749876,,,0.08327147364616394,,,,,6,0,0,17,0,,,18,6,level,
tpp,p22.pddl,asp,timed out,1800.1325762607157,concrete_asp,,,,,,,,1.4359808079898357,,,0.7644436545670033,,,,,,,,,,,,,,,19,,,
tpp,p22.pddl,fd,success,5.961674182675779,total,1.915223,,,,,,,,,1.903904,,,,,,,,valid,,,,,,136,,,,,
tpp,p23.pddl,abs-asp,timed out,1800.143973428756,abstract_solving,,0.41429129242897034,0.003208629786968231,,71.40400325506926,0.05978035926818848,0.026714880019426346,1.5258895047008991,0.25779325142502785,,0.8732156381011009,0.0037023574113845825,0.005877293646335602,,,,,,6,0,0,16,0,,1,17,6,level,
tpp,p23.pddl,abs-fd,timed out,1800.1452442407608,abstract_fd_search,,0.41208072006702423,0.0031071342527866364,,71.29283183068037,0.05957648530602455,0.026925813406705856,1.5076374635100365,0.25129301473498344,,0.8792953491210938,,,0.08672719448804855,,,,,6,0,0,16,0,,,17,6,level,
tpp,p23.pddl,asp,timed out,1800.1435208879411,concrete_asp,,,,,,,,1.5283058285713196,,,0.8250944130122662,,,,,,,,,,,,,,,19,,,
tpp,p23.pddl,fd,success,6.0732876025140285,total,2.264648,,,,,,,,,2.253867,,,,,,,,valid,,,,,,171,,,,,
tpp,p24.pddl,abs-asp,timed out,1800.1429718099535,abstract_solving,,0.43756459653377533,0.003228999674320221,,84.79672567546368,0.06349974498152733,0.02780010923743248,1.6940919645130634,0.2703488804399967,,0.9264624826610088,0.003988377749919891,0.006352316588163376,,,,,,6,0,0,15,0,,1,16,6,level,
tpp,p24.pddl,abs-fd,timed out,1800.0558346547186,abstract_fd_search,,0.43268341943621635,0.003217175602912903,,84.49081887677312,0.06305103003978729,0.027873046696186066,1.562641430646181,0.26790426671504974,,0.9311613664031029,,,0.08644022792577744,,,,,6,0,0,15,0,,,16,6,level,
tpp,p24.pddl,asp,timed out,1800.1383552961051,concrete_asp,,,,,,,,1.6431012153625488,,,0.8739124350249767,,,,,,,,,,,,,,,17,,,
tpp,p24.pddl,fd,success,5.687585350126028,total,3.119635,,,,,,,,,3.110049,,,,,,,,valid,,,,,,173,,,,,
transport-sat08-strips,p01.pddl,abs-asp,success,3.229894671589136,total,0.939059,0.1647,0.001608,,0.200776,0.006809,0.010549,0.188002,0.148726,,0.013961,0.005154,0.037719,,0.126862,,,unchecked: No available engine supports all the problem features:,2,0,0,0,6,10,7,1,5,capacity-number,
transport-sat08-strips,p01.pddl,abs-fd,success,3.2077853865921497,total,0.959181,0.16179,0.00165,,0.200859,0.007121,0.011095,0.184888,0.147853,,0.013752,,,0.068382,0.12966,,,unchecked: No available engine supports all the problem features:,2,0,0,0,6,10,,1,5,capacity-number,
transport-sat08-strips,p01.pddl,asp,success,2.3267479613423347,total,0.342487,,,,,,,0.205691,,,0.01315,,,,0.104238,,,unchecked: No available engine supports all the problem features:,,,,,,6,,7,,,
transport-sat08-strips,p01.pddl,fd,success,2.1784192137420177,total,0.227358,,,,,,,,,0.219872,,,,,,,,unchecked: No available engine supports all the problem features:,,,,,,6,,,,,
transport-sat08-strips,p02.pddl,abs-asp,success,77.3887721914798,total,75.150944,0.195387,0.001831,,0.318864,0.009424,0.016757,0.22866,0.161297,,0.041804,0.010387,73.093154,,1.01094,,,unchecked: No available engine supports all the problem features:,2,0,0,0,19,38,20,1,5,capacity-number,
transport-sat08-strips,p02.pddl,abs-fd,success,4.973430689424276,total,2.46114,0.201916,0.00186,,0.354773,0.009609,0.017053,0.320542,0.207893,,0.046529,,,0.09233,1.110079,,,unchecked: No available engine supports all the problem features:,2,0,0,0,20,38,,1,5,capacity-number,
transport-sat08-strips,p02.pddl,asp,success,489.25062526389956,total,486.075189,,,,,,,0.281632,,,0.039558,,,,485.709445,,,unchecked: No available engine supports all the problem features:,,,,,,19,,20,,,
transport-sat08-strips,p02.pddl,fd,success,2.0713477097451687,total,0.243356,,,,,,,,,0.238088,,,,,,,,unchecked: No available engine supports all the problem features:,,,,,,23,,,,,
transport-sat08-strips,p03.pddl,abs-asp,timed out,1800.1236490681767,abstract_asp,,0.3571894019842148,0.0021205097436904907,,1.0574468076229095,0.015267036855220795,0.03692590072751045,0.442349124699831,0.24914075806736946,,0.15770457684993744,0.029989421367645264,,,,,,,2,0,,,18,,19,,5,capacity-number,
transport-sat08-strips,p03.pddl,abs-fd,success,14.42358704842627,total,12.35216,0.336765,0.002177,,0.950016,0.015533,0.026431,0.415511,0.22915,,0.141585,,,0.098524,9.964659,,,unchecked: No available engine supports all the problem features:,2,0,0,0,35,71,,1,5,capacity-number,
transport-sat08-strips,p03.pddl,asp,timed out,1800.125295843929,concrete_asp,,,,,,,,0.38343577831983566,,,0.12845481932163239,,,,,,,,,,,,,,,18,,,
transport-sat08-strips,p03.pddl,fd,success,2.511620338074863,total,0.437124,,,,,,,,,0.428357,,,,,,,,unchecked: No available engine supports all the problem features:,,,,,,35,,,,,
transport-sat08-strips,p04.pddl,abs-asp,timed out,1800.1185830570757,abstract_asp,,0.3425699807703495,0.002929002046585083,,2.0321303233504295,0.016462504863739014,0.0384579673409462,0.5181217677891254,0.26516659930348396,,0.23744337260723114,0.045995794236660004,,,,,,,2,0,,,20,,21,,5,capacity-number,
transport-sat08-strips,p04.pddl,abs-fd,success,57.61641437932849,total,54.963947,0.350725,0.0029,,2.039859,0.01645,0.058666,0.528482,0.265495,,0.238874,,,0.102801,51.043675,,,unchecked: No available engine supports all the problem features:,2,0,0,0,54,102,,1,5,capacity-number,
transport-sat08-strips,p04.pddl,asp,timed out,1800.1225136825815,concrete_asp,,,,,,,,0.5523243136703968,,,0.2173931421712041,,,,,,,,,,,,,,,19,,,
transport-sat08-strips,p04.pddl,fd,success,2.5669839810580015,total,0.599655,,,,,,,,,0.592922,,,,,,,,unchecked: No available engine supports all the problem features:,,,,,,48,,,,,
transport-sat08-strips,p05.pddl,abs-asp,timed out,1800.1220008227974,abstract_asp,,0.3578763082623482,0.0026081129908561707,,4.0816092900931835,0.01952039636671543,0.05078926496207714,0.6591573469340801,0.26549151726067066,,0.3459568955004215,0.06479998864233494,,,,,,,2,0,,,21,,22,,5,capacity-number,
transport-sat08-strips,p05.pddl,abs-fd,success,961.9759855940938,total,958.405171,0.400965,0.002799,,4.272492,0.019701,0.051275,0.785595,0.310026,,0.374637,,,0.122394,951.409701,,,unchecked: No available engine supports all the problem features:,2,0,0,0,77,149,,1,5,capacity-number,
transport-sat08-strips,p05.pddl,asp,timed out,1800.1265576444566,concrete_asp,,,,,,,,0.7818438857793808,,,0.34727564454078674,,,,,,,,,,,,,,,20,,,
transport-sat08-strips,p05.pddl,fd,success,3.174671125598252,total,0.921315,,,,,,,,,0.913143,,,,,,,,unchecked: No available engine supports all the problem features:,,,,,,75,,,,,
transport-sat08-strips,p06.pddl,abs-asp,timed out,1800.0403409302235,abstract_asp,,0.48186109587550163,0.0026688091456890106,,13.889332920312881,0.02650947868824005,0.07057612761855125,1.3529799319803715,0.4242786020040512,,0.7082848101854324,0.12761510163545609,,,,,,,2,0,,,18,,19,,5,capacity-number,
transport-sat08-strips,p06.pddl,abs-fd,timed out,1800.3987757489085,abstract_fd_search,,0.48765767365694046,0.002616696059703827,,13.999236151576042,0.02655409276485443,0.07543174922466278,1.3919648453593254,0.42413095757365227,,0.7080939635634422,,,0.1781325489282608,,,,,2,0,0,0,94,,,1,5,capacity-number,
transport-sat08-strips,p06.pddl,asp,timed out,1800.1373681481928,concrete_asp,,,,,,,,1.370905346237123,,,0.656508375890553,,,,,,,,,,,,,,,18,,,
transport-sat08-strips,p06.pddl,fd,success,4.6933571845293045,total,1.803283,,,,,,,,,1.794427,,,,,,,,unchecked: No available engine supports all the problem features:,,,,,,99,,,,,
transport-sat08-strips,p07.pddl,abs-asp,timed out,1800.1303935460746,abstract_asp,,0.426071859896183,0.0025906451046466827,,24.951108291745186,0.026741348206996918,0.08808217942714691,1.6073926091194153,0.441656444221735,,0.8928043730556965,0.1578638106584549,,,,,,,2,0,,,17,,18,,5,capacity-number,
transport-sat08-strips,p07.pddl,abs-fd,timed out,1800.5081507600844,abstract_fd_search,,0.42819781973958015,0.002654150128364563,,24.91581505909562,0.02673860266804695,0.08887093886733055,1.5953485816717148,0.44030703231692314,,0.8869040757417679,,,0.16900405287742615,,,,,2,0,0,0,98,,,1,5,capacity-number,
transport-sat08-strips,p07.pddl,asp,timed out,1800.1444345116615,concrete_asp,,,,,,,,1.8185014948248863,,,0.8991512842476368,,,,,,,,,,,,,,,17,,,
transport-sat08-strips,p07.pddl,fd,success,5.668489370495081,total,2.448792,,,,,,,,,2.440923,,,,,,,,unchecked: No available engine supports all the problem features:,,,,,,101,,,,,
transport-sat08-strips,p08.pddl,abs-asp,timed out,1800.1387171559036,abstract_asp,,0.577767051756382,0.003307189792394638,,45.72549465671182,0.031580060720443726,0.11409119516611099,2.240613028407097,0.6153325848281384,,1.2821637839078903,0.21828976646065712,,,,,,,2,0,,,20,,21,,5,capacity-number,
transport-sat08-strips,p08.pddl,abs-fd,timed out,1800.6036535166204,abstract_fd_search,,0.5418229214847088,0.0030329450964927673,,43.828381426632404,0.03128064423799515,0.11460069194436073,2.2044571824371815,0.5928441435098648,,1.256677471101284,,,0.22906892374157906,,,,,2,0,0,0,89,,,1,5,capacity-number,
transport-sat08-strips,p08.pddl,asp,timed out,1800.1503886803985,concrete_asp,,,,,,,,2.210620317608118,,,1.1640168093144894,,,,,,,,,,,,,,,19,,,
transport-sat08-strips,p08.pddl,fd,success,6.647440828382969,total,3.233204,,,,,,,,,3.225086,,,,,,,,unchecked: No available engine supports all the problem features:,,,,,,119,,,,,
transport-sat08-strips,p09.pddl,abs-asp,timed out,1800.1365391239524,abstract_asp,,0.5376916415989399,0.003353457897901535,,71.17007884383202,0.032594650983810425,0.142741858959198,2.786348182708025,0.7384886331856251,,1.5984032303094864,0.2676326744258404,,,,,,,2,0,,,20,,21,,5,capacity-number,
transport-sat08-strips,p09.pddl,abs-fd,interrupted,241.00904598087072,abstract_fd_search,,0.49226580187678337,0.0031829625368118286,,68.9540616646409,0.032767798751592636,0.1402379721403122,2.461405973881483,0.6462885439395905,,1.46469896286726,,,0.28027302399277687,,,,,2,0,0,0,110,,,1,5,capacity-number,
transport-sat08-strips,p09.pddl,asp,timed out,1800.1292593814433,concrete_asp,,,,,,,,2.9127688026055694,,,1.4758639223873615,,,,,,,,,,,,,,,20,,,
transport-sat08-strips,p09.pddl,fd,success,7.529139779508114,total,4.319273,,,,,,,,,4.309987,,,,,,,,unchecked: No available engine supports all the problem features:,,,,,,126,,,,,
transport-sat08-strips,p10.pddl,abs-asp,timed out,1800.1387501470745,abstract_asp,,0.613048829138279,0.003316834568977356,,110.6518972851336,0.03801729902625084,0.16706474870443344,3.41665368527174,0.8469422310590744,,1.9557316675782204,0.32940665632486343,,,,,,,2,0,,,18,,19,,5,capacity-number,
transport-sat08-strips,p10.pddl,abs-fd,interrupted,293.7276670001447,abstract_fd_search,,0.6212471462786198,0.0033579468727111816,,111.33257187530398,0.03810650482773781,0.16706739738583565,3.3714771904051304,0.8505680374801159,,1.979601014405489,,,0.43859095498919487,,,,,2,0,0,0,129,,,0,5,capacity-number,
transport-sat08-strips,p10.pddl,asp,timed out,1800.1788928098977,concrete_asp,,,,,,,,3.416680298745632,,,1.79556305706501,,,,,,,,,,,,,,,18,,,
transport-sat08-strips,p10.pddl,fd,success,9.408491477370262,total,6.118458,,,,,,,,,6.112079,,,,,,,,unchecked: No available engine supports all the problem features:,,,,,,140,,,,,
transport-sat08-strips,p11.pddl,abs-asp,success,2.712459333240986,total,1.032513,0.151197,0.0016,,0.189228,0.00671,0.011141,0.176699,0.159928,,0.014364,0.005538,0.070733,,0.202784,,,unchecked: No available engine supports all the problem features:,2,0,0,0,11,19,12,1,5,capacity-number,
transport-sat08-strips,p11.pddl,abs-fd,success,3.518422355875373,total,1.114393,0.164859,0.00171,,0.219632,0.006884,0.011284,0.201931,0.156874,,0.016878,,,0.087322,0.211565,,,unchecked: No available engine supports all the problem features:,2,0,0,0,11,17,,1,5,capacity-number,
transport-sat08-strips,p11.pddl,asp,success,8.17462071403861,total,0.413216,,,,,,,0.2055,,,0.014772,,,,0.172071,,,unchecked: No available engine supports all the problem features:,,,,,,11,,12,,,
transport-sat08-strips,p11.pddl,fd,success,3.251209896057844,total,0.283063,,,,,,,,,0.274264,,,,,,,,unchecked: No available engine supports all the problem features:,,,,,,11,,,,,
transport-sat08-strips,p12.pddl,abs-asp,success,38.19617558643222,total,36.160282,0.208691,0.001893,,0.365784,0.01004,0.019678,0.31086,0.205702,,0.053672,0.012809,33.272126,,1.59155,,,unchecked: No available engine supports all the problem features:,2,0,0,0,19,37,20,1,5,capacity-number,
transport-sat08-strips,p12.pddl,abs-fd,success,5.390171825885773,total,3.073447,0.198655,0.001727,,0.359183,0.009734,0.018757,0.241012,0.165038,,0.049527,,,0.071778,1.901449,,,unchecked: No available engine supports all the problem features:,2,0,0,0,22,41,,1,5,capacity-number,
transport-sat08-strips,p12.pddl,asp,timed out,1800.1210429370403,concrete_asp,,,,,,,,0.311550535261631,,,0.05057821795344353,,,,,,,,,,,,,,,22,,,
transport-sat08-strips,p12.pddl,fd,success,2.889573350548744,total,0.329929,,,,,,,,,0.324433,,,,,,,,unchecked: No available engine supports all the problem features:,,,,,,37,,,,,
transport-sat08-strips,p13.pddl,abs-asp,timed out,1800.1194282956421,abstract_asp,,0.335170928388834,0.002587776631116867,,1.2400589026510715,0.014366298913955688,0.0314505361020565,0.4672536589205265,0.24718773737549782,,0.16753722354769707,0.033135537058115005,,,,,,,2,0,,,26,,27,,5,capacity-number,
transport-sat08-strips,p13.pddl,abs-fd,success,100.93971195444465,total,98.511525,0.31118,0.002079,,1.163229,0.014322,0.031657,0.43383,0.240572,,0.160223,,,0.094132,95.866101,,,unchecked: No available engine supports all the problem features:,2,0,0,0,34,68,,1,5,capacity-number,
transport-sat08-strips,p13.pddl,asp,timed out,1800.129881389439,concrete_asp,,,,,,,,0.4766601398587227,,,0.1592044234275818,,,,,,,,,,,,,,,25,,,
transport-sat08-strips,p13.pddl,fd,success,2.502967607229948,total,0.470234,,,,,,,,,0.462581,,,,,,,,unchecked: No available engine supports all the problem features:,,,,,,52,,,,,
transport-sat08-strips,p14.pddl,abs-asp,timed out,1800.1304776854813,abstract_asp,,0.3920940086245537,0.002408783882856369,,2.903718028217554,0.018955513834953308,0.05476222559809685,0.6121604554355145,0.3051335737109184,,0.28917910531163216,0.055800266563892365,,,,,,,2,0,,,23,,24,,5,capacity-number,
transport-sat08-strips,p14.pddl,abs-fd,timed out,1800.1003339067101,abstract_fd_search,,0.3791332356631756,0.0022579245269298553,,2.7499611787497997,0.018677636981010437,0.05297984927892685,0.5901434309780598,0.2858036234974861,,0.2858778052031994,,,0.1062861755490303,,,,,2,0,0,0,47,,,1,5,capacity-number,
transport-sat08-strips,p14.pddl,asp,timed out,1800.1463773362339,concrete_asp,,,,,,,,0.5973062142729759,,,0.27062324807047844,,,,,,,,,,,,,,,23,,,
transport-sat08-strips,p14.pddl,fd,success,2.930082257837057,total,0.724256,,,,,,,,,0.715123,,,,,,,,unchecked: No available engine supports all the problem features:,,,,,,77,,,,,
transport-sat08-strips,p15.pddl,abs-asp,timed out,1800.127190388739,abstract_asp,,0.45766501501202583,0.002475164830684662,,5.714867163449526,0.02522309496998787,0.07063805311918259,0.8508395478129387,0.3409430757164955,,0.4488516189157963,0.08311637118458748,,,,,,,2,0,,,25,,26,,5,capacity-number,
transport-sat08-strips,p15.pddl,abs-fd,timed out,1800.2279722243547,abstract_fd_search,,0.48872818797826767,0.018097631633281708,,5.766774706542492,0.02522285282611847,0.07076141238212585,0.8947699703276157,0.33739446103572845,,0.44707468524575233,,,0.12141451612114906,,,,,2,0,0,0,57,,,1,5,capacity-number,
transport-sat08-strips,p15.pddl,asp,timed out,1800.1304308362305,concrete_asp,,,,,,,,0.8423570543527603,,,0.41767650842666626,,,,,,,,,,,,,,,25,,,
transport-sat08-strips,p15.pddl,fd,success,3.439741536974907,total,1.187227,,,,,,,,,1.181125,,,,,,,,unchecked: No available engine supports all the problem features:,,,,,,132,,,,,
transport-sat08-strips,p16.pddl,abs-asp,timed out,1800.1338915955275,abstract_asp,,0.545983612537384,0.002794075757265091,,19.788795333355665,0.03126579709351063,0.089635344222188,1.5517523176968098,0.47225227020680904,,0.8659932799637318,0.15386801399290562,,,,,,,2,0,,,21,,22,,5,capacity-number,
transport-sat08-strips,p16.pddl,abs-fd,timed out,1800.4687698818743,abstract_fd_search,,0.539478562772274,0.0029817000031471252,,19.905820816755295,0.03150714188814163,0.09237358719110489,1.5552350580692291,0.4928853176534176,,0.8557508923113346,,,0.15926308184862137,,,,,2,0,0,0,66,,,1,5,capacity-number,
transport-sat08-strips,p16.pddl,asp,timed out,1800.1429128050804,concrete_asp,,,,,,,,1.4989846870303154,,,0.7930333353579044,,,,,,,,,,,,,,,19,,,
transport-sat08-strips,p16.pddl,fd,success,5.424044571816921,total,3.023513,,,,,,,,,3.017847,,,,,,,,unchecked: No available engine supports all the problem features:,,,,,,148,,,,,
transport-sat08-strips,p17.pddl,abs-asp,timed out,1800.0384900532663,abstract_asp,,0.5143033340573311,0.002756550908088684,,35.68272355571389,0.029262781143188477,0.12410389631986618,2.0669754445552826,0.5564041920006275,,1.1652533523738384,0.19820472598075867,,,,,,,2,0,,,27,,28,,5,capacity-number,
transport-sat08-strips,p17.pddl,abs-fd,timed out,1800.4768085666,abstract_fd_search,,0.45331988111138344,0.0026489421725273132,,34.936856005340815,0.029042191803455353,0.11977634951472282,1.8232919089496136,0.4939487501978874,,1.0768400169909,,,0.14922268688678741,,,,,2,0,0,0,74,,,1,5,capacity-number,
transport-sat08-strips,p17.pddl,asp,timed out,1800.082139475271,concrete_asp,,,,,,,,2.0010705664753914,,,1.0748940156772733,,,,,,,,,,,,,,,26,,,
transport-sat08-strips,p17.pddl,fd,success,10.652598928660154,total,8.295265,,,,,,,,,8.28772,,,,,,,,unchecked: No available engine supports all the problem features:,,,,,,233,,,,,
transport-sat08-strips,p18.pddl,abs-asp,timed out,1800.1378587968647,abstract_asp,,0.5746176615357399,0.003060564398765564,,61.73057745024562,0.035589613020420074,0.14794033765792847,2.7516768760979176,0.71518225222826,,1.5019564032554626,0.25792356580495834,,,,,,,2,0,,,26,,27,,5,capacity-number,
transport-sat08-strips,p18.pddl,abs-fd,timed out,1800.6477240733802,abstract_fd_search,,0.5746458396315575,0.003122221678495407,,61.36235724762082,0.03502301126718521,0.1474410556256771,2.7596335858106613,0.7159087583422661,,1.5007926896214485,,,0.2323371060192585,,,,,2,0,0,0,105,,,1,5,capacity-number,
transport-sat08-strips,p18.pddl,asp,timed out,1800.1609454192221,concrete_asp,,,,,,,,2.677529715001583,,,1.3696807511150837,,,,,,,,,,,,,,,23,,,
transport-sat08-strips,p18.pddl,fd,success,28.69336412474513,total,26.214673,,,,,,,,,26.205321,,,,,,,,unchecked: No available engine supports all the problem features:,,,,,,246,,,,,
transport-sat08-strips,p19.pddl,abs-asp,timed out,1800.1515096314251,abstract_asp,,0.6440478339791298,0.00353129580616951,,101.56684897467494,0.04108809307217598,0.19682905077934265,3.5206555612385273,0.8427815288305283,,1.8633816204965115,0.32949233427643776,,,,,,,2,0,,,27,,28,,5,capacity-number,
transport-sat08-strips,p19.pddl,abs-fd,interrupted,328.6181936226785,abstract_fd_search,,0.6742434576153755,0.003499876707792282,,102.14123913645744,0.040939055383205414,0.18969734385609627,3.6442491374909878,0.8575372099876404,,1.9155913665890694,,,0.3165164478123188,,,,,2,0,0,0,120,,,1,5,capacity-number,
transport-sat08-strips,p19.pddl,asp,timed out,1800.1814435012639,concrete_asp,,,,,,,,3.468446407467127,,,1.7567223533988,,,,,,,,,,,,,,,22,,,
transport-sat08-strips,p19.pddl,fd,success,41.47854532301426,total,38.930881,,,,,,,,,38.921507,,,,,,,,unchecked: No available engine supports all the problem features:,,,,,,348,,,,,
transport-sat08-strips,p20.pddl,abs-asp,timed out,1800.1449276953936,abstract_asp,,0.7008223757147789,0.003484278917312622,,158.47729605436325,0.04471069201827049,0.23370882123708725,4.1836149506270885,0.9833821021020412,,2.428325168788433,0.4151456542313099,,,,,,,2,0,,,24,,25,,5,capacity-number,
transport-sat08-strips,p20.pddl,abs-fd,interrupted,339.9448430854827,abstract_fd_search,,0.6923445109277964,0.0033853985369205475,,158.76225796155632,0.044261110946536064,0.2303642611950636,4.215210432186723,0.9785544145852327,,2.38647604547441,,,0.3426855243742466,,,,,2,0,0,0,115,,,0,5,capacity-number,
transport-sat08-strips,p20.pddl,asp,timed out,1800.1783412583172,concrete_asp,,,,,,,,4.1065588146448135,,,2.2130439653992653,,,,,,,,,,,,,,,22,,,
transport-sat08-strips,p20.pddl,fd,success,30.818275440484285,total,28.207963,,,,,,,,,28.198256,,,,,,,,unchecked: No available engine supports all the problem features:,,,,,,306,,,,,
transport-sat08-strips,p21.pddl,abs-asp,success,4.138437133282423,total,1.239799,0.17408,0.00176,,0.274142,0.007088,0.011877,0.250405,0.18915,,0.019122,0.006031,0.067083,,0.172797,,,unchecked: No available engine supports all the problem features:,2,0,0,0,8,13,9,1,5,capacity-number,
transport-sat08-strips,p21.pddl,abs-fd,success,3.133277477696538,total,1.157331,0.160066,0.001744,,0.215094,0.006961,0.011622,0.243202,0.186726,,0.018749,,,0.086374,0.1704,,,unchecked: No available engine supports all the problem features:,2,0,0,0,8,13,,1,5,capacity-number,
transport-sat08-strips,p21.pddl,asp,success,2.5208343751728535,total,0.378424,,,,,,,0.218905,,,0.015084,,,,0.130634,,,unchecked: No available engine supports all the problem features:,,,,,,8,,9,,,
transport-sat08-strips,p21.pddl,fd,success,2.1345595493912697,total,0.217208,,,,,,,,,0.211312,,,,,,,,unchecked: No available engine supports all the problem features:,,,,,,8,,,,,
transport-sat08-strips,p22.pddl,abs-asp,success,11.769389478489757,total,10.029139,0.191304,0.001745,,0.34732,0.009613,0.018757,0.221131,0.171232,,0.04697,0.011896,7.50216,,1.448944,,,unchecked: No available engine supports all the problem features:,2,0,1,0,16,33,17,2,5,capacity-number,
transport-sat08-strips,p22.pddl,abs-fd,success,5.345640834420919,total,2.507955,0.205916,0.001901,,0.423674,0.009755,0.01926,0.290586,0.200942,,0.054592,,,0.088036,1.14135,,,unchecked: No available engine supports all the problem features:,2,0,0,0,18,29,,1,5,capacity-number,
transport-sat08-strips,p22.pddl,asp,success,141.50021600164473,total,138.210757,,,,,,,0.30294,,,0.05071,,,,137.813144,,,unchecked: No available engine supports all the problem features:,,,,,,18,,19,,,
transport-sat08-strips,p22.pddl,fd,success,2.2771306708455086,total,0.282453,,,,,,,,,0.27559,,,,,,,,unchecked: No available engine supports all the problem features:,,,,,,18,,,,,
transport-sat08-strips,p23.pddl,abs-asp,timed out,1800.1211713030934,abstract_asp,,0.3488389365375042,0.0021204911172389984,,1.2185341119766235,0.01592254638671875,0.03747646510601044,0.46078192442655563,0.24535419791936874,,0.16635330393910408,0.03332705423235893,,,,,,,2,0,,,21,,22,,5,capacity-number,
transport-sat08-strips,p23.pddl,abs-fd,success,14.214732494205236,total,11.093368,0.354331,0.002145,,1.204569,0.015571,0.038825,0.489609,0.249918,,0.167217,,,0.101221,8.276868,,,unchecked: No available engine supports all the problem features:,2,0,0,0,35,70,,1,5,capacity-number,
transport-sat08-strips,p23.pddl,asp,timed out,1800.127831619233,concrete_asp,,,,,,,,0.4449288621544838,,,0.15231261029839516,,,,,,,,,,,,,,,20,,,
transport-sat08-strips,p23.pddl,fd,success,2.5573821738362312,total,0.460893,,,,,,,,,0.453571,,,,,,,,unchecked: No available engine supports all the problem features:,,,,,,31,,,,,
transport-sat08-strips,p24.pddl,abs-asp,timed out,1800.1223680377007,abstract_asp,,0.35444848239421844,0.002298206090927124,,2.7394400276243687,0.017787545919418335,0.04706329479813576,0.6073039434850216,0.2864500805735588,,0.2873143367469311,0.052998028695583344,,,,,,,2,0,,,20,,21,,5,capacity-number,
transport-sat08-strips,p24.pddl,abs-fd,success,99.33645900711417,total,97.031622,0.351622,0.00228,,2.702904,0.017418,0.046522,0.586692,0.282903,,0.284338,,,0.110647,92.285932,,,unchecked: No available engine supports all the problem features:,2,0,0,0,51,101,,1,5,capacity-number,
transport-sat08-strips,p24.pddl,asp,timed out,1800.1290911063552,concrete_asp,,,,,,,,0.5902061238884926,,,0.26906736195087433,,,,,,,,,,,,,,,20,,,
transport-sat08-strips,p24.pddl,fd,success,2.8687219507992268,total,0.721277,,,,,,,,,0.712304,,,,,,,,unchecked: No available engine supports all the problem features:,,,,,,55,,,,,
transport-sat08-strips,p25.pddl,abs-asp,timed out,1800.125798869878,abstract_asp,,0.4334827922284603,0.0024795085191726685,,5.7233074232935905,0.022806566208600998,0.06701865792274475,0.8457139991223812,0.33856021240353584,,0.44762422516942024,0.0813637338578701,,,,,,,2,0,,,23,,24,,5,capacity-number,
transport-sat08-strips,p25.pddl,abs-fd,success,167.052969686687,total,163.947847,0.443022,0.002714,,5.727465,0.023383,0.067521,0.856509,0.354489,,0.448194,,,0.132122,155.1448,,,unchecked: No available engine supports all the problem features:,2,0,0,0,70,134,,1,5,capacity-number,
transport-sat08-strips,p25.pddl,asp,timed out,1800.1324202679098,concrete_asp,,,,,,,,0.8438658006489277,,,0.41291844099760056,,,,,,,,,,,,,,,22,,,
transport-sat08-strips,p25.pddl,fd,success,3.2635806761682034,total,1.018756,,,,,,,,,1.010904,,,,,,,,unchecked: No available engine supports all the problem features:,,,,,,69,,,,,
transport-sat08-strips,p26.pddl,abs-asp,timed out,1800.1291214078665,abstract_asp,,0.5251118279993534,0.002831391990184784,,19.52485728263855,0.03069065511226654,0.09364601597189903,1.4895904995501041,0.47423509880900383,,0.8690458908677101,0.15239188447594643,,,,,,,2,0,,,21,,22,,5,capacity-number,
transport-sat08-strips,p26.pddl,abs-fd,timed out,1800.362428843975,abstract_fd_search,,0.5256774239242077,0.0027762427926063538,,19.51435575261712,0.03083057329058647,0.08949486911296844,1.539923470467329,0.47795387730002403,,0.8539363220334053,,,0.17182504013180733,,,,,2,0,0,0,65,,,1,5,capacity-number,
transport-sat08-strips,p26.pddl,asp,timed out,1800.1416276171803,concrete_asp,,,,,,,,1.4757547564804554,,,0.7898770868778229,,,,,,,,,,,,,,,20,,,
transport-sat08-strips,p26.pddl,fd,success,4.347135905176401,total,1.962708,,,,,,,,,1.955608,,,,,,,,unchecked: No available engine supports all the problem features:,,,,,,82,,,,,
transport-sat08-strips,p27.pddl,abs-asp,timed out,1800.1329279337078,abstract_asp,,0.5376913361251354,0.002925638109445572,,35.988331673666835,0.03184812515974045,0.11757436394691467,2.0071120858192444,0.5698779039084911,,1.1550563089549541,0.1992267332971096,,,,,,,2,0,,,20,,21,,5,capacity-number,
transport-sat08-strips,p27.pddl,abs-fd,timed out,1800.5504326224327,abstract_fd_search,,0.48557326570153236,0.0028756968677043915,,35.10037216171622,0.03196597471833229,0.1214318610727787,1.8255360946059227,0.5021274574100971,,1.0743197873234749,,,0.18761660158634186,,,,,2,0,0,0,104,,,1,5,capacity-number,
transport-sat08-strips,p27.pddl,asp,timed out,1800.1459910720587,concrete_asp,,,,,,,,1.8438129238784313,,,1.0052254162728786,,,,,,,,,,,,,,,20,,,
transport-sat08-strips,p27.pddl,fd,success,5.125661041587591,total,2.736708,,,,,,,,,2.727526,,,,,,,,unchecked: No available engine supports all the problem features:,,,,,,113,,,,,
transport-sat08-strips,p28.pddl,abs-asp,timed out,1800.0356095954776,abstract_asp,,0.6116112321615219,0.0030610039830207825,,60.440150372684,0.042164966464042664,0.1502343863248825,2.5283344574272633,0.6561489887535572,,1.395426981151104,0.25056397914886475,,,,,,,2,0,,,19,,20,,5,capacity-number,
transport-sat08-strips,p28.pddl,abs-fd,interrupted,282.7416586317122,abstract_fd_search,,0.6676238738000393,0.003208618611097336,,62.09117442369461,0.04291685298085213,0.15589549019932747,2.8019180707633495,0.7223918177187443,,1.501911535859108,,,0.39641157537698746,,,,,2,0,0,0,122,,,1,5,capacity-number,
transport-sat08-strips,p28.pddl,asp,timed out,1800.1560078971088,concrete_asp,,,,,,,,2.781653255224228,,,1.390776988118887,,,,,,,,,,,,,,,16,,,
transport-sat08-strips,p28.pddl,fd,success,6.647104870527983,total,4.169769,,,,,,,,,4.162048,,,,,,,,unchecked: No available engine supports all the problem features:,,,,,,125,,,,,
transport-sat08-strips,p29.pddl,abs-asp,timed out,1800.1366598904133,abstract_asp,,0.6450609602034092,0.008977171033620834,,101.59613111242652,0.04208777844905853,0.1858360506594181,3.5466241016983986,0.8665275350213051,,1.8882206827402115,0.3229076527059078,,,,,,,2,0,,,19,,20,,5,capacity-number,
transport-sat08-strips,p29.pddl,abs-fd,interrupted,289.4724062681198,abstract_fd_search,,0.676139835268259,0.0034660659730434418,,102.80280043929815,0.041585758328437805,0.1963220052421093,3.5713082030415535,0.8679730743169785,,1.9158308878540993,,,0.39548926427960396,,,,,2,0,0,0,127,,,0,5,capacity-number,
transport-sat08-strips,p29.pddl,asp,timed out,1800.191688541323,concrete_asp,,,,,,,,3.516225751489401,,,1.7466577664017677,,,,,,,,,,,,,,,18,,,
transport-sat08-strips,p29.pddl,fd,success,9.270974092185497,total,6.721275,,,,,,,,,6.712832,,,,,,,,unchecked: No available engine supports all the problem features:,,,,,,141,,,,,
transport-sat08-strips,p30.pddl,abs-asp,timed out,1800.1436962075531,abstract_asp,,0.6302340887486935,0.003420032560825348,,158.98735332861543,0.04104974865913391,0.22769347950816154,4.18350375816226,1.0028735660016537,,2.37997904419899,0.3925662748515606,,,,,,,2,0,,,20,,21,,5,capacity-number,
transport-sat08-strips,p30.pddl,abs-fd,interrupted,341.1355828419328,abstract_fd_search,,0.6265273131430149,0.0035534054040908813,,158.50360747799277,0.04153936728835106,0.2337237000465393,4.240674838423729,0.973723366856575,,2.4226805232465267,,,0.5194339230656624,,,,,2,0,0,0,142,,,0,5,capacity-number,
transport-sat08-strips,p30.pddl,asp,timed out,1800.2093651778996,concrete_asp,,,,,,,,3.8384528420865536,,,2.0808255560696125,,,,,,,,,,,,,,,20,,,
transport-sat08-strips,p30.pddl,fd,success,13.492124683223665,total,10.907679,,,,,,,,,10.898917,,,,,,,,unchecked: No available engine supports all the problem features:,,,,,,211,,,,,
transport-sat11-strips,p01.pddl,abs-asp,timed out,1800.1293675005436,abstract_asp,,0.4760504588484764,0.0028065554797649384,,39.39247300103307,0.02944868430495262,0.10740088671445847,1.8430930599570274,0.5040664076805115,,1.074230719357729,0.1923707090318203,,,,,,,2,0,,,20,,21,,5,capacity-number,
transport-sat11-strips,p01.pddl,abs-fd,timed out,1800.426560819149,abstract_fd_search,,0.4455023817718029,0.002651013433933258,,39.16319677233696,0.028842147439718246,0.10482903197407722,1.8231435529887676,0.4894115775823593,,1.0659613758325577,,,0.19110968708992004,,,,,2,0,0,0,89,,,1,5,capacity-number,
transport-sat11-strips,p01.pddl,asp,timed out,1800.173451203853,concrete_asp,,,,,,,,2.144914921373129,,,1.1496108211576939,,,,,,,,,,,,,,,19,,,
transport-sat11-strips,p01.pddl,fd,success,5.592712890356779,total,3.219649,,,,,,,,,3.212949,,,,,,,,unchecked: No available engine supports all the problem features:,,,,,,119,,,,,
transport-sat11-strips,p02.pddl,abs-asp,timed out,1800.1254731044173,abstract_asp,,0.4539520889520645,0.002921454608440399,,63.8362737968564,0.029369939118623734,0.12795108929276466,2.3071540035307407,0.5986792221665382,,1.3421796821057796,0.232609324157238,,,,,,,2,0,,,21,,22,,5,capacity-number,
transport-sat11-strips,p02.pddl,abs-fd,interrupted,225.77726630866528,abstract_fd_search,,0.4472975507378578,0.0029696449637413025,,63.43195953965187,0.029808007180690765,0.13197645545005798,2.304114867001772,0.6010083667933941,,1.3511971198022366,,,0.26303406432271004,,,,,2,0,0,0,110,,,1,5,capacity-number,
transport-sat11-strips,p02.pddl,asp,timed out,1800.1576105467975,concrete_asp,,,,,,,,2.7435745261609554,,,1.498543780297041,,,,,,,,,,,,,,,20,,,
transport-sat11-strips,p02.pddl,fd,success,6.689914405345917,total,4.293039,,,,,,,,,4.286126,,,,,,,,unchecked: No available engine supports all the problem features:,,,,,,126,,,,,
transport-sat11-strips,p03.pddl,abs-asp,timed out,1800.1566566340625,abstract_asp,,0.5491709001362324,0.006713490933179855,,91.26501914486289,0.03844829276204109,0.17136225476861,2.9023806676268578,0.6938769184052944,,1.6502701006829739,0.28393441811203957,,,,,,,2,0,,,19,,20,,5,capacity-number,
transport-sat11-strips,p03.pddl,abs-fd,interrupted,285.34221393987536,abstract_fd_search,,0.6540672965347767,0.009020449593663216,,101.69351889379323,0.04162461683154106,0.18595138750970364,3.3925890773534775,0.8365544099360704,,1.9056157730519772,,,0.3764463234692812,,,,,2,0,0,0,127,,,0,5,capacity-number,
transport-sat11-strips,p03.pddl,asp,timed out,1800.1792367994785,concrete_asp,,,,,,,,3.4350450709462166,,,1.752128578722477,,,,,,,,,,,,,,,18,,,
transport-sat11-strips,p03.pddl,fd,success,10.697982244193554,total,7.898221,,,,,,,,,7.891151,,,,,,,,unchecked: No available engine supports all the problem features:,,,,,,141,,,,,
transport-sat11-strips,p04.pddl,abs-asp,timed out,1800.0305038504303,abstract_asp,,0.5356227904558182,0.0027464553713798523,,19.74537505581975,0.031085819005966187,0.09052752703428268,1.5586671717464924,0.47488493472337723,,0.859401311725378,0.1526995338499546,,,,,,,2,0,,,21,,22,,5,capacity-number,
transport-sat11-strips,p04.pddl,abs-fd,timed out,1800.3624503687024,abstract_fd_search,,0.5305408872663975,0.002733048051595688,,19.348524525761604,0.03127804771065712,0.08995676040649414,1.4798233285546303,0.4690789058804512,,0.8508686423301697,,,0.14998774603009224,,,,,2,0,0,0,66,,,1,5,capacity-number,
transport-sat11-strips,p04.pddl,asp,timed out,1800.146422881633,concrete_asp,,,,,,,,1.5006474368274212,,,0.7985629513859749,,,,,,,,,,,,,,,19,,,
transport-sat11-strips,p04.pddl,fd,success,5.413107946515083,total,2.98424,,,,,,,,,2.97563,,,,,,,,unchecked: No available engine supports all the problem features:,,,,,,148,,,,,
transport-sat11-strips,p05.pddl,abs-asp,timed out,1800.1348891630769,abstract_asp,,0.46020764485001564,0.00290524959564209,,34.99186797812581,0.029087718576192856,0.12264039739966393,1.8271682038903236,0.49803948402404785,,1.0943926610052586,0.18996543064713478,,,,,,,2,0,,,27,,28,,5,capacity-number,
transport-sat11-strips,p05.pddl,abs-fd,timed out,1800.381052237004,abstract_fd_search,,0.5155329741537571,0.00309758260846138,,35.8237214460969,0.029483430087566376,0.12582143396139145,2.025855302810669,0.5547650940716267,,1.1730152554810047,,,0.1706615909934044,,,,,2,0,0,0,74,,,1,5,capacity-number,
transport-sat11-strips,p05.pddl,asp,timed out,1800.1643226444721,concrete_asp,,,,,,,,1.991795614361763,,,1.085548996925354,,,,,,,,,,,,,,,26,,,
transport-sat11-strips,p05.pddl,fd,success,11.778326846659184,total,9.224988,,,,,,,,,9.21673,,,,,,,,unchecked: No available engine supports all the problem features:,,,,,,233,,,,,
transport-sat11-strips,p06.pddl,abs-asp,timed out,1800.1423706561327,abstract_asp,,0.523083683103323,0.0029769763350486755,,60.19307808205485,0.03548040986061096,0.1489093154668808,2.4464963227510452,0.6514750085771084,,1.3877931982278824,0.24438035115599632,,,,,,,2,0,,,26,,27,,5,capacity-number,
transport-sat11-strips,p06.pddl,abs-fd,timed out,1800.7138200588524,abstract_fd_search,,0.5762111432850361,0.0030807480216026306,,61.990216087549925,0.0354248471558094,0.15058361738920212,2.718514408916235,0.7172404564917088,,1.5040567182004452,,,0.2329387366771698,,,,,2,0,0,0,105,,,1,5,capacity-number,
transport-sat11-strips,p06.pddl,asp,timed out,1800.1656554937363,concrete_asp,,,,,,,,2.736069295555353,,,1.378978420048952,,,,,,,,,,,,,,,23,,,
transport-sat11-strips,p06.pddl,fd,success,31.11010691151023,total,28.246351,,,,,,,,,28.237643,,,,,,,,unchecked: No available engine supports all the problem features:,,,,,,246,,,,,
transport-sat11-strips,p07.pddl,abs-asp,timed out,1800.1511465907097,abstract_asp,,0.630718257278204,0.0033031851053237915,,101.5244466252625,0.039346788078546524,0.18981771171092987,3.4531399309635162,0.831593681126833,,1.8852551504969597,0.32201002165675163,,,,,,,2,0,,,28,,29,,5,capacity-number,
transport-sat11-strips,p07.pddl,abs-fd,interrupted,317.6157760284841,abstract_fd_search,,0.5632280930876732,0.00320633128285408,,99.40571678429842,0.040034256875514984,0.18932146579027176,3.3542803563177586,0.8064844757318497,,1.8828368671238422,,,0.29640281572937965,,,,,2,0,0,0,120,,,1,5,capacity-number,
transport-sat11-strips,p07.pddl,asp,timed out,1800.192316841334,concrete_asp,,,,,,,,3.5558944642543793,,,1.800457201898098,,,,,,,,,,,,,,,22,,,
transport-sat11-strips,p07.pddl,fd,success,40.699537847191095,total,38.156381,,,,,,,,,38.147096,,,,,,,,unchecked: No available engine supports all the problem features:,,,,,,348,,,,,
transport-sat11-strips,p08.pddl,abs-asp,timed out,1800.1357780992985,abstract_asp,,0.6141970381140709,0.0033163875341415405,,111.21495385840535,0.03839807212352753,0.16507481783628464,3.5197036638855934,0.8489619046449661,,1.9641466476023197,0.32840368896722794,,,,,,,2,0,,,18,,19,,5,capacity-number,
transport-sat11-strips,p08.pddl,abs-fd,interrupted,291.9458393342793,abstract_fd_search,,0.613632794469595,0.0033743008971214294,,111.44842929765582,0.038652293384075165,0.16670548170804977,3.4623187966644764,0.8503505066037178,,1.9621286429464817,,,0.4469060190021992,,,,,2,0,0,0,129,,,0,5,capacity-number,
transport-sat11-strips,p08.pddl,asp,timed out,1800.1742898728698,concrete_asp,,,,,,,,3.559458116069436,,,1.8388188295066357,,,,,,,,,,,,,,,18,,,
transport-sat11-strips,p08.pddl,fd,success,8.401743836700916,total,5.914678,,,,,,,,,5.90748,,,,,,,,unchecked: No available engine supports all the problem features:,,,,,,140,,,,,
transport-sat11-strips,p09.pddl,abs-asp,timed out,1800.1481739655137,abstract_asp,,0.6429479345679283,0.0033851973712444305,,155.32503667101264,0.044851768761873245,0.2564875725656748,3.6940435469150543,0.8758772294968367,,2.2030449267476797,0.388230100274086,,,,,,,2,0,,,24,,25,,5,capacity-number,
transport-sat11-strips,p09.pddl,abs-fd,interrupted,308.2749872151762,abstract_fd_search,,0.6409579198807478,0.0032592173665761948,,154.3499185424298,0.04367011412978172,0.2273599561303854,3.71428850479424,0.8775487467646599,,2.2073001954704523,,,0.30451689288020134,,,,,2,0,0,0,115,,,0,5,capacity-number,
transport-sat11-strips,p09.pddl,asp,timed out,1800.1864441782236,concrete_asp,,,,,,,,4.232664693146944,,,2.2335304394364357,,,,,,,,,,,,,,,22,,,
transport-sat11-strips,p09.pddl,fd,success,30.710391953587532,total,28.01831,,,,,,,,,28.008526,,,,,,,,unchecked: No available engine supports all the problem features:,,,,,,306,,,,,
transport-sat11-strips,p10.pddl,abs-asp,timed out,1800.1394657976925,abstract_asp,,0.6387932449579239,0.003567200154066086,,158.5924975015223,0.04080592468380928,0.23840567469596863,4.270151536911726,0.9777560569345951,,2.4054125025868416,0.4070505350828171,,,,,,,2,0,,,20,,21,,5,capacity-number,
transport-sat11-strips,p10.pddl,abs-fd,interrupted,337.99095360934734,abstract_fd_search,,0.6407134979963303,0.0034599751234054565,,158.28712853044271,0.040723785758018494,0.22847769036889076,4.15837162360549,0.9566460475325584,,2.3602609038352966,,,0.5110096111893654,,,,,2,0,0,0,142,,,0,5,capacity-number,
transport-sat11-strips,p10.pddl,asp,timed out,1800.1779554709792,concrete_asp,,,,,,,,4.210401963442564,,,2.193826522678137,,,,,,,,,,,,,,,20,,,
transport-sat11-strips,p10.pddl,fd,success,13.607966873794794,total,11.041345,,,,,,,,,11.033515,,,,,,,,unchecked: No available engine supports all the problem features:,,,,,,211,,,,,
transport-sat11-strips,p11.pddl,abs-asp,timed out,1800.0542238876224,abstract_asp,,0.5824456103146076,0.0033875219523906708,,139.98530172929168,0.035739289596676826,0.1702089123427868,4.167543765157461,0.9121497627347708,,2.1814546268433332,0.36522677540779114,,,,,,,2,0,,,18,,19,,5,capacity-number,
transport-sat11-strips,p11.pddl,abs-fd,interrupted,321.31870314851403,abstract_fd_search,,0.5777157284319401,0.003417596220970154,,139.84809298813343,0.03555065393447876,0.170081939548254,4.100979618728161,0.9042126014828682,,2.16814586520195,,,0.5095038823783398,,,,,2,0,0,0,153,,,0,5,capacity-number,
transport-sat11-strips,p11.pddl,asp,timed out,1800.179867286235,concrete_asp,,,,,,,,4.028954587876797,,,2.0086877420544624,,,,,,,,,,,,,,,18,,,
transport-sat11-strips,p11.pddl,fd,success,12.124192751944065,total,9.278053,,,,,,,,,9.266283,,,,,,,,unchecked: No available engine supports all the problem features:,,,,,,181,,,,,
transport-sat11-strips,p12.pddl,abs-asp,timed out,1800.1377087943256,abstract_asp,,0.5371198914945126,0.0031648539006710052,,121.83031677082181,0.03724566474556923,0.18565623089671135,3.419991370290518,0.7888833172619343,,1.9468973726034164,0.337800819426775,,,,,,,2,0,,,20,,21,,5,capacity-number,
transport-sat11-strips,p12.pddl,abs-fd,interrupted,302.9791919365525,abstract_fd_search,,0.582510232925415,0.0032850727438926697,,125.21933473274112,0.038105521351099014,0.188466876745224,4.067773774266243,0.8872371278703213,,2.1133654043078423,,,0.5456926338374615,,,,,2,0,0,0,168,,,0,5,capacity-number,
transport-sat11-strips,p12.pddl,asp,timed out,1800.1736547984183,concrete_asp,,,,,,,,3.9688805155456066,,,1.9593316614627838,,,,,,,,,,,,,,,18,,,
transport-sat11-strips,p12.pddl,fd,success,10.976552583277225,total,8.485692,,,,,,,,,8.475266,,,,,,,,unchecked: No available engine supports all the problem features:,,,,,,193,,,,,
transport-sat11-strips,p13.pddl,abs-asp,timed out,1800.1382104866207,abstract_asp,,0.6109393984079361,0.0034051015973091125,,156.30758395418525,0.03778303787112236,0.21632517874240875,4.291088707745075,0.945915050804615,,2.3406983949244022,0.3876960724592209,,,,,,,2,0,,,18,,19,,5,capacity-number,
transport-sat11-strips,p13.pddl,abs-fd,interrupted,341.94223660230637,abstract_fd_search,,0.6134775318205357,0.003513731062412262,,157.05281759798527,0.03823437914252281,0.20474110171198845,4.275973871350288,0.969177383929491,,2.303094033151865,,,0.7606026753783226,,,,,2,0,0,0,174,,,0,5,capacity-number,
transport-sat11-strips,p13.pddl,asp,timed out,1800.223189778626,concrete_asp,,,,,,,,4.2796785198152065,,,2.1238367035984993,,,,,,,,,,,,,,,18,,,
transport-sat11-strips,p13.pddl,fd,success,15.297434993088245,total,12.752905,,,,,,,,,12.743699,,,,,,,,unchecked: No available engine supports all the problem features:,,,,,,237,,,,,
transport-sat14-strips,p01.pddl,abs-asp,timed out,1800.1330811046064,abstract_asp,,0.516837939620018,0.0031675584614276886,,172.7756104543805,0.03488560765981674,0.1676332987844944,3.7812254205346107,0.8376319371163845,,2.1092195995151997,0.3701997920870781,,,,,,,2,0,,,19,,20,,5,capacity-number,
transport-sat14-strips,p01.pddl,abs-fd,interrupted,313.9235332980752,abstract_fd_search,,0.5183578319847584,0.003123786300420761,,172.0145562067628,0.034140776842832565,0.1654791496694088,3.7726773470640182,0.8543984331190586,,2.10849953815341,,,0.5092266462743282,,,,,2,0,0,0,162,,,0,5,capacity-number,
transport-sat14-strips,p01.pddl,asp,timed out,1800.179490081966,concrete_asp,,,,,,,,4.690208841115236,,,2.2799000330269337,,,,,,,,,,,,,,,18,,,
transport-sat14-strips,p01.pddl,fd,success,25.655754767358303,total,22.148643,,,,,,,,,22.138718,,,,,,,,unchecked: No available engine supports all the problem features:,,,,,,185,,,,,
transport-sat14-strips,p03.pddl,abs-asp,timed out,1800.1306988410652,abstract_asp,,0.5378311611711979,0.003287367522716522,,193.587238766253,0.0365273579955101,0.18278203159570694,3.981001652777195,0.8717777468264103,,2.243337795138359,0.3838276006281376,,,,,,,2,0,,,18,,19,,5,capacity-number,
transport-sat14-strips,p03.pddl,abs-fd,interrupted,335.5543793849647,abstract_fd_search,,0.5347560755908489,0.003214731812477112,,193.74852163344622,0.03615080937743187,0.17787299305200577,3.9638501182198524,0.8944036364555359,,2.2232311107218266,,,1.0357325412333012,,,,,2,0,0,0,187,,,0,5,capacity-number,
transport-sat14-strips,p03.pddl,asp,timed out,1800.1861809939146,concrete_asp,,,,,,,,4.9167711064219475,,,2.3972323201596737,,,,,,,,,,,,,,,17,,,
transport-sat14-strips,p03.pddl,fd,success,13.23641762509942,total,9.592968,,,,,,,,,9.58349,,,,,,,,unchecked: No available engine supports all the problem features:,,,,,,203,,,,,
transport-sat14-strips,p13.pddl,abs-asp,timed out,1800.131830174476,abstract_asp,,0.5999877601861954,0.0032335855066776276,,149.00710767135024,0.04128425940871239,0.23086265474557877,3.5167464278638363,0.8039072342216969,,1.979574304074049,0.3462075740098953,,,,,,,2,0,,,20,,21,,5,capacity-number,
transport-sat14-strips,p13.pddl,abs-fd,interrupted,295.3204062655568,abstract_fd_search,,0.6012491807341576,0.003247234970331192,,149.7032418511808,0.0410526841878891,0.2349945567548275,3.4628200978040695,0.8258159123361111,,1.985676597803831,,,0.5391524210572243,,,,,2,0,0,0,174,,,0,5,capacity-number,
transport-sat14-strips,p13.pddl,asp,timed out,1800.0805670768023,concrete_asp,,,,,,,,4.2429054863750935,,,2.1478049270808697,,,,,,,,,,,,,,,18,,,
transport-sat14-strips,p13.pddl,fd,success,16.54800645262003,total,12.845383,,,,,,,,,12.836854,,,,,,,,unchecked: No available engine supports all the problem features:,,,,,,228,,,,,
