domain,problem,mode,status,wall_time_seconds,last_completed_phase,total_seconds,problem_reading_seconds,pnf_translation_seconds,symmetry_discovery_seconds,resource_detection_seconds,abstraction_seconds,abstract_pddl_writing_seconds,concrete_fd_seconds,abstract_fd_seconds,fd_search_seconds,concrete_asp_seconds,abstract_asp_seconds,abstract_solving_seconds,abstract_fd_search_seconds,guided_concrete_solving_seconds,extended_concrete_solving_seconds,verdict,plan_valid,relaxed_deletes,relaxed_inequalities,decrements,increments,abstract_plan_length,plan_length,abstract_solve_calls,concrete_solve_calls,abstracted_object_count,abstracted_object_type,error_message
agricola-sat18-strips,p01.pddl,abs-asp,interrupted,208.3061398640275,abstract_asp,,0.6939360201358795,0.5017546787858009,14.92997682467103,,2.8694224767386913,0.3441610522568226,41.173590794205666,35.764553382992744,,28.110070820897818,23.241416830569506,,,,,,,1,0,,,,,,,10,room,
agricola-sat18-strips,p01.pddl,abs-fd,interrupted,204.34509644284844,abstract_fd_search,,0.7275986298918724,0.5361942164599895,16.357737362384796,,2.9486587196588516,0.3444770909845829,44.136787716299295,37.79665434733033,,28.68092893436551,,,17.55422233045101,,,,,1,0,0,0,53,,,0,10,room,
agricola-sat18-strips,p01.pddl,asp,interrupted,130.25198240950704,concrete_asp,,,,,,,,44.76782239973545,,,27.067549772560596,,,,,,,,,,,,,,,,,,
agricola-sat18-strips,p01.pddl,fd,success,71.00882869958878,total,62.475097,,,,,,,,,62.462722,,,,,,,,unchecked: No available engine supports all the problem features:,,,,,,53,,,,,
agricola-sat18-strips,p02.pddl,abs-asp,interrupted,232.03146535530686,abstract_asp,,0.7060696836560965,0.5105021223425865,18.626827968284488,,2.9183814395219088,0.35740819200873375,49.678858403116465,43.42874732427299,,34.196335073560476,28.610130986198783,,,,,,,1,0,,,,,,,10,room,
agricola-sat18-strips,p02.pddl,abs-fd,interrupted,233.9646271467209,abstract_fd_search,,0.7188682407140732,0.5112737715244293,19.46846893057227,,2.9715360291302204,0.35912975668907166,51.92747327312827,45.13256026431918,,34.42259769514203,,,22.639818005263805,,,,,1,0,0,0,66,,,0,10,room,
agricola-sat18-strips,p02.pddl,asp,interrupted,145.11019922420382,concrete_asp,,,,,,,,51.287190809845924,,,32.21468210965395,,,,,,,,,,,,,,,,,,
agricola-sat18-strips,p02.pddl,fd,success,65.13233422860503,total,62.629095,,,,,,,,,62.612628,,,,,,,,unchecked: No available engine supports all the problem features:,,,,,,66,,,,,
agricola-sat18-strips,p03.pddl,abs-asp,interrupted,268.96902689151466,abstract_asp,,0.7560687884688377,0.5365057289600372,23.133803205564618,,2.967697899788618,0.5542782582342625,61.6521950494498,53.57651103846729,,42.05258458852768,34.79256869852543,,,,,,,1,0,,,,,,,10,room,
agricola-sat18-strips,p03.pddl,abs-fd,interrupted,245.99487929791212,abstract_fd_search,,0.7395153231918812,0.5021044500172138,22.8082888238132,,2.9300447069108486,0.4468468762934208,60.898051254451275,51.7678386606276,,40.96706746891141,,,18.63976164907217,,,,,1,0,0,0,83,,,0,10,room,
agricola-sat18-strips,p03.pddl,asp,interrupted,152.46840837970376,concrete_asp,,,,,,,,60.19819821789861,,,38.53157910332084,,,,,,,,,,,,,,,,,,
agricola-sat18-strips,p03.pddl,fd,success,86.59532408043742,total,83.906701,,,,,,,,,83.885034,,,,,,,,unchecked: No available engine supports all the problem features:,,,,,,83,,,,,
agricola-sat18-strips,p04.pddl,abs-asp,interrupted,278.30738635361195,abstract_asp,,0.7391507625579834,0.5304308570921421,25.38819781690836,,3.010611020028591,0.46538491919636726,61.6865829564631,59.67081679031253,,43.91055367514491,36.69978095963597,,,,,,,1,0,,,,,,,10,room,
agricola-sat18-strips,p04.pddl,abs-fd,interrupted,259.6439617909491,abstract_fd_search,,0.7297048754990101,0.512284092605114,24.99793666601181,,2.968461539596319,0.45268770307302475,63.047282952815294,56.35238166898489,,42.600984543561935,,,22.807187288999557,,,,,1,0,0,0,88,,,0,10,room,
agricola-sat18-strips,p04.pddl,asp,interrupted,158.61242511495948,concrete_asp,,,,,,,,62.691923677921295,,,40.81510483287275,,,,,,,,,,,,,,,,,,
agricola-sat18-strips,p04.pddl,fd,success,95.17664801701903,total,92.297612,,,,,,,,,92.277596,,,,,,,,unchecked: No available engine supports all the problem features:,,,,,,88,,,,,
agricola-sat18-strips,p05.pddl,abs-asp,interrupted,288.175305981189,abstract_asp,,0.6790760010480881,0.6232799179852009,25.41749968379736,,2.9719863161444664,0.3624696768820286,68.29682386666536,59.85084065049887,,47.58712987601757,39.31772122904658,,,,,,,1,0,,,,,,,10,room,
agricola-sat18-strips,p05.pddl,abs-fd,interrupted,290.38802436739206,abstract_fd_search,,0.7440929599106312,0.6404904648661613,26.007187828421593,,3.051750212907791,0.35265396907925606,68.83748038858175,61.36026192456484,,48.09701146930456,,,39.49021353200078,,,,,1,0,0,0,98,,,0,10,room,
agricola-sat18-strips,p05.pddl,asp,interrupted,165.8405035752803,concrete_asp,,,,,,,,69.90713714808226,,,44.492027518339455,,,,,,,,,,,,,,,,,,
agricola-sat18-strips,p05.pddl,fd,success,114.88955599069595,total,111.898072,,,,,,,,,111.879627,,,,,,,,unchecked: No available engine supports all the problem features:,,,,,,98,,,,,
agricola-sat18-strips,p06.pddl,abs-asp,interrupted,306.6341404132545,abstract_asp,,0.7158433683216572,0.6273770816624165,26.79301578551531,,2.9842617250978947,0.3529340475797653,74.4056829623878,66.32258441671729,,50.21526353061199,41.895043294876814,,,,,,,1,0,,,,,,,10,room,
agricola-sat18-strips,p06.pddl,abs-fd,interrupted,314.39503145962954,abstract_fd_search,,0.7139176167547703,0.622940868139267,27.82989752665162,,2.947031695395708,0.3531750701367855,74.12109279632568,67.78361267223954,,50.41631219163537,,,46.673070549964905,,,,,1,0,0,0,103,,,0,10,room,
agricola-sat18-strips,p06.pddl,asp,interrupted,167.02526058256626,concrete_asp,,,,,,,,72.70787202939391,,,47.02995255589485,,,,,,,,,,,,,,,,,,
agricola-sat18-strips,p06.pddl,fd,success,137.0698702260852,total,134.144147,,,,,,,,,134.120854,,,,,,,,unchecked: No available engine supports all the problem features:,,,,,,103,,,,,
agricola-sat18-strips,p07.pddl,abs-asp,interrupted,320.56726076826453,abstract_asp,,0.7204453982412815,0.6244095861911774,30.528130002319813,,2.9760841950774193,0.35614777728915215,76.97367807850242,70.21387953683734,,54.28564598783851,45.34107372537255,,,,,,,1,0,,,,,,,10,room,
agricola-sat18-strips,p07.pddl,abs-fd,interrupted,327.30579812824726,abstract_fd_search,,0.7624703422188759,0.7200950235128403,31.542532570660114,,3.036536157131195,0.3702559880912304,79.5539688244462,71.8020936101675,,55.75711006298661,,,43.08429678156972,,,,,1,0,0,0,116,,,0,10,room,
agricola-sat18-strips,p07.pddl,asp,interrupted,177.69463312253356,concrete_asp,,,,,,,,78.67498327046633,,,51.29456411674619,,,,,,,,,,,,,,,,,,
agricola-sat18-strips,p07.pddl,fd,success,124.71427821367979,total,121.796434,,,,,,,,,121.775383,,,,,,,,unchecked: No available engine supports all the problem features:,,,,,,116,,,,,
agricola-sat18-strips,p08.pddl,abs-asp,interrupted,349.4287538602948,abstract_asp,,0.7910897508263588,0.7118298932909966,32.26598187536001,,3.0037192963063717,0.36466533690690994,86.48452755436301,76.15392173081636,,59.143734395504,49.14270366728306,,,,,,,1,0,,,,,,,10,room,
agricola-sat18-strips,p08.pddl,abs-fd,interrupted,342.3459324762225,abstract_fd_search,,0.7399977371096611,0.7295384742319584,32.58235875144601,,3.098508547991514,0.37809445336461067,84.33855105191469,76.5211743414402,,58.12876258417964,,,48.74884969368577,,,,,1,0,0,0,125,,,0,10,room,
agricola-sat18-strips,p08.pddl,asp,interrupted,181.62650313973427,concrete_asp,,,,,,,,85.27285831049085,,,54.60738445073366,,,,,,,,,,,,,,,,,,
agricola-sat18-strips,p08.pddl,fd,success,140.29486520122737,total,137.372814,,,,,,,,,137.353518,,,,,,,,unchecked: No available engine supports all the problem features:,,,,,,125,,,,,
agricola-sat18-strips,p09.pddl,abs-asp,interrupted,367.32972390577197,abstract_asp,,0.7642676495015621,0.7423761859536171,35.98722776770592,,3.058124803006649,0.38276924937963486,90.07864821329713,85.32291217520833,,62.69105841219425,52.614018615335226,,,,,,,1,0,,,,,,,10,room,
agricola-sat18-strips,p09.pddl,abs-fd,interrupted,384.10225024819374,abstract_fd_search,,0.6818002760410309,0.6551208272576332,35.3437809497118,,3.0408723577857018,0.3759714588522911,88.98732510954142,84.07320684939623,,62.288019962608814,,,74.36392948776484,,,,,1,0,0,0,133,,,0,10,room,
agricola-sat18-strips,p09.pddl,asp,interrupted,193.75126703456044,concrete_asp,,,,,,,,90.67370403930545,,,58.29635747149587,,,,,,,,,,,,,,,,,,
agricola-sat18-strips,p09.pddl,fd,success,183.24594235233963,total,179.467106,,,,,,,,,179.442763,,,,,,,,unchecked: No available engine supports all the problem features:,,,,,,133,,,,,
agricola-sat18-strips,p10.pddl,abs-asp,interrupted,369.00123561918736,abstract_asp,,0.7324297875165939,0.6288227811455727,35.56184954568744,,3.0142150223255157,0.3618579991161823,92.64518271386623,83.81384286284447,,64.43671168014407,54.23304567486048,,,,,,,1,0,,,,,,,10,room,
agricola-sat18-strips,p10.pddl,abs-fd,interrupted,473.4059312585741,abstract_fd_search,,0.720382709056139,0.6401829048991203,37.4122813642025,,3.0113515984266996,0.3647116329520941,95.0619251858443,85.51359762065113,,64.65180128440261,,,153.56810831278563,,,,,1,0,0,0,141,,,0,10,room,
agricola-sat18-strips,p10.pddl,asp,interrupted,194.37028101459146,concrete_asp,,,,,,,,94.91419825330377,,,60.04019545018673,,,,,,,,,,,,,,,,,,
agricola-sat18-strips,p10.pddl,fd,success,334.45604312978685,total,331.456405,,,,,,,,,331.430419,,,,,,,,unchecked: No available engine supports all the problem features:,,,,,,141,,,,,
agricola-sat18-strips,p11.pddl,abs-asp,timed out,1800.3081090040505,abstract_asp,,0.6400183215737343,0.23733721673488617,2.5995186753571033,,0.8980273716151714,0.18896787241101265,6.634037967771292,6.326581973582506,,4.668559085577726,4.10720531642437,,,,,,,1,0,,,60,,61,,5,room,
agricola-sat18-strips,p11.pddl,abs-fd,timed out,1800.1294632777572,concrete_asp,,0.615005686879158,0.2432052344083786,2.520635314285755,,0.9035057500004768,0.19129399955272675,6.583539832383394,6.235726956278086,,4.518487978726625,,,,,,,,1,0,,,,,,,5,room,
agricola-sat18-strips,p11.pddl,asp,timed out,1800.3217298053205,concrete_asp,,,,,,,,6.53317441791296,,,4.199172869324684,,,,,,,,,,,,,,,60,,,
agricola-sat18-strips,p11.pddl,fd,timed out,1800.113819602877,,,,,,,,,,,,,,,,,,,,,,,,,,,,,,
agricola-sat18-strips,p12.pddl,abs-asp,timed out,1800.325127799064,abstract_asp,,0.6131192222237587,0.23969852924346924,2.8749579451978207,,0.8982996679842472,0.18550002947449684,7.871853776276112,7.669835336506367,,5.440871853381395,4.893380343914032,,,,,,,1,0,,,65,,66,,5,room,
agricola-sat18-strips,p12.pddl,abs-fd,interrupted,204.9139993712306,abstract_fd_search,,0.6160711050033569,0.24539996683597565,3.0072033163160086,,0.9043751731514931,0.1875893883407116,8.089703915640712,7.572805544361472,,5.41603522375226,,,9.532522037625313,,,,,1,0,0,0,78,,,0,5,room,
agricola-sat18-strips,p12.pddl,asp,timed out,1800.3553800918162,concrete_asp,,,,,,,,8.158565778285265,,,5.201158601790667,,,,,,,,,,,,,,,71,,,
agricola-sat18-strips,p12.pddl,fd,success,25.804555386304855,total,23.289209,,,,,,,,,23.280766,,,,,,,,unchecked: No available engine supports all the problem features:,,,,,,78,,,,,
agricola-sat18-strips,p13.pddl,abs-asp,timed out,1800.3143629655242,abstract_asp,,0.6118991859257221,0.244164627045393,3.5567154064774513,,0.907355822622776,0.18910950794816017,9.786495793610811,9.36847098916769,,6.8122559785842896,6.103798683732748,,,,,,,1,0,,,51,,52,,5,room,
agricola-sat18-strips,p13.pddl,abs-fd,interrupted,347.8861062787473,abstract_fd_search,,0.6171810030937195,0.25324252992868423,3.6117724366486073,,0.9268101789057255,0.1965012289583683,9.820236694067717,9.402639906853437,,6.760321903973818,,,144.96237554773688,,,,,1,0,0,0,95,,,0,5,room,
agricola-sat18-strips,p13.pddl,asp,timed out,1800.357832815498,concrete_asp,,,,,,,,9.854372270405293,,,6.302243702113628,,,,,,,,,,,,,,,72,,,
agricola-sat18-strips,p13.pddl,fd,success,482.1572853960097,total,479.699889,,,,,,,,,479.689821,,,,,,,,unchecked: No available engine supports all the problem features:,,,,,,95,,,,,
agricola-sat18-strips,p14.pddl,abs-asp,timed out,1800.4367337040603,abstract_asp,,0.6273403950035572,0.25530456379055977,6.230632022023201,,1.0323926992714405,0.1979317031800747,15.878426179289818,14.877410601824522,,11.068938091397285,9.669878475368023,,,,,,,1,0,,,52,,53,,6,room,
agricola-sat18-strips,p14.pddl,abs-fd,timed out,1800.0577536597848,concrete_asp,,0.6257852427661419,0.2483789101243019,6.156724341213703,,1.0274057872593403,0.1920628473162651,15.716569144278765,14.76533666625619,,11.00702229514718,,,,,,,,1,0,,,,,,,6,room,
agricola-sat18-strips,p14.pddl,asp,timed out,1800.3925310112536,concrete_asp,,,,,,,,14.41264321655035,,,9.587423328310251,,,,,,,,,,,,,,,53,,,
agricola-sat18-strips,p14.pddl,fd,timed out,1800.1103253737092,,,,,,,,,,,,,,,,,,,,,,,,,,,,,,
agricola-sat18-strips,p15.pddl,abs-asp,timed out,1800.4542266316712,abstract_asp,,0.6270160228013992,0.25129684060811996,6.542378891259432,,1.0237742029130459,0.22243384644389153,17.672479789704084,15.940561775118113,,12.035332284867764,10.574262090027332,,,,,,,1,0,,,62,,63,,6,room,
agricola-sat18-strips,p15.pddl,abs-fd,timed out,1800.1512453369796,concrete_asp,,0.5784049034118652,0.24556387215852737,6.084983859211206,,1.0136103220283985,0.20043760910630226,17.354926623404026,15.913033977150917,,12.015146467834711,,,,,,,,1,0,,,,,,,6,room,
agricola-sat18-strips,p15.pddl,asp,timed out,1800.4117329791188,concrete_asp,,,,,,,,17.604955196380615,,,11.069834880530834,,,,,,,,,,,,,,,74,,,
agricola-sat18-strips,p15.pddl,fd,timed out,1800.077343299985,,,,,,,,,,,,,,,,,,,,,,,,,,,,,,
agricola-sat18-strips,p16.pddl,abs-asp,timed out,1800.499892346561,abstract_asp,,0.6330367587506771,0.24619930982589722,7.408945392817259,,1.0305119343101978,0.19792953878641129,18.462589908391237,17.469949532300234,,12.980126708745956,11.38928472623229,,,,,,,1,0,,,59,,60,,6,room,
agricola-sat18-strips,p16.pddl,abs-fd,timed out,1800.1590549610555,concrete_asp,,0.618208784610033,0.24489223584532738,7.416079435497522,,1.0373822748661041,0.19976290687918663,18.803292602300644,17.802963949739933,,12.96542989462614,,,,,,,,1,0,,,,,,,6,room,
agricola-sat18-strips,p16.pddl,asp,timed out,1800.4816941283643,concrete_asp,,,,,,,,17.8805099055171,,,11.840237006545067,,,,,,,,,,,,,,,57,,,
agricola-sat18-strips,p16.pddl,fd,timed out,1800.110557681881,,,,,,,,,,,,,,,,,,,,,,,,,,,,,,
agricola-sat18-strips,p17.pddl,abs-asp,timed out,1800.5448525622487,abstract_asp,,0.652192909270525,0.2632187157869339,10.911725424230099,,1.1489943526685238,0.20398066565394402,27.69752737507224,25.78472686186433,,19.069896075874567,16.54888902977109,,,,,,,1,0,,,56,,57,,7,room,
agricola-sat18-strips,p17.pddl,abs-fd,timed out,1800.1960664838552,concrete_asp,,0.6326106190681458,0.2849840521812439,11.064379647374153,,1.2141988724470139,0.20193777233362198,29.258997853845358,25.744850039482117,,19.25376381352544,,,,,,,,1,0,,,,,,,7,room,
agricola-sat18-strips,p17.pddl,asp,timed out,1800.8751592077315,concrete_asp,,,,,,,,27.974837731570005,,,17.82447788119316,,,,,,,,,,,,,,,58,,,
agricola-sat18-strips,p17.pddl,fd,timed out,1800.1083354242146,,,,,,,,,,,,,,,,,,,,,,,,,,,,,,
agricola-sat18-strips,p18.pddl,abs-asp,timed out,1800.6632298715413,abstract_asp,,0.634264599531889,0.2586383558809757,11.130999512970448,,1.1492839343845844,0.19952691718935966,30.540842473506927,27.249942183494568,,20.70376442745328,17.889962550252676,,,,,,,1,0,,,59,,60,,7,room,
agricola-sat18-strips,p18.pddl,abs-fd,timed out,1800.1604673471302,concrete_asp,,0.6501501780003309,0.26037913747131824,11.34876911714673,,1.1887424048036337,0.19914859719574451,30.358866775408387,27.18504237011075,,20.618041206151247,,,,,,,,1,0,,,,,,,7,room,
agricola-sat18-strips,p18.pddl,asp,timed out,1800.7156438939273,concrete_asp,,,,,,,,30.657880935817957,,,19.17611065879464,,,,,,,,,,,,,,,60,,,
agricola-sat18-strips,p18.pddl,fd,timed out,1800.1109961606562,,,,,,,,,,,,,,,,,,,,,,,,,,,,,,
agricola-sat18-strips,p19.pddl,abs-asp,interrupted,1155.2334529906511,abstract_asp,,0.643470361828804,0.2676883600652218,11.747857499867678,,1.168084129691124,0.20818845182657242,31.952176842838526,30.746731035411358,,22.26211802661419,19.26943875849247,,,,,,,1,0,,,60,,61,,7,room,
agricola-sat18-strips,p19.pddl,abs-fd,timed out,1800.174695679918,concrete_asp,,0.6642796713858843,0.26853615231812,12.251634955406189,,1.1618827246129513,0.2065436728298664,32.70783448033035,31.452364899218082,,22.40766265615821,,,,,,,,1,0,,,,,,,7,room,
agricola-sat18-strips,p19.pddl,asp,interrupted,794.6027354737744,concrete_asp,,,,,,,,31.748185855336487,,,20.596138208173215,,,,,,,,,,,,,,,61,,,
agricola-sat18-strips,p19.pddl,fd,timed out,1800.110809262842,,,,,,,,,,,,,,,,,,,,,,,,,,,,,,
agricola-sat18-strips,p20.pddl,abs-asp,interrupted,752.4923127796501,abstract_asp,,0.6578284818679094,0.27370826713740826,13.275167789310217,,1.173479937016964,0.21267102845013142,33.88089592382312,31.652854224666953,,23.315024711191654,20.25584878027439,,,,,,,1,0,,,56,,57,,7,room,
agricola-sat18-strips,p20.pddl,abs-fd,timed out,1800.1750118881464,concrete_asp,,0.5774322189390659,0.2682810351252556,11.502649933099747,,1.1906576752662659,0.2098221741616726,30.42097621411085,28.22906495258212,,21.73110866174102,,,,,,,,1,0,,,,,,,7,room,
agricola-sat18-strips,p20.pddl,asp,interrupted,766.8459167182446,concrete_asp,,,,,,,,34.01441392675042,,,21.849240120500326,,,,,,,,,,,,,,,59,,,
agricola-sat18-strips,p20.pddl,fd,timed out,1800.1094370819628,,,,,,,,,,,,,,,,,,,,,,,,,,,,,,
airport,p01-airport1-p1.pddl,abs-asp,success,5.4158389419317245,total,1.695788,0.599142,0.013147,0.197525,,0.056066,0.082794,0.276802,0.219553,,0.010173,0.005657,0.06496,,0.089171,,,valid,0,0,0,0,8,8,9,1,2,segment,
airport,p01-airport1-p1.pddl,abs-fd,success,4.70929192751646,total,1.682238,0.629641,0.013193,0.164856,,0.056838,0.084551,0.233088,0.232193,,0.0065,,,0.090012,0.098927,,,valid,0,0,0,0,8,8,,1,2,segment,
airport,p01-airport1-p1.pddl,asp,success,2.8308786852285266,total,0.296278,,,,,,,0.220743,,,0.006134,,,,0.056363,,,valid,,,,,,8,,9,,,
airport,p01-airport1-p1.pddl,fd,success,2.7834943495690823,total,0.241116,,,,,,,,,0.233428,,,,,,,,valid,,,,,,8,,,,,
airport,p02-airport1-p1.pddl,abs-asp,success,5.324162390083075,total,1.756817,0.634722,0.013927,0.193882,,0.058123,0.080265,0.265976,0.224183,,0.010517,0.006605,0.076195,,0.116318,,,valid,0,0,0,0,9,9,10,1,2,segment,
airport,p02-airport1-p1.pddl,abs-fd,success,4.268482901155949,total,1.675355,0.620341,0.014324,0.159214,,0.059324,0.082696,0.226941,0.220502,,0.00706,,,0.088719,0.118184,,,valid,0,0,0,0,9,9,,1,2,segment,
airport,p02-airport1-p1.pddl,asp,success,2.9557908354327083,total,0.328337,,,,,,,0.225433,,,0.00696,,,,0.078755,,,valid,,,,,,9,,10,,,
airport,p02-airport1-p1.pddl,fd,success,3.138160478323698,total,0.261455,,,,,,,,,0.253377,,,,,,,,valid,,,,,,9,,,,,
airport,p03-airport1-p2.pddl,abs-asp,success,5.458234444260597,total,2.33229,0.648518,0.014971,0.181706,,0.062352,0.088042,0.254244,0.232431,,0.010435,0.008884,0.366323,,0.360182,,,valid,0,0,0,0,17,17,18,1,2,segment,
airport,p03-airport1-p2.pddl,abs-fd,success,4.614201780408621,total,1.983062,0.643912,0.01562,0.165908,,0.061921,0.090417,0.22866,0.230939,,0.009206,,,0.090244,0.359059,,,valid,0,0,0,0,17,17,,1,2,segment,
airport,p03-airport1-p2.pddl,asp,success,3.651524171233177,total,0.608973,,,,,,,0.232798,,,0.010487,,,,0.344951,,,valid,,,,,,17,,18,,,
airport,p03-airport1-p2.pddl,fd,success,2.9120261827483773,total,0.254234,,,,,,,,,0.246777,,,,,,,,valid,,,,,,17,,,,,
airport,p04-airport2-p1.pddl,abs-asp,success,9.162997361272573,total,3.909002,1.606741,0.036747,0.282411,,0.157275,0.210054,0.344751,0.282331,,0.012777,0.009378,0.222922,,0.613481,,,valid,0,0,0,0,20,20,21,1,2,segment,
airport,p04-airport2-p1.pddl,abs-fd,success,7.919618487358093,total,3.642646,1.596226,0.037189,0.260671,,0.156472,0.212305,0.298973,0.279861,,0.010603,,,0.090453,0.582973,,,valid,0,0,0,0,20,20,,1,2,segment,
airport,p04-airport2-p1.pddl,asp,success,4.554147034883499,total,0.564273,,,,,,,0.292053,,,0.014479,,,,0.23423,,,valid,,,,,,20,,21,,,
airport,p04-airport2-p1.pddl,fd,success,5.179786574095488,total,0.346702,,,,,,,,,0.339819,,,,,,,,valid,,,,,,20,,,,,
airport,p05-airport2-p1.pddl,abs-asp,success,9.40278721600771,total,4.228185,1.660657,0.037444,0.281865,,0.161376,0.216049,0.325934,0.288681,,0.015586,0.012013,0.318787,,0.773257,,,valid,0,0,0,0,21,21,22,1,2,segment,
airport,p05-airport2-p1.pddl,abs-fd,success,7.9131691958755255,total,3.986377,1.663881,0.037367,0.256261,,0.162597,0.215004,0.289942,0.290025,,0.012972,,,0.094738,0.836633,,,valid,0,0,0,0,23,23,,1,2,segment,
airport,p05-airport2-p1.pddl,asp,success,4.490388114005327,total,0.648389,,,,,,,0.283029,,,0.014328,,,,0.326922,,,valid,,,,,,21,,22,,,
airport,p05-airport2-p1.pddl,fd,success,4.3656273148953915,total,0.317061,,,,,,,,,0.310574,,,,,,,,valid,,,,,,23,,,,,
airport,p06-airport2-p2.pddl,abs-asp,success,156.0112408399582,total,150.224487,1.719327,0.040031,0.307129,,0.168097,0.231069,0.378263,0.315307,,0.023647,0.017981,143.830601,,2.96372,,,valid,0,0,0,0,41,41,42,1,2,segment,
airport,p06-airport2-p2.pddl,abs-fd,success,10.465041536837816,total,6.237027,1.696386,0.0411,0.258617,,0.170508,0.237162,0.316902,0.316659,,0.018712,,,0.108963,2.89068,,,valid,0,0,0,0,43,43,,1,2,segment,
airport,p06-airport2-p2.pddl,asp,success,150.13391110487282,total,144.16338,,,,,,,0.390876,,,0.021397,,,,143.699646,,,valid,,,,,,41,,42,,,
airport,p06-airport2-p2.pddl,fd,success,4.565898224711418,total,0.361713,,,,,,,,,0.353461,,,,,,,,valid,,,,,,43,,,,,
airport,p07-airport2-p2.pddl,abs-asp,success,155.07761031389236,total,149.299589,1.75526,0.039391,0.299675,,0.167216,0.23022,0.380853,0.316255,,0.022971,0.017672,143.00202,,2.843732,,,valid,0,0,0,0,41,41,42,1,2,segment,
airport,p07-airport2-p2.pddl,abs-fd,success,9.602362221106887,total,5.735688,1.569036,0.038965,0.242825,,0.166813,0.228693,0.297107,0.295952,,0.018181,,,0.102839,2.613987,,,valid,0,0,0,0,43,43,,1,2,segment,
airport,p07-airport2-p2.pddl,asp,success,145.79445303604007,total,141.653575,,,,,,,0.312643,,,0.017828,,,,141.267776,,,valid,,,,,,41,,42,,,
airport,p07-airport2-p2.pddl,fd,success,5.05299025028944,total,0.40109,,,,,,,,,0.39398,,,,,,,,valid,,,,,,43,,,,,
airport,p08-airport2-p3.pddl,abs-asp,success,22.88184709660709,total,18.014153,1.801323,0.04366,0.303328,,0.169132,0.205703,0.352013,0.267443,,0.028489,0.011982,10.408617,,4.192608,,,valid,334,0,3,0,41,62,42,1,2,airplane,
airport,p08-airport2-p3.pddl,abs-fd,success,12.423019088804722,total,7.579015,1.779949,0.041803,0.302575,,0.169174,0.199849,0.369273,0.264843,,0.030225,,,0.096883,4.120722,,,valid,334,0,5,0,43,64,,1,2,airplane,
airport,p08-airport2-p3.pddl,asp,timed out,1800.0340658938512,concrete_asp,,,,,,,,0.38110436499118805,,,0.02860196027904749,,,,,,,,,,,,,,,47,,,
airport,p08-airport2-p3.pddl,fd,success,4.788506023585796,total,0.433599,,,,,,,,,0.427795,,,,,,,,valid,,,,,,66,,,,,
airport,p09-airport2-p4.pddl,abs-asp,timed out,1800.1170031018555,abstract_asp,,1.843100294470787,0.04343383014202118,0.3023870624601841,,0.18043888732790947,0.22402044013142586,0.38066093251109123,0.2837199568748474,,0.03623460978269577,0.01502058282494545,,,,,,,334,0,,,47,,48,,2,airplane,
airport,p09-airport2-p4.pddl,abs-fd,success,389.31520099565387,total,384.223878,2.069549,0.043763,0.317826,,0.181506,0.225973,0.40077,0.306868,,0.03595,,,0.109359,380.257473,,,valid,334,0,13,0,55,75,,1,2,airplane,
airport,p09-airport2-p4.pddl,asp,timed out,1800.1226546503603,concrete_asp,,,,,,,,0.4112458750605583,,,0.035132572054862976,,,,,,,,,,,,,,,48,,,
airport,p09-airport2-p4.pddl,fd,success,4.928380305878818,total,0.517469,,,,,,,,,0.51033,,,,,,,,valid,,,,,,75,,,,,
airport,p10-airport3-p1.pddl,abs-asp,success,9.930500466376543,total,4.313662,1.863125,0.043861,0.316242,,0.185394,0.25808,0.353607,0.29647,,0.014109,0.011034,0.217945,,0.620075,,,valid,0,0,0,0,18,18,19,1,2,segment,
airport,p10-airport3-p1.pddl,abs-fd,success,8.522700659930706,total,4.051523,1.843823,0.044976,0.276395,,0.187684,0.259188,0.298739,0.300697,,0.011378,,,0.094407,0.602117,,,valid,0,0,0,0,18,18,,1,2,segment,
airport,p10-airport3-p1.pddl,asp,success,4.4762007631361485,total,0.491033,,,,,,,0.288929,,,0.01133,,,,0.17876,,,valid,,,,,,18,,19,,,
airport,p10-airport3-p1.pddl,fd,success,4.188032031059265,total,0.300838,,,,,,,,,0.293821,,,,,,,,valid,,,,,,18,,,,,
airport,p11-airport3-p1.pddl,abs-asp,success,9.15598988160491,total,4.715147,1.881502,0.044608,0.283434,,0.193201,0.255713,0.305651,0.310972,,0.014424,0.014108,0.386202,,0.880305,,,valid,0,0,0,0,21,21,22,1,2,segment,
airport,p11-airport3-p1.pddl,abs-fd,success,10.88281755335629,total,4.813417,2.016756,0.045401,0.312049,,0.193434,0.257452,0.337569,0.32707,,0.016086,,,0.101136,1.044611,,,valid,0,0,0,0,23,23,,1,2,segment,
airport,p11-airport3-p1.pddl,asp,success,4.9844173155725,total,0.726568,,,,,,,0.314126,,,0.017539,,,,0.367353,,,valid,,,,,,21,,22,,,
airport,p11-airport3-p1.pddl,fd,success,4.803293734788895,total,0.350282,,,,,,,,,0.340654,,,,,,,,valid,,,,,,23,,,,,
airport,p12-airport3-p2.pddl,abs-asp,success,153.07811990380287,total,146.839267,1.953218,0.052871,0.333739,,0.200327,0.275634,0.405115,0.338777,,0.025808,0.020327,139.85197,,3.138363,,,valid,0,0,0,0,39,39,40,1,2,segment,
airport,p12-airport3-p2.pddl,abs-fd,success,9.835903286933899,total,5.879164,1.736571,0.04609,0.250692,,0.204095,0.270692,0.292782,0.28965,,0.020048,,,0.094393,2.538431,,,valid,0,0,0,0,41,41,,1,2,segment,
airport,p12-airport3-p2.pddl,asp,success,118.12351565249264,total,113.782729,,,,,,,0.315446,,,0.019653,,,,113.409133,,,valid,,,,,,39,,40,,,
airport,p12-airport3-p2.pddl,fd,success,4.848905809223652,total,0.383896,,,,,,,,,0.37788,,,,,,,,valid,,,,,,41,,,,,
airport,p13-airport3-p2.pddl,abs-asp,success,118.80728959664702,total,114.046604,1.929937,0.046412,0.291069,,0.208299,0.271843,0.35476,0.336785,,0.021414,0.020477,107.417289,,2.922364,,,valid,0,0,0,0,37,37,38,1,2,segment,
airport,p13-airport3-p2.pddl,abs-fd,success,11.138879127800465,total,5.91352,1.769287,0.050385,0.263697,,0.198282,0.268981,0.339737,0.304826,,0.022873,,,0.098978,2.433522,,,valid,0,0,0,0,37,37,,1,2,segment,
airport,p13-airport3-p2.pddl,asp,success,110.12633265927434,total,105.638491,,,,,,,0.338459,,,0.020225,,,,105.227175,,,valid,,,,,,37,,38,,,
airport,p13-airport3-p2.pddl,fd,success,4.902437619864941,total,0.373403,,,,,,,,,0.366355,,,,,,,,valid,,,,,,37,,,,,
airport,p14-airport3-p3.pddl,abs-asp,success,24.98763249628246,total,18.9719,2.209013,0.049744,0.363323,,0.203176,0.234757,0.42993,0.283935,,0.035443,0.013452,9.932975,,4.95767,,,valid,406,0,1,0,39,60,40,1,2,airplane,
airport,p14-airport3-p3.pddl,abs-fd,success,14.403003726154566,total,8.170673,2.200017,0.050037,0.368349,,0.204802,0.234713,0.447995,0.280982,,0.037162,,,0.09784,4.020941,,,valid,406,0,1,0,39,60,,1,2,airplane,
airport,p14-airport3-p3.pddl,asp,timed out,1800.1407712986693,concrete_asp,,,,,,,,0.38725166395306587,,,0.03156969137489796,,,,,,,,,,,,,,,47,,,
airport,p14-airport3-p3.pddl,fd,success,4.825750757008791,total,0.669715,,,,,,,,,0.665787,,,,,,,,valid,,,,,,64,,,,,
airport,p15-airport3-p3.pddl,abs-asp,success,20.877129279077053,total,15.088548,2.211918,0.049908,0.347379,,0.205426,0.246203,0.416767,0.280548,,0.037608,0.013189,7.057251,,3.985748,,,valid,409,0,1,0,37,58,38,1,2,airplane,
airport,p15-airport3-p3.pddl,abs-fd,success,13.900586768984795,total,8.288622,2.252714,0.0498,0.32161,,0.203902,0.244703,0.387528,0.28572,,0.033331,,,0.096941,4.194564,,,valid,409,0,4,0,39,60,,1,2,airplane,
airport,p15-airport3-p3.pddl,asp,timed out,1800.1216190978885,concrete_asp,,,,,,,,0.41385411843657494,,,0.03470545634627342,,,,,,,,,,,,,,,45,,,
airport,p15-airport3-p3.pddl,fd,success,5.392902799881995,total,0.502155,,,,,,,,,0.495023,,,,,,,,valid,,,,,,62,,,,,
airport,p16-airport3-p4.pddl,abs-asp,timed out,1800.1200471632183,abstract_solving,,2.419838409870863,0.05513676628470421,0.35633693262934685,,0.23988604918122292,0.2508743666112423,0.43919962272047997,0.2859628088772297,,0.048360999673604965,0.013565465807914734,5.847246177494526,,,,,,416,0,0,0,37,,38,0,3,airplane,
airport,p16-airport3-p4.pddl,abs-fd,timed out,1800.1359836272895,abstract_fd_search,,2.3139295652508736,0.05483059957623482,0.34884631633758545,,0.24023731797933578,0.253019031137228,0.43532009422779083,0.2833007052540779,,0.04826255515217781,,,0.09856520965695381,,,,,416,0,0,0,39,,,0,3,airplane,
airport,p16-airport3-p4.pddl,asp,timed out,1800.123380601406,concrete_asp,,,,,,,,0.4395374096930027,,,0.04483947530388832,,,,,,,,,,,,,,,49,,,
airport,p16-airport3-p4.pddl,fd,success,8.316760051995516,total,3.209547,,,,,,,,,3.202107,,,,,,,,valid,,,,,,83,,,,,
airport,p18-airport3-p6.pddl,abs-asp,timed out,1800.0344364717603,abstract_asp,,2.5720617845654488,0.05815170332789421,0.3947535455226898,,0.3161988779902458,0.2698555514216423,0.5464673601090908,0.3362269960343838,,0.07415535300970078,0.017046649008989334,,,,,,,423,0,,,44,,45,,4,airplane,
airport,p18-airport3-p6.pddl,abs-fd,success,452.52137138321996,total,445.290219,2.471479,0.058148,0.433814,,0.294176,0.269626,0.615155,0.305747,,0.078791,,,0.105766,440.251647,,,valid,423,0,19,0,56,111,,1,4,airplane,
airport,p18-airport3-p6.pddl,asp,timed out,1800.1270889788866,concrete_asp,,,,,,,,0.5218809172511101,,,0.07548335194587708,,,,,,,,,,,,,,,50,,,
airport,p18-airport3-p6.pddl,fd,success,11.343388371169567,total,5.038471,,,,,,,,,5.033263,,,,,,,,valid,,,,,,113,,,,,
airport,p19-airport3-p6.pddl,abs-asp,timed out,1800.1228113770485,abstract_asp,,2.3819037675857544,0.05477600544691086,0.39642587304115295,,0.2681205943226814,0.2750539258122444,0.529744703322649,0.3083277679979801,,0.059911925345659256,0.014618027955293655,,,,,,,406,0,,,45,,46,,3,airplane,
airport,p19-airport3-p6.pddl,abs-fd,success,729.5581192635,total,718.27827,2.394269,0.055561,0.36774,,0.265547,0.276231,0.487861,0.31136,,0.056717,,,0.10723,713.581074,,,valid,406,0,19,0,55,92,,1,3,airplane,
airport,p19-airport3-p6.pddl,asp,timed out,1800.1063326001167,concrete_asp,,,,,,,,0.47842345386743546,,,0.051249973475933075,,,,,,,,,,,,,,,54,,,
airport,p19-airport3-p6.pddl,fd,success,6.763585314154625,total,1.473272,,,,,,,,,1.465324,,,,,,,,valid,,,,,,94,,,,,
airport,p20-airport3-p7.pddl,abs-asp,timed out,1800.1231595352292,abstract_asp,,2.5838516168296337,0.0593700036406517,0.44252265989780426,,0.3180096037685871,0.27609264850616455,0.6503932103514671,0.32932744175195694,,0.08988159149885178,0.02016754448413849,,,,,,,423,0,,,46,,47,,4,airplane,
airport,p20-airport3-p7.pddl,abs-fd,timed out,1800.1641968004405,abstract_fd_search,,2.297122750431299,0.06022651493549347,0.3935534171760082,,0.31539035588502884,0.27950410544872284,0.5859326235949993,0.29352588951587677,,0.08277470245957375,,,0.10214634612202644,,,,,423,0,0,0,79,,,0,4,airplane,
airport,p20-airport3-p7.pddl,asp,timed out,1800.1318269446492,concrete_asp,,,,,,,,0.5675496496260166,,,0.07343640923500061,,,,,,,,,,,,,,,49,,,
airport,p20-airport3-p7.pddl,fd,success,14.856375198811293,total,9.275649,,,,,,,,,9.268484,,,,,,,,valid,,,,,,121,,,,,
barman-sat11-strips,pfile06-021.pddl,abs-asp,timed out,1800.1239922046661,abstract_asp,,0.3401590809226036,0.004859622567892075,0.21888970956206322,,0.01786891743540764,0.03929911181330681,0.41012051701545715,0.3005187325179577,,0.13588598370552063,0.06242604926228523,,,,,,,2,0,,,39,,40,,2,hand,
barman-sat11-strips,pfile06-021.pddl,abs-fd,timed out,1800.1591189689934,abstract_fd_search,,0.32494834437966347,0.004871059209108353,0.1933271586894989,,0.017969507724046707,0.0401005819439888,0.38221099972724915,0.28707941621541977,,0.13218481093645096,,,0.1466767117381096,,,,,2,0,0,0,81,,,0,2,hand,
barman-sat11-strips,pfile06-021.pddl,asp,timed out,1800.1247604005039,concrete_asp,,,,,,,,0.39512598142027855,,,0.12429686263203621,,,,,,,,,,,,,,,49,,,
barman-sat11-strips,pfile06-021.pddl,fd,success,3.463542338460684,total,0.810678,,,,,,,,,0.802208,,,,,,,,valid,,,,,,157,,,,,
barman-sat11-strips,pfile06-022.pddl,abs-asp,timed out,1800.1209183000028,abstract_asp,,0.3241273071616888,0.004848344251513481,0.19141548871994019,,0.017821425572037697,0.03940047323703766,0.3786772061139345,0.2891120184212923,,0.13264100439846516,0.06235493719577789,,,,,,,2,0,,,38,,39,,2,hand,
barman-sat11-strips,pfile06-022.pddl,abs-fd,timed out,1800.073887007311,abstract_fd_search,,0.3068692870438099,0.004744956269860268,0.16926180012524128,,0.017641223967075348,0.03885044530034065,0.4037743825465441,0.2591109499335289,,0.1262274794280529,,,0.13399394787847996,,,,,2,0,0,0,84,,,0,2,hand,
barman-sat11-strips,pfile06-022.pddl,asp,timed out,1800.1239273771644,concrete_asp,,,,,,,,0.3811792191118002,,,0.12804581131786108,,,,,,,,,,,,,,,46,,,
barman-sat11-strips,pfile06-022.pddl,fd,success,4.194469250738621,total,0.809103,,,,,,,,,0.801776,,,,,,,,valid,,,,,,147,,,,,
barman-sat11-strips,pfile06-023.pddl,abs-asp,timed out,1800.1441881805658,abstract_asp,,0.3473413698375225,0.004909288138151169,0.24362019449472427,,0.01780204474925995,0.03952398523688316,0.3819889537990093,0.29324718564748764,,0.1368403173983097,0.06214039772748947,,,,,,,2,0,,,38,,39,,2,hand,
barman-sat11-strips,pfile06-023.pddl,abs-fd,success,78.7098448574543,total,74.975308,0.337221,0.004847,0.231341,,0.017507,0.040182,0.430652,0.285797,,0.135448,,,0.127893,73.01667,,,valid,2,0,18,0,79,147,,1,2,hand,
barman-sat11-strips,pfile06-023.pddl,asp,timed out,1800.1303968429565,concrete_asp,,,,,,,,0.3752363882958889,,,0.12285264953970909,,,,,,,,,,,,,,,48,,,
barman-sat11-strips,pfile06-023.pddl,fd,success,3.201597608625889,total,0.897982,,,,,,,,,0.890151,,,,,,,,valid,,,,,,177,,,,,
barman-sat11-strips,pfile06-024.pddl,abs-asp,timed out,1800.1166094653308,abstract_asp,,0.3392588160932064,0.004857812076807022,0.2182282954454422,,0.017904751002788544,0.039443038403987885,0.41290460154414177,0.2819680981338024,,0.132956150919199,0.06131855398416519,,,,,,,2,0,,,34,,35,,2,hand,
barman-sat11-strips,pfile06-024.pddl,abs-fd,timed out,1800.2142991125584,abstract_fd_search,,0.33865590393543243,0.005001235753297806,0.20367662608623505,,0.018217947334051132,0.03986470401287079,0.39704858884215355,0.3057441934943199,,0.13432537764310837,,,0.1534232161939144,,,,,2,0,0,0,82,,,0,2,hand,
barman-sat11-strips,pfile06-024.pddl,asp,timed out,1800.1200745739043,concrete_asp,,,,,,,,0.3771588373929262,,,0.12286267057061195,,,,,,,,,,,,,,,49,,,
barman-sat11-strips,pfile06-024.pddl,fd,success,4.500406663864851,total,0.865364,,,,,,,,,0.858427,,,,,,,,valid,,,,,,154,,,,,
barman-sat11-strips,pfile07-025.pddl,abs-asp,timed out,1800.12390236184,abstract_asp,,0.33379437401890755,0.0050034597516059875,0.1986541748046875,,0.01825016736984253,0.04191301390528679,0.40376707911491394,0.30197397619485855,,0.15600406751036644,0.07130177691578865,,,,,,,2,0,,,37,,38,,2,hand,
barman-sat11-strips,pfile07-025.pddl,abs-fd,timed out,1800.1886632367969,abstract_fd_search,,0.34654998779296875,0.00499117374420166,0.20092379674315453,,0.018494561314582825,0.04157782346010208,0.46707919985055923,0.3066790923476219,,0.15505893900990486,,,0.17958814650774002,,,,,2,0,0,0,97,,,0,2,hand,
barman-sat11-strips,pfile07-025.pddl,asp,timed out,1800.1254908554256,concrete_asp,,,,,,,,0.38589050248265266,,,0.149526447057724,,,,,,,,,,,,,,,47,,,
barman-sat11-strips,pfile07-025.pddl,fd,success,4.238847819156945,total,0.920301,,,,,,,,,0.913936,,,,,,,,valid,,,,,,162,,,,,
barman-sat11-strips,pfile07-026.pddl,abs-asp,timed out,1800.1242837570608,abstract_asp,,0.34508704394102097,0.005024455487728119,0.23265128210186958,,0.018353775143623352,0.04226069524884224,0.4404977522790432,0.3050222881138325,,0.15568318963050842,0.07120319083333015,,,,,,,2,0,,,37,,38,,2,hand,
barman-sat11-strips,pfile07-026.pddl,abs-fd,timed out,1800.1818331908435,abstract_fd_search,,0.3460204638540745,0.005154678598046303,0.2040793001651764,,0.019097426906228065,0.04234320856630802,0.4217528849840164,0.3209059312939644,,0.1525893397629261,,,0.15061958320438862,,,,,2,0,0,0,84,,,0,2,hand,
barman-sat11-strips,pfile07-026.pddl,asp,timed out,1800.134867541492,concrete_asp,,,,,,,,0.3912612348794937,,,0.13410130515694618,,,,,,,,,,,,,,,49,,,
barman-sat11-strips,pfile07-026.pddl,fd,success,5.162598390132189,total,2.124108,,,,,,,,,2.118051,,,,,,,,valid,,,,,,222,,,,,
barman-sat11-strips,pfile07-027.pddl,abs-asp,timed out,1800.1239202320576,abstract_asp,,0.3265208341181278,0.004955265671014786,0.20264219120144844,,0.018381644040346146,0.041496407240629196,0.40444931760430336,0.30316368862986565,,0.15102554112672806,0.07112898677587509,,,,,,,2,0,,,38,,39,,2,hand,
barman-sat11-strips,pfile07-027.pddl,abs-fd,timed out,1800.2151680849493,abstract_fd_search,,0.3719607852399349,0.005042374134063721,0.20958929136395454,,0.018029358237981796,0.04303385689854622,0.42684711515903473,0.32082074135541916,,0.15487577393651009,,,0.1669454723596573,,,,,2,0,0,0,94,,,0,2,hand,
barman-sat11-strips,pfile07-027.pddl,asp,timed out,1800.1297344602644,concrete_asp,,,,,,,,0.4997859373688698,,,0.14507854729890823,,,,,,,,,,,,,,,42,,,
barman-sat11-strips,pfile07-027.pddl,fd,success,2.544471926987171,total,0.626487,,,,,,,,,0.622639,,,,,,,,valid,,,,,,146,,,,,
barman-sat11-strips,pfile07-028.pddl,abs-asp,timed out,1800.120360326022,abstract_asp,,0.32851316407322884,0.004981368780136108,0.2001662477850914,,0.01883070170879364,0.04172235727310181,0.40564293041825294,0.3021625690162182,,0.15175563469529152,0.07165773585438728,,,,,,,2,0,,,33,,34,,2,hand,
barman-sat11-strips,pfile07-028.pddl,abs-fd,timed out,1800.1727682687342,abstract_fd_search,,0.3305805344134569,0.005025502294301987,0.20032114163041115,,0.01869538426399231,0.042194535955786705,0.4086789581924677,0.2962279599159956,,0.15212645567953587,,,0.17462330497801304,,,,,2,0,0,0,91,,,0,2,hand,
barman-sat11-strips,pfile07-028.pddl,asp,timed out,1800.1299263760448,concrete_asp,,,,,,,,0.36288299039006233,,,0.13338913396000862,,,,,,,,,,,,,,,46,,,
barman-sat11-strips,pfile07-028.pddl,fd,success,3.102917369455099,total,0.971248,,,,,,,,,0.965602,,,,,,,,valid,,,,,,160,,,,,
barman-sat11-strips,pfile08-029.pddl,abs-asp,timed out,1800.1217238642275,abstract_asp,,0.3442233242094517,0.00505264475941658,0.24740519747138023,,0.018467232584953308,0.05118314176797867,0.490262683480978,0.33302245289087296,,0.1884804479777813,0.08634714782238007,,,,,,,2,0,,,33,,34,,2,hand,
barman-sat11-strips,pfile08-029.pddl,abs-fd,success,370.6126473136246,total,367.08223,0.349901,0.005102,0.252044,,0.018713,0.052055,0.501062,0.329283,,0.188798,,,0.337926,364.334983,,,valid,2,0,26,0,115,197,,1,2,hand,
barman-sat11-strips,pfile08-029.pddl,asp,timed out,1800.131741490215,concrete_asp,,,,,,,,0.5187885798513889,,,0.17584026232361794,,,,,,,,,,,,,,,45,,,
barman-sat11-strips,pfile08-029.pddl,fd,success,3.7465808652341366,total,1.415094,,,,,,,,,1.407977,,,,,,,,valid,,,,,,188,,,,,
barman-sat11-strips,pfile08-030.pddl,abs-asp,timed out,1800.1193722691387,abstract_asp,,0.3453525025397539,0.005183164030313492,0.2531522437930107,,0.019086744636297226,0.05292360484600067,0.5024585071951151,0.3296869099140167,,0.19110875390470028,0.08737752586603165,,,,,,,2,0,,,34,,35,,2,hand,
barman-sat11-strips,pfile08-030.pddl,abs-fd,timed out,1800.2181122042239,abstract_fd_search,,0.35853446274995804,0.00521102175116539,0.21925440803170204,,0.018741663545370102,0.05224702134728432,0.46839794889092445,0.32965610921382904,,0.18839656189084053,,,0.2527683898806572,,,,,2,0,0,0,107,,,0,2,hand,
barman-sat11-strips,pfile08-030.pddl,asp,timed out,1800.0413916297257,concrete_asp,,,,,,,,0.47978922352194786,,,0.1722288802266121,,,,,,,,,,,,,,,44,,,
barman-sat11-strips,pfile08-030.pddl,fd,success,4.945129115134478,total,1.247994,,,,,,,,,1.238879,,,,,,,,valid,,,,,,165,,,,,
barman-sat11-strips,pfile08-031.pddl,abs-asp,timed out,1800.1247013546526,abstract_asp,,0.3467058725655079,0.005047410726547241,0.25058576837182045,,0.01847098395228386,0.05166599154472351,0.49572478234767914,0.33087585866451263,,0.18896768614649773,0.08758806064724922,,,,,,,2,0,,,39,,40,,2,hand,
barman-sat11-strips,pfile08-031.pddl,abs-fd,timed out,1800.2039107382298,abstract_fd_search,,0.3496529348194599,0.0051836054772138596,0.24016784504055977,,0.018748676404356956,0.05215951427817345,0.4865418765693903,0.329623332247138,,0.18914596363902092,,,0.21668697707355022,,,,,2,0,0,0,112,,,0,2,hand,
barman-sat11-strips,pfile08-031.pddl,asp,timed out,1800.049460861832,concrete_asp,,,,,,,,0.45892785862088203,,,0.17747574299573898,,,,,,,,,,,,,,,44,,,
barman-sat11-strips,pfile08-031.pddl,fd,success,84.78573105111718,total,81.387825,,,,,,,,,81.379542,,,,,,,,valid,,,,,,231,,,,,
barman-sat11-strips,pfile08-032.pddl,abs-asp,timed out,1800.1319497562945,abstract_asp,,0.3626125901937485,0.005276013165712357,0.25396473705768585,,0.019646041095256805,0.051598455756902695,0.520075436681509,0.34072111174464226,,0.18662840500473976,0.08799339830875397,,,,,,,2,0,,,35,,36,,2,hand,
barman-sat11-strips,pfile08-032.pddl,abs-fd,timed out,1800.2157459519804,abstract_fd_search,,0.34103816002607346,0.005244951695203781,0.2171305976808071,,0.01927756890654564,0.05177484080195427,0.4516654722392559,0.3289869651198387,,0.18542354553937912,,,0.2628488838672638,,,,,2,0,0,0,110,,,0,2,hand,
barman-sat11-strips,pfile08-032.pddl,asp,timed out,1800.1339576169848,concrete_asp,,,,,,,,0.49721406027674675,,,0.1983090154826641,,,,,,,,,,,,,,,45,,,
barman-sat11-strips,pfile08-032.pddl,fd,success,3.4176765391603112,total,1.453645,,,,,,,,,1.448097,,,,,,,,valid,,,,,,208,,,,,
barman-sat11-strips,pfile09-033.pddl,abs-asp,timed out,1800.1223702467978,abstract_asp,,0.3162032403051853,0.005247574299573898,0.22835524380207062,,0.019196271896362305,0.047949593514204025,0.4729571118950844,0.3345548026263714,,0.19661816209554672,0.09306155517697334,,,,,,,2,0,,,37,,38,,2,hand,
barman-sat11-strips,pfile09-033.pddl,abs-fd,timed out,1800.247131165117,abstract_fd_search,,0.3371466100215912,0.0051794834434986115,0.22975624725222588,,0.019216828048229218,0.04838944971561432,0.4895423762500286,0.34916316345334053,,0.2070685252547264,,,0.31633998826146126,,,,,2,0,0,0,120,,,0,2,hand,
barman-sat11-strips,pfile09-033.pddl,asp,timed out,1800.1363353990018,concrete_asp,,,,,,,,0.49180131405591965,,,0.19676273688673973,,,,,,,,,,,,,,,46,,,
barman-sat11-strips,pfile09-033.pddl,fd,success,8.447688247077167,total,4.620622,,,,,,,,,4.61275,,,,,,,,valid,,,,,,252,,,,,
barman-sat11-strips,pfile09-034.pddl,abs-asp,timed out,1800.1230530105531,abstract_asp,,0.35374536365270615,0.005151018500328064,0.26433197408914566,,0.019458848983049393,0.0486772283911705,0.5460287854075432,0.350569985806942,,0.21151765435934067,0.09651178494095802,,,,,,,2,0,,,36,,37,,2,hand,
barman-sat11-strips,pfile09-034.pddl,abs-fd,timed out,1800.2265097387135,abstract_fd_search,,0.3357441872358322,0.005135178565979004,0.22699890285730362,,0.018952805548906326,0.04835060238838196,0.49227891489863396,0.3478000611066818,,0.20618266612291336,,,0.1966753862798214,,,,,2,0,0,0,117,,,0,2,hand,
barman-sat11-strips,pfile09-034.pddl,asp,timed out,1800.1187690384686,concrete_asp,,,,,,,,0.5042652264237404,,,0.1941646784543991,,,,,,,,,,,,,,,40,,,
barman-sat11-strips,pfile09-034.pddl,fd,success,5.28829162940383,total,2.597984,,,,,,,,,2.592098,,,,,,,,valid,,,,,,231,,,,,
barman-sat11-strips,pfile09-035.pddl,abs-asp,timed out,1800.1263581961393,abstract_asp,,0.3389878273010254,0.005223631858825684,0.23155612125992775,,0.018916897475719452,0.048812463879585266,0.4937497638165951,0.35559866204857826,,0.20930218696594238,0.09603261202573776,,,,,,,2,0,,,33,,34,,2,hand,
barman-sat11-strips,pfile09-035.pddl,abs-fd,timed out,1800.2208208665252,abstract_fd_search,,0.3561571463942528,0.005256820470094681,0.27766161039471626,,0.019012682139873505,0.04920756816864014,0.5542915649712086,0.35181799903512,,0.21077411994338036,,,0.17812440544366837,,,,,2,0,0,0,109,,,0,2,hand,
barman-sat11-strips,pfile09-035.pddl,asp,timed out,1800.124487683177,concrete_asp,,,,,,,,0.4946935474872589,,,0.1930384673178196,,,,,,,,,,,,,,,42,,,
barman-sat11-strips,pfile09-035.pddl,fd,success,3.789283419959247,total,1.483784,,,,,,,,,1.476455,,,,,,,,valid,,,,,,226,,,,,
barman-sat11-strips,pfile09-036.pddl,abs-asp,timed out,1800.1243984885514,abstract_asp,,0.3332986906170845,0.005178801715373993,0.2340015210211277,,0.01936660334467888,0.048374272882938385,0.49054358899593353,0.35147492960095406,,0.2074551060795784,0.09638158231973648,,,,,,,2,0,,,38,,39,,2,hand,
barman-sat11-strips,pfile09-036.pddl,abs-fd,timed out,1800.242107288912,abstract_fd_search,,0.3216298073530197,0.005475685000419617,0.20773900859057903,,0.019206352531909943,0.052447784692049026,0.46224127151072025,0.3107852656394243,,0.1928965523838997,,,0.18148085661232471,,,,,2,0,0,0,121,,,0,2,hand,
barman-sat11-strips,pfile09-036.pddl,asp,timed out,1800.1371283009648,concrete_asp,,,,,,,,0.4982524514198303,,,0.19497403874993324,,,,,,,,,,,,,,,47,,,
barman-sat11-strips,pfile09-036.pddl,fd,success,6.729482164606452,total,4.533502,,,,,,,,,4.529897,,,,,,,,valid,,,,,,213,,,,,
barman-sat11-strips,pfile10-037.pddl,abs-asp,timed out,1800.0509096998721,abstract_asp,,0.3626275956630707,0.005437660962343216,0.2512889429926872,,0.020808715373277664,0.05033087730407715,0.5288955643773079,0.377386512234807,,0.22350577637553215,0.10485396161675453,,,,,,,2,0,,,34,,35,,2,hand,
barman-sat11-strips,pfile10-037.pddl,abs-fd,timed out,1800.237197816372,abstract_fd_search,,0.37061959505081177,0.00531361997127533,0.28157928958535194,,0.020468324422836304,0.05144985020160675,0.586313683539629,0.37912025302648544,,0.22758128121495247,,,0.20447814092040062,,,,,2,0,0,0,105,,,0,2,hand,
barman-sat11-strips,pfile10-037.pddl,asp,timed out,1800.1295508779585,concrete_asp,,,,,,,,0.5102554149925709,,,0.20806702971458435,,,,,,,,,,,,,,,42,,,
barman-sat11-strips,pfile10-037.pddl,fd,success,3.898124396800995,total,1.520562,,,,,,,,,1.510343,,,,,,,,valid,,,,,,225,,,,,
barman-sat11-strips,pfile10-038.pddl,abs-asp,timed out,1800.126642568037,abstract_asp,,0.3601209744811058,0.005165653303265572,0.28121679462492466,,0.020024841651320457,0.04931469261646271,0.5589706394821405,0.3607895728200674,,0.2246978022158146,0.10312707535922527,,,,,,,2,0,,,32,,33,,2,hand,
barman-sat11-strips,pfile10-038.pddl,abs-fd,success,345.900115121156,total,342.378552,0.361556,0.005221,0.241312,,0.020383,0.049076,0.514587,0.362231,,0.223451,,,0.245409,339.47418,,,valid,2,0,27,0,122,214,,1,2,hand,
barman-sat11-strips,pfile10-038.pddl,asp,timed out,1800.0656227180734,concrete_asp,,,,,,,,0.603617949411273,,,0.19585656560957432,,,,,,,,,,,,,,,42,,,
barman-sat11-strips,pfile10-038.pddl,fd,success,11.441311437636614,total,3.83766,,,,,,,,,3.830087,,,,,,,,valid,,,,,,273,,,,,
barman-sat11-strips,pfile10-039.pddl,abs-asp,timed out,1800.1260465737432,abstract_asp,,0.3528979606926441,0.005202973261475563,0.25419191271066666,,0.02024778537452221,0.049357106909155846,0.5326706022024155,0.36118030175566673,,0.22376172058284283,0.10403440520167351,,,,,,,2,0,,,37,,38,,2,hand,
barman-sat11-strips,pfile10-039.pddl,abs-fd,timed out,1800.230720113963,abstract_fd_search,,0.3632175326347351,0.005278963595628738,0.28470585495233536,,0.020275138318538666,0.050347428768873215,0.5582777708768845,0.36094343289732933,,0.2259594388306141,,,0.17587770149111748,,,,,2,0,0,0,99,,,0,2,hand,
barman-sat11-strips,pfile10-039.pddl,asp,timed out,1800.1239313334227,concrete_asp,,,,,,,,0.4748759074136615,,,0.1935495100915432,,,,,,,,,,,,,,,41,,,
barman-sat11-strips,pfile10-039.pddl,fd,success,3.533589486964047,total,1.173942,,,,,,,,,1.165913,,,,,,,,valid,,,,,,216,,,,,
barman-sat11-strips,pfile10-040.pddl,abs-asp,timed out,1800.1273242756724,abstract_asp,,0.3620380572974682,0.005228634923696518,0.28537601977586746,,0.020441632717847824,0.0497618205845356,0.5714899636805058,0.35863277316093445,,0.2249480001628399,0.11488888040184975,,,,,,,2,0,,,36,,37,,2,hand,
barman-sat11-strips,pfile10-040.pddl,abs-fd,timed out,1800.2238239571452,abstract_fd_search,,0.36080085299909115,0.005334299057722092,0.29212319664657116,,0.02042287588119507,0.05045720376074314,0.5757037848234177,0.36096111312508583,,0.22510964795947075,,,0.2700326144695282,,,,,2,0,0,0,121,,,0,2,hand,
barman-sat11-strips,pfile10-040.pddl,asp,timed out,1800.1248582191765,concrete_asp,,,,,,,,0.5059056282043457,,,0.20530914887785912,,,,,,,,,,,,,,,40,,,
barman-sat11-strips,pfile10-040.pddl,fd,success,4.034508738666773,total,1.675484,,,,,,,,,1.668061,,,,,,,,valid,,,,,,191,,,,,
barman-sat14-strips,p1-11-4-15.pddl,abs-asp,timed out,1800.127491030842,abstract_asp,,0.32923388108611107,0.005651973187923431,0.23942284286022186,,0.019732866436243057,0.04983321577310562,0.5113842561841011,0.3779056780040264,,0.2241026572883129,0.10258649289608002,,,,,,,2,0,,,35,,36,,2,hand,
barman-sat14-strips,p1-11-4-15.pddl,abs-fd,timed out,1800.2577620185912,abstract_fd_search,,0.35737380757927895,0.0060951001942157745,0.2717430330812931,,0.019954007118940353,0.06906182318925858,0.5584725588560104,0.3573690392076969,,0.2268306389451027,,,0.20375698059797287,,,,,2,0,0,0,117,,,0,2,hand,
barman-sat14-strips,p1-11-4-15.pddl,asp,timed out,1800.132983725518,concrete_asp,,,,,,,,0.5310725048184395,,,0.21159530896693468,,,,,,,,,,,,,,,42,,,
barman-sat14-strips,p1-11-4-15.pddl,fd,success,3.8091408871114254,total,1.549585,,,,,,,,,1.540716,,,,,,,,valid,,,,,,240,,,,,
barman-sat14-strips,p1-11-5-15.pddl,abs-asp,timed out,1800.1246820800006,abstract_asp,,0.32236041501164436,0.005656171590089798,0.24795333668589592,,0.019669286906719208,0.050689298659563065,0.5437727458775043,0.37883950397372246,,0.2506524957716465,0.11509856209158897,,,,,,,2,0,,,32,,33,,2,hand,
barman-sat14-strips,p1-11-5-15.pddl,abs-fd,timed out,1800.307545825839,abstract_fd_search,,0.3474705256521702,0.006000705063343048,0.2737257070839405,,0.020243089646100998,0.051277630031108856,0.615196768194437,0.40187758579850197,,0.2538842223584652,,,0.2558571547269821,,,,,2,0,0,0,119,,,0,2,hand,
barman-sat14-strips,p1-11-5-15.pddl,asp,timed out,1800.1335796043277,concrete_asp,,,,,,,,0.5997838312759995,,,0.22967904061079025,,,,,,,,,,,,,,,43,,,
barman-sat14-strips,p1-11-5-15.pddl,fd,success,9.403552907519042,total,1.514681,,,,,,,,,1.508024,,,,,,,,valid,,,,,,221,,,,,
barman-sat14-strips,p1-11-5-16.pddl,abs-asp,timed out,1800.1377378739417,abstract_asp,,0.3469039537012577,0.005411505699157715,0.2672966308891773,,0.02067747339606285,0.05366497114300728,0.5934551320970058,0.40674943290650845,,0.27047388441860676,0.12422950193285942,,,,,,,2,0,,,36,,37,,2,hand,
barman-sat14-strips,p1-11-5-16.pddl,abs-fd,timed out,1800.265847261995,abstract_fd_search,,0.3511730767786503,0.005247481167316437,0.25729117915034294,,0.020617082715034485,0.056999702006578445,0.5704800970852375,0.39046913012862206,,0.2658710964024067,,,0.3260604962706566,,,,,2,0,0,0,119,,,0,2,hand,
barman-sat14-strips,p1-11-5-16.pddl,asp,timed out,1800.1324647292495,concrete_asp,,,,,,,,0.6022002920508385,,,0.24018048867583275,,,,,,,,,,,,,,,41,,,
barman-sat14-strips,p1-11-5-16.pddl,fd,success,4.16630220413208,total,1.724024,,,,,,,,,1.714857,,,,,,,,valid,,,,,,168,,,,,
barman-sat14-strips,p2-10-4-13.pddl,abs-asp,timed out,1800.1242172382772,abstract_asp,,0.31926383450627327,0.0050928108394145966,0.2200239561498165,,0.01846667379140854,0.04623281583189964,0.4464341476559639,0.33183808252215385,,0.18529275059700012,0.08714637905359268,,,,,,,2,0,,,37,,38,,2,hand,
barman-sat14-strips,p2-10-4-13.pddl,abs-fd,timed out,1800.218663033098,abstract_fd_search,,0.32144829630851746,0.005164280533790588,0.2110135704278946,,0.018629971891641617,0.04617246612906456,0.4418827146291733,0.32255905494093895,,0.1971796378493309,,,0.19904719293117523,,,,,2,0,0,0,111,,,0,2,hand,
barman-sat14-strips,p2-10-4-13.pddl,asp,timed out,1800.1286355219781,concrete_asp,,,,,,,,0.4771117568016052,,,0.17571697756648064,,,,,,,,,,,,,,,45,,,
barman-sat14-strips,p2-10-4-13.pddl,fd,success,22.326124088838696,total,20.297344,,,,,,,,,20.291273,,,,,,,,valid,,,,,,258,,,,,
barman-sat14-strips,p2-11-4-15.pddl,abs-asp,timed out,1800.1316891945899,abstract_asp,,0.3358687721192837,0.00595526397228241,0.2513861618936062,,0.020346570760011673,0.05111457407474518,0.5272444970905781,0.37769074738025665,,0.2264968827366829,0.10337451472878456,,,,,,,2,0,,,34,,35,,2,hand,
barman-sat14-strips,p2-11-4-15.pddl,abs-fd,timed out,1800.213636552915,abstract_fd_search,,0.3292757123708725,0.0054953135550022125,0.23625874146819115,,0.019635243341326714,0.04898146912455559,0.5052741523832083,0.36067356914281845,,0.22296047024428844,,,0.20010126754641533,,,,,2,0,0,0,114,,,0,2,hand,
barman-sat14-strips,p2-11-4-15.pddl,asp,timed out,1800.1313586942852,concrete_asp,,,,,,,,0.5128061734139919,,,0.21048963069915771,,,,,,,,,,,,,,,39,,,
barman-sat14-strips,p2-11-4-15.pddl,fd,success,5.113441955298185,total,2.956469,,,,,,,,,2.950385,,,,,,,,valid,,,,,,204,,,,,
barman-sat14-strips,p2-11-5-15.pddl,abs-asp,timed out,1800.126718301326,abstract_asp,,0.3442127890884876,0.005734879523515701,0.2992163673043251,,0.019971005618572235,0.05187152698636055,0.6146360673010349,0.3771576024591923,,0.2750094048678875,0.11630608513951302,,,,,,,2,0,,,34,,35,,2,hand,
barman-sat14-strips,p2-11-5-15.pddl,abs-fd,success,633.9415450207889,total,631.177407,0.325434,0.005677,0.248531,,0.019812,0.050777,0.545667,0.37621,,0.249825,,,0.328035,628.078582,,,valid,2,0,28,0,124,211,,1,2,hand,
barman-sat14-strips,p2-11-5-15.pddl,asp,timed out,1800.0368220694363,concrete_asp,,,,,,,,0.5851676724851131,,,0.23682451993227005,,,,,,,,,,,,,,,45,,,
barman-sat14-strips,p2-11-5-15.pddl,fd,success,4.546627523377538,total,1.437244,,,,,,,,,1.429201,,,,,,,,valid,,,,,,159,,,,,
barman-sat14-strips,p2-11-5-16.pddl,abs-asp,timed out,1800.1274558864534,abstract_asp,,0.3611328564584255,0.005480654537677765,0.3055080585181713,,0.021076221019029617,0.060593102127313614,0.6727858819067478,0.4070397689938545,,0.2704324685037136,0.12444780394434929,,,,,,,2,0,,,32,,33,,2,hand,
barman-sat14-strips,p2-11-5-16.pddl,abs-fd,timed out,1800.3152885362506,abstract_fd_search,,0.32781383767724037,0.005270678550004959,0.257387138903141,,0.0204453244805336,0.057706303894519806,0.5758204869925976,0.3947364054620266,,0.26652273535728455,,,0.4525253437459469,,,,,2,0,0,0,135,,,0,2,hand,
barman-sat14-strips,p2-11-5-16.pddl,asp,timed out,1800.1506559960544,concrete_asp,,,,,,,,0.6398355513811111,,,0.2529197335243225,,,,,,,,,,,,,,,41,,,
barman-sat14-strips,p2-11-5-16.pddl,fd,success,3.9353495836257935,total,1.998838,,,,,,,,,1.994458,,,,,,,,valid,,,,,,218,,,,,
barman-sat14-strips,p2-11-5-17.pddl,abs-asp,timed out,1800.0915332697332,abstract_asp,,0.34906022250652313,0.005422081798315048,0.3134579062461853,,0.021255608648061752,0.05764952301979065,0.655294481664896,0.47651106491684914,,0.287159763276577,0.15487106889486313,,,,,,,11,0,,,34,,35,,3,shot,
barman-sat14-strips,p2-11-5-17.pddl,abs-fd,timed out,1800.2326592504978,abstract_fd_search,,0.3618079274892807,0.005259696394205093,0.26959730312228203,,0.021453935652971268,0.050846394151449203,0.5884998217225075,0.46664055436849594,,0.28405458480119705,,,0.16452017053961754,,,,,11,0,0,0,74,,,0,3,shot,
barman-sat14-strips,p2-11-5-17.pddl,asp,timed out,1800.1355443522334,concrete_asp,,,,,,,,0.6334952376782894,,,0.2623673155903816,,,,,,,,,,,,,,,45,,,
barman-sat14-strips,p2-11-5-17.pddl,fd,success,7.01613063365221,total,3.954794,,,,,,,,,3.945023,,,,,,,,valid,,,,,,235,,,,,
barman-sat14-strips,p3-10-4-13.pddl,abs-asp,timed out,1800.0292910896242,abstract_asp,,0.3004201129078865,0.005091492086648941,0.20697222650051117,,0.018481731414794922,0.045763518661260605,0.43694669753313065,0.32684021443128586,,0.18531404063105583,0.08676224201917648,,,,,,,2,0,,,34,,35,,2,hand,
barman-sat14-strips,p3-10-4-13.pddl,abs-fd,timed out,1800.1844081021845,abstract_fd_search,,0.32333508506417274,0.005101803690195084,0.22937850281596184,,0.018703121691942215,0.046066176146268845,0.46401695162057877,0.3280292861163616,,0.18684113025665283,,,0.2911081872880459,,,,,2,0,0,0,110,,,0,2,hand,
barman-sat14-strips,p3-10-4-13.pddl,asp,timed out,1800.13388780877,concrete_asp,,,,,,,,0.4404574893414974,,,0.16332095116376877,,,,,,,,,,,,,,,42,,,
barman-sat14-strips,p3-10-4-13.pddl,fd,success,6.576309701427817,total,3.541385,,,,,,,,,3.533575,,,,,,,,valid,,,,,,223,,,,,
barman-sat14-strips,p3-11-4-15.pddl,abs-asp,timed out,1800.127552639693,abstract_asp,,0.32997521199285984,0.005171395838260651,0.23718453757464886,,0.020002974197268486,0.04871963895857334,0.507083410397172,0.3603574354201555,,0.22614656388759613,0.10227839834988117,,,,,,,2,0,,,35,,36,,2,hand,
barman-sat14-strips,p3-11-4-15.pddl,abs-fd,timed out,1800.239537384361,abstract_fd_search,,0.33942824229598045,0.005927711725234985,0.25191934034228325,,0.020317282527685165,0.05043451860547066,0.5259664952754974,0.37740230560302734,,0.22518784180283546,,,0.21096483245491982,,,,,2,0,0,0,117,,,0,2,hand,
barman-sat14-strips,p3-11-4-15.pddl,asp,timed out,1800.1327992752194,concrete_asp,,,,,,,,0.5102244913578033,,,0.20767896622419357,,,,,,,,,,,,,,,43,,,
barman-sat14-strips,p3-11-4-15.pddl,fd,success,6.954905066639185,total,4.573122,,,,,,,,,4.564261,,,,,,,,valid,,,,,,262,,,,,
barman-sat14-strips,p3-11-5-15.pddl,abs-asp,timed out,1800.135092049837,abstract_asp,,0.34726541116833687,0.006086234003305435,0.26208521984517574,,0.020228011533617973,0.051137449219822884,0.5733873154968023,0.3985237907618284,,0.2569434605538845,0.11889712512493134,,,,,,,2,0,,,32,,33,,2,hand,
barman-sat14-strips,p3-11-5-15.pddl,abs-fd,timed out,1800.2463691830635,abstract_fd_search,,0.3311051093041897,0.005688976496458054,0.2478676661849022,,0.01960694044828415,0.050915539264678955,0.5464686714112759,0.37767669558525085,,0.2504904046654701,,,0.22650748491287231,,,,,2,0,0,0,110,,,0,2,hand,
barman-sat14-strips,p3-11-5-15.pddl,asp,timed out,1800.1364283263683,concrete_asp,,,,,,,,0.581135593354702,,,0.24977878108620644,,,,,,,,,,,,,,,44,,,
barman-sat14-strips,p3-11-5-15.pddl,fd,success,6.291283842176199,total,3.279287,,,,,,,,,3.272909,,,,,,,,valid,,,,,,222,,,,,
barman-sat14-strips,p3-11-5-16.pddl,abs-asp,timed out,1800.1325190775096,abstract_asp,,0.3241633642464876,0.005204407498240471,0.25959827564656734,,0.021063951775431633,0.0533825159072876,0.5732080265879631,0.45248223654925823,,0.2653268240392208,0.14378566481173038,,,,,,,11,0,,,33,,34,,3,shot,
barman-sat14-strips,p3-11-5-16.pddl,abs-fd,timed out,1800.2022573314607,abstract_fd_search,,0.33011139556765556,0.005258671939373016,0.25697773322463036,,0.021078158169984818,0.054354943335056305,0.5723439306020737,0.44890954345464706,,0.26220370829105377,,,0.16276215016841888,,,,,11,0,0,0,74,,,0,3,shot,
barman-sat14-strips,p3-11-5-16.pddl,asp,timed out,1800.1404004991055,concrete_asp,,,,,,,,0.6294228248298168,,,0.2523065432906151,,,,,,,,,,,,,,,44,,,
barman-sat14-strips,p3-11-5-16.pddl,fd,success,6.32639217376709,total,4.033299,,,,,,,,,4.025895,,,,,,,,valid,,,,,,196,,,,,
barman-sat14-strips,p3-11-5-17.pddl,abs-asp,timed out,1800.1364783067256,abstract_asp,,0.35166678205132484,0.005483916029334068,0.3023895062506199,,0.02130437083542347,0.06243225932121277,0.6725160945206881,0.49697435833513737,,0.2863226495683193,0.15694880671799183,,,,,,,11,0,,,32,,33,,3,shot,
barman-sat14-strips,p3-11-5-17.pddl,abs-fd,timed out,1800.2202170230448,abstract_fd_search,,0.3245101608335972,0.005326177924871445,0.26474593952298164,,0.020952798426151276,0.0569821335375309,0.5928392224013805,0.4707691818475723,,0.2812398001551628,,,0.1711113080382347,,,,,11,0,0,0,74,,,0,3,shot,
barman-sat14-strips,p3-11-5-17.pddl,asp,timed out,1800.1317054331303,concrete_asp,,,,,,,,0.6366050355136395,,,0.26617224141955376,,,,,,,,,,,,,,,39,,,
barman-sat14-strips,p3-11-5-17.pddl,fd,success,8.153417270630598,total,5.435085,,,,,,,,,5.426929,,,,,,,,valid,,,,,,310,,,,,
barman-sat14-strips,p4-11-4-14.pddl,abs-asp,timed out,1800.125738274306,abstract_asp,,0.3376113660633564,0.005183897912502289,0.24296648055315018,,0.019726570695638657,0.04739680513739586,0.5157637521624565,0.3557365722954273,,0.2073449082672596,0.09755469486117363,,,,,,,2,0,,,33,,34,,2,hand,
barman-sat14-strips,p4-11-4-14.pddl,abs-fd,timed out,1800.2259613201022,abstract_fd_search,,0.3237169496715069,0.0051843151450157166,0.22860941663384438,,0.018959347158670425,0.048476144671440125,0.485268272459507,0.3456352837383747,,0.20703929290175438,,,0.20116351544857025,,,,,2,0,0,0,111,,,0,2,hand,
barman-sat14-strips,p4-11-4-14.pddl,asp,timed out,1800.140423413366,concrete_asp,,,,,,,,0.6128543838858604,,,0.1959371380507946,,,,,,,,,,,,,,,47,,,
barman-sat14-strips,p4-11-4-14.pddl,fd,success,4.38882652297616,total,1.360631,,,,,,,,,1.354025,,,,,,,,valid,,,,,,212,,,,,
barman-sat14-strips,p4-11-4-15.pddl,abs-asp,timed out,1800.121324032545,abstract_asp,,0.32260824367403984,0.005519289523363113,0.25943831354379654,,0.019804049283266068,0.04868387058377266,0.5360407307744026,0.3456759862601757,,0.22314368188381195,0.10108919069170952,,,,,,,2,0,,,32,,33,,2,hand,
barman-sat14-strips,p4-11-4-15.pddl,abs-fd,timed out,1800.255563430488,abstract_fd_search,,0.3203338049352169,0.0055579692125320435,0.23496060445904732,,0.019681330770254135,0.048629142343997955,0.4995393343269825,0.3549897111952305,,0.22112737968564034,,,0.4222072847187519,,,,,2,0,0,0,133,,,0,2,hand,
barman-sat14-strips,p4-11-4-15.pddl,asp,timed out,1800.1326231621206,concrete_asp,,,,,,,,0.5744952075183392,,,0.21417314559221268,,,,,,,,,,,,,,,44,,,
barman-sat14-strips,p4-11-4-15.pddl,fd,success,527.3621034920216,total,524.3154,,,,,,,,,524.307273,,,,,,,,valid,,,,,,234,,,,,
barman-sat14-strips,p4-11-5-15.pddl,abs-asp,timed out,1800.128986041993,abstract_asp,,0.3270706422626972,0.005745323374867439,0.25157564133405685,,0.019948506727814674,0.051649536937475204,0.5483185183256865,0.37979692965745926,,0.25085813738405704,0.1162810605019331,,,,,,,2,0,,,36,,37,,2,hand,
barman-sat14-strips,p4-11-5-15.pddl,abs-fd,timed out,1800.26910783723,abstract_fd_search,,0.3275041691958904,0.005644645541906357,0.2545621357858181,,0.01971593126654625,0.05083673074841499,0.552354920655489,0.3784606344997883,,0.25232671573758125,,,0.4369885064661503,,,,,2,0,0,0,132,,,0,2,hand,
barman-sat14-strips,p4-11-5-15.pddl,asp,timed out,1800.13299157843,concrete_asp,,,,,,,,0.5526826344430447,,,0.23711826279759407,,,,,,,,,,,,,,,42,,,
barman-sat14-strips,p4-11-5-15.pddl,fd,success,5.563199516385794,total,3.254254,,,,,,,,,3.247548,,,,,,,,valid,,,,,,223,,,,,
barman-sat14-strips,p5-10-4-13.pddl,abs-asp,timed out,1800.1214118637145,abstract_asp,,0.32930343225598335,0.005105104297399521,0.24412726610898972,,0.018673796206712723,0.046215347945690155,0.48647117987275124,0.33030082285404205,,0.18994412571191788,0.08675515279173851,,,,,,,2,0,,,39,,40,,2,hand,
barman-sat14-strips,p5-10-4-13.pddl,abs-fd,timed out,1800.201575011015,abstract_fd_search,,0.32127124816179276,0.005069255828857422,0.21763154491782188,,0.018634255975484848,0.04549933969974518,0.4549930803477764,0.3316292315721512,,0.18664656952023506,,,0.17484144121408463,,,,,2,0,0,0,104,,,0,2,hand,
barman-sat14-strips,p5-10-4-13.pddl,asp,timed out,1800.1331015713513,concrete_asp,,,,,,,,0.49340445175766945,,,0.17669910565018654,,,,,,,,,,,,,,,45,,,
barman-sat14-strips,p5-10-4-13.pddl,fd,success,4.447882406413555,total,1.124787,,,,,,,,,1.116086,,,,,,,,valid,,,,,,203,,,,,
barman-sat14-strips,p5-11-4-15.pddl,abs-asp,timed out,1800.1241635754704,abstract_asp,,0.3396726883947849,0.0055535100400447845,0.2636331431567669,,0.019636355340480804,0.0495767742395401,0.5439222604036331,0.3612200617790222,,0.22671732306480408,0.10194021463394165,,,,,,,2,0,,,36,,37,,2,hand,
barman-sat14-strips,p5-11-4-15.pddl,abs-fd,timed out,1800.2184400744736,abstract_fd_search,,0.29347942396998405,0.005393777042627335,0.2157658413052559,,0.019594762474298477,0.04790404066443443,0.4675859808921814,0.32999231666326523,,0.20625044405460358,,,0.18628554791212082,,,,,2,0,0,0,108,,,0,2,hand,
barman-sat14-strips,p5-11-4-15.pddl,asp,timed out,1800.1328097330406,concrete_asp,,,,,,,,0.487140198238194,,,0.20854744873940945,,,,,,,,,,,,,,,41,,,
barman-sat14-strips,p5-11-4-15.pddl,fd,success,3.465358277782798,total,1.561661,,,,,,,,,1.557889,,,,,,,,valid,,,,,,217,,,,,
barman-sat14-strips,p5-11-5-15.pddl,abs-asp,timed out,1800.0284192673862,abstract_asp,,0.32807261124253273,0.005759686231613159,0.2520255632698536,,0.01984209567308426,0.050904180854558945,0.5488781109452248,0.37726208195090294,,0.25084924697875977,0.11635838821530342,,,,,,,2,0,,,34,,35,,2,hand,
barman-sat14-strips,p5-11-5-15.pddl,abs-fd,timed out,1800.2783934734762,abstract_fd_search,,0.2974037639796734,0.005567770451307297,0.2418878860771656,,0.0192987360060215,0.04983089864253998,0.5240468457341194,0.33250436559319496,,0.232899509370327,,,0.3165601082146168,,,,,2,0,0,0,130,,,0,2,hand,
barman-sat14-strips,p5-11-5-15.pddl,asp,timed out,1800.1344764269888,concrete_asp,,,,,,,,0.5540370680391788,,,0.23367664963006973,,,,,,,,,,,,,,,44,,,
barman-sat14-strips,p5-11-5-15.pddl,fd,success,6.873357027769089,total,3.672348,,,,,,,,,3.666611,,,,,,,,valid,,,,,,238,,,,,
barman-sat14-strips,p5-11-5-16.pddl,abs-asp,timed out,1800.1267365515232,abstract_asp,,0.3361561894416809,0.0052819810807704926,0.2918316125869751,,0.02034692093729973,0.05718207359313965,0.6056917682290077,0.3907928466796875,,0.27076129615306854,0.12224405631422997,,,,,,,2,0,,,34,,35,,2,hand,
barman-sat14-strips,p5-11-5-16.pddl,abs-fd,timed out,1800.1787338331342,abstract_fd_search,,0.32738641649484634,0.005240578204393387,0.2559245266020298,,0.020597882568836212,0.05724553018808365,0.5715553872287273,0.3925834223628044,,0.2672182358801365,,,0.3570496439933777,,,,,2,0,0,0,116,,,0,2,hand,
barman-sat14-strips,p5-11-5-16.pddl,asp,timed out,1800.13791622594,concrete_asp,,,,,,,,0.6474199034273624,,,0.25234072655439377,,,,,,,,,,,,,,,42,,,
barman-sat14-strips,p5-11-5-16.pddl,fd,success,3.5971053689718246,total,1.66433,,,,,,,,,1.66091,,,,,,,,valid,,,,,,187,,,,,
childsnack-sat14-strips,child-snack_pfile05-2.pddl,abs-asp,timed out,1800.1242491938174,abstract_solving,,0.1838252767920494,0.0026781558990478516,0.17691366747021675,,0.022383470088243484,0.0190611332654953,0.35528503730893135,0.20152652263641357,,0.11996166780591011,0.01207553967833519,15.99734964966774,,,,,,5,0,0,0,15,,16,0,13,sandwich,
childsnack-sat14-strips,child-snack_pfile05-2.pddl,abs-fd,timed out,1800.1223068349063,abstract_fd_search,,0.1876014694571495,0.0026644468307495117,0.18105358630418777,,0.022684752941131592,0.018617980182170868,0.3615906573832035,0.20328691974282265,,0.11862442642450333,,,0.09216716140508652,,,,,5,0,0,0,16,,,0,13,sandwich,
childsnack-sat14-strips,child-snack_pfile05-2.pddl,asp,timed out,1800.1154127689078,concrete_asp,,,,,,,,0.412071886472404,,,0.11421469133347273,,,,,,,,,,,,,,,14,,,
childsnack-sat14-strips,child-snack_pfile05-2.pddl,fd,success,3.727614227682352,total,0.536,,,,,,,,,0.528819,,,,,,,,valid,,,,,,56,,,,,
childsnack-sat14-strips,child-snack_pfile05.pddl,abs-asp,timed out,1800.1211797837168,abstract_solving,,0.19449355266988277,0.0026715584099292755,0.19437993876636028,,0.02256959117949009,0.018802419304847717,0.38022597320377827,0.20589345693588257,,0.12101974710822105,0.0121062733232975,27.75445937924087,,,,,,5,0,0,0,15,,16,0,13,sandwich,
childsnack-sat14-strips,child-snack_pfile05.pddl,abs-fd,timed out,1800.1251822151244,abstract_fd_search,,0.181134894490242,0.0025899261236190796,0.17590922862291336,,0.0223846472799778,0.01840200275182724,0.3490845672786236,0.1920137256383896,,0.11689301952719688,,,0.08558168634772301,,,,,5,0,0,0,16,,,0,13,sandwich,
childsnack-sat14-strips,child-snack_pfile05.pddl,asp,timed out,1800.1196635328233,concrete_asp,,,,,,,,0.3613128960132599,,,0.11078109219670296,,,,,,,,,,,,,,,13,,,
childsnack-sat14-strips,child-snack_pfile05.pddl,fd,success,3.433399174362421,total,0.537252,,,,,,,,,0.530868,,,,,,,,valid,,,,,,53,,,,,
childsnack-sat14-strips,child-snack_pfile06-2.pddl,abs-asp,timed out,1800.1375523544848,abstract_solving,,0.20531731471419334,0.0027470961213111877,0.24221761524677277,,0.02640644833445549,0.01949862390756607,0.4680168107151985,0.20128625631332397,,0.15909703448414803,0.01327221468091011,105.37744608521461,,,,,,5,0,0,0,16,,17,0,15,sandwich,
childsnack-sat14-strips,child-snack_pfile06-2.pddl,abs-fd,timed out,1800.1310803163797,abstract_fd_search,,0.20637879706919193,0.0026945918798446655,0.22720804065465927,,0.02681140974164009,0.019392291083931923,0.44437150843441486,0.2026994340121746,,0.15921140275895596,,,0.08948599174618721,,,,,5,0,0,0,17,,,0,15,sandwich,
childsnack-sat14-strips,child-snack_pfile06-2.pddl,asp,timed out,1800.1213448531926,concrete_asp,,,,,,,,0.44463996961712837,,,0.14626219496130943,,,,,,,,,,,,,,,13,,,
childsnack-sat14-strips,child-snack_pfile06-2.pddl,fd,success,4.092087335884571,total,0.636878,,,,,,,,,0.629302,,,,,,,,valid,,,,,,59,,,,,
childsnack-sat14-strips,child-snack_pfile07-2.pddl,abs-asp,timed out,1800.126177649945,abstract_solving,,0.20178339630365372,0.0026378408074378967,0.2449016384780407,,0.028507426381111145,0.019464761018753052,0.5006672702729702,0.1896269954741001,,0.18574359640479088,0.01361585408449173,550.0981932617724,,,,,,5,0,0,0,17,,18,0,16,sandwich,
childsnack-sat14-strips,child-snack_pfile07-2.pddl,abs-fd,timed out,1800.1302619930357,abstract_fd_search,,0.18903190083801746,0.002631906419992447,0.20928128622472286,,0.028659842908382416,0.0192878320813179,0.45077602192759514,0.18940419703722,,0.1825994048267603,,,0.08317120186984539,,,,,5,0,0,0,18,,,0,16,sandwich,
childsnack-sat14-strips,child-snack_pfile07-2.pddl,asp,timed out,1800.1299744024873,concrete_asp,,,,,,,,0.5335579551756382,,,0.18498919159173965,,,,,,,,,,,,,,,12,,,
childsnack-sat14-strips,child-snack_pfile07-2.pddl,fd,success,3.384494007565081,total,0.706779,,,,,,,,,0.701519,,,,,,,,valid,,,,,,64,,,,,
childsnack-sat14-strips,child-snack_pfile08-2.pddl,abs-asp,timed out,1800.1171788945794,abstract_asp,,0.20163288339972496,0.0028495416045188904,0.24286511167883873,,0.031926229596138,0.02065911516547203,0.5358393527567387,0.21491583436727524,,0.24628851562738419,0.016123604029417038,,,,,,,5,0,,,17,,18,,17,sandwich,
childsnack-sat14-strips,child-snack_pfile08-2.pddl,abs-fd,timed out,1800.1522807218134,abstract_fd_search,,0.2087874859571457,0.002763565629720688,0.2822124697268009,,0.03178127482533455,0.02043100818991661,0.6064679808914661,0.20537682995200157,,0.2428419478237629,,,0.08832547441124916,,,,,5,0,0,0,19,,,0,17,sandwich,
childsnack-sat14-strips,child-snack_pfile08-2.pddl,asp,timed out,1800.120018005371,concrete_asp,,,,,,,,0.5391569845378399,,,0.2294391244649887,,,,,,,,,,,,,,,13,,,
childsnack-sat14-strips,child-snack_pfile08-2.pddl,fd,success,2.5090843122452497,total,0.78532,,,,,,,,,0.778834,,,,,,,,valid,,,,,,69,,,,,
childsnack-sat14-strips,child-snack_pfile08.pddl,abs-asp,timed out,1800.1185126714408,abstract_asp,,0.2104795053601265,0.0027590133249759674,0.26440010592341423,,0.031560663133859634,0.020222973078489304,0.5655911825597286,0.2011994644999504,,0.2466135211288929,0.016406051814556122,,,,,,,5,0,,,17,,18,,17,sandwich,
childsnack-sat14-strips,child-snack_pfile08.pddl,abs-fd,timed out,1800.1409946978092,abstract_fd_search,,0.199275691062212,0.0028395354747772217,0.24807686358690262,,0.03276431933045387,0.0207294262945652,0.5407259352505207,0.20311204344034195,,0.2361934930086136,,,0.08519093319773674,,,,,5,0,0,0,19,,,0,17,sandwich,
childsnack-sat14-strips,child-snack_pfile08.pddl,asp,timed out,1800.12445442006,concrete_asp,,,,,,,,0.5639098957180977,,,0.2272491380572319,,,,,,,,,,,,,,,12,,,
childsnack-sat14-strips,child-snack_pfile08.pddl,fd,interrupted,203.04262205213308,,,,,,,,,,,,,,,,,,,,,,,,,,,,,,
childsnack-sat14-strips,child-snack_pfile09-2.pddl,abs-asp,timed out,1800.1178002394736,abstract_asp,,0.19998285546898842,0.003443978726863861,0.27149152010679245,,0.03605545312166214,0.021070025861263275,0.6251090951263905,0.21499232202768326,,0.3069690875709057,0.01757432520389557,,,,,,,5,0,,,17,,18,,19,sandwich,
childsnack-sat14-strips,child-snack_pfile09-2.pddl,abs-fd,timed out,1800.1564447954297,abstract_fd_search,,0.2155643329024315,0.003417704254388809,0.31678274273872375,,0.036520928144454956,0.021169915795326233,0.6410565041005611,0.2122972384095192,,0.3078749105334282,,,0.09474123641848564,,,,,5,0,0,0,20,,,0,19,sandwich,
childsnack-sat14-strips,child-snack_pfile09-2.pddl,asp,timed out,1800.1273041963577,concrete_asp,,,,,,,,0.6009941510856152,,,0.2678903378546238,,,,,,,,,,,,,,,12,,,
childsnack-sat14-strips,child-snack_pfile09-2.pddl,fd,interrupted,206.4862415716052,,,,,,,,,,,,,,,,,,,,,,,,,,,,,,
childsnack-sat14-strips,child-snack_pfile09.pddl,abs-asp,timed out,1800.1177709177136,abstract_asp,,0.19863751903176308,0.0034986473619937897,0.2663728967308998,,0.0365789569914341,0.021217983216047287,0.6260075867176056,0.21205349639058113,,0.30785807222127914,0.017673872411251068,,,,,,,5,0,,,17,,18,,19,sandwich,
childsnack-sat14-strips,child-snack_pfile09.pddl,abs-fd,timed out,1800.1521162763238,abstract_fd_search,,0.21523144468665123,0.0035138875246047974,0.3046416975557804,,0.0364028699696064,0.02130637690424919,0.6791153512895107,0.21622752770781517,,0.312058225274086,,,0.09390415996313095,,,,,5,0,0,0,20,,,0,19,sandwich,
childsnack-sat14-strips,child-snack_pfile09.pddl,asp,timed out,1800.124974757433,concrete_asp,,,,,,,,0.6219323948025703,,,0.2829819805920124,,,,,,,,,,,,,,,12,,,
childsnack-sat14-strips,child-snack_pfile09.pddl,fd,interrupted,199.20156010985374,,,,,,,,,,,,,,,,,,,,,,,,,,,,,,
childsnack-sat14-strips,child-snack_pfile10-2.pddl,abs-asp,timed out,1800.1157059632242,abstract_asp,,0.20248809829354286,0.002878941595554352,0.29877255111932755,,0.0403633639216423,0.021959055215120316,0.7589822076261044,0.21527140587568283,,0.37478605657815933,0.019187558442354202,,,,,,,5,0,,,17,,18,,20,sandwich,
childsnack-sat14-strips,child-snack_pfile10-2.pddl,abs-fd,timed out,1800.1442097611725,abstract_fd_search,,0.21246035024523735,0.002886209636926651,0.33567624539136887,,0.04004385322332382,0.021936573088169098,0.7925074175000191,0.213740985840559,,0.3750150129199028,,,0.08627597242593765,,,,,5,0,0,0,21,,,0,20,sandwich,
childsnack-sat14-strips,child-snack_pfile10-2.pddl,asp,timed out,1800.1295767128468,concrete_asp,,,,,,,,0.7623839937150478,,,0.34563758596777916,,,,,,,,,,,,,,,12,,,
childsnack-sat14-strips,child-snack_pfile10-2.pddl,fd,interrupted,219.37653313204646,,,,,,,,,,,,,,,,,,,,,,,,,,,,,,
childsnack-sat14-strips,child-snack_pfile10.pddl,abs-asp,timed out,1800.1132177375257,abstract_asp,,0.2125697024166584,0.0029430873692035675,0.327582523226738,,0.03930448740720749,0.022389549762010574,0.8006170019507408,0.2138138711452484,,0.37809907272458076,0.019720513373613358,,,,,,,5,0,,,17,,18,,20,sandwich,
childsnack-sat14-strips,child-snack_pfile10.pddl,abs-fd,timed out,1800.1521437205374,abstract_fd_search,,0.22745534777641296,0.0029625967144966125,0.3228641711175442,,0.04013315588235855,0.02222972735762596,0.7894811481237411,0.20752167701721191,,0.37542911246418953,,,0.09274930506944656,,,,,5,0,0,0,21,,,0,20,sandwich,
childsnack-sat14-strips,child-snack_pfile10.pddl,asp,timed out,1800.1286002583802,concrete_asp,,,,,,,,0.7659812197089195,,,0.3465883284807205,,,,,,,,,,,,,,,12,,,
childsnack-sat14-strips,child-snack_pfile10.pddl,fd,interrupted,222.50445584580302,,,,,,,,,,,,,,,,,,,,,,,,,,,,,,
childsnack-sat14-strips,child-snack_pfile11-2.pddl,abs-asp,timed out,1800.1177181191742,abstract_asp,,0.20461613684892654,0.0029543451964855194,0.32939501479268074,,0.044101979583501816,0.022869080305099487,0.8401856236159801,0.2166079431772232,,0.43910668045282364,0.021177668124437332,,,,,,,5,0,,,17,,18,,21,sandwich,
childsnack-sat14-strips,child-snack_pfile11-2.pddl,abs-fd,timed out,1800.08744026348,abstract_fd_search,,0.2028936818242073,0.002887573093175888,0.3279632180929184,,0.04444696381688118,0.022614382207393646,0.8505752086639404,0.21933365985751152,,0.43575384467840195,,,0.09542766585946083,,,,,5,0,0,0,22,,,0,21,sandwich,
childsnack-sat14-strips,child-snack_pfile11-2.pddl,asp,timed out,1800.136694394052,concrete_asp,,,,,,,,0.9404897764325142,,,0.40670692175626755,,,,,,,,,,,,,,,12,,,
childsnack-sat14-strips,child-snack_pfile11-2.pddl,fd,success,3.9622800946235657,total,1.843219,,,,,,,,,1.8351,,,,,,,,valid,,,,,,86,,,,,
childsnack-sat14-strips,child-snack_pfile11.pddl,abs-asp,timed out,1800.115775661543,abstract_asp,,0.21944020129740238,0.0029687676578760147,0.36589911207556725,,0.043974755331873894,0.022901149466633797,0.8835430666804314,0.22054745815694332,,0.44010617583990097,0.021245209500193596,,,,,,,5,0,,,17,,18,,21,sandwich,
childsnack-sat14-strips,child-snack_pfile11.pddl,abs-fd,timed out,1800.1748114451766,abstract_fd_search,,0.20613393932580948,0.002963963896036148,0.32752441987395287,,0.04477494955062866,0.022688325494527817,0.8400276824831963,0.21692275628447533,,0.4356210194528103,,,0.09536673128604889,,,,,5,0,0,0,22,,,0,21,sandwich,
childsnack-sat14-strips,child-snack_pfile11.pddl,asp,timed out,1800.1422859290615,concrete_asp,,,,,,,,0.8654128238558769,,,0.4033119659870863,,,,,,,,,,,,,,,12,,,
childsnack-sat14-strips,child-snack_pfile11.pddl,fd,interrupted,223.55295518413186,,,,,,,,,,,,,,,,,,,,,,,,,,,,,,
childsnack-sat14-strips,child-snack_pfile12.pddl,abs-asp,timed out,1800.0222951695323,abstract_asp,,0.2124437727034092,0.0034105926752090454,0.42209115624427795,,0.049166761338710785,0.023869473487138748,1.0018094703555107,0.21748360618948936,,0.5474091395735741,0.023884307593107224,,,,,,,5,0,,,17,,18,,23,sandwich,
childsnack-sat14-strips,child-snack_pfile12.pddl,abs-fd,timed out,1800.1884168311954,abstract_fd_search,,0.23232139647006989,0.003515850752592087,0.44146212562918663,,0.04867227002978325,0.023898079991340637,0.9934568144381046,0.22422267869114876,,0.5447099171578884,,,0.09966517984867096,,,,,5,0,0,0,23,,,0,23,sandwich,
childsnack-sat14-strips,child-snack_pfile12.pddl,asp,timed out,1800.1303945444524,concrete_asp,,,,,,,,0.9901466518640518,,,0.5270899049937725,,,,,,,,,,,,,,,11,,,
childsnack-sat14-strips,child-snack_pfile12.pddl,fd,interrupted,220.74187016487122,,,,,,,,,,,,,,,,,,,,,,,,,,,,,,
childsnack-sat14-strips,child-snack_pfile13-2.pddl,abs-asp,timed out,1800.1177448313683,abstract_asp,,0.22792620584368706,0.0030549298971891403,0.5088287126272917,,0.05346142686903477,0.024906879290938377,1.2845022231340408,0.23328714072704315,,0.6599235739558935,0.026556840166449547,,,,,,,5,0,,,17,,18,,24,sandwich,
childsnack-sat14-strips,child-snack_pfile13-2.pddl,abs-fd,timed out,1800.1905289664865,abstract_fd_search,,0.21509844809770584,0.002971801906824112,0.43078669533133507,,0.05356703698635101,0.024155762046575546,1.136694710701704,0.1874956153333187,,0.5933430418372154,,,0.08259196951985359,,,,,5,0,0,0,24,,,0,24,sandwich,
childsnack-sat14-strips,child-snack_pfile13-2.pddl,asp,timed out,1800.1349641308188,concrete_asp,,,,,,,,1.2247815392911434,,,0.6000709645450115,,,,,,,,,,,,,,,11,,,
childsnack-sat14-strips,child-snack_pfile13-2.pddl,fd,interrupted,258.2396862655878,,,,,,,,,,,,,,,,,,,,,,,,,,,,,,
childsnack-sat14-strips,child-snack_pfile13.pddl,abs-asp,timed out,1800.1114237457514,abstract_asp,,0.21006522327661514,0.0030425861477851868,0.45729126781225204,,0.05285559594631195,0.024832945317029953,1.220353838056326,0.22940577939152718,,0.6566496938467026,0.026515498757362366,,,,,,,5,0,,,18,,19,,24,sandwich,
childsnack-sat14-strips,child-snack_pfile13.pddl,abs-fd,timed out,1800.1985461488366,abstract_fd_search,,0.22012854740023613,0.0030606985092163086,0.4585939347743988,,0.052717629820108414,0.024474862962961197,1.2107142396271229,0.22592442110180855,,0.6425646506249905,,,0.09980864450335503,,,,,5,0,0,0,24,,,0,24,sandwich,
childsnack-sat14-strips,child-snack_pfile13.pddl,asp,timed out,1800.134263698943,concrete_asp,,,,,,,,1.1345524983480573,,,0.560774146579206,,,,,,,,,,,,,,,11,,,
childsnack-sat14-strips,child-snack_pfile13.pddl,fd,interrupted,234.47364865615964,,,,,,,,,,,,,,,,,,,,,,,,,,,,,,
childsnack-sat14-strips,child-snack_pfile14.pddl,abs-asp,timed out,1800.1132916659117,abstract_asp,,0.24020598456263542,0.003132343292236328,0.5479839891195297,,0.05682652071118355,0.025459226220846176,1.3921661674976349,0.23243261128664017,,0.7449817508459091,0.028285104781389236,,,,,,,5,0,,,17,,18,,25,sandwich,
childsnack-sat14-strips,child-snack_pfile14.pddl,abs-fd,timed out,1800.2251624017954,abstract_fd_search,,0.24100138992071152,0.003121122717857361,0.5060077086091042,,0.05783926323056221,0.031743355095386505,1.3314418569207191,0.23074215650558472,,0.7358435653150082,,,0.10317037999629974,,,,,5,0,0,0,25,,,0,25,sandwich,
childsnack-sat14-strips,child-snack_pfile14.pddl,asp,timed out,1800.1357600195333,concrete_asp,,,,,,,,1.3022900046780705,,,0.6411658339202404,,,,,,,,,,,,,,,11,,,
childsnack-sat14-strips,child-snack_pfile14.pddl,fd,interrupted,255.4282332919538,,,,,,,,,,,,,,,,,,,,,,,,,,,,,,
childsnack-sat14-strips,child-snack_pfile15-2.pddl,abs-asp,timed out,1800.1181515939534,abstract_asp,,0.2338610775768757,0.008693955838680267,0.5840440355241299,,0.060488034039735794,0.10186444967985153,1.53149801120162,0.23513954505324364,,0.8630022816359997,0.03127531707286835,,,,,,,5,0,,,17,,18,,26,sandwich,
childsnack-sat14-strips,child-snack_pfile15-2.pddl,abs-fd,timed out,1800.2189999390393,abstract_fd_search,,0.21985133178532124,0.008541123941540718,0.555362856015563,,0.060754379257559776,0.10106542520225048,1.499447314068675,0.2396813053637743,,0.8578557204455137,,,0.10232422687113285,,,,,5,0,0,0,26,,,0,26,sandwich,
childsnack-sat14-strips,child-snack_pfile15-2.pddl,asp,timed out,1800.1374852582812,concrete_asp,,,,,,,,1.5327140130102634,,,0.800782959908247,,,,,,,,,,,,,,,11,,,
childsnack-sat14-strips,child-snack_pfile15-2.pddl,fd,interrupted,251.90417187660933,,,,,,,,,,,,,,,,,,,,,,,,,,,,,,
childsnack-sat14-strips,child-snack_pfile16-2.pddl,abs-asp,timed out,1800.1327503304929,abstract_asp,,0.24640826508402824,0.12747319787740707,0.683452770113945,,0.06781364604830742,0.02787802182137966,1.906806444749236,0.25383660197257996,,1.0186058152467012,0.03387330286204815,,,,,,,5,0,,,16,,17,,28,sandwich,
childsnack-sat14-strips,child-snack_pfile16-2.pddl,abs-fd,timed out,1800.2327318117023,abstract_fd_search,,0.25309839844703674,0.07887941226363182,0.6215639561414719,,0.06723092123866081,0.026883568614721298,1.824904814362526,0.23845114558935165,,1.0199405178427696,,,0.1028546541929245,,,,,5,0,0,0,27,,,0,28,sandwich,
childsnack-sat14-strips,child-snack_pfile16-2.pddl,asp,timed out,1800.1393580930308,concrete_asp,,,,,,,,1.881922253407538,,,0.9322380777448416,,,,,,,,,,,,,,,11,,,
childsnack-sat14-strips,child-snack_pfile16-2.pddl,fd,interrupted,294.92234656214714,,,,,,,,,,,,,,,,,,,,,,,,,,,,,,
childsnack-sat14-strips,child-snack_pfile19-2.pddl,abs-asp,timed out,1800.1228816136718,abstract_asp,,0.32069653645157814,0.0033805258572101593,0.9160840548574924,,0.08339729532599449,0.02941308543086052,2.6025563180446625,0.24983733147382736,,1.4788838848471642,0.041394930332899094,,,,,,,5,0,,,17,,18,,32,sandwich,
childsnack-sat14-strips,child-snack_pfile19-2.pddl,abs-fd,timed out,1800.2244486398995,abstract_fd_search,,0.3107125610113144,0.0034618061035871506,0.8887102175503969,,0.08340282179415226,0.029867103323340416,2.588808247819543,0.2544234376400709,,1.4846293739974499,,,0.10813266783952713,,,,,5,0,0,0,30,,,0,32,sandwich,
childsnack-sat14-strips,child-snack_pfile19-2.pddl,asp,timed out,1800.1530399918556,concrete_asp,,,,,,,,2.4217764772474766,,,1.2721104435622692,,,,,,,,,,,,,,,11,,,
childsnack-sat14-strips,child-snack_pfile19-2.pddl,fd,interrupted,376.4908244945109,,,,,,,,,,,,,,,,,,,,,,,,,,,,,,
childsnack-sat14-strips,child-snack_pfile19.pddl,abs-asp,timed out,1800.0954580307007,abstract_asp,,0.3269340731203556,0.003436420112848282,0.9254055730998516,,0.08252556249499321,0.029836129397153854,2.61776502430439,0.2546323500573635,,1.4576974138617516,0.04104730859398842,,,,,,,5,0,,,16,,17,,32,sandwich,
childsnack-sat14-strips,child-snack_pfile19.pddl,abs-fd,timed out,1800.2759850099683,abstract_fd_search,,0.31008921563625336,0.0034423545002937317,0.8965196870267391,,0.08288651704788208,0.029789570719003677,2.583989515900612,0.2532791905105114,,1.4589103274047375,,,0.11347217857837677,,,,,5,0,0,0,30,,,0,32,sandwich,
childsnack-sat14-strips,child-snack_pfile19.pddl,asp,timed out,1800.1547967121005,concrete_asp,,,,,,,,2.595099911093712,,,1.3625813834369183,,,,,,,,,,,,,,,11,,,
childsnack-sat14-strips,child-snack_pfile19.pddl,fd,interrupted,297.6880551241338,,,,,,,,,,,,,,,,,,,,,,,,,,,,,,
depot,p02.pddl,abs-asp,success,4.583428829908371,total,2.564373,0.178166,0.00278,0.127594,,0.01282,0.036262,0.215482,0.21147,,0.017174,0.014979,0.109238,,1.566437,,,valid,2,0,6,2,6,15,7,3,3,object,
depot,p02.pddl,abs-fd,success,4.677085720002651,total,2.692071,0.174649,0.002781,0.126938,,0.012639,0.035945,0.212478,0.20765,,0.016921,,,0.0869,1.74965,,,valid,2,0,6,2,6,15,,3,3,object,
depot,p02.pddl,asp,success,5.805153641849756,total,1.965936,,,,,,,0.295967,,,0.019974,,,,1.626669,,,valid,,,,,,15,,16,,,
depot,p02.pddl,fd,success,2.306570667773485,total,0.249369,,,,,,,,,0.242338,,,,,,,,valid,,,,,,16,,,,,
depot,p04.pddl,abs-asp,success,78.07150592654943,total,74.25414,0.205342,0.003052,0.195107,,0.014422,0.050843,0.338979,0.276494,,0.047515,0.038816,64.491675,,8.470892,,,valid,2,0,10,0,15,31,16,1,3,object,
depot,p04.pddl,abs-fd,success,279.6336436085403,total,276.850705,0.192903,0.003044,0.174509,,0.014478,0.050534,0.302636,0.273517,,0.047069,,,0.106083,275.57544,,,valid,2,0,12,0,16,32,,1,3,object,
depot,p04.pddl,asp,timed out,1800.1174830803648,concrete_asp,,,,,,,,0.22809729352593422,,,0.04130620788782835,,,,,,,,,,,,,,,28,,,
depot,p04.pddl,fd,success,2.4404007010161877,total,0.373683,,,,,,,,,0.366535,,,,,,,,valid,,,,,,58,,,,,
depot,p08.pddl,abs-asp,timed out,1800.1137867402285,abstract_asp,,0.2054016124457121,0.002953203395009041,0.20115378685295582,,0.015327740460634232,0.07218260876834393,0.36383654177188873,0.26452566869556904,,0.08151005581021309,0.03971026837825775,,,,,,,7,0,,,20,,21,,3,object,
depot,p08.pddl,abs-fd,success,30.96953183785081,total,28.850774,0.198135,0.003028,0.16745,,0.015603,0.074673,0.316971,0.25648,,0.078941,,,0.10315,27.475951,,,valid,7,0,9,0,38,75,,1,3,object,
depot,p08.pddl,asp,timed out,1800.1271655224264,concrete_asp,,,,,,,,0.36704887822270393,,,0.07449618354439735,,,,,,,,,,,,,,,24,,,
depot,p08.pddl,fd,success,4.472934436053038,total,0.867665,,,,,,,,,0.859053,,,,,,,,valid,,,,,,59,,,,,
depot,p09.pddl,abs-asp,timed out,1800.137669665739,abstract_asp,,0.2217335570603609,0.003288866952061653,0.25434503704309464,,0.019318697974085808,0.1821903306990862,0.5051772501319647,0.43734568171203136,,0.15504737943410873,0.12696173787117004,,,,,,,2,0,,,20,,21,,3,object,
depot,p09.pddl,abs-fd,timed out,1800.1395875718445,abstract_fd_search,,0.21678693406283855,0.0032994821667671204,0.2186638731509447,,0.01920304074883461,0.1816095970571041,0.45201469771564007,0.43482327088713646,,0.15464340709149837,,,0.14874576963484287,,,,,2,0,0,0,40,,,0,3,object,
depot,p09.pddl,asp,timed out,1800.1466539911926,concrete_asp,,,,,,,,0.46350978314876556,,,0.14308742806315422,,,,,,,,,,,,,,,31,,,
depot,p09.pddl,fd,success,5.748575082980096,total,3.276388,,,,,,,,,3.273147,,,,,,,,valid,,,,,,124,,,,,
depot,p16.pddl,abs-asp,timed out,1800.1317757479846,abstract_solving,,0.21234342083334923,0.003094930201768875,0.21452311798930168,,0.02511657401919365,0.08505957573652267,0.40617068484425545,0.297988623380661,,0.11047473922371864,0.05242346599698067,5.944593016058207,,,,,,4,0,0,0,11,,12,0,8,object,
depot,p16.pddl,abs-fd,timed out,1800.1239642929286,abstract_fd_search,,0.21102553233504295,0.002901645377278328,0.19212717562913895,,0.023994803428649902,0.08042620122432709,0.3752479571849108,0.2847349848598242,,0.10963049903512001,,,0.1042866837233305,,,,,4,0,0,0,11,,,0,8,object,
depot,p16.pddl,asp,timed out,1800.1251390203834,concrete_asp,,,,,,,,0.37349027395248413,,,0.10290154069662094,,,,,,,,,,,,,,,19,,,
depot,p16.pddl,fd,success,2.2781671956181526,total,0.394974,,,,,,,,,0.391433,,,,,,,,valid,,,,,,27,,,,,
depot,p17.pddl,abs-asp,success,135.61299889162183,total,132.037866,0.228399,0.003648,0.302228,,0.026966,0.184949,0.647425,0.398552,,0.238669,0.104257,76.553458,,53.153236,,,valid,4,0,2,0,12,25,13,1,8,object,
depot,p17.pddl,abs-fd,success,45.45337792113423,total,43.395465,0.215859,0.003064,0.265947,,0.027859,0.184479,0.581541,0.394015,,0.232857,,,0.123,41.232132,,,valid,4,0,2,0,12,25,,1,8,object,
depot,p17.pddl,asp,timed out,1800.13152256608,concrete_asp,,,,,,,,0.6020083427429199,,,0.21946191415190697,,,,,,,,,,,,,,,17,,,
depot,p17.pddl,fd,success,2.8018895983695984,total,0.688023,,,,,,,,,0.679428,,,,,,,,valid,,,,,,26,,,,,
depot,p18.pddl,abs-asp,timed out,1800.1218643635511,abstract_asp,,0.30126021802425385,0.003343794494867325,0.3847007676959038,,0.03042929619550705,0.13055375590920448,0.981912299990654,0.5892454572021961,,0.45103829354047775,0.1950179785490036,,,,,,,4,0,,,17,,18,,8,object,
depot,p18.pddl,abs-fd,timed out,1800.184164499864,abstract_fd_search,,0.31420816481113434,0.0033962689340114594,0.4155352097004652,,0.03241166099905968,0.13510365597903728,1.0113085210323334,0.5845962725579739,,0.4530177488923073,,,0.20384935848414898,,,,,4,0,0,0,30,,,0,8,object,
depot,p18.pddl,asp,timed out,1800.1366536337882,concrete_asp,,,,,,,,0.9779715891927481,,,0.4173550624400377,,,,,,,,,,,,,,,22,,,
depot,p18.pddl,fd,success,8.82262796908617,total,5.766997,,,,,,,,,5.759774,,,,,,,,valid,,,,,,71,,,,,
depot,p21.pddl,abs-asp,timed out,1800.1315944083035,abstract_asp,,0.34137606248259544,0.003208320587873459,0.5916755348443985,,0.05909377336502075,0.27917640283703804,1.4922653958201408,1.1214468628168106,,0.6440687738358974,0.446056354790926,,,,,,,4,0,,,13,,14,,15,object,
depot,p21.pddl,abs-fd,timed out,1800.1548240445554,abstract_fd_search,,0.32380348071455956,0.0032623764127492905,0.5603852197527885,,0.059583455324172974,0.29270402528345585,1.4109450932592154,1.1172778215259314,,0.6420729607343674,,,0.25619802065193653,,,,,4,0,0,0,14,,,0,15,object,
depot,p21.pddl,asp,timed out,1800.1308842599392,concrete_asp,,,,,,,,1.37264833599329,,,0.5810930132865906,,,,,,,,,,,,,,,18,,,
depot,p21.pddl,fd,success,4.4137044586241245,total,1.749544,,,,,,,,,1.74071,,,,,,,,valid,,,,,,34,,,,,
depot,p22.pddl,abs-asp,timed out,1800.163575336337,abstract_asp,,0.37900160998106003,0.003782670944929123,1.434138398617506,,0.06993723288178444,0.4021618291735649,3.8219841942191124,3.125538222491741,,1.774096954613924,1.1980303712189198,,,,,,,4,0,,,15,,16,,15,object,
depot,p22.pddl,abs-fd,timed out,1800.3688667677343,abstract_fd_search,,0.3761835917830467,0.003862384706735611,1.4629138186573982,,0.0713050328195095,0.3994526267051697,3.8401640206575394,3.191088803112507,,1.7663528695702553,,,1.0905110277235508,,,,,4,0,0,0,39,,,0,15,object,
depot,p22.pddl,asp,timed out,1800.1232755631208,concrete_asp,,,,,,,,3.7931602522730827,,,1.6465248465538025,,,,,,,,,,,,,,,22,,,
depot,p22.pddl,fd,timed out,1800.1162247024477,,,,,,,,,,,,,,,,,,,,,,,,,,,,,,
driverlog,p01.pddl,abs-asp,success,3.735656689852476,total,0.9722,0.175517,0.00256,0.138475,,0.008728,0.035654,0.226062,0.190761,,0.010293,0.00635,0.053951,,0.077269,,,valid,2,0,0,0,7,7,8,1,2,object,
driverlog,p01.pddl,abs-fd,success,4.015581537038088,total,1.005605,0.175172,0.002579,0.149359,,0.008832,0.032682,0.224928,0.185943,,0.007668,,,0.081888,0.07651,,,valid,2,0,0,0,7,7,,1,2,object,
driverlog,p01.pddl,asp,success,2.2494937479496,total,0.27825,,,,,,,0.199126,,,0.00747,,,,0.056465,,,valid,,,,,,7,,8,,,
driverlog,p01.pddl,fd,success,3.842989459633827,total,0.28558,,,,,,,,,0.276643,,,,,,,,valid,,,,,,7,,,,,
driverlog,p02.pddl,abs-asp,success,5.410999648272991,total,2.115392,0.194474,0.002954,0.154804,,0.009923,0.039574,0.261794,0.211462,,0.011553,0.007019,0.979631,,0.175338,,,valid,3,0,1,0,13,22,14,1,2,object,
driverlog,p02.pddl,abs-fd,success,4.05782987549901,total,1.149957,0.183314,0.002694,0.144213,,0.009487,0.037995,0.231868,0.185593,,0.010689,,,0.082809,0.199609,,,valid,3,0,2,0,16,26,,1,2,object,
driverlog,p02.pddl,asp,success,23.339246671646833,total,20.291262,,,,,,,0.26407,,,0.012221,,,,19.987301,,,valid,,,,,,19,,20,,,
driverlog,p02.pddl,fd,success,2.5726568065583706,total,0.283967,,,,,,,,,0.276941,,,,,,,,valid,,,,,,23,,,,,
driverlog,p03.pddl,abs-asp,success,4.5626810528337955,total,1.24743,0.186508,0.002652,0.160157,,0.009778,0.038852,0.261192,0.197881,,0.010998,0.007479,0.176944,,0.122315,,,valid,2,0,0,0,10,14,11,1,2,object,
driverlog,p03.pddl,abs-fd,success,3.6297864206135273,total,1.09117,0.18377,0.002856,0.132433,,0.01013,0.038585,0.206107,0.204848,,0.00838,,,0.091847,0.14418,,,valid,2,0,0,0,11,15,,1,2,object,
driverlog,p03.pddl,asp,success,2.4807212986052036,total,0.493903,,,,,,,0.204453,,,0.007565,,,,0.261711,,,valid,,,,,,12,,13,,,
driverlog,p03.pddl,fd,success,2.2070039846003056,total,0.219583,,,,,,,,,0.212711,,,,,,,,valid,,,,,,13,,,,,
driverlog,p05.pddl,abs-asp,success,5.585922382771969,total,2.115225,0.193972,0.00279,0.172411,,0.012024,0.038503,0.268578,0.201234,,0.014232,0.008669,0.784202,,0.3309,,,valid,2,0,2,0,11,23,12,1,4,object,
driverlog,p05.pddl,abs-fd,success,2.5879432559013367,total,0.965882,0.164705,0.002683,0.099715,,0.011746,0.038345,0.162479,0.159011,,0.009119,,,0.069,0.215863,,,valid,2,0,0,0,13,25,,1,4,object,
driverlog,p05.pddl,asp,success,125.29802748933434,total,123.011133,,,,,,,0.205522,,,0.009953,,,,122.761858,,,valid,,,,,,18,,19,,,
driverlog,p05.pddl,fd,success,2.5435037268325686,total,0.271493,,,,,,,,,0.267061,,,,,,,,valid,,,,,,23,,,,,
driverlog,p06.pddl,abs-asp,success,6.459987033158541,total,4.431964,0.176066,0.002874,0.122048,,0.010984,0.043498,0.206599,0.204697,,0.012198,0.009798,3.328145,,0.23187,,,valid,2,0,0,0,11,15,12,1,3,object,
driverlog,p06.pddl,abs-fd,success,3.216377668082714,total,1.179239,0.176061,0.002925,0.121823,,0.011054,0.043513,0.200284,0.200836,,0.011979,,,0.091379,0.266416,,,valid,2,0,0,0,13,17,,1,3,object,
driverlog,p06.pddl,asp,success,4.013263292610645,total,1.774477,,,,,,,0.239676,,,0.011856,,,,1.500208,,,valid,,,,,,11,,12,,,
driverlog,p06.pddl,fd,success,3.3632043888792396,total,0.27782,,,,,,,,,0.271264,,,,,,,,valid,,,,,,17,,,,,
driverlog,p07.pddl,abs-asp,success,7.078382275998592,total,3.98282,0.196705,0.002918,0.158973,,0.011929,0.050744,0.255167,0.202131,,0.016919,0.011078,2.741059,,0.259844,,,valid,2,0,0,0,11,15,12,1,3,object,
driverlog,p07.pddl,abs-fd,success,3.1915872283279896,total,1.204913,0.17741,0.002865,0.120649,,0.011761,0.051225,0.206201,0.198752,,0.013194,,,0.086279,0.269064,,,valid,2,0,0,0,12,16,,1,3,object,
driverlog,p07.pddl,asp,success,28.142879612743855,total,25.167276,,,,,,,0.247045,,,0.015676,,,,24.876778,,,valid,,,,,,13,,14,,,
driverlog,p07.pddl,fd,success,2.2004144340753555,total,0.237747,,,,,,,,,0.228714,,,,,,,,valid,,,,,,18,,,,,
driverlog,p08.pddl,abs-asp,success,1431.9720756188035,total,1428.970725,0.194079,0.002982,0.155811,,0.012321,0.055663,0.24506,0.207175,,0.017497,0.011447,1427.51877,,0.453529,,,valid,2,0,0,0,17,34,18,1,3,object,
driverlog,p08.pddl,abs-fd,success,3.754826609045267,total,1.405758,0.186757,0.00284,0.145647,,0.012021,0.056126,0.230491,0.183124,,0.015625,,,0.148987,0.363829,,,valid,2,0,0,0,17,28,,1,3,object,
driverlog,p08.pddl,asp,timed out,1800.1138057038188,concrete_asp,,,,,,,,0.21060237661004066,,,0.013422340154647827,,,,,,,,,,,,,,,18,,,
driverlog,p08.pddl,fd,success,2.974704187363386,total,0.360263,,,,,,,,,0.350717,,,,,,,,valid,,,,,,27,,,,,
driverlog,p09.pddl,abs-asp,success,1229.611579798162,total,1226.781647,0.203231,0.002924,0.161094,,0.015625,0.068528,0.246458,0.214516,,0.021296,0.014176,1225.257689,,0.493854,,,valid,2,0,0,0,18,26,19,1,3,object,
driverlog,p09.pddl,abs-fd,success,4.7629310246557,total,2.665786,0.193719,0.002924,0.127541,,0.015773,0.069587,0.212637,0.211519,,0.017662,,,0.099962,1.621504,,,valid,2,0,0,0,47,53,,1,3,object,
driverlog,p09.pddl,asp,success,1721.7337882742286,total,1719.49076,,,,,,,0.232935,,,0.02117,,,,1719.171104,,,valid,,,,,,22,,23,,,
driverlog,p09.pddl,fd,success,3.243925577029586,total,0.303341,,,,,,,,,0.29491,,,,,,,,valid,,,,,,56,,,,,
driverlog,p13.pddl,abs-asp,timed out,1800.122048234567,abstract_asp,,0.36568761989474297,0.003164248540997505,0.16025282442569733,,0.029117923229932785,0.3088388666510582,0.2663494199514389,0.27168624475598335,,0.04491245001554489,0.043099286034703255,,,,,,,2,0,,,18,,19,,2,object,
driverlog,p13.pddl,abs-fd,success,7.182309605181217,total,4.583045,0.356329,0.003091,0.168554,,0.02969,0.306454,0.288196,0.272192,,0.042663,,,0.103181,2.883947,,,valid,2,0,0,0,38,43,,1,2,object,
driverlog,p13.pddl,asp,timed out,1800.1136873327196,concrete_asp,,,,,,,,0.30868763476610184,,,0.0425121933221817,,,,,,,,,,,,,,,21,,,
driverlog,p13.pddl,fd,success,3.63312216848135,total,0.437447,,,,,,,,,0.431129,,,,,,,,valid,,,,,,41,,,,,
driverlog,p14.pddl,abs-asp,timed out,1800.123050633818,abstract_asp,,0.3272254206240177,0.003218870609998703,0.16180696710944176,,0.022490154951810837,0.19168639183044434,0.28527677431702614,0.27232876792550087,,0.0466180145740509,0.04169877618551254,,,,,,,3,0,,,18,,19,,2,object,
driverlog,p14.pddl,abs-fd,success,21.68383653089404,total,19.511033,0.312133,0.003044,0.157117,,0.021969,0.189916,0.271946,0.263696,,0.045565,,,0.106436,17.997983,,,valid,3,0,7,0,36,71,,1,2,object,
driverlog,p14.pddl,asp,timed out,1800.122524406761,concrete_asp,,,,,,,,0.26115574687719345,,,0.04272826761007309,,,,,,,,,,,,,,,19,,,
driverlog,p14.pddl,fd,success,4.340099893510342,total,0.374016,,,,,,,,,0.367497,,,,,,,,valid,,,,,,38,,,,,
driverlog,p17.pddl,abs-asp,timed out,1800.1439501084387,abstract_asp,,0.4680866524577141,0.00422745943069458,0.34616777300834656,,0.04518122225999832,0.7250659056007862,0.6245833113789558,0.651623472571373,,0.2544286772608757,0.2301691211760044,,,,,,,2,0,,,16,,17,,3,object,
driverlog,p17.pddl,abs-fd,success,55.49797254242003,total,51.725966,0.421953,0.003953,0.293303,,0.044689,0.694053,0.587537,0.618982,,0.232461,,,0.305368,47.621244,,,valid,2,0,0,0,107,161,,1,3,object,
driverlog,p17.pddl,asp,timed out,1800.0506406240165,concrete_asp,,,,,,,,0.597481045871973,,,0.2236127182841301,,,,,,,,,,,,,,,16,,,
driverlog,p17.pddl,fd,success,4.247366331517696,total,0.844283,,,,,,,,,0.835429,,,,,,,,valid,,,,,,134,,,,,
driverlog,p18.pddl,abs-asp,timed out,1800.0524431429803,abstract_asp,,0.4671473987400532,0.004303555935621262,0.39983992651104927,,0.051548659801483154,0.90476218983531,0.8390082120895386,0.8241543360054493,,0.321247398853302,0.275828592479229,,,,,,,3,0,,,16,,17,,3,object,
driverlog,p18.pddl,abs-fd,timed out,1800.3202484026551,abstract_fd_search,,0.44764168933033943,0.004070039838552475,0.3766595087945461,,0.05149536579847336,0.9020781368017197,0.8081817589700222,0.7911916375160217,,0.316174428910017,,,0.34452464431524277,,,,,3,0,0,0,102,,,0,3,object,
driverlog,p18.pddl,asp,timed out,1800.1297621764243,concrete_asp,,,,,,,,0.8155569359660149,,,0.2991568483412266,,,,,,,,,,,,,,,17,,,
driverlog,p18.pddl,fd,success,8.974524538964033,total,6.204479,,,,,,,,,6.197554,,,,,,,,valid,,,,,,124,,,,,
driverlog,p19.pddl,abs-asp,timed out,1800.1405325606465,abstract_asp,,0.48469365388154984,0.00465799868106842,0.4326328635215759,,0.05652003735303879,1.1033942215144634,0.9227217845618725,0.9442255310714245,,0.37786953151226044,0.34750236198306084,,,,,,,2,0,,,16,,17,,3,object,
driverlog,p19.pddl,abs-fd,success,180.91199583560228,total,175.390874,0.476153,0.004451,0.420521,,0.057039,1.09477,0.897324,0.876654,,0.358723,,,1.945097,166.889607,,,valid,2,0,0,0,209,220,,1,3,object,
driverlog,p19.pddl,asp,timed out,1800.140300925821,concrete_asp,,,,,,,,0.8015895523130894,,,0.3272426426410675,,,,,,,,,,,,,,,18,,,
driverlog,p19.pddl,fd,success,10.82417979836464,total,7.000402,,,,,,,,,6.992718,,,,,,,,valid,,,,,,212,,,,,
elevators-sat08-strips,p01.pddl,abs-asp,success,506.0544945411384,total,502.780068,0.32803,0.002647,0.177284,,0.013473,0.026152,0.289664,0.218417,,0.029056,0.020588,500.912473,,0.658208,,,unchecked: No available engine supports all the problem features:,5,0,0,0,18,35,19,1,2,fast-elevator,
elevators-sat08-strips,p01.pddl,abs-fd,success,4.484248500317335,total,2.109335,0.320986,0.002823,0.144375,,0.014167,0.026977,0.242923,0.2326,,0.027769,,,0.101249,0.912968,,,unchecked: No available engine supports all the problem features:,5,0,0,0,20,39,,1,2,fast-elevator,
elevators-sat08-strips,p01.pddl,asp,success,704.2015605941415,total,701.770144,,,,,,,0.233876,,,0.027585,,,,701.449893,,,unchecked: No available engine supports all the problem features:,,,,,,18,,19,,,
elevators-sat08-strips,p01.pddl,fd,success,3.0056784013286233,total,0.264494,,,,,,,,,0.258671,,,,,,,,unchecked: No available engine supports all the problem features:,,,,,,20,,,,,
elevators-sat08-strips,p02.pddl,abs-asp,timed out,1800.118226904422,abstract_asp,,0.3278988301753998,0.002713266760110855,0.17339564487338066,,0.01432955265045166,0.027068547904491425,0.28632280975580215,0.22372301667928696,,0.03638867288827896,0.024315200746059418,,,,,,,5,0,,,20,,21,,2,fast-elevator,
elevators-sat08-strips,p02.pddl,abs-fd,success,4.828207280486822,total,2.386282,0.320544,0.002686,0.152592,,0.013764,0.027336,0.240222,0.224301,,0.035349,,,0.094987,1.183766,,,unchecked: No available engine supports all the problem features:,5,0,0,0,26,51,,1,2,fast-elevator,
elevators-sat08-strips,p02.pddl,asp,timed out,1800.1271640472114,concrete_asp,,,,,,,,0.2944978252053261,,,0.03192828223109245,,,,,,,,,,,,,,,21,,,
elevators-sat08-strips,p02.pddl,fd,success,2.583787969313562,total,0.230035,,,,,,,,,0.226901,,,,,,,,unchecked: No available engine supports all the problem features:,,,,,,28,,,,,
elevators-sat08-strips,p03.pddl,abs-asp,timed out,1800.0614788718522,abstract_asp,,0.31661002337932587,0.0027286335825920105,0.1407501995563507,,0.014308355748653412,0.028048831969499588,0.2433241903781891,0.22735826671123505,,0.03942115604877472,0.028888534754514694,,,,,,,5,0,,,16,,17,,2,fast-elevator,
elevators-sat08-strips,p03.pddl,abs-fd,success,4.381174776703119,total,2.392292,0.310984,0.002756,0.140589,,0.013911,0.02737,0.2394,0.226707,,0.039313,,,0.091514,1.227614,,,unchecked: No available engine supports all the problem features:,5,0,1,0,19,38,,1,2,fast-elevator,
elevators-sat08-strips,p03.pddl,asp,timed out,1800.1188348531723,concrete_asp,,,,,,,,0.24741170927882195,,,0.038438580930233,,,,,,,,,,,,,,,16,,,
elevators-sat08-strips,p03.pddl,fd,success,2.7445174269378185,total,0.306943,,,,,,,,,0.299974,,,,,,,,unchecked: No available engine supports all the problem features:,,,,,,23,,,,,
elevators-sat08-strips,p04.pddl,abs-asp,timed out,1800.1271941959858,abstract_asp,,0.34169231355190277,0.003018844872713089,0.1670745201408863,,0.014728531241416931,0.028981249779462814,0.2950398363173008,0.2488057240843773,,0.04618556797504425,0.03300638869404793,,,,,,,5,0,,,20,,21,,2,fast-elevator,
elevators-sat08-strips,p04.pddl,abs-fd,success,6.065142046660185,total,4.017219,0.313462,0.002786,0.142354,,0.014185,0.027871,0.25205,0.231444,,0.045247,,,0.100793,2.760222,,,unchecked: No available engine supports all the problem features:,5,0,0,0,39,77,,1,2,fast-elevator,
elevators-sat08-strips,p04.pddl,asp,timed out,1800.121575344354,concrete_asp,,,,,,,,0.2798396833240986,,,0.046596210449934006,,,,,,,,,,,,,,,22,,,
elevators-sat08-strips,p04.pddl,fd,success,2.3955382127314806,total,0.291682,,,,,,,,,0.284805,,,,,,,,unchecked: No available engine supports all the problem features:,,,,,,40,,,,,
elevators-sat08-strips,p05.pddl,abs-asp,timed out,1800.1130065843463,abstract_asp,,0.3261639140546322,0.002888977527618408,0.16156332939863205,,0.01512492448091507,0.028640326112508774,0.2670377381145954,0.2470162808895111,,0.05568365752696991,0.03692902624607086,,,,,,,5,0,,,18,,19,,2,fast-elevator,
elevators-sat08-strips,p05.pddl,abs-fd,success,221.56776009500027,total,218.910787,0.335599,0.002954,0.168231,,0.015491,0.02949,0.298864,0.258267,,0.051621,,,0.105618,217.522139,,,unchecked: No available engine supports all the problem features:,5,0,2,0,28,57,,1,2,fast-elevator,
elevators-sat08-strips,p05.pddl,asp,timed out,1800.1194524690509,concrete_asp,,,,,,,,0.26570653542876244,,,0.04899906739592552,,,,,,,,,,,,,,,20,,,
elevators-sat08-strips,p05.pddl,fd,success,2.1024105213582516,total,0.262384,,,,,,,,,0.257788,,,,,,,,unchecked: No available engine supports all the problem features:,,,,,,36,,,,,
elevators-sat08-strips,p06.pddl,abs-asp,timed out,1800.1194899864495,abstract_asp,,0.3379732221364975,0.002860143780708313,0.18930727615952492,,0.016065102070569992,0.030145730823278427,0.32564254477620125,0.24988408759236336,,0.060185618698596954,0.04363071173429489,,,,,,,2,0,,,21,,22,,3,passenger,
elevators-sat08-strips,p06.pddl,abs-fd,success,9.867366299033165,total,7.891082,0.308998,0.002791,0.150062,,0.015813,0.029803,0.259779,0.245106,,0.056627,,,0.103005,6.585687,,,unchecked: No available engine supports all the problem features:,2,0,1,0,42,84,,1,3,passenger,
elevators-sat08-strips,p06.pddl,asp,timed out,1800.1130796596408,concrete_asp,,,,,,,,0.2970771752297878,,,0.05715968832373619,,,,,,,,,,,,,,,21,,,
elevators-sat08-strips,p06.pddl,fd,success,2.4280358739197254,total,0.303244,,,,,,,,,0.296606,,,,,,,,unchecked: No available engine supports all the problem features:,,,,,,41,,,,,
elevators-sat08-strips,p07.pddl,abs-asp,timed out,1800.115460705012,abstract_asp,,0.3402011953294277,0.0029436759650707245,0.20169716700911522,,0.014638140797615051,0.03052588552236557,0.29558268934488297,0.25423017144203186,,0.06809628009796143,0.044244904071092606,,,,,,,5,0,,,21,,22,,2,fast-elevator,
elevators-sat08-strips,p07.pddl,abs-fd,timed out,1800.1406754478812,abstract_fd_search,,0.3286498822271824,0.002945270389318466,0.17756874859333038,,0.014490224421024323,0.030392523854970932,0.3110162802040577,0.2524396553635597,,0.06489359214901924,,,0.11187375709414482,,,,,5,0,0,0,44,,,0,2,fast-elevator,
elevators-sat08-strips,p07.pddl,asp,timed out,1800.1129307849333,concrete_asp,,,,,,,,0.26725002471357584,,,0.058659338392317295,,,,,,,,,,,,,,,23,,,
elevators-sat08-strips,p07.pddl,fd,success,2.2370577938854694,total,0.295526,,,,,,,,,0.291015,,,,,,,,unchecked: No available engine supports all the problem features:,,,,,,54,,,,,
elevators-sat08-strips,p08.pddl,abs-asp,timed out,1800.0748199597,abstract_asp,,0.3071323558688164,0.003415454179048538,0.15786569193005562,,0.01656533032655716,0.03095293790102005,0.28756673261523247,0.24297143518924713,,0.06692467257380486,0.05161696672439575,,,,,,,2,0,,,21,,22,,3,passenger,
elevators-sat08-strips,p08.pddl,abs-fd,success,8.441843084990978,total,6.469288,0.309902,0.003536,0.156004,,0.016664,0.031397,0.277111,0.261794,,0.067767,,,0.107414,5.082072,,,unchecked: No available engine supports all the problem features:,2,0,0,0,44,88,,1,3,passenger,
elevators-sat08-strips,p08.pddl,asp,timed out,1800.091145399958,concrete_asp,,,,,,,,0.2626841329038143,,,0.06230436637997627,,,,,,,,,,,,,,,23,,,
elevators-sat08-strips,p08.pddl,fd,success,2.939105302095413,total,0.363374,,,,,,,,,0.354553,,,,,,,,unchecked: No available engine supports all the problem features:,,,,,,52,,,,,
elevators-sat08-strips,p09.pddl,abs-asp,timed out,1800.137631855905,abstract_asp,,0.3256956394761801,0.0030892081558704376,0.17228744365274906,,0.016632506623864174,0.03298264741897583,0.3158829063177109,0.27442568354308605,,0.07520519569516182,0.05956398509442806,,,,,,,2,0,,,20,,21,,3,passenger,
elevators-sat08-strips,p09.pddl,abs-fd,success,30.82157303392887,total,27.804719,0.333933,0.003078,0.190957,,0.016532,0.032333,0.341957,0.276227,,0.076804,,,0.117417,26.257509,,,unchecked: No available engine supports all the problem features:,2,0,0,0,45,90,,1,3,passenger,
elevators-sat08-strips,p09.pddl,asp,timed out,1800.1237538978457,concrete_asp,,,,,,,,0.3110341429710388,,,0.07379673793911934,,,,,,,,,,,,,,,21,,,
elevators-sat08-strips,p09.pddl,fd,success,2.088918685913086,total,0.301696,,,,,,,,,0.298146,,,,,,,,unchecked: No available engine supports all the problem features:,,,,,,55,,,,,
elevators-sat08-strips,p10.pddl,abs-asp,timed out,1800.119993697852,abstract_asp,,0.3310740664601326,0.003205038607120514,0.17886982858181,,0.01818404719233513,0.0322822667658329,0.3183714486658573,0.27864745259284973,,0.08118466660380363,0.06043024733662605,,,,,,,2,0,,,24,,25,,4,passenger,
elevators-sat08-strips,p10.pddl,abs-fd,success,161.7203823365271,total,159.591634,0.334256,0.003143,0.181756,,0.018223,0.031945,0.298702,0.272994,,0.080545,,,0.12078,158.027269,,,unchecked: No available engine supports all the problem features:,2,0,0,0,61,121,,1,4,passenger,
elevators-sat08-strips,p10.pddl,asp,timed out,1800.1216571070254,concrete_asp,,,,,,,,0.30319441109895706,,,0.0768878199160099,,,,,,,,,,,,,,,25,,,
elevators-sat08-strips,p10.pddl,fd,success,3.4204706363379955,total,0.426647,,,,,,,,,0.419379,,,,,,,,unchecked: No available engine supports all the problem features:,,,,,,81,,,,,
elevators-sat08-strips,p11.pddl,abs-asp,timed out,1800.0373439453542,abstract_asp,,0.45634235069155693,0.0034853704273700714,0.21553124859929085,,0.026223067194223404,0.05224115774035454,0.365512203425169,0.30534622073173523,,0.09816087409853935,0.07590790838003159,,,,,,,5,0,,,19,,20,,2,fast-elevator,
elevators-sat08-strips,p11.pddl,abs-fd,success,15.491913095116615,total,12.497153,0.465892,0.00342,0.17924,,0.026399,0.052081,0.324694,0.304346,,0.095468,,,0.11796,10.775652,,,unchecked: No available engine supports all the problem features:,5,0,2,0,40,80,,1,2,fast-elevator,
elevators-sat08-strips,p11.pddl,asp,timed out,1800.1223848760128,concrete_asp,,,,,,,,0.2855818569660187,,,0.08426503837108612,,,,,,,,,,,,,,,23,,,
elevators-sat08-strips,p11.pddl,fd,success,3.5645728893578053,total,0.420374,,,,,,,,,0.412517,,,,,,,,unchecked: No available engine supports all the problem features:,,,,,,39,,,,,
elevators-sat08-strips,p12.pddl,abs-asp,timed out,1800.1257437989116,abstract_asp,,0.4567816834896803,0.0031365081667900085,0.24065586365759373,,0.0350722037255764,0.05333816260099411,0.414329519495368,0.2939572799950838,,0.12242734432220459,0.06831339560449123,,,,,,,2,0,,,22,,23,,5,passenger,
elevators-sat08-strips,p12.pddl,abs-fd,success,1628.1979463398457,total,1625.515869,0.409585,0.003109,0.190896,,0.034759,0.053476,0.339738,0.249831,,0.110344,,,0.095154,1623.834048,,,unchecked: No available engine supports all the problem features:,2,0,0,0,39,79,,1,5,passenger,
elevators-sat08-strips,p12.pddl,asp,timed out,1800.1298924461007,concrete_asp,,,,,,,,0.46247052773833275,,,0.1143505796790123,,,,,,,,,,,,,,,23,,,
elevators-sat08-strips,p12.pddl,fd,success,3.166176225990057,total,0.452351,,,,,,,,,0.445086,,,,,,,,unchecked: No available engine supports all the problem features:,,,,,,58,,,,,
elevators-sat08-strips,p13.pddl,abs-asp,timed out,1800.1242629811168,abstract_asp,,0.4505143240094185,0.00332019105553627,0.2052772082388401,,0.029637012630701065,0.05746261030435562,0.38398996368050575,0.3494958281517029,,0.14158009737730026,0.10939756035804749,,,,,,,2,0,,,23,,24,,3,passenger,
elevators-sat08-strips,p13.pddl,abs-fd,success,235.2210941016674,total,232.293913,0.460352,0.003304,0.209629,,0.029756,0.057242,0.384034,0.349952,,0.142234,,,0.142071,230.248574,,,unchecked: No available engine supports all the problem features:,2,0,0,0,51,102,,1,3,passenger,
elevators-sat08-strips,p13.pddl,asp,timed out,1800.1327470131218,concrete_asp,,,,,,,,0.41524095088243484,,,0.1326787956058979,,,,,,,,,,,,,,,24,,,
elevators-sat08-strips,p13.pddl,fd,success,3.1385493390262127,total,0.490161,,,,,,,,,0.482165,,,,,,,,unchecked: No available engine supports all the problem features:,,,,,,56,,,,,
elevators-sat08-strips,p14.pddl,abs-asp,timed out,1800.1290017068386,abstract_asp,,0.470439862459898,0.0036277249455451965,0.2325584851205349,,0.02775660902261734,0.058229099959135056,0.44158149883151054,0.40846478566527367,,0.16126179695129395,0.12798215821385384,,,,,,,5,0,,,20,,21,,2,fast-elevator,
elevators-sat08-strips,p14.pddl,abs-fd,timed out,1800.1759422160685,abstract_fd_search,,0.4528902508318424,0.0035114213824272156,0.22095215693116188,,0.027616240084171295,0.05832405388355255,0.41944893077015877,0.3866812326014042,,0.15947779268026352,,,0.18465660512447357,,,,,5,0,0,0,70,,,0,2,fast-elevator,
elevators-sat08-strips,p14.pddl,asp,timed out,1800.1214743927121,concrete_asp,,,,,,,,0.42153749894350767,,,0.15081056859344244,,,,,,,,,,,,,,,24,,,
elevators-sat08-strips,p14.pddl,fd,success,2.8735842257738113,total,0.561589,,,,,,,,,0.553976,,,,,,,,unchecked: No available engine supports all the problem features:,,,,,,80,,,,,
elevators-sat08-strips,p15.pddl,abs-asp,timed out,1800.126857791096,abstract_asp,,0.4715679809451103,0.0035300254821777344,0.2851334400475025,,0.03081168234348297,0.06607149913907051,0.5216354057192802,0.42303475737571716,,0.19857512041926384,0.15095704421401024,,,,,,,2,0,,,23,,24,,3,passenger,
elevators-sat08-strips,p15.pddl,abs-fd,timed out,1800.1893286295235,abstract_fd_search,,0.45128802582621574,0.003552556037902832,0.23513537272810936,,0.03100166842341423,0.0662957914173603,0.4437665119767189,0.41331107541918755,,0.18157323822379112,,,0.22710156068205833,,,,,2,0,0,0,80,,,0,3,passenger,
elevators-sat08-strips,p15.pddl,asp,timed out,1800.1270204558969,concrete_asp,,,,,,,,0.40232231840491295,,,0.16126707941293716,,,,,,,,,,,,,,,24,,,
elevators-sat08-strips,p15.pddl,fd,success,4.463007980957627,total,0.758742,,,,,,,,,0.749579,,,,,,,,unchecked: No available engine supports all the problem features:,,,,,,107,,,,,
elevators-sat08-strips,p16.pddl,abs-asp,timed out,1800.1262509450316,abstract_asp,,0.4599187672138214,0.0036159753799438477,0.2638027109205723,,0.030428871512413025,0.06788511201739311,0.5004034787416458,0.4504117891192436,,0.20859481021761894,0.17314303666353226,,,,,,,2,0,,,21,,22,,3,passenger,
elevators-sat08-strips,p16.pddl,abs-fd,success,202.73622914403677,total,199.744208,0.429654,0.003564,0.25788,,0.030422,0.062125,0.476665,0.410175,,0.194269,,,0.182441,197.32504,,,unchecked: No available engine supports all the problem features:,2,0,0,0,71,143,,1,3,passenger,
elevators-sat08-strips,p16.pddl,asp,timed out,1800.0365011133254,concrete_asp,,,,,,,,0.42610110715031624,,,0.18154315277934074,,,,,,,,,,,,,,,23,,,
elevators-sat08-strips,p16.pddl,fd,success,2.940740991383791,total,0.645494,,,,,,,,,0.639213,,,,,,,,unchecked: No available engine supports all the problem features:,,,,,,83,,,,,
elevators-sat08-strips,p17.pddl,abs-asp,timed out,1800.1281593590975,abstract_asp,,0.47393708676099777,0.003729935735464096,0.3073537275195122,,0.028434328734874725,0.07030942291021347,0.5729599967598915,0.4704908914864063,,0.2300645224750042,0.17746980488300323,,,,,,,5,0,,,19,,20,,2,fast-elevator,
elevators-sat08-strips,p17.pddl,abs-fd,timed out,1800.1419318281114,abstract_fd_search,,0.4533289708197117,0.0036892518401145935,0.25509248301386833,,0.028409115970134735,0.06945555284619331,0.5055028609931469,0.46536994352936745,,0.2259211651980877,,,0.26275360584259033,,,,,5,0,0,0,86,,,0,2,fast-elevator,
elevators-sat08-strips,p17.pddl,asp,timed out,1800.1302069611847,concrete_asp,,,,,,,,0.5320870205760002,,,0.21623863652348518,,,,,,,,,,,,,,,24,,,
elevators-sat08-strips,p17.pddl,fd,success,3.0737216901034117,total,0.759395,,,,,,,,,0.75313,,,,,,,,unchecked: No available engine supports all the problem features:,,,,,,105,,,,,
elevators-sat08-strips,p18.pddl,abs-asp,timed out,1800.124131143093,abstract_asp,,0.44409285113215446,0.004070397466421127,0.2958412282168865,,0.031636107712984085,0.07148587331175804,0.5484330840408802,0.484458863735199,,0.24527443572878838,0.20898248627781868,,,,,,,2,0,,,25,,26,,3,passenger,
elevators-sat08-strips,p18.pddl,abs-fd,timed out,1800.2401857599616,abstract_fd_search,,0.45619499310851097,0.004224035888910294,0.2766258902847767,,0.03191061690449715,0.07341974228620529,0.5417037680745125,0.5088482424616814,,0.249638631939888,,,0.2990270107984543,,,,,2,0,0,0,109,,,0,3,passenger,
elevators-sat08-strips,p18.pddl,asp,timed out,1800.1231820434332,concrete_asp,,,,,,,,0.5316334944218397,,,0.23269846756011248,,,,,,,,,,,,,,,24,,,
elevators-sat08-strips,p18.pddl,fd,success,3.1378678791224957,total,0.832282,,,,,,,,,0.824327,,,,,,,,unchecked: No available engine supports all the problem features:,,,,,,118,,,,,
elevators-sat08-strips,p19.pddl,abs-asp,timed out,1800.132251676172,abstract_asp,,0.47750090807676315,0.003927648067474365,0.3188626393675804,,0.037818726152181625,0.07428431138396263,0.6223686635494232,0.5084419399499893,,0.2727813348174095,0.21048511564731598,,,,,,,2,0,,,25,,26,,5,passenger,
elevators-sat08-strips,p19.pddl,abs-fd,timed out,1800.2734041549265,abstract_fd_search,,0.4324222542345524,0.0037633273750543594,0.2761580403894186,,0.03755233623087406,0.0705031305551529,0.5480231065303087,0.4847731292247772,,0.25868040323257446,,,0.33341143280267715,,,,,2,0,0,0,120,,,0,5,passenger,
elevators-sat08-strips,p19.pddl,asp,timed out,1800.1266378127038,concrete_asp,,,,,,,,0.5665275380015373,,,0.25384610891342163,,,,,,,,,,,,,,,24,,,
elevators-sat08-strips,p19.pddl,fd,success,2.8578207083046436,total,0.910507,,,,,,,,,0.907113,,,,,,,,unchecked: No available engine supports all the problem features:,,,,,,136,,,,,
elevators-sat08-strips,p20.pddl,abs-asp,timed out,1800.1313108168542,abstract_asp,,0.4679490886628628,0.004059631377458572,0.31113431975245476,,0.03493904694914818,0.06984619796276093,0.6203884966671467,0.5544333383440971,,0.29137466475367546,0.23971987888216972,,,,,,,2,0,,,24,,25,,4,passenger,
elevators-sat08-strips,p20.pddl,abs-fd,timed out,1800.2567865401506,abstract_fd_search,,0.4866887517273426,0.0040910616517066956,0.325610876083374,,0.03577539324760437,0.07668344303965569,0.633280549198389,0.5516072548925877,,0.306372482329607,,,0.3291133716702461,,,,,2,0,0,0,109,,,0,4,passenger,
elevators-sat08-strips,p20.pddl,asp,timed out,1800.1637832038105,concrete_asp,,,,,,,,0.6048847325146198,,,0.28025707975029945,,,,,,,,,,,,,,,24,,,
elevators-sat08-strips,p20.pddl,fd,success,3.004854239523411,total,0.853574,,,,,,,,,0.849765,,,,,,,,unchecked: No available engine supports all the problem features:,,,,,,110,,,,,
elevators-sat08-strips,p21.pddl,abs-asp,timed out,1800.129572659731,abstract_asp,,0.6174618769437075,0.003597499802708626,0.32573396526277065,,0.04587494768202305,0.09575871750712395,0.5899603143334389,0.533514654263854,,0.27925947681069374,0.2145331259816885,,,,,,,5,0,,,19,,20,,2,fast-elevator,
elevators-sat08-strips,p21.pddl,abs-fd,timed out,1800.1764609627426,abstract_fd_search,,0.610942654311657,0.0036124102771282196,0.30162012204527855,,0.046539854258298874,0.09520984441041946,0.5888889394700527,0.5329218208789825,,0.2781880386173725,,,0.24759510904550552,,,,,5,0,0,0,80,,,0,2,fast-elevator,
elevators-sat08-strips,p21.pddl,asp,timed out,1800.119115523994,concrete_asp,,,,,,,,0.6589351147413254,,,0.2610238082706928,,,,,,,,,,,,,,,24,,,
elevators-sat08-strips,p21.pddl,fd,success,4.258270867168903,total,0.842762,,,,,,,,,0.836745,,,,,,,,unchecked: No available engine supports all the problem features:,,,,,,82,,,,,
elevators-sat08-strips,p22.pddl,abs-asp,timed out,1800.0296135991812,abstract_asp,,0.6160378865897655,0.0038157738745212555,0.3344160430133343,,0.04740097001194954,0.10039480030536652,0.752103865146637,0.6096067205071449,,0.3393007814884186,0.2667671926319599,,,,,,,5,0,,,17,,18,,2,fast-elevator,
elevators-sat08-strips,p22.pddl,abs-fd,timed out,1800.2350115254521,abstract_fd_search,,0.613799761980772,0.0037420205771923065,0.3336053304374218,,0.04627007991075516,0.10001739487051964,0.7305505946278572,0.6087244935333729,,0.3580143079161644,,,0.3458976782858372,,,,,5,0,0,0,88,,,0,2,fast-elevator,
elevators-sat08-strips,p22.pddl,asp,timed out,1800.1248355675489,concrete_asp,,,,,,,,0.73284493945539,,,0.32500825449824333,,,,,,,,,,,,,,,22,,,
elevators-sat08-strips,p22.pddl,fd,success,8.948476543650031,total,1.03085,,,,,,,,,1.02741,,,,,,,,unchecked: No available engine supports all the problem features:,,,,,,96,,,,,
elevators-sat08-strips,p23.pddl,abs-asp,timed out,1800.1355194970965,abstract_asp,,0.6015405133366585,0.0037743672728538513,0.3879261426627636,,0.051913898438215256,0.10303013026714325,0.7902174443006516,0.710809625685215,,0.4005078300833702,0.3314689174294472,,,,,,,2,0,,,23,,24,,3,passenger,
elevators-sat08-strips,p23.pddl,abs-fd,timed out,1800.3055136241019,abstract_fd_search,,0.627768985927105,0.0038835741579532623,0.4161521717905998,,0.0521552748978138,0.10463329032063484,0.8551000468432903,0.7815053686499596,,0.4141290783882141,,,0.4213355779647827,,,,,2,0,0,0,99,,,0,3,passenger,
elevators-sat08-strips,p23.pddl,asp,timed out,1800.136074556969,concrete_asp,,,,,,,,0.756178105250001,,,0.36024169996380806,,,,,,,,,,,,,,,24,,,
elevators-sat08-strips,p23.pddl,fd,success,4.039636716246605,total,1.313258,,,,,,,,,1.307497,,,,,,,,unchecked: No available engine supports all the problem features:,,,,,,107,,,,,
elevators-sat08-strips,p24.pddl,abs-asp,timed out,1800.1406915653497,abstract_asp,,0.6428116764873266,0.004085129126906395,0.4431185834109783,,0.05297508463263512,0.11282686330378056,0.9008996039628983,0.8309014029800892,,0.48749509640038013,0.399287449195981,,,,,,,2,0,,,24,,25,,3,passenger,
elevators-sat08-strips,p24.pddl,abs-fd,timed out,1800.3819290287793,abstract_fd_search,,0.6384517289698124,0.004074513912200928,0.4428944066166878,,0.05205361172556877,0.11373774707317352,0.9053893759846687,0.8295315653085709,,0.47521842271089554,,,0.6385804004967213,,,,,2,0,0,0,122,,,0,3,passenger,
elevators-sat08-strips,p24.pddl,asp,timed out,1800.1324199214578,concrete_asp,,,,,,,,0.8973237201571465,,,0.45220737904310226,,,,,,,,,,,,,,,23,,,
elevators-sat08-strips,p24.pddl,fd,success,4.446335647255182,total,1.917304,,,,,,,,,1.910851,,,,,,,,unchecked: No available engine supports all the problem features:,,,,,,146,,,,,
elevators-sat08-strips,p25.pddl,abs-asp,timed out,1800.145298872143,abstract_asp,,0.6641035415232182,0.004235193133354187,0.5158801786601543,,0.05439426377415657,0.11529850587248802,1.0442172400653362,0.9275916069746017,,0.5516259931027889,0.4671156033873558,,,,,,,2,0,,,24,,25,,3,passenger,
elevators-sat08-strips,p25.pddl,abs-fd,timed out,1800.3037638254464,abstract_fd_search,,0.6295749861747026,0.0043194480240345,0.4921488855034113,,0.05403066612780094,0.11734662763774395,1.0011171083897352,0.9302419722080231,,0.5489740557968616,,,0.9743251092731953,,,,,2,0,0,0,150,,,0,3,passenger,
elevators-sat08-strips,p25.pddl,asp,timed out,1800.132327903062,concrete_asp,,,,,,,,0.97400042694062,,,0.49595819413661957,,,,,,,,,,,,,,,24,,,
elevators-sat08-strips,p25.pddl,fd,success,4.247727107256651,total,2.138631,,,,,,,,,2.134554,,,,,,,,unchecked: No available engine supports all the problem features:,,,,,,173,,,,,
elevators-sat08-strips,p26.pddl,abs-asp,timed out,1800.0578361339867,abstract_asp,,0.6530624255537987,0.0043872445821762085,0.5241988189518452,,0.054110098630189896,0.1215035691857338,1.1754184551537037,1.0153523199260235,,0.6190123148262501,0.5360166095197201,,,,,,,2,0,,,23,,24,,3,passenger,
elevators-sat08-strips,p26.pddl,abs-fd,timed out,1800.5117995366454,abstract_fd_search,,0.6442367993295193,0.004392441362142563,0.5656422823667526,,0.054410651326179504,0.11994069814682007,1.2171236127614975,1.01776073127985,,0.6130234785377979,,,1.2332135252654552,,,,,2,0,0,0,151,,,0,3,passenger,
elevators-sat08-strips,p26.pddl,asp,timed out,1800.0484591163695,concrete_asp,,,,,,,,1.2007560804486275,,,0.5797402746975422,,,,,,,,,,,,,,,23,,,
elevators-sat08-strips,p26.pddl,fd,success,6.3671665340662,total,2.364764,,,,,,,,,2.356408,,,,,,,,unchecked: No available engine supports all the problem features:,,,,,,149,,,,,
elevators-sat08-strips,p27.pddl,abs-asp,timed out,1800.1452289186418,abstract_asp,,0.6724824421107769,0.004895571619272232,0.6009487137198448,,0.05921882390975952,0.12262555211782455,1.3149256147444248,1.0739246159791946,,0.6951109692454338,0.5582882352173328,,,,,,,2,0,,,24,,25,,4,passenger,
elevators-sat08-strips,p27.pddl,abs-fd,timed out,1800.632560107857,abstract_fd_search,,0.6447166204452515,0.00482591986656189,0.6141970939934254,,0.06075635552406311,0.12313402444124222,1.3316720053553581,1.0943516232073307,,0.6874208897352219,,,1.6805517598986626,,,,,2,0,0,0,195,,,0,4,passenger,
elevators-sat08-strips,p27.pddl,asp,timed out,1800.1406943257898,concrete_asp,,,,,,,,1.2218685625120997,,,0.6200380530208349,,,,,,,,,,,,,,,24,,,
elevators-sat08-strips,p27.pddl,fd,success,5.5321718864142895,total,2.944521,,,,,,,,,2.936055,,,,,,,,unchecked: No available engine supports all the problem features:,,,,,,186,,,,,
elevators-sat08-strips,p28.pddl,abs-asp,timed out,1800.1517827920616,abstract_asp,,0.7090188600122929,0.005295641720294952,0.6511539183557034,,0.05564418062567711,0.13440895080566406,1.4682165756821632,1.3379412852227688,,0.7559236474335194,0.6782457791268826,,,,,,,2,0,,,24,,25,,3,passenger,
elevators-sat08-strips,p28.pddl,abs-fd,timed out,1800.6895722039044,abstract_fd_search,,0.6008572578430176,0.004950765520334244,0.5507647655904293,,0.056295204907655716,0.12586650252342224,1.2318111695349216,1.1920130886137486,,0.7086986526846886,,,1.5661290846765041,,,,,2,0,0,0,196,,,0,3,passenger,
elevators-sat08-strips,p28.pddl,asp,timed out,1800.147241268307,concrete_asp,,,,,,,,1.4113978259265423,,,0.7060541994869709,,,,,,,,,,,,,,,23,,,
elevators-sat08-strips,p28.pddl,fd,success,7.474226791411638,total,3.459995,,,,,,,,,3.451762,,,,,,,,unchecked: No available engine supports all the problem features:,,,,,,188,,,,,
elevators-sat08-strips,p29.pddl,abs-asp,timed out,1800.1481704860926,abstract_asp,,0.6502272039651871,0.01075933501124382,0.6792211905121803,,0.0560162216424942,0.1257636807858944,1.485423356294632,1.3935984820127487,,0.8137532286345959,0.706181924790144,,,,,,,2,0,,,24,,25,,3,passenger,
elevators-sat08-strips,p29.pddl,abs-fd,interrupted,272.73418694362044,abstract_fd_search,,0.6520212069153786,0.011589128524065018,0.6829602122306824,,0.056970201432704926,0.12652621790766716,1.5038920156657696,1.3998749740421772,,0.8109022155404091,,,2.66920555382967,,,,,2,0,0,0,220,,,0,3,passenger,
elevators-sat08-strips,p29.pddl,asp,timed out,1800.1570419222116,concrete_asp,,,,,,,,1.467949751764536,,,0.7608398050069809,,,,,,,,,,,,,,,24,,,
elevators-sat08-strips,p29.pddl,fd,success,7.685349099338055,total,4.742949,,,,,,,,,4.734189,,,,,,,,unchecked: No available engine supports all the problem features:,,,,,,203,,,,,
elevators-sat08-strips,p30.pddl,abs-asp,timed out,1800.1531754545867,abstract_asp,,0.6704683415591717,0.005482196807861328,0.7388247810304165,,0.06170569732785225,0.1281438060104847,1.5464904643595219,1.442748736590147,,0.8900892473757267,0.7500424049794674,,,,,,,2,0,,,24,,25,,4,passenger,
elevators-sat08-strips,p30.pddl,abs-fd,interrupted,282.5147436596453,abstract_fd_search,,0.6462502479553223,0.005437232553958893,0.685582596808672,,0.06239825859665871,0.1281823217868805,1.5336768627166748,1.4443134479224682,,0.8893336802721024,,,2.7984802909195423,,,,,2,0,0,0,210,,,0,4,passenger,
elevators-sat08-strips,p30.pddl,asp,timed out,1800.1458354331553,concrete_asp,,,,,,,,1.6529348408803344,,,0.836586719378829,,,,,,,,,,,,,,,23,,,
elevators-sat08-strips,p30.pddl,fd,success,6.310004971921444,total,3.731428,,,,,,,,,3.724009,,,,,,,,unchecked: No available engine supports all the problem features:,,,,,,207,,,,,
elevators-sat11-strips,p04.pddl,abs-asp,timed out,1800.034876048565,abstract_asp,,0.47830236703157425,0.004036705940961838,0.3448389247059822,,0.03547550365328789,0.06993042677640915,0.6471954435110092,0.5524386018514633,,0.2899484597146511,0.24055125564336777,,,,,,,2,0,,,24,,25,,4,passenger,
elevators-sat11-strips,p04.pddl,abs-fd,timed out,1800.2776862345636,abstract_fd_search,,0.48536399006843567,0.004293262958526611,0.3171582203358412,,0.035560138523578644,0.0693147573620081,0.6102116499096155,0.5679222084581852,,0.31259786896407604,,,0.3384020961821079,,,,,2,0,0,0,109,,,0,4,passenger,
elevators-sat11-strips,p04.pddl,asp,timed out,1800.1304298229516,concrete_asp,,,,,,,,0.5937456451356411,,,0.2749541476368904,,,,,,,,,,,,,,,24,,,
elevators-sat11-strips,p04.pddl,fd,success,4.745879214257002,total,0.986569,,,,,,,,,0.977903,,,,,,,,unchecked: No available engine supports all the problem features:,,,,,,110,,,,,
elevators-sat11-strips,p05.pddl,abs-asp,timed out,1800.1285754870623,abstract_asp,,0.4980806242674589,0.0041565969586372375,0.31725381314754486,,0.031266357749700546,0.0735931321978569,0.5441210977733135,0.5104634631425142,,0.2540666088461876,0.2138393633067608,,,,,,,2,0,,,25,,26,,3,passenger,
elevators-sat11-strips,p05.pddl,abs-fd,timed out,1800.2501978054643,abstract_fd_search,,0.48223641887307167,0.00438285619020462,0.2809937410056591,,0.03245814889669418,0.07501496374607086,0.5483706146478653,0.5138030909001827,,0.24559062346816063,,,0.32700004801154137,,,,,2,0,0,0,109,,,0,3,passenger,
elevators-sat11-strips,p05.pddl,asp,timed out,1800.1279979608953,concrete_asp,,,,,,,,0.5945523381233215,,,0.23572205007076263,,,,,,,,,,,,,,,24,,,
elevators-sat11-strips,p05.pddl,fd,success,2.8775277361273766,total,0.78954,,,,,,,,,0.784105,,,,,,,,unchecked: No available engine supports all the problem features:,,,,,,118,,,,,
elevators-sat11-strips,p06.pddl,abs-asp,timed out,1800.1485087852925,abstract_asp,,0.6520280987024307,0.004897726699709892,0.6231927499175072,,0.0606085080653429,0.12390457652509212,1.3452931512147188,1.0767696220427752,,0.6928365640342236,0.5813523102551699,,,,,,,2,0,,,24,,25,,4,passenger,
elevators-sat11-strips,p06.pddl,abs-fd,timed out,1800.5783449430019,abstract_fd_search,,0.6470018550753593,0.004919687286019325,0.6006247494369745,,0.06076819635927677,0.12480304576456547,1.312507662922144,1.0890847388654947,,0.6801342163234949,,,1.6937247533351183,,,,,2,0,0,0,195,,,0,4,passenger,
elevators-sat11-strips,p06.pddl,asp,timed out,1800.1367456018925,concrete_asp,,,,,,,,1.265881858766079,,,0.6424170061945915,,,,,,,,,,,,,,,24,,,
elevators-sat11-strips,p06.pddl,fd,success,6.508352894335985,total,2.960441,,,,,,,,,2.953154,,,,,,,,unchecked: No available engine supports all the problem features:,,,,,,186,,,,,
elevators-sat11-strips,p09.pddl,abs-asp,timed out,1800.1506112925708,abstract_asp,,0.6528905630111694,0.009859796613454819,0.6619741357862949,,0.05757813900709152,0.14339854568243027,1.4197459183633327,1.3967518210411072,,0.828419391065836,0.7115742862224579,,,,,,,2,0,,,24,,25,,3,passenger,
elevators-sat11-strips,p09.pddl,abs-fd,interrupted,240.46002403646708,abstract_fd_search,,0.6023440919816494,0.009260974824428558,0.591851819306612,,0.05464443564414978,0.12315371260046959,1.3271788880228996,1.2768261581659317,,0.7613764740526676,,,2.5355395041406155,,,,,2,0,0,0,220,,,0,3,passenger,
elevators-sat11-strips,p09.pddl,asp,timed out,1800.151060551405,concrete_asp,,,,,,,,1.3104290440678596,,,0.71260991320014,,,,,,,,,,,,,,,24,,,
elevators-sat11-strips,p09.pddl,fd,success,8.002777695655823,total,4.433908,,,,,,,,,4.427618,,,,,,,,unchecked: No available engine supports all the problem features:,,,,,,203,,,,,
elevators-sat11-strips,p10.pddl,abs-asp,timed out,1800.1579742357135,abstract_asp,,0.653084184974432,0.005464009940624237,0.683914240449667,,0.06230762228369713,0.12846742197871208,1.5202467255294323,1.4401078633964062,,0.8844447359442711,0.75140330940485,,,,,,,2,0,,,24,,25,,4,passenger,
elevators-sat11-strips,p10.pddl,abs-fd,interrupted,277.23070285096765,abstract_fd_search,,0.6536719277501106,0.005560608580708504,0.6888395715504885,,0.06325710937380791,0.12884727865457535,1.538724571466446,1.4355165772140026,,0.883434284478426,,,2.7239478174597025,,,,,2,0,0,0,210,,,0,4,passenger,
elevators-sat11-strips,p10.pddl,asp,timed out,1800.1499618906528,concrete_asp,,,,,,,,1.52840044349432,,,0.825478944927454,,,,,,,,,,,,,,,23,,,
elevators-sat11-strips,p10.pddl,fd,success,5.614686109125614,total,3.460373,,,,,,,,,3.456325,,,,,,,,unchecked: No available engine supports all the problem features:,,,,,,207,,,,,
elevators-sat11-strips,p11.pddl,abs-asp,timed out,1800.1427574642003,abstract_asp,,0.6698865629732609,0.005172792822122574,1.26062548533082,,0.06613493710756302,0.1369616687297821,2.789151292294264,1.5571212358772755,,1.5310904756188393,0.7527355663478374,,,,,,,5,0,,,19,,20,,4,fast-elevator,
elevators-sat11-strips,p11.pddl,abs-fd,interrupted,170.07557356357574,abstract_fd_search,,0.6113781556487083,0.005027003586292267,1.0776265375316143,,0.06680097430944443,0.13495366647839546,2.4085259325802326,1.410147812217474,,1.4165750071406364,,,2.3465960286557674,,,,,5,0,0,0,228,,,0,4,fast-elevator,
elevators-sat11-strips,p11.pddl,asp,timed out,1800.066074103117,concrete_asp,,,,,,,,2.6727855503559113,,,1.4445443227887154,,,,,,,,,,,,,,,23,,,
elevators-sat11-strips,p11.pddl,fd,success,18.589591693133116,total,15.982425,,,,,,,,,15.975253,,,,,,,,unchecked: No available engine supports all the problem features:,,,,,,254,,,,,
elevators-sat11-strips,p12.pddl,abs-asp,timed out,1800.1760963909328,abstract_asp,,0.7064374200999737,0.005580686032772064,1.347950767725706,,0.07573797553777695,0.15080874785780907,3.186655852943659,2.720539093017578,,1.70076659694314,1.4045070968568325,,,,,,,2,0,,,23,,24,,5,passenger,
elevators-sat11-strips,p12.pddl,abs-fd,interrupted,176.0885428264737,abstract_fd_search,,0.6186752282083035,0.005108922719955444,1.1411576345562935,,0.07310861349105835,0.14557930082082748,2.7325974591076374,2.3885658122599125,,1.5307455733418465,,,9.088966585695744,,,,,2,0,0,0,256,,,0,5,passenger,
elevators-sat11-strips,p12.pddl,asp,timed out,1800.164674025029,concrete_asp,,,,,,,,3.1300466880202293,,,1.550249695777893,,,,,,,,,,,,,,,22,,,
elevators-sat11-strips,p12.pddl,fd,success,16.271488644182682,total,13.656708,,,,,,,,,13.649912,,,,,,,,unchecked: No available engine supports all the problem features:,,,,,,253,,,,,
elevators-sat11-strips,p13.pddl,abs-asp,timed out,1800.1534636691213,abstract_asp,,0.6682469099760056,0.005424898117780685,1.3246795907616615,,0.08143273741006851,0.1530199758708477,3.190312437713146,2.6280548237264156,,1.7439008429646492,1.4388618730008602,,,,,,,2,0,,,24,,25,,6,passenger,
elevators-sat11-strips,p13.pddl,abs-fd,interrupted,209.4131690338254,abstract_fd_search,,0.6727834194898605,0.005472447723150253,1.3720670230686665,,0.0815616063773632,0.15160301327705383,3.2646649591624737,2.785412423312664,,1.756140410900116,,,10.182405583560467,,,,,2,0,0,0,258,,,0,6,passenger,
elevators-sat11-strips,p13.pddl,asp,timed out,1800.1624824814498,concrete_asp,,,,,,,,3.2087058275938034,,,1.660426028072834,,,,,,,,,,,,,,,23,,,
elevators-sat11-strips,p13.pddl,fd,success,22.568166460841894,total,19.946452,,,,,,,,,19.938876,,,,,,,,unchecked: No available engine supports all the problem features:,,,,,,301,,,,,
elevators-sat11-strips,p14.pddl,abs-asp,timed out,1800.1828546188772,abstract_asp,,0.6892269682139158,0.005540905520319939,1.451430555433035,,0.07490403950214386,0.15618465654551983,3.4357668422162533,3.1709740199148655,,1.8965177703648806,1.563883200287819,,,,,,,2,0,,,21,,22,,5,passenger,
elevators-sat11-strips,p14.pddl,abs-fd,interrupted,214.0246724076569,abstract_fd_search,,0.6863587200641632,0.005700509995222092,1.453335464000702,,0.07615434750914574,0.15855899825692177,3.365230329334736,3.185373105108738,,1.8226245157420635,,,16.18347565829754,,,,,2,0,0,0,270,,,0,5,passenger,
elevators-sat11-strips,p14.pddl,asp,timed out,1800.186461944133,concrete_asp,,,,,,,,3.3993814503774047,,,1.7674095900729299,,,,,,,,,,,,,,,22,,,
elevators-sat11-strips,p14.pddl,fd,success,23.115583054721355,total,20.525423,,,,,,,,,20.518442,,,,,,,,unchecked: No available engine supports all the problem features:,,,,,,285,,,,,
elevators-sat11-strips,p15.pddl,abs-asp,timed out,1800.1869767569005,abstract_asp,,0.6884424183517694,0.005604920908808708,1.6283339131623507,,0.07591363228857517,0.15962215699255466,3.7741534765809774,3.329929642379284,,2.012345375493169,1.6938761249184608,,,,,,,2,0,,,23,,24,,5,passenger,
elevators-sat11-strips,p15.pddl,abs-fd,interrupted,173.60374080762267,abstract_fd_search,,0.6385115534067154,0.005592059344053268,1.4666282758116722,,0.07612825930118561,0.1593676507472992,3.3796026296913624,3.0181890912353992,,1.8479867279529572,,,8.621870297938585,,,,,2,0,0,0,273,,,0,5,passenger,
elevators-sat11-strips,p15.pddl,asp,timed out,1800.1838877648115,concrete_asp,,,,,,,,3.7316033095121384,,,1.8836153335869312,,,,,,,,,,,,,,,22,,,
elevators-sat11-strips,p15.pddl,fd,success,29.133066996000707,total,26.424487,,,,,,,,,26.415511,,,,,,,,unchecked: No available engine supports all the problem features:,,,,,,288,,,,,
elevators-sat11-strips,p16.pddl,abs-asp,timed out,1800.1691892072558,abstract_asp,,1.2405254021286964,0.006268646568059921,1.427301336079836,,0.13369300588965416,0.26429392769932747,3.337009981274605,2.2002974562346935,,1.8266181983053684,1.065900832414627,,,,,,,5,0,,,19,,20,,4,fast-elevator,
elevators-sat11-strips,p16.pddl,abs-fd,interrupted,212.80111308768392,abstract_fd_search,,1.2437882237136364,0.00648333877325058,1.4609344750642776,,0.13619978725910187,0.26841238141059875,3.377091620117426,2.1949020624160767,,1.8457721062004566,,,5.09995598718524,,,,,5,0,0,0,259,,,0,4,fast-elevator,
elevators-sat11-strips,p16.pddl,asp,timed out,1800.1694251559675,concrete_asp,,,,,,,,3.370089441537857,,,1.7141551040112972,,,,,,,,,,,,,,,22,,,
elevators-sat11-strips,p16.pddl,fd,success,24.07450618967414,total,20.018772,,,,,,,,,20.010737,,,,,,,,unchecked: No available engine supports all the problem features:,,,,,,261,,,,,
elevators-sat11-strips,p17.pddl,abs-asp,timed out,1800.1663065701723,abstract_asp,,1.252207549288869,0.006098892539739609,1.7021513860672712,,0.13452578336000443,0.26551967300474644,3.837368356063962,2.49541487172246,,2.090799644589424,1.1842642333358526,,,,,,,5,0,,,18,,19,,4,fast-elevator,
elevators-sat11-strips,p17.pddl,abs-fd,interrupted,209.43656899407506,abstract_fd_search,,1.2354094348847866,0.006169009953737259,1.694108597934246,,0.13477159291505814,0.2659250348806381,3.8839772008359432,2.517887782305479,,2.094209238886833,,,8.509928241372108,,,,,5,0,0,0,291,,,0,4,fast-elevator,
elevators-sat11-strips,p17.pddl,asp,timed out,1800.1782027296722,concrete_asp,,,,,,,,3.7926605008542538,,,1.9279045537114143,,,,,,,,,,,,,,,21,,,
elevators-sat11-strips,p17.pddl,fd,success,33.23248877376318,total,30.227747,,,,,,,,,30.219299,,,,,,,,unchecked: No available engine supports all the problem features:,,,,,,296,,,,,
elevators-sat11-strips,p18.pddl,abs-asp,timed out,1800.1815890148282,abstract_asp,,1.2494077309966087,0.006991788744926453,1.8459872715175152,,0.13796713948249817,0.275140218436718,4.427705947309732,2.828628722578287,,2.3187148422002792,1.3251781985163689,,,,,,,5,0,,,19,,20,,4,fast-elevator,
elevators-sat11-strips,p18.pddl,abs-fd,interrupted,206.3692150041461,abstract_fd_search,,1.2563977539539337,0.007049307227134705,1.8403061106801033,,0.13674093410372734,0.27528638765215874,4.422411501407623,2.820221185684204,,2.306474022567272,,,11.103195127099752,,,,,5,0,0,0,320,,,0,4,fast-elevator,
elevators-sat11-strips,p18.pddl,asp,timed out,1800.1918188780546,concrete_asp,,,,,,,,4.3388464488089085,,,2.15492806956172,,,,,,,,,,,,,,,22,,,
elevators-sat11-strips,p18.pddl,fd,success,34.44737429916859,total,31.234577,,,,,,,,,31.225738,,,,,,,,unchecked: No available engine supports all the problem features:,,,,,,313,,,,,
elevators-sat11-strips,p20.pddl,abs-asp,timed out,1800.21464920789,abstract_asp,,1.2953970432281494,0.006984975188970566,2.3120660707354546,,0.14147373661398888,0.2970070205628872,5.112767804414034,3.4772436060011387,,2.829840276390314,1.629579834640026,,,,,,,5,0,,,20,,21,,4,fast-elevator,
elevators-sat11-strips,p20.pddl,abs-fd,interrupted,209.3059406168759,abstract_fd_search,,1.2852911353111267,0.006843913346529007,2.250277765095234,,0.14055578410625458,0.29909901693463326,5.050146408379078,3.4853402487933636,,2.798837326467037,,,13.914755694568157,,,,,5,0,0,0,329,,,0,4,fast-elevator,
elevators-sat11-strips,p20.pddl,asp,timed out,1800.1901089586318,concrete_asp,,,,,,,,4.475474063307047,,,2.5029945112764835,,,,,,,,,,,,,,,21,,,
elevators-sat11-strips,p20.pddl,fd,success,50.70066487416625,total,46.995584,,,,,,,,,46.984817,,,,,,,,unchecked: No available engine supports all the problem features:,,,,,,361,,,,,
floortile-sat11-strips,seq-p01-001.pddl,abs-asp,timed out,1800.1161150187254,abstract_asp,,0.21154393255710602,0.002886444330215454,0.14218473434448242,,0.01303558424115181,0.04186296835541725,0.23346958681941032,0.20159423723816872,,0.01824052259325981,0.00784989818930626,,,,,,,5,0,,,16,,17,,2,robot,
floortile-sat11-strips,seq-p01-001.pddl,abs-fd,success,6.5861630365252495,total,3.412844,0.221868,0.002881,0.156937,,0.012721,0.039825,0.266719,0.192628,,0.01636,,,0.086328,2.344841,,,valid,5,0,9,0,23,47,,1,2,robot,
floortile-sat11-strips,seq-p01-001.pddl,asp,timed out,1800.121633850038,concrete_asp,,,,,,,,0.17901678662747145,,,0.012952744029462337,,,,,,,,,,,,,,,31,,,
floortile-sat11-strips,seq-p01-001.pddl,fd,success,13.693813268095255,total,10.299006,,,,,,,,,10.290992,,,,,,,,valid,,,,,,44,,,,,
floortile-sat11-strips,seq-p01-002.pddl,abs-asp,timed out,1800.0256177354604,abstract_asp,,0.2096916101872921,0.0028377287089824677,0.14032063074409962,,0.013025334104895592,0.040353698655962944,0.20756268687546253,0.19724647514522076,,0.015217134729027748,0.00802181102335453,,,,,,,5,0,,,16,,17,,2,robot,
floortile-sat11-strips,seq-p01-002.pddl,abs-fd,success,3.920035693794489,total,1.925779,0.207825,0.003552,0.123921,,0.012102,0.039898,0.205902,0.195364,,0.014162,,,0.087461,0.963632,,,valid,5,0,9,0,22,44,,1,2,robot,
floortile-sat11-strips,seq-p01-002.pddl,asp,timed out,1800.1222119256854,concrete_asp,,,,,,,,0.17532522603869438,,,0.013977650552988052,,,,,,,,,,,,,,,31,,,
floortile-sat11-strips,seq-p01-002.pddl,fd,success,13.706106260418892,total,11.993748,,,,,,,,,11.990166,,,,,,,,valid,,,,,,41,,,,,
floortile-sat11-strips,seq-p02-003.pddl,abs-asp,timed out,1800.1156530715525,abstract_asp,,0.22514217346906662,0.0030432306230068207,0.15254687145352364,,0.013606734573841095,0.1335095427930355,0.25336576998233795,0.19867631793022156,,0.018817033618688583,0.008736696094274521,,,,,,,5,0,,,17,,18,,2,robot,
floortile-sat11-strips,seq-p02-003.pddl,abs-fd,success,101.50474841892719,total,99.517503,0.211683,0.003077,0.121293,,0.013522,0.13269,0.208869,0.192912,,0.016381,,,0.087321,98.429658,,,valid,5,0,19,0,27,54,,1,2,robot,
floortile-sat11-strips,seq-p02-003.pddl,asp,timed out,1800.118760577403,concrete_asp,,,,,,,,0.21473189815878868,,,0.018134628422558308,,,,,,,,,,,,,,,34,,,
floortile-sat11-strips,seq-p02-003.pddl,fd,success,159.29099399596453,total,155.958843,,,,,,,,,155.952301,,,,,,,,valid,,,,,,57,,,,,
floortile-sat11-strips,seq-p02-004.pddl,abs-asp,timed out,1800.0168292727321,abstract_asp,,0.22473976202309132,0.003029540181159973,0.163417162373662,,0.013546999543905258,0.13238369300961494,0.25128168798983097,0.1992436069995165,,0.016712142154574394,0.008800046518445015,,,,,,,5,0,,,18,,19,,2,robot,
floortile-sat11-strips,seq-p02-004.pddl,abs-fd,success,43.40984809026122,total,40.586203,0.237507,0.003035,0.126706,,0.013554,0.132443,0.245932,0.198994,,0.016099,,,0.089116,39.432196,,,valid,5,0,19,0,35,70,,1,2,robot,
floortile-sat11-strips,seq-p02-004.pddl,asp,timed out,1800.1201231395826,concrete_asp,,,,,,,,0.21210667211562395,,,0.018592974171042442,,,,,,,,,,,,,,,37,,,
floortile-sat11-strips,seq-p02-004.pddl,fd,success,133.08183060213923,total,130.73956,,,,,,,,,130.732855,,,,,,,,valid,,,,,,59,,,,,
floortile-sat11-strips,seq-p03-005.pddl,abs-asp,timed out,1800.1182470787317,abstract_asp,,0.2389184683561325,0.0031005851924419403,0.17980186082422733,,0.014605646952986717,0.1378946714103222,0.2797498609870672,0.2023842465132475,,0.021870985627174377,0.00968264415860176,,,,,,,5,0,,,17,,18,,2,robot,
floortile-sat11-strips,seq-p03-005.pddl,abs-fd,success,19.04462056234479,total,16.1695,0.227278,0.00309,0.162083,,0.014568,0.136404,0.252975,0.202914,,0.019934,,,0.08927,14.96862,,,valid,5,0,10,0,29,57,,1,2,robot,
floortile-sat11-strips,seq-p03-005.pddl,asp,timed out,1800.1203314326704,concrete_asp,,,,,,,,0.24843932688236237,,,0.01962335780262947,,,,,,,,,,,,,,,30,,,
floortile-sat11-strips,seq-p03-005.pddl,fd,success,223.1112051345408,total,221.269166,,,,,,,,,221.262317,,,,,,,,valid,,,,,,51,,,,,
floortile-sat11-strips,seq-p03-006.pddl,abs-asp,timed out,1800.117002427578,abstract_asp,,0.23484479635953903,0.003130827099084854,0.17433631047606468,,0.014724574983119965,0.13833488896489143,0.27787232771515846,0.20537695288658142,,0.01992892473936081,0.009662050753831863,,,,,,,5,0,,,18,,19,,2,robot,
floortile-sat11-strips,seq-p03-006.pddl,abs-fd,success,19.36961342021823,total,16.276617,0.236398,0.003109,0.169158,,0.014539,0.13728,0.270945,0.204015,,0.021305,,,0.09226,15.017436,,,valid,5,0,15,0,38,72,,1,2,robot,
floortile-sat11-strips,seq-p03-006.pddl,asp,timed out,1800.120154697448,concrete_asp,,,,,,,,0.23904896527528763,,,0.017644941806793213,,,,,,,,,,,,,,,31,,,
floortile-sat11-strips,seq-p03-006.pddl,fd,success,224.59371060878038,total,222.37836,,,,,,,,,222.372447,,,,,,,,valid,,,,,,52,,,,,
floortile-sat11-strips,seq-p04-007.pddl,abs-asp,timed out,1800.1239146962762,abstract_asp,,0.3233685977756977,0.00438307598233223,0.14317625015974045,,0.01713712513446808,0.0792631134390831,0.23441366106271744,0.21903853490948677,,0.020992178469896317,0.011805932968854904,,,,,,,5,0,,,17,,18,,2,robot,
floortile-sat11-strips,seq-p04-007.pddl,abs-fd,success,498.4728766307235,total,496.029676,0.288341,0.003665,0.113551,,0.01636,0.077118,0.187991,0.177401,,0.019551,,,0.07979,494.967428,,,valid,5,0,18,0,42,84,,1,2,robot,
floortile-sat11-strips,seq-p04-007.pddl,asp,timed out,1800.120548658073,concrete_asp,,,,,,,,0.18562345579266548,,,0.01836615800857544,,,,,,,,,,,,,,,35,,,
floortile-sat11-strips,seq-p04-007.pddl,fd,interrupted,1453.4250912033021,,,,,,,,,,,,,,,,,,,,,,,,,,,,,,
floortile-sat11-strips,seq-p04-008.pddl,abs-asp,timed out,1800.1171911507845,abstract_asp,,0.32403678819537163,0.003964930772781372,0.17865051701664925,,0.016769379377365112,0.07828355208039284,0.28426213935017586,0.20535880327224731,,0.024251624941825867,0.011011440306901932,,,,,,,5,0,,,17,,18,,2,robot,
floortile-sat11-strips,seq-p04-008.pddl,abs-fd,success,42.349796272814274,total,40.234632,0.304865,0.003929,0.130659,,0.016563,0.077977,0.220516,0.204483,,0.020258,,,0.088973,39.054401,,,valid,5,0,13,0,40,79,,1,2,robot,
floortile-sat11-strips,seq-p04-008.pddl,asp,timed out,1800.1224522478878,concrete_asp,,,,,,,,0.2901200167834759,,,0.02385181188583374,,,,,,,,,,,,,,,33,,,
floortile-sat11-strips,seq-p04-008.pddl,fd,success,1175.7024489790201,total,1172.270085,,,,,,,,,1172.262721,,,,,,,,valid,,,,,,74,,,,,
floortile-sat11-strips,seq-p05-009.pddl,abs-asp,timed out,1800.1194274127483,abstract_asp,,0.3349865637719631,0.0034939348697662354,0.18960430845618248,,0.018179703503847122,0.10701820254325867,0.271116204559803,0.2063927948474884,,0.023925412446260452,0.012278225272893906,,,,,,,5,0,,,17,,18,,2,robot,
floortile-sat11-strips,seq-p05-009.pddl,abs-fd,interrupted,618.6261309199035,concrete_asp,,0.32751142606139183,0.003477334976196289,0.16956821456551552,,0.0179709754884243,0.10504807904362679,0.274962704628706,0.2011597640812397,,0.02647589147090912,,,,,,,,5,0,,,,,,,2,robot,
floortile-sat11-strips,seq-p05-009.pddl,asp,timed out,1800.1207393184304,concrete_asp,,,,,,,,0.28394440561532974,,,0.025444157421588898,,,,,,,,,,,,,,,37,,,
floortile-sat11-strips,seq-p05-009.pddl,fd,interrupted,1511.2377260811627,,,,,,,,,,,,,,,,,,,,,,,,,,,,,,
floortile-sat11-strips,seq-p05-010.pddl,abs-asp,timed out,1800.1179929189384,abstract_asp,,0.33898868039250374,0.003491140902042389,0.18267791718244553,,0.01810562238097191,0.10820551961660385,0.23239592462778091,0.2142750509083271,,0.028155189007520676,0.012520790100097656,,,,,,,5,0,,,18,,19,,2,robot,
floortile-sat11-strips,seq-p05-010.pddl,abs-fd,success,1231.0620295740664,total,1228.935717,0.31879,0.003456,0.1326,,0.018312,0.107682,0.221796,0.205213,,0.02325,,,0.091132,1227.662166,,,valid,5,0,22,0,49,98,,1,2,robot,
floortile-sat11-strips,seq-p05-010.pddl,asp,timed out,1800.124289653264,concrete_asp,,,,,,,,0.23287693597376347,,,0.025378840044140816,,,,,,,,,,,,,,,37,,,
floortile-sat11-strips,seq-p05-010.pddl,fd,interrupted,1474.8794960370287,,,,,,,,,,,,,,,,,,,,,,,,,,,,,,
floortile-sat11-strips,seq-p06-011.pddl,abs-asp,timed out,1800.1166613660753,abstract_asp,,0.3286440372467041,0.0035601630806922913,0.1391673944890499,,0.01930217817425728,0.11898459121584892,0.23264777287840843,0.21202708780765533,,0.027991309762001038,0.013155102729797363,,,,,,,5,0,,,19,,20,,2,robot,
floortile-sat11-strips,seq-p06-011.pddl,abs-fd,timed out,1800.1338361017406,abstract_fd_search,,0.36321430280804634,0.003741305321455002,0.18630556762218475,,0.019430845975875854,0.12028460577130318,0.3054174445569515,0.22844330221414566,,0.02969476953148842,,,0.10343656688928604,,,,,5,0,0,0,53,,,0,2,robot,
floortile-sat11-strips,seq-p06-011.pddl,asp,timed out,1800.121992137283,concrete_asp,,,,,,,,0.2667777054011822,,,0.027346033602952957,,,,,,,,,,,,,,,35,,,
floortile-sat11-strips,seq-p06-011.pddl,fd,interrupted,1516.980438720435,,,,,,,,,,,,,,,,,,,,,,,,,,,,,,
floortile-sat11-strips,seq-p06-012.pddl,abs-asp,timed out,1800.1190103255212,abstract_asp,,0.32701118290424347,0.003640037029981613,0.1876561976969242,,0.019488949328660965,0.12166691944003105,0.2913196422159672,0.21018729358911514,,0.027180489152669907,0.013291262090206146,,,,,,,5,0,,,19,,20,,2,robot,
floortile-sat11-strips,seq-p06-012.pddl,abs-fd,interrupted,580.4048199020326,concrete_asp,,0.3271843157708645,0.003523789346218109,0.1412537842988968,,0.019184306263923645,0.11887597665190697,0.2294193170964718,0.21463091298937798,,0.025321833789348602,,,,,,,,5,0,,,,,,,2,robot,
floortile-sat11-strips,seq-p06-012.pddl,asp,timed out,1800.1228142790496,concrete_asp,,,,,,,,0.19213514775037766,,,0.02229013293981552,,,,,,,,,,,,,,,37,,,
floortile-sat11-strips,seq-p06-012.pddl,fd,interrupted,1537.4271285831928,,,,,,,,,,,,,,,,,,,,,,,,,,,,,,
floortile-sat11-strips,seq-p07-013.pddl,abs-asp,timed out,1800.119052220136,abstract_asp,,0.35421518236398697,0.0037558376789093018,0.18693600967526436,,0.023742422461509705,0.15182119980454445,0.2991894818842411,0.2110469862818718,,0.04441683366894722,0.015061773359775543,,,,,,,5,0,,,18,,19,,3,robot,
floortile-sat11-strips,seq-p07-013.pddl,abs-fd,timed out,1800.138442568481,abstract_fd_search,,0.3423786759376526,0.003946192562580109,0.1484975591301918,,0.024140752851963043,0.14952396228909492,0.2587018199265003,0.21417560800909996,,0.040250666439533234,,,0.09762509539723396,,,,,5,0,0,0,57,,,0,3,robot,
floortile-sat11-strips,seq-p07-013.pddl,asp,timed out,1800.1264947466552,concrete_asp,,,,,,,,0.29489488899707794,,,0.03966301307082176,,,,,,,,,,,,,,,32,,,
floortile-sat11-strips,seq-p07-013.pddl,fd,timed out,1800.1133344722912,,,,,,,,,,,,,,,,,,,,,,,,,,,,,,
floortile-sat11-strips,seq-p07-014.pddl,abs-asp,timed out,1800.0618945546448,abstract_asp,,0.3408971317112446,0.0038505271077156067,0.14802215993404388,,0.02370893955230713,0.14646967127919197,0.25409456714987755,0.21449420973658562,,0.04046545922756195,0.015157271176576614,,,,,,,5,0,,,19,,20,,3,robot,
floortile-sat11-strips,seq-p07-014.pddl,abs-fd,interrupted,682.277248993516,concrete_asp,,0.3564117755740881,0.0038872677832841873,0.14983423426747322,,0.023938586935400963,0.1474675815552473,0.25104688853025436,0.20968348905444145,,0.04098009876906872,,,,,,,,5,0,,,,,,,3,robot,
floortile-sat11-strips,seq-p07-014.pddl,asp,timed out,1800.124588418752,concrete_asp,,,,,,,,0.31858475506305695,,,0.042664263397455215,,,,,,,,,,,,,,,34,,,
floortile-sat11-strips,seq-p07-014.pddl,fd,interrupted,1766.7290077283978,,,,,,,,,,,,,,,,,,,,,,,,,,,,,,
floortile-sat11-strips,seq-p08-015.pddl,abs-asp,timed out,1800.0381106100976,abstract_asp,,0.3788892813026905,0.0041708387434482574,0.2021407075226307,,0.028057321906089783,0.2101370170712471,0.3319302387535572,0.22061074897646904,,0.05176890641450882,0.01754659414291382,,,,,,,5,0,,,20,,21,,3,robot,
floortile-sat11-strips,seq-p08-015.pddl,abs-fd,timed out,1800.1530163660645,abstract_fd_search,,0.39499571546912193,0.004376593977212906,0.20902584493160248,,0.028985753655433655,0.21077534183859825,0.3480434939265251,0.23376721516251564,,0.05227222293615341,,,0.39928795769810677,,,,,5,0,0,0,79,,,0,3,robot,
floortile-sat11-strips,seq-p08-015.pddl,asp,timed out,1800.1248413324356,concrete_asp,,,,,,,,0.34540875628590584,,,0.04985341802239418,,,,,,,,,,,,,,,35,,,
floortile-sat11-strips,seq-p08-015.pddl,fd,interrupted,1689.0603393800557,,,,,,,,,,,,,,,,,,,,,,,,,,,,,,
floortile-sat11-strips,seq-p08-016.pddl,abs-asp,timed out,1800.1188607420772,abstract_asp,,0.39275342784821987,0.004215460270643234,0.20841080136597157,,0.028071105480194092,0.20841852575540543,0.3415750339627266,0.22406155243515968,,0.05255948193371296,0.0174727700650692,,,,,,,5,0,,,19,,20,,3,robot,
floortile-sat11-strips,seq-p08-016.pddl,abs-fd,timed out,1800.052776357159,abstract_fd_search,,0.36554024927318096,0.00419975072145462,0.1600886732339859,,0.028288191184401512,0.21026362664997578,0.2753196209669113,0.221751157194376,,0.04865226708352566,,,0.10478612221777439,,,,,5,0,0,0,85,,,0,3,robot,
floortile-sat11-strips,seq-p08-016.pddl,asp,timed out,1800.125773627311,concrete_asp,,,,,,,,0.32148876413702965,,,0.048922158777713776,,,,,,,,,,,,,,,35,,,
floortile-sat11-strips,seq-p08-016.pddl,fd,interrupted,1789.9121601954103,,,,,,,,,,,,,,,,,,,,,,,,,,,,,,
floortile-sat11-strips,seq-p09-017.pddl,abs-asp,timed out,1800.1185522563756,abstract_asp,,0.39245159551501274,0.00442572683095932,0.2073545828461647,,0.030765507370233536,0.26438789814710617,0.35392556339502335,0.23024650663137436,,0.06003159284591675,0.019683755934238434,,,,,,,5,0,,,21,,22,,3,robot,
floortile-sat11-strips,seq-p09-017.pddl,abs-fd,timed out,1800.1553666852415,abstract_fd_search,,0.40290688909590244,0.004480229690670967,0.21790527179837227,,0.03161141835153103,0.26363530941307545,0.3611758090555668,0.23075559735298157,,0.06065128929913044,,,0.10881532914936543,,,,,5,0,0,0,91,,,0,3,robot,
floortile-sat11-strips,seq-p09-017.pddl,asp,timed out,1800.129564665258,concrete_asp,,,,,,,,0.3069271892309189,,,0.05461591109633446,,,,,,,,,,,,,,,36,,,
floortile-sat11-strips,seq-p09-017.pddl,fd,timed out,1800.1130671016872,,,,,,,,,,,,,,,,,,,,,,,,,,,,,,
floortile-sat11-strips,seq-p09-018.pddl,abs-asp,timed out,1800.1155002824962,abstract_asp,,0.4016382694244385,0.004515510052442551,0.20313279330730438,,0.030852608382701874,0.2670206017792225,0.3306928984820843,0.2241656333208084,,0.060177791863679886,0.019645359367132187,,,,,,,5,0,,,19,,20,,3,robot,
floortile-sat11-strips,seq-p09-018.pddl,abs-fd,timed out,1800.0666984058917,abstract_fd_search,,0.39833641424775124,0.0046800896525382996,0.17729895561933517,,0.031617000699043274,0.26565342769026756,0.3092506043612957,0.24612773582339287,,0.057330675423145294,,,0.11303234100341797,,,,,5,0,0,0,87,,,0,3,robot,
floortile-sat11-strips,seq-p09-018.pddl,asp,timed out,1800.124311428517,concrete_asp,,,,,,,,0.2894664593040943,,,0.05246901512145996,,,,,,,,,,,,,,,35,,,
floortile-sat11-strips,seq-p09-018.pddl,fd,timed out,1800.0452090986073,,,,,,,,,,,,,,,,,,,,,,,,,,,,,,
floortile-sat11-strips,seq-p10-019.pddl,abs-asp,timed out,1800.1194754429162,abstract_asp,,0.4121284484863281,0.004787959158420563,0.17342324927449226,,0.0353887565433979,0.3520396463572979,0.30436787754297256,0.23311620205640793,,0.06616415455937386,0.022753633558750153,,,,,,,5,0,,,22,,23,,3,robot,
floortile-sat11-strips,seq-p10-019.pddl,abs-fd,timed out,1800.1623268313706,abstract_fd_search,,0.4303165040910244,0.004889238625764847,0.17543816193938255,,0.03524066135287285,0.3706630691885948,0.3063270226120949,0.23594454675912857,,0.06558692455291748,,,0.11375231668353081,,,,,5,0,0,0,89,,,0,3,robot,
floortile-sat11-strips,seq-p10-019.pddl,asp,timed out,1800.1269077798352,concrete_asp,,,,,,,,0.31288389675319195,,,0.06216160301119089,,,,,,,,,,,,,,,39,,,
floortile-sat11-strips,seq-p10-019.pddl,fd,timed out,1800.0190695114434,,,,,,,,,,,,,,,,,,,,,,,,,,,,,,
floortile-sat11-strips,seq-p10-020.pddl,abs-asp,timed out,1800.1181013472378,abstract_asp,,0.42273515835404396,0.004923731088638306,0.2108752727508545,,0.0350862517952919,0.3566061817109585,0.35658329725265503,0.20921588689088821,,0.06489308178424835,0.021341703832149506,,,,,,,5,0,,,20,,21,,3,robot,
floortile-sat11-strips,seq-p10-020.pddl,abs-fd,timed out,1800.0852352157235,abstract_fd_search,,0.4262741096317768,0.00477992370724678,0.2122512385249138,,0.035055726766586304,0.3569153882563114,0.35788049548864365,0.2364262044429779,,0.06972920149564743,,,0.1142704002559185,,,,,5,0,0,0,121,,,0,3,robot,
floortile-sat11-strips,seq-p10-020.pddl,asp,timed out,1800.1127478592098,concrete_asp,,,,,,,,0.29018086194992065,,,0.05953076854348183,,,,,,,,,,,,,,,37,,,
floortile-sat11-strips,seq-p10-020.pddl,fd,timed out,1800.111351199448,,,,,,,,,,,,,,,,,,,,,,,,,,,,,,
gripper,prob01.pddl,abs-asp,success,3.691329274326563,total,0.93926,0.145038,0.001707,0.122489,,0.00507,0.010863,0.205589,0.182654,,0.005942,0.003807,0.024345,,0.161763,,,valid,2,0,3,4,3,11,4,5,4,object,
gripper,prob01.pddl,abs-fd,success,2.696341659873724,total,0.914427,0.134424,0.001682,0.107328,,0.005102,0.010713,0.178414,0.177337,,0.005489,,,0.080625,0.160776,,,valid,2,0,3,4,3,11,,5,4,object,
gripper,prob01.pddl,asp,success,2.0589421559125185,total,0.370896,,,,,,,0.193639,,,0.00746,,,,0.158124,,,valid,,,,,,11,,12,,,
gripper,prob01.pddl,fd,success,2.1414009034633636,total,0.205683,,,,,,,,,0.197777,,,,,,,,valid,,,,,,11,,,,,
gripper,prob02.pddl,abs-asp,success,9.902867194265127,total,7.708352,0.14401,0.001982,0.111634,,0.006619,0.011207,0.197488,0.1945,,0.006758,0.004407,0.024409,,6.94051,,,valid,2,0,3,10,3,17,4,11,6,object,
gripper,prob02.pddl,abs-fd,success,8.17752580344677,total,5.186862,0.150551,0.001774,0.143459,,0.006248,0.010457,0.232223,0.175364,,0.009758,,,0.081619,4.313152,,,valid,2,0,3,10,3,17,,11,6,object,
gripper,prob02.pddl,asp,success,7.275014042854309,total,4.620972,,,,,,,0.198386,,,0.00829,,,,4.394869,,,valid,,,,,,17,,18,,,
gripper,prob02.pddl,fd,success,2.3632667558267713,total,0.203907,,,,,,,,,0.200287,,,,,,,,valid,,,,,,17,,,,,
gripper,prob03.pddl,abs-asp,success,553.6345673203468,total,551.008342,0.147889,0.001836,0.126713,,0.007622,0.01047,0.211778,0.169606,,0.009911,0.003631,0.017879,,550.241974,,,valid,2,0,3,16,3,23,4,17,8,object,
gripper,prob03.pddl,abs-fd,success,688.2055233493447,total,685.391404,0.152108,0.001877,0.142604,,0.007707,0.010341,0.228995,0.169757,,0.011126,,,0.079309,684.520884,,,valid,2,0,3,16,3,23,,17,8,object,
gripper,prob03.pddl,asp,success,196.3374450393021,total,193.911928,,,,,,,0.210406,,,0.007491,,,,193.661391,,,valid,,,,,,23,,24,,,
gripper,prob03.pddl,fd,success,2.292099554091692,total,0.224977,,,,,,,,,0.21796,,,,,,,,valid,,,,,,23,,,,,
gripper,prob04.pddl,abs-asp,timed out,1800.1141279153526,abstract_solving,,0.15823286399245262,0.001992553472518921,0.1521437168121338,,0.009180549532175064,0.010553840547800064,0.2595220319926739,0.18609922006726265,,0.011603616178035736,0.004158157855272293,0.025681037455797195,,,,,,2,0,3,17,3,,4,18,10,object,
gripper,prob04.pddl,abs-fd,timed out,1800.1140440180898,abstract_fd_search,,0.14262297376990318,0.0019832663238048553,0.14891516789793968,,0.009243793785572052,0.010556589812040329,0.2139269895851612,0.1831006482243538,,0.009652294218540192,,,0.0858759842813015,,,,,2,0,3,16,3,,,17,10,object,
gripper,prob04.pddl,asp,timed out,1800.122758295387,concrete_asp,,,,,,,,0.27550841867923737,,,0.012271136045455933,,,,,,,,,,,,,,,26,,,
gripper,prob04.pddl,fd,success,2.5193757079541683,total,0.226928,,,,,,,,,0.219895,,,,,,,,valid,,,,,,29,,,,,
gripper,prob05.pddl,abs-asp,timed out,1800.1169840097427,abstract_solving,,0.16328654438257217,0.002261914312839508,0.15604300051927567,,0.01131320372223854,0.010777674615383148,0.2560437321662903,0.19002721458673477,,0.012884531170129776,0.004469510167837143,0.025812406092882156,,,,,,2,0,3,16,3,,4,17,12,object,
gripper,prob05.pddl,abs-fd,timed out,1800.113217946142,abstract_fd_search,,0.14941261895000935,0.0020970646291971207,0.12486620806157589,,0.011064833030104637,0.010457322001457214,0.21290319226682186,0.17990785092115402,,0.010578427463769913,,,0.08369197323918343,,,,,2,0,3,16,3,,,17,12,object,
gripper,prob05.pddl,asp,timed out,1800.1166248321533,concrete_asp,,,,,,,,0.16117152944207191,,,0.009280703961849213,,,,,,,,,,,,,,,26,,,
gripper,prob05.pddl,fd,success,2.107830625027418,total,0.20816,,,,,,,,,0.202004,,,,,,,,valid,,,,,,35,,,,,
gripper,prob06.pddl,abs-asp,timed out,1800.1139228530228,abstract_solving,,0.1687481738626957,0.002194788306951523,0.16035186685621738,,0.013083387166261673,0.010393578559160233,0.26052883453667164,0.18235501274466515,,0.01472211442887783,0.004153290763497353,0.026616737246513367,,,,,,2,0,3,16,3,,4,17,14,object,
gripper,prob06.pddl,abs-fd,timed out,1800.046108469367,abstract_fd_search,,0.16213659942150116,0.002350635826587677,0.17595649138092995,,0.013984102755784988,0.010889090597629547,0.2454715482890606,0.19001185148954391,,0.013438709080219269,,,0.08619669824838638,,,,,2,0,3,15,3,,,16,14,object,
gripper,prob06.pddl,asp,timed out,1800.1172858960927,concrete_asp,,,,,,,,0.20841853320598602,,,0.011008676141500473,,,,,,,,,,,,,,,26,,,
gripper,prob06.pddl,fd,success,2.1625159457325935,total,0.219042,,,,,,,,,0.212168,,,,,,,,valid,,,,,,41,,,,,
gripper,prob07.pddl,abs-asp,timed out,1800.113964933902,abstract_solving,,0.15344346687197685,0.0023117102682590485,0.11581361293792725,,0.015182692557573318,0.010431058704853058,0.20247982069849968,0.18560932576656342,,0.010893810540437698,0.004075046628713608,0.023731708526611328,,,,,,2,0,3,17,3,,4,18,16,object,
gripper,prob07.pddl,abs-fd,timed out,1800.114257890731,abstract_fd_search,,0.16401688382029533,0.00231015682220459,0.14904221892356873,,0.015237521380186081,0.010301973670721054,0.2406294159591198,0.17877710238099098,,0.014010701328516006,,,0.08286372944712639,,,,,2,0,3,16,3,,,17,16,object,
gripper,prob07.pddl,asp,timed out,1800.1187840215862,concrete_asp,,,,,,,,0.21594012528657913,,,0.013382229954004288,,,,,,,,,,,,,,,26,,,
gripper,prob07.pddl,fd,success,2.219946935772896,total,0.224996,,,,,,,,,0.217712,,,,,,,,valid,,,,,,47,,,,,
gripper,prob08.pddl,abs-asp,timed out,1800.1209056675434,abstract_solving,,0.1691538617014885,0.002529796212911606,0.17837419733405113,,0.0177876316010952,0.010799046605825424,0.27270543947815895,0.18862668797373772,,0.01569516211748123,0.004324764013290405,0.02700469270348549,,,,,,2,0,3,18,3,,4,19,18,object,
gripper,prob08.pddl,abs-fd,timed out,1800.119445413351,abstract_fd_search,,0.15729055553674698,0.002393897622823715,0.12138456851243973,,0.017612341791391373,0.010584212839603424,0.19840819016098976,0.18049637228250504,,0.011237390339374542,,,0.08707957714796066,,,,,2,0,3,17,3,,,18,18,object,
gripper,prob08.pddl,asp,timed out,1800.1153901331127,concrete_asp,,,,,,,,0.16198181360960007,,,0.011338956654071808,,,,,,,,,,,,,,,26,,,
gripper,prob08.pddl,fd,success,2.214696468785405,total,0.225116,,,,,,,,,0.218712,,,,,,,,valid,,,,,,53,,,,,
gripper,prob09.pddl,abs-asp,timed out,1800.135402932763,abstract_solving,,0.17866199277341366,0.0024682562798261642,0.1598021648824215,,0.020935168489813805,0.010120371356606483,0.251825911924243,0.18349706567823887,,0.015894435346126556,0.003968827426433563,0.025061985477805138,,,,,,2,0,3,16,3,,4,17,20,object,
gripper,prob09.pddl,abs-fd,timed out,1800.1175401583314,abstract_fd_search,,0.17297840863466263,0.0024567730724811554,0.1591459959745407,,0.02089739218354225,0.010212674736976624,0.25794705748558044,0.18349331244826317,,0.015546847134828568,,,0.08647187799215317,,,,,2,0,3,16,3,,,17,20,object,
gripper,prob09.pddl,asp,timed out,1800.1220137886703,concrete_asp,,,,,,,,0.21855184063315392,,,0.015028804540634155,,,,,,,,,,,,,,,27,,,
gripper,prob09.pddl,fd,success,1.859338790178299,total,0.183125,,,,,,,,,0.179915,,,,,,,,valid,,,,,,59,,,,,
gripper,prob10.pddl,abs-asp,timed out,1800.116238836199,abstract_solving,,0.17174409329891205,0.002565726637840271,0.15068650990724564,,0.022921200841665268,0.010029546916484833,0.244814895093441,0.1811051107943058,,0.016012579202651978,0.003817051649093628,0.01984722539782524,,,,,,2,0,3,17,3,,4,18,22,object,
gripper,prob10.pddl,abs-fd,timed out,1800.1149930991232,abstract_fd_search,,0.17674576491117477,0.00254938006401062,0.15384786576032639,,0.02277066931128502,0.010064147412776947,0.24490105360746384,0.17833220213651657,,0.016654975712299347,,,0.08386170119047165,,,,,2,0,3,17,3,,,18,22,object,
gripper,prob10.pddl,asp,timed out,1800.1167990528047,concrete_asp,,,,,,,,0.22882525995373726,,,0.015331350266933441,,,,,,,,,,,,,,,26,,,
gripper,prob10.pddl,fd,success,2.213661152869463,total,0.223647,,,,,,,,,0.218507,,,,,,,,valid,,,,,,65,,,,,
gripper,prob11.pddl,abs-asp,timed out,1800.1138618718833,abstract_solving,,0.166660875082016,0.0033676717430353165,0.12484508380293846,,0.025700384750962257,0.010209782049059868,0.20532270893454552,0.18310692720115185,,0.0138758085668087,0.004186335951089859,0.02560986950993538,,,,,,2,0,3,17,3,,4,18,24,object,
gripper,prob11.pddl,abs-fd,timed out,1800.1172460727394,abstract_fd_search,,0.17392349243164062,0.003341708332300186,0.1247098483145237,,0.025985650718212128,0.010171286761760712,0.2058102712035179,0.18188542872667313,,0.013527538627386093,,,0.08571197465062141,,,,,2,0,3,17,3,,,18,24,object,
gripper,prob11.pddl,asp,timed out,1800.118041843176,concrete_asp,,,,,,,,0.25450413674116135,,,0.016530737280845642,,,,,,,,,,,,,,,26,,,
gripper,prob11.pddl,fd,success,2.2552542574703693,total,0.23095,,,,,,,,,0.223959,,,,,,,,valid,,,,,,71,,,,,
gripper,prob12.pddl,abs-asp,timed out,1800.1180869769305,abstract_solving,,0.18494017608463764,0.008181888610124588,0.1632936391979456,,0.028799179941415787,0.010164495557546616,0.22951302863657475,0.18506664223968983,,0.015388665720820427,0.00411609373986721,0.024841753765940666,,,,,,2,0,3,17,3,,4,18,26,object,
gripper,prob12.pddl,abs-fd,timed out,1800.1165215298533,abstract_fd_search,,0.1612599715590477,0.0066834017634391785,0.11143440380692482,,0.02831735834479332,0.00969276949763298,0.1798011250793934,0.1602531224489212,,0.013831410557031631,,,0.07233062759041786,,,,,2,0,3,17,3,,,18,26,object,
gripper,prob12.pddl,asp,timed out,1800.1175707243383,concrete_asp,,,,,,,,0.26864324137568474,,,0.018752746284008026,,,,,,,,,,,,,,,26,,,
gripper,prob12.pddl,fd,success,3.308450222015381,total,0.27705,,,,,,,,,0.270824,,,,,,,,valid,,,,,,77,,,,,
gripper,prob13.pddl,abs-asp,timed out,1800.118123397231,abstract_solving,,0.18747396767139435,0.003530353307723999,0.161518182605505,,0.031852640211582184,0.009980861097574234,0.25836972892284393,0.18306546658277512,,0.017986588180065155,0.003958646208047867,0.021464332938194275,,,,,,2,0,3,17,3,,4,18,28,object,
gripper,prob13.pddl,abs-fd,timed out,1800.1163313109428,abstract_fd_search,,0.18269244767725468,0.0035284943878650665,0.1405941266566515,,0.03237892501056194,0.010026849806308746,0.2239024080336094,0.17873634584248066,,0.016818473115563393,,,0.08585602603852749,,,,,2,0,3,17,3,,,18,28,object,
gripper,prob13.pddl,asp,timed out,1800.1188067048788,concrete_asp,,,,,,,,0.21383468806743622,,,0.017951972782611847,,,,,,,,,,,,,,,25,,,
gripper,prob13.pddl,fd,success,2.091869778931141,total,0.209386,,,,,,,,,0.203298,,,,,,,,valid,,,,,,83,,,,,
gripper,prob14.pddl,abs-asp,timed out,1800.1146633960307,abstract_solving,,0.19810783490538597,0.003588743507862091,0.18204496428370476,,0.03589901328086853,0.010069195181131363,0.2797616459429264,0.18850094452500343,,0.020464859902858734,0.004441969096660614,0.024205412715673447,,,,,,2,0,3,17,3,,4,18,30,object,
gripper,prob14.pddl,abs-fd,timed out,1800.1171357408166,abstract_fd_search,,0.18512815982103348,0.0035637542605400085,0.14805446565151215,,0.03604711964726448,0.009969156235456467,0.2337387092411518,0.17302865907549858,,0.018488992005586624,,,0.07818931713700294,,,,,2,0,3,17,3,,,18,30,object,
gripper,prob14.pddl,asp,timed out,1800.119163427502,concrete_asp,,,,,,,,0.21683980897068977,,,0.01586148515343666,,,,,,,,,,,,,,,26,,,
gripper,prob14.pddl,fd,success,1.936014637351036,total,0.198059,,,,,,,,,0.194406,,,,,,,,valid,,,,,,89,,,,,
gripper,prob15.pddl,abs-asp,timed out,1800.113086124882,abstract_solving,,0.18241339176893234,0.003086935728788376,0.13110068254172802,,0.039377592504024506,0.010660208761692047,0.21170798502862453,0.18102358654141426,,0.017307648435235023,0.0038860253989696503,0.025088444352149963,,,,,,2,0,3,17,3,,4,18,32,object,
gripper,prob15.pddl,abs-fd,timed out,1800.1163739822805,abstract_fd_search,,0.17856145650148392,0.0029795318841934204,0.12329364567995071,,0.039256852120161057,0.010348692536354065,0.19660155102610588,0.17172013968229294,,0.016619078814983368,,,0.07893544435501099,,,,,2,0,3,16,3,,,17,32,object,
gripper,prob15.pddl,asp,timed out,1800.119455292821,concrete_asp,,,,,,,,0.21517973020672798,,,0.016652297228574753,,,,,,,,,,,,,,,26,,,
gripper,prob15.pddl,fd,success,3.157353173941374,total,0.279337,,,,,,,,,0.273204,,,,,,,,valid,,,,,,95,,,,,
gripper,prob16.pddl,abs-asp,timed out,1800.117102008313,abstract_solving,,0.1953301802277565,0.003145456314086914,0.16641578450798988,,0.04378162696957588,0.011075932532548904,0.2534157931804657,0.1815841682255268,,0.019959237426519394,0.0038239285349845886,0.021640993654727936,,,,,,2,0,3,17,3,,4,18,34,object,
gripper,prob16.pddl,abs-fd,timed out,1800.1174480952322,abstract_fd_search,,0.19980698451399803,0.0033365823328495026,0.15280625224113464,,0.04469556733965874,0.010946270078420639,0.24101033061742783,0.20834163948893547,,0.01886570453643799,,,0.090110182762146,,,,,2,0,3,17,3,,,18,34,object,
gripper,prob16.pddl,asp,timed out,1800.1189539078623,concrete_asp,,,,,,,,0.2198606487363577,,,0.020454393699765205,,,,,,,,,,,,,,,26,,,
gripper,prob16.pddl,fd,success,2.6652023792266846,total,0.250033,,,,,,,,,0.243188,,,,,,,,valid,,,,,,101,,,,,
gripper,prob17.pddl,abs-asp,timed out,1800.118178859353,abstract_solving,,0.19400237873196602,0.0033092238008975983,0.15220236033201218,,0.04695628583431244,0.010706473141908646,0.23911212757229805,0.18684853985905647,,0.01997927576303482,0.01686287671327591,0.02522144466638565,,,,,,2,0,3,16,3,,4,17,36,object,
gripper,prob17.pddl,abs-fd,timed out,1800.118236668408,abstract_fd_search,,0.20272917300462723,0.0034686438739299774,0.1942104548215866,,0.04866033419966698,0.010977443307638168,0.2936703972518444,0.19561291858553886,,0.022411104291677475,,,0.08790553733706474,,,,,2,0,3,16,3,,,17,36,object,
gripper,prob17.pddl,asp,timed out,1800.1166868954897,concrete_asp,,,,,,,,0.21729839220643044,,,0.01813424751162529,,,,,,,,,,,,,,,26,,,
gripper,prob17.pddl,fd,success,3.719363246113062,total,0.309467,,,,,,,,,0.301864,,,,,,,,valid,,,,,,107,,,,,
gripper,prob18.pddl,abs-asp,timed out,1800.1212475840002,abstract_solving,,0.19617031887173653,0.003555458039045334,0.14594841748476028,,0.051538992673158646,0.011065658181905746,0.23083259537816048,0.19476238079369068,,0.019916966557502747,0.0044221431016922,0.026676544919610023,,,,,,2,0,3,16,3,,4,17,38,object,
gripper,prob18.pddl,abs-fd,timed out,1800.0250762980431,abstract_fd_search,,0.18606901168823242,0.003228936344385147,0.12600718438625336,,0.05117042362689972,0.01026027463376522,0.1969094928354025,0.1659256424754858,,0.022092822939157486,,,0.07668138481676579,,,,,2,0,3,17,3,,,18,38,object,
gripper,prob18.pddl,asp,timed out,1800.1253984607756,concrete_asp,,,,,,,,0.2355329543352127,,,0.01871228590607643,,,,,,,,,,,,,,,26,,,
gripper,prob18.pddl,fd,success,2.349283004179597,total,0.251621,,,,,,,,,0.243229,,,,,,,,valid,,,,,,113,,,,,
gripper,prob19.pddl,abs-asp,timed out,1800.117965862155,abstract_solving,,0.19165046513080597,0.0034301839768886566,0.13784941658377647,,0.05629871413111687,0.010449126362800598,0.21553926914930344,0.17976783215999603,,0.022177796810865402,0.004179462790489197,0.02354368194937706,,,,,,2,0,3,16,3,,4,17,40,object,
gripper,prob19.pddl,abs-fd,timed out,1800.1199993044138,abstract_fd_search,,0.208925548940897,0.003436397761106491,0.1796424500644207,,0.05587457865476608,0.010557983070611954,0.27274664118885994,0.1832505166530609,,0.024784959852695465,,,0.08645804971456528,,,,,2,0,3,17,3,,,18,40,object,
gripper,prob19.pddl,asp,timed out,1800.120826587081,concrete_asp,,,,,,,,0.21324589475989342,,,0.01986202970147133,,,,,,,,,,,,,,,25,,,
gripper,prob19.pddl,fd,success,3.7668619379401207,total,0.322055,,,,,,,,,0.314465,,,,,,,,valid,,,,,,119,,,,,
gripper,prob20.pddl,abs-asp,timed out,1800.1179880611598,abstract_solving,,0.19458503648638725,0.0034814439713954926,0.1374559924006462,,0.06043507903814316,0.010417677462100983,0.2154003195464611,0.18014709651470184,,0.020934250205755234,0.0041826628148555756,0.022803474217653275,,,,,,2,0,3,17,3,,4,18,42,object,
gripper,prob20.pddl,abs-fd,timed out,1800.1175359934568,abstract_fd_search,,0.21056731417775154,0.0035318583250045776,0.18333307653665543,,0.06081761047244072,0.010420221835374832,0.2657376192510128,0.1755695417523384,,0.02501155063509941,,,0.08228923380374908,,,,,2,0,3,17,3,,,18,42,object,
gripper,prob20.pddl,asp,timed out,1800.1191595979035,concrete_asp,,,,,,,,0.22083855420351028,,,0.020246244966983795,,,,,,,,,,,,,,,26,,,
gripper,prob20.pddl,fd,success,3.745476011186838,total,0.317564,,,,,,,,,0.309925,,,,,,,,valid,,,,,,125,,,,,
hiking-sat14-strips,ptesting-1-2-7.pddl,abs-asp,success,186.38509004935622,total,184.254765,0.188827,0.012857,0.159612,,0.01754,0.021795,0.274241,0.237134,,0.053538,0.027014,0.775322,,182.354423,,,valid,4,0,10,0,29,49,30,1,2,car,
hiking-sat14-strips,ptesting-1-2-7.pddl,abs-fd,success,205.27203607186675,total,203.214525,0.182737,0.012986,0.155985,,0.017647,0.021936,0.270029,0.230142,,0.052941,,,0.099395,202.058251,,,valid,4,0,10,0,29,51,,1,2,car,
hiking-sat14-strips,ptesting-1-2-7.pddl,asp,success,31.914954960346222,total,29.861209,,,,,,,0.274797,,,0.053055,,,,29.475032,,,valid,,,,,,38,,39,,,
hiking-sat14-strips,ptesting-1-2-7.pddl,fd,success,2.484497830271721,total,0.428114,,,,,,,,,0.420484,,,,,,,,valid,,,,,,66,,,,,
hiking-sat14-strips,ptesting-1-2-8.pddl,abs-asp,success,35.492090579122305,total,32.515007,0.817371,0.012722,0.19276,,0.019291,0.022005,0.328854,0.245158,,0.073528,0.03423,1.168878,,29.458586,,,valid,4,0,11,0,34,59,35,1,2,car,
hiking-sat14-strips,ptesting-1-2-8.pddl,abs-fd,success,518.2162478286773,total,516.225494,0.176982,0.012334,0.157239,,0.019221,0.021418,0.278059,0.228717,,0.066471,,,0.099308,515.022274,,,valid,4,0,16,0,34,61,,1,2,car,
hiking-sat14-strips,ptesting-1-2-8.pddl,asp,success,103.07817995920777,total,99.7849,,,,,,,0.34345,,,0.068914,,,,99.288399,,,valid,,,,,,45,,46,,,
hiking-sat14-strips,ptesting-1-2-8.pddl,fd,success,3.4609212689101696,total,0.568147,,,,,,,,,0.561508,,,,,,,,valid,,,,,,76,,,,,
hiking-sat14-strips,ptesting-2-2-6.pddl,abs-asp,success,1228.4290104657412,total,1224.490909,0.20788,0.016053,0.325037,,0.02376,0.032296,0.617556,0.432331,,0.26726,0.116106,1213.859872,,8.272019,,,valid,4,0,0,0,30,59,31,1,2,car,
hiking-sat14-strips,ptesting-2-2-6.pddl,abs-fd,success,22.363076496869326,total,20.197077,0.188875,0.015731,0.285368,,0.023617,0.032225,0.561177,0.424043,,0.254125,,,0.163135,18.042867,,,valid,4,0,0,0,38,64,,1,2,car,
hiking-sat14-strips,ptesting-2-2-6.pddl,asp,timed out,1800.1429579369724,concrete_asp,,,,,,,,0.5639875084161758,,,0.23440222069621086,,,,,,,,,,,,,,,29,,,
hiking-sat14-strips,ptesting-2-2-6.pddl,fd,success,3.3827547505497932,total,1.045521,,,,,,,,,1.036403,,,,,,,,valid,,,,,,56,,,,,
hiking-sat14-strips,ptesting-2-2-7.pddl,abs-asp,timed out,1800.1455048844218,abstract_asp,,0.2032112553715706,0.01612016186118126,0.3922291770577431,,0.025782998651266098,0.03268144652247429,0.7340640351176262,0.4870552122592926,,0.35352273657917976,0.15701358392834663,,,,,,,4,0,,,32,,33,,2,car,
hiking-sat14-strips,ptesting-2-2-7.pddl,abs-fd,success,37.664182510226965,total,35.566298,0.185487,0.016101,0.340559,,0.025736,0.032287,0.723894,0.485711,,0.347287,,,0.1617,33.005077,,,valid,4,0,0,0,38,69,,1,2,car,
hiking-sat14-strips,ptesting-2-2-7.pddl,asp,timed out,1800.1672948785126,concrete_asp,,,,,,,,0.7636596709489822,,,0.3310733065009117,,,,,,,,,,,,,,,31,,,
hiking-sat14-strips,ptesting-2-2-7.pddl,fd,success,3.5315659008920193,total,1.43783,,,,,,,,,1.430959,,,,,,,,valid,,,,,,60,,,,,
hiking-sat14-strips,ptesting-2-2-8.pddl,abs-asp,timed out,1800.1418045051396,abstract_asp,,0.185926653444767,0.016292113810777664,0.44682909920811653,,0.02828698605298996,0.03373350203037262,0.920066200196743,0.5652374811470509,,0.4667380079627037,0.21002401039004326,,,,,,,4,0,,,37,,38,,2,car,
hiking-sat14-strips,ptesting-2-2-8.pddl,abs-fd,success,32.512998819351196,total,29.254591,0.199447,0.016013,0.466393,,0.028031,0.03288,0.873438,0.550005,,0.45485,,,0.283056,25.951405,,,valid,4,0,0,0,55,85,,1,2,car,
hiking-sat14-strips,ptesting-2-2-8.pddl,asp,timed out,1800.178774561733,concrete_asp,,,,,,,,0.9345169700682163,,,0.4221818745136261,,,,,,,,,,,,,,,33,,,
hiking-sat14-strips,ptesting-2-2-8.pddl,fd,success,5.671951204538345,total,2.308152,,,,,,,,,2.299617,,,,,,,,valid,,,,,,78,,,,,
hiking-sat14-strips,ptesting-2-3-6.pddl,abs-asp,success,988.595627438277,total,985.461371,0.196298,0.015655,0.396236,,0.026799,0.032259,0.823237,0.42159,,0.375855,0.112725,968.021783,,14.724516,,,valid,4,0,0,0,28,50,29,1,3,car,
hiking-sat14-strips,ptesting-2-3-6.pddl,abs-fd,success,99.59480340778828,total,97.415643,0.19179,0.014965,0.36921,,0.027018,0.032174,0.785814,0.425424,,0.371607,,,0.13903,94.80482,,,valid,4,0,0,0,32,59,,1,3,car,
hiking-sat14-strips,ptesting-2-3-6.pddl,asp,timed out,1800.1477090790868,concrete_asp,,,,,,,,0.795652762055397,,,0.35301532223820686,,,,,,,,,,,,,,,27,,,
hiking-sat14-strips,ptesting-2-3-6.pddl,fd,success,3.8664931692183018,total,1.304731,,,,,,,,,1.300669,,,,,,,,valid,,,,,,51,,,,,
hiking-sat14-strips,ptesting-2-3-7.pddl,abs-asp,timed out,1800.1638975068927,abstract_asp,,0.1937599629163742,0.015783850103616714,0.5233161076903343,,0.02961905300617218,0.03411596640944481,1.0020383819937706,0.487730048596859,,0.5004536099731922,0.1575099118053913,,,,,,,4,0,,,33,,34,,3,car,
hiking-sat14-strips,ptesting-2-3-7.pddl,abs-fd,success,400.1073343604803,total,397.894398,0.188454,0.015712,0.488747,,0.029016,0.033239,0.981194,0.487968,,0.520835,,,0.175485,394.573311,,,valid,4,0,0,0,40,78,,1,3,car,
hiking-sat14-strips,ptesting-2-3-7.pddl,asp,timed out,1800.1659165136516,concrete_asp,,,,,,,,1.0240081511437893,,,0.4819013960659504,,,,,,,,,,,,,,,30,,,
hiking-sat14-strips,ptesting-2-3-7.pddl,fd,success,4.58159264177084,total,2.19249,,,,,,,,,2.188324,,,,,,,,valid,,,,,,62,,,,,
hiking-sat14-strips,ptesting-2-3-8.pddl,abs-asp,timed out,1800.147328639403,abstract_asp,,0.19926487654447556,0.016141094267368317,0.6180258467793465,,0.031851597130298615,0.03257594630122185,1.3310680594295263,0.5623750705271959,,0.6916196420788765,0.2073681429028511,,,,,,,4,0,,,36,,37,,3,car,
hiking-sat14-strips,ptesting-2-3-8.pddl,abs-fd,success,1249.4555877670646,total,1246.397668,0.200169,0.016321,0.610506,,0.032325,0.033346,1.309887,0.565092,,0.685978,,,0.190447,1242.243412,,,valid,4,0,0,0,41,79,,1,3,car,
hiking-sat14-strips,ptesting-2-3-8.pddl,asp,timed out,1800.084115859121,concrete_asp,,,,,,,,1.3388203606009483,,,0.6398330591619015,,,,,,,,,,,,,,,30,,,
hiking-sat14-strips,ptesting-2-3-8.pddl,fd,success,5.066362758167088,total,3.101471,,,,,,,,,3.09796,,,,,,,,valid,,,,,,71,,,,,
hiking-sat14-strips,ptesting-2-4-5.pddl,abs-asp,success,205.9459043070674,total,202.305452,0.203598,0.015332,0.395083,,0.026558,0.032327,0.796035,0.362186,,0.337176,0.077247,190.956928,,8.876272,,,valid,4,0,0,0,23,46,24,1,4,car,
hiking-sat14-strips,ptesting-2-4-5.pddl,abs-fd,success,49.05541653558612,total,46.518005,0.191138,0.015387,0.361537,,0.026486,0.032332,0.75835,0.365496,,0.334484,,,0.11886,44.096814,,,valid,4,0,0,0,28,54,,1,4,car,
hiking-sat14-strips,ptesting-2-4-5.pddl,asp,timed out,1800.1615974493325,concrete_asp,,,,,,,,0.8300479426980019,,,0.3283207565546036,,,,,,,,,,,,,,,23,,,
hiking-sat14-strips,ptesting-2-4-5.pddl,fd,success,3.3688212744891644,total,1.096295,,,,,,,,,1.092853,,,,,,,,valid,,,,,,42,,,,,
hiking-sat14-strips,ptesting-2-4-6.pddl,abs-asp,success,1318.1515277381986,total,1314.176969,0.207441,0.015599,0.523329,,0.029288,0.033216,1.009388,0.443897,,0.498101,0.115442,1293.744552,,17.120013,,,valid,4,0,0,0,30,60,31,1,4,car,
hiking-sat14-strips,ptesting-2-4-6.pddl,abs-fd,success,70.76640797406435,total,68.527034,0.192527,0.014976,0.482007,,0.028981,0.032305,0.968256,0.428665,,0.506573,,,0.165865,65.364307,,,valid,4,0,0,0,38,70,,1,4,car,
hiking-sat14-strips,ptesting-2-4-6.pddl,asp,timed out,1800.1600749427453,concrete_asp,,,,,,,,1.035711457952857,,,0.48368148133158684,,,,,,,,,,,,,,,28,,,
hiking-sat14-strips,ptesting-2-4-6.pddl,fd,success,4.075817137956619,total,1.688934,,,,,,,,,1.68122,,,,,,,,valid,,,,,,49,,,,,
hiking-sat14-strips,ptesting-2-4-7.pddl,abs-asp,timed out,1800.1482674442232,abstract_asp,,0.19919980689883232,0.01588573306798935,0.6201992109417915,,0.03240317106246948,0.03260185196995735,1.3245632387697697,0.47896553948521614,,0.6868587322533131,0.15114634484052658,,,,,,,4,0,,,32,,33,,4,car,
hiking-sat14-strips,ptesting-2-4-7.pddl,abs-fd,success,727.6890577934682,total,725.407468,0.187718,0.016029,0.599945,,0.032426,0.032835,1.322149,0.48979,,0.714424,,,0.170454,721.336073,,,valid,4,0,0,0,38,65,,1,4,car,
hiking-sat14-strips,ptesting-2-4-7.pddl,asp,timed out,1800.1808611266315,concrete_asp,,,,,,,,1.3551519699394703,,,0.6498503871262074,,,,,,,,,,,,,,,30,,,
hiking-sat14-strips,ptesting-2-4-7.pddl,fd,success,5.376376445405185,total,2.375363,,,,,,,,,2.368189,,,,,,,,valid,,,,,,60,,,,,
hiking-sat14-strips,ptesting-2-4-8.pddl,abs-asp,timed out,1800.1557375751436,abstract_asp,,0.20508350990712643,0.017098333686590195,0.8469026442617178,,0.0347601193934679,0.03269362263381481,1.6810194682329893,0.5706278383731842,,0.9209516178816557,0.20640362054109573,,,,,,,4,0,,,36,,37,,4,car,
hiking-sat14-strips,ptesting-2-4-8.pddl,abs-fd,timed out,1800.30217140913,abstract_fd_search,,0.20208318904042244,0.017150472849607468,0.8240798264741898,,0.03498338907957077,0.03273632749915123,1.6124226823449135,0.5626289919018745,,0.9153337925672531,,,0.22197391837835312,,,,,4,0,0,0,46,,,0,4,car,
hiking-sat14-strips,ptesting-2-4-8.pddl,asp,timed out,1800.1706191245466,concrete_asp,,,,,,,,1.6165320416912436,,,0.8518252111971378,,,,,,,,,,,,,,,29,,,
hiking-sat14-strips,ptesting-2-4-8.pddl,fd,success,6.611197888851166,total,3.256232,,,,,,,,,3.248071,,,,,,,,valid,,,,,,71,,,,,
hiking-sat14-strips,ptesting-3-3-5.pddl,abs-asp,timed out,1800.1389702446759,abstract_asp,,0.20717990398406982,0.020809385925531387,0.7366714105010033,,0.04073939844965935,0.049022234976291656,1.4913458414375782,0.7767174541950226,,0.7924330867826939,0.24467336758971214,,,,,,,4,0,,,19,,20,,3,car,
hiking-sat14-strips,ptesting-3-3-5.pddl,abs-fd,success,30.021524477750063,total,26.896678,0.211064,0.020061,0.71478,,0.039374,0.048431,1.531571,0.752871,,0.787907,,,0.179703,22.245689,,,valid,4,0,0,0,27,46,,1,3,car,
hiking-sat14-strips,ptesting-3-3-5.pddl,asp,timed out,1800.1729219257832,concrete_asp,,,,,,,,1.5083702355623245,,,0.7414219602942467,,,,,,,,,,,,,,,17,,,
hiking-sat14-strips,ptesting-3-3-5.pddl,fd,success,5.6103115901350975,total,2.364133,,,,,,,,,2.357249,,,,,,,,valid,,,,,,39,,,,,
hiking-sat14-strips,ptesting-3-3-6.pddl,abs-asp,timed out,1800.045377118513,abstract_asp,,0.18828260898590088,0.020175276324152946,0.9713585451245308,,0.04269730485975742,0.06904186867177486,2.0939184799790382,0.9307040646672249,,1.1709758136421442,0.34765874221920967,,,,,,,4,0,,,21,,22,,3,car,
hiking-sat14-strips,ptesting-3-3-6.pddl,abs-fd,success,156.29022839665413,total,153.373603,0.196723,0.019659,0.90631,,0.04215,0.047913,1.914877,0.847137,,1.088425,,,0.345759,147.189405,,,valid,4,0,0,0,42,78,,1,3,car,
hiking-sat14-strips,ptesting-3-3-6.pddl,asp,timed out,1800.1787392534316,concrete_asp,,,,,,,,2.107502046972513,,,1.0905700735747814,,,,,,,,,,,,,,,19,,,
hiking-sat14-strips,ptesting-3-3-6.pddl,fd,success,11.015081446617842,total,7.545454,,,,,,,,,7.537613,,,,,,,,valid,,,,,,81,,,,,
hiking-sat14-strips,ptesting-3-3-7.pddl,abs-asp,timed out,1800.1487332060933,abstract_asp,,0.20012872107326984,0.021544288843870163,1.3520541619509459,,0.04483411647379398,0.04980467073619366,3.1059578508138657,1.2262010145932436,,1.6401774287223816,0.4838001597672701,,,,,,,4,0,,,20,,21,,3,car,
hiking-sat14-strips,ptesting-3-3-7.pddl,abs-fd,success,606.0638298094273,total,603.297433,0.192937,0.021434,1.320391,,0.044703,0.049256,3.03503,1.254186,,1.640798,,,0.575755,593.961449,,,valid,4,0,0,0,50,89,,1,3,car,
hiking-sat14-strips,ptesting-3-3-7.pddl,asp,timed out,1800.1876038964838,concrete_asp,,,,,,,,3.135808477178216,,,1.521861132234335,,,,,,,,,,,,,,,18,,,
hiking-sat14-strips,ptesting-3-3-7.pddl,fd,success,9.935302671045065,total,7.793445,,,,,,,,,7.785424,,,,,,,,valid,,,,,,106,,,,,
hiking-sat14-strips,ptesting-3-3-8.pddl,abs-asp,timed out,1800.1460254136473,abstract_asp,,0.18994042836129665,0.022390497848391533,1.758385794237256,,0.047955622896552086,0.0500692892819643,4.030420059338212,1.4529128167778254,,2.2182872127741575,0.6716806851327419,,,,,,,4,0,,,20,,21,,3,car,
hiking-sat14-strips,ptesting-3-3-8.pddl,abs-fd,timed out,1800.4831659123302,abstract_fd_search,,0.19179270043969154,0.02248198539018631,1.8054069802165031,,0.04815857112407684,0.04994475841522217,4.027462683618069,1.4663680605590343,,2.2179521955549717,,,0.5805142559111118,,,,,4,0,0,0,53,,,0,3,car,
hiking-sat14-strips,ptesting-3-3-8.pddl,asp,timed out,1800.1948871649802,concrete_asp,,,,,,,,4.096783187240362,,,2.061556201428175,,,,,,,,,,,,,,,18,,,
hiking-sat14-strips,ptesting-3-3-8.pddl,fd,success,31.606745097786188,total,29.122267,,,,,,,,,29.114351,,,,,,,,valid,,,,,,66,,,,,
hiking-sat14-strips,ptesting-3-4-5.pddl,abs-asp,timed out,1800.1326346248388,abstract_asp,,0.21018235385417938,0.019444093108177185,0.9563829451799393,,0.04333527013659477,0.048377666622400284,2.054467812180519,0.7474036253988743,,1.0433198437094688,0.23211511597037315,,,,,,,4,0,,,19,,20,,4,car,
hiking-sat14-strips,ptesting-3-4-5.pddl,abs-fd,success,90.08201120235026,total,87.062881,0.191965,0.019521,0.890296,,0.043831,0.048319,1.950214,0.699727,,0.992382,,,0.182196,81.617722,,,valid,4,0,0,0,31,49,,1,4,car,
hiking-sat14-strips,ptesting-3-4-5.pddl,asp,timed out,1800.1269902586937,concrete_asp,,,,,,,,1.9344877749681473,,,0.956802599132061,,,,,,,,,,,,,,,18,,,
hiking-sat14-strips,ptesting-3-4-5.pddl,fd,success,6.130778353661299,total,3.127402,,,,,,,,,3.120831,,,,,,,,valid,,,,,,38,,,,,
hiking-sat14-strips,ptesting-3-4-6.pddl,abs-asp,timed out,1800.1422061696649,abstract_asp,,0.1896967999637127,0.02087208814918995,1.3038805965334177,,0.04638462886214256,0.04897445812821388,2.7743084374815226,0.9260684493929148,,1.55722931958735,0.34476304799318314,,,,,,,4,0,,,20,,21,,4,car,
hiking-sat14-strips,ptesting-3-4-6.pddl,abs-fd,success,149.44127706065774,total,145.653434,0.209262,0.022167,1.386981,,0.046222,0.049472,2.896021,0.946107,,1.539641,,,0.25748,137.533419,,,valid,4,0,0,0,34,62,,1,4,car,
hiking-sat14-strips,ptesting-3-4-6.pddl,asp,timed out,1800.2084191180766,concrete_asp,,,,,,,,2.9034381359815598,,,1.465654231607914,,,,,,,,,,,,,,,17,,,
hiking-sat14-strips,ptesting-3-4-6.pddl,fd,success,8.99462466686964,total,6.650048,,,,,,,,,6.641128,,,,,,,,valid,,,,,,53,,,,,
hiking-sat14-strips,ptesting-3-4-7.pddl,abs-asp,timed out,1800.1547599174082,abstract_asp,,0.1881880946457386,0.02186952903866768,1.7632288932800293,,0.04899964854121208,0.0488903746008873,4.020966105163097,1.2464730888605118,,2.185392912477255,0.5052906908094883,,,,,,,4,0,,,20,,21,,4,car,
hiking-sat14-strips,ptesting-3-4-7.pddl,abs-fd,success,1367.7345926687121,total,1365.17606,0.189465,0.021797,1.788016,,0.049164,0.049018,4.010704,1.229379,,2.206288,,,0.406604,1353.587151,,,valid,4,0,0,0,46,78,,1,4,car,
hiking-sat14-strips,ptesting-3-4-7.pddl,asp,timed out,1800.2262842990458,concrete_asp,,,,,,,,3.8044172637164593,,,1.9532427936792374,,,,,,,,,,,,,,,17,,,
hiking-sat14-strips,ptesting-3-4-7.pddl,fd,success,13.824372241273522,total,11.952136,,,,,,,,,11.946586,,,,,,,,valid,,,,,,56,,,,,
hiking-sat14-strips,ptesting-3-4-8.pddl,abs-asp,timed out,1800.1548865176737,abstract_asp,,0.2030014432966709,0.02273327112197876,2.3630193807184696,,0.0527205765247345,0.04963768646121025,5.599592354148626,1.4460716247558594,,2.9334731064736843,0.6645704954862595,,,,,,,4,0,,,19,,20,,4,car,
hiking-sat14-strips,ptesting-3-4-8.pddl,abs-fd,success,147.13612269237638,total,144.031703,0.194432,0.022764,2.345855,,0.053312,0.049611,5.60506,1.442466,,2.926044,,,0.578088,129.096051,,,valid,4,0,0,0,52,85,,1,4,car,
hiking-sat14-strips,ptesting-3-4-8.pddl,asp,timed out,1800.2381588630378,concrete_asp,,,,,,,,5.67662650346756,,,2.7357494570314884,,,,,,,,,,,,,,,18,,,
hiking-sat14-strips,ptesting-3-4-8.pddl,fd,success,26.89879323542118,total,24.367721,,,,,,,,,24.36192,,,,,,,,valid,,,,,,66,,,,,
logistics00,probLOGISTICS-10-0.pddl,abs-asp,timed out,1800.1175292730331,abstract_asp,,0.19038347899913788,0.0035599805414676666,0.15469130873680115,,0.013292104005813599,0.07085887342691422,0.2233317643404007,0.2019466906785965,,0.013328731060028076,0.013926155865192413,,,,,,,2,0,,,16,,17,,4,object,
logistics00,probLOGISTICS-10-0.pddl,abs-fd,timed out,1800.1181182786822,abstract_fd_search,,0.19252270832657814,0.0037198923528194427,0.1526576690375805,,0.013479121029376984,0.0732308104634285,0.22659092769026756,0.22524937987327576,,0.01308077946305275,,,0.10006559267640114,,,,,2,0,0,0,19,,,0,4,object,
logistics00,probLOGISTICS-10-0.pddl,asp,timed out,1800.1175517272204,concrete_asp,,,,,,,,0.24933688715100288,,,0.01293206587433815,,,,,,,,,,,,,,,33,,,
logistics00,probLOGISTICS-10-0.pddl,fd,success,2.2806227235123515,total,0.239216,,,,,,,,,0.230921,,,,,,,,valid,,,,,,50,,,,,
logistics00,probLOGISTICS-10-1.pddl,abs-asp,timed out,1800.122503388673,abstract_asp,,0.20233745127916336,0.004126857966184616,0.19183550402522087,,0.013801787048578262,0.07414484024047852,0.2805360220372677,0.23263981565833092,,0.017393115907907486,0.014521222561597824,,,,,,,2,0,,,16,,17,,4,object,
logistics00,probLOGISTICS-10-1.pddl,abs-fd,timed out,1800.1189149022102,abstract_fd_search,,0.1921423189342022,0.0035515017807483673,0.1543176732957363,,0.013186868280172348,0.0712665542960167,0.22798855230212212,0.214155625551939,,0.013868879526853561,,,0.08999238535761833,,,,,2,0,0,0,19,,,0,4,object,
logistics00,probLOGISTICS-10-1.pddl,asp,timed out,1800.1219768300653,concrete_asp,,,,,,,,0.24200742691755295,,,0.013034706003963947,,,,,,,,,,,,,,,27,,,
logistics00,probLOGISTICS-10-1.pddl,fd,success,2.303198989480734,total,0.246752,,,,,,,,,0.238376,,,,,,,,valid,,,,,,44,,,,,
logistics00,probLOGISTICS-11-0.pddl,abs-asp,timed out,1800.1178706996143,abstract_asp,,0.19038353115320206,0.0029217228293418884,0.15867453813552856,,0.012611020356416702,0.07061835378408432,0.2509172149002552,0.20824642851948738,,0.017465349286794662,0.010087434202432632,,,,,,,4,0,,,29,,30,,4,object,
logistics00,probLOGISTICS-11-0.pddl,abs-fd,success,4.648938864469528,total,2.538387,0.182213,0.014398,0.131706,,0.012756,0.070316,0.2103,0.206344,,0.014131,,,0.090886,1.502743,,,valid,4,0,0,0,39,74,,1,4,object,
logistics00,probLOGISTICS-11-0.pddl,asp,timed out,1800.1186685226858,concrete_asp,,,,,,,,0.21695548295974731,,,0.013585884124040604,,,,,,,,,,,,,,,34,,,
logistics00,probLOGISTICS-11-0.pddl,fd,success,3.6774645149707794,total,0.313722,,,,,,,,,0.305258,,,,,,,,valid,,,,,,54,,,,,
logistics00,probLOGISTICS-12-0.pddl,abs-asp,timed out,1800.117645226419,abstract_asp,,0.19264013320207596,0.0029594451189041138,0.15607955679297447,,0.013184893876314163,0.07091712951660156,0.250099740922451,0.21464400738477707,,0.018153756856918335,0.016102366149425507,,,,,,,2,0,,,16,,17,,4,object,
logistics00,probLOGISTICS-12-0.pddl,abs-fd,timed out,1800.0569892786443,abstract_fd_search,,0.18506670743227005,0.003068298101425171,0.12873601540923119,,0.013515446335077286,0.07321859896183014,0.21211688593029976,0.21431848779320717,,0.014546878635883331,,,0.09120496734976768,,,,,2,0,0,0,19,,,0,4,object,
logistics00,probLOGISTICS-12-0.pddl,asp,timed out,1800.1232205219567,concrete_asp,,,,,,,,0.2832189239561558,,,0.01834305375814438,,,,,,,,,,,,,,,30,,,
logistics00,probLOGISTICS-12-0.pddl,fd,success,2.2912727259099483,total,0.242157,,,,,,,,,0.234182,,,,,,,,valid,,,,,,44,,,,,
logistics00,probLOGISTICS-12-1.pddl,abs-asp,timed out,1800.0417534671724,abstract_asp,,0.18606796488165855,0.003073912113904953,0.14097239077091217,,0.01303936168551445,0.07239022850990295,0.23164726421236992,0.22315775230526924,,0.014894060790538788,0.012752529233694077,,,,,,,4,0,,,31,,32,,4,object,
logistics00,probLOGISTICS-12-1.pddl,abs-fd,success,6.2363207042217255,total,3.387375,0.205264,0.003099,0.160143,,0.012837,0.073623,0.246467,0.203325,,0.017716,,,0.097871,2.262911,,,valid,4,0,0,0,52,102,,1,4,object,
logistics00,probLOGISTICS-12-1.pddl,asp,timed out,1800.1169069800526,concrete_asp,,,,,,,,0.20249823946505785,,,0.016731709241867065,,,,,,,,,,,,,,,34,,,
logistics00,probLOGISTICS-12-1.pddl,fd,success,2.0483346320688725,total,0.209961,,,,,,,,,0.206193,,,,,,,,valid,,,,,,71,,,,,
logistics00,probLOGISTICS-14-0.pddl,abs-asp,timed out,1800.113596111536,abstract_asp,,0.19877970218658447,0.003087766468524933,0.16642407700419426,,0.017117660492658615,0.10361990705132484,0.2670697346329689,0.2395138144493103,,0.027709253132343292,0.028078917413949966,,,,,,,2,0,,,15,,16,,5,object,
logistics00,probLOGISTICS-14-0.pddl,abs-fd,timed out,1800.0402135588229,abstract_fd_search,,0.18625667318701744,0.0031653568148612976,0.1302865780889988,,0.01730574667453766,0.10586221888661385,0.2332705669105053,0.22365838661789894,,0.023012753576040268,,,0.08950310945510864,,,,,2,0,0,0,26,,,0,5,object,
logistics00,probLOGISTICS-14-0.pddl,asp,timed out,1800.120096853003,concrete_asp,,,,,,,,0.2968667047098279,,,0.0249403128400445,,,,,,,,,,,,,,,29,,,
logistics00,probLOGISTICS-14-0.pddl,fd,success,3.369360450655222,total,0.315889,,,,,,,,,0.308883,,,,,,,,valid,,,,,,65,,,,,
logistics00,probLOGISTICS-14-1.pddl,abs-asp,timed out,1800.0636674277484,abstract_asp,,0.20801034569740295,0.0030972249805927277,0.1874079741537571,,0.017317935824394226,0.10360443592071533,0.2994746044278145,0.24218717589974403,,0.02939864993095398,0.028380632400512695,,,,,,,2,0,,,16,,17,,5,object,
logistics00,probLOGISTICS-14-1.pddl,abs-fd,timed out,1800.1259241886437,abstract_fd_search,,0.1871667467057705,0.003193426877260208,0.14237387850880623,,0.017657272517681122,0.10562843084335327,0.23402024060487747,0.23754136264324188,,0.02508334070444107,,,0.09891115128993988,,,,,2,0,0,0,29,,,0,5,object,
logistics00,probLOGISTICS-14-1.pddl,asp,timed out,1800.1208905801177,concrete_asp,,,,,,,,0.26611996814608574,,,0.026623331010341644,,,,,,,,,,,,,,,31,,,
logistics00,probLOGISTICS-14-1.pddl,fd,success,2.362034697085619,total,0.283112,,,,,,,,,0.275837,,,,,,,,valid,,,,,,74,,,,,
logistics00,probLOGISTICS-15-1.pddl,abs-asp,timed out,1800.1247829329222,abstract_asp,,0.20946830324828625,0.0039254724979400635,0.18231778778135777,,0.017063291743397713,0.10629677772521973,0.3027447257190943,0.2473483867943287,,0.03020120970904827,0.030575335025787354,,,,,,,2,0,,,14,,15,,5,object,
logistics00,probLOGISTICS-15-1.pddl,abs-fd,timed out,1800.1295476704836,abstract_fd_search,,0.18668103590607643,0.0037505514919757843,0.13672810420393944,,0.01675288751721382,0.10391687974333763,0.22569245100021362,0.23104488477110863,,0.025538887828588486,,,0.09509774297475815,,,,,2,0,0,0,30,,,0,5,object,
logistics00,probLOGISTICS-15-1.pddl,asp,timed out,1800.114003609866,concrete_asp,,,,,,,,0.23138338420540094,,,0.028140118345618248,,,,,,,,,,,,,,,28,,,
logistics00,probLOGISTICS-15-1.pddl,fd,success,1.940625187009573,total,0.229655,,,,,,,,,0.226401,,,,,,,,valid,,,,,,70,,,,,
logistics00,probLOGISTICS-4-0.pddl,abs-asp,success,4.144735161215067,total,1.302983,0.17014,0.002566,0.143568,,0.008524,0.030788,0.228066,0.187738,,0.008353,0.004968,0.319511,,0.14058,,,valid,4,0,0,0,18,27,19,1,2,object,
logistics00,probLOGISTICS-4-0.pddl,abs-fd,success,3.8556190747767687,total,1.055676,0.170817,0.002517,0.137917,,0.008507,0.030353,0.228951,0.189493,,0.008471,,,0.086126,0.142228,,,valid,4,0,0,0,18,27,,1,2,object,
logistics00,probLOGISTICS-4-0.pddl,asp,success,4.944452550262213,total,1.786551,,,,,,,0.247286,,,0.008795,,,,1.509027,,,valid,,,,,,20,,21,,,
logistics00,probLOGISTICS-4-0.pddl,fd,success,2.1565942987799644,total,0.213488,,,,,,,,,0.206735,,,,,,,,valid,,,,,,21,,,,,
logistics00,probLOGISTICS-4-1.pddl,abs-asp,success,4.812637999653816,total,1.304005,0.177502,0.00253,0.159238,,0.008544,0.030095,0.260285,0.197916,,0.009828,0.00565,0.258776,,0.116523,,,valid,4,0,0,0,15,29,16,1,2,object,
logistics00,probLOGISTICS-4-1.pddl,abs-fd,success,2.9659958705306053,total,0.969802,0.157971,0.002529,0.11333,,0.008542,0.030232,0.193498,0.192336,,0.005665,,,0.087341,0.117805,,,valid,4,0,0,0,15,27,,1,2,object,
logistics00,probLOGISTICS-4-1.pddl,asp,success,5.251247979700565,total,2.351722,,,,,,,0.230366,,,0.009185,,,,2.094482,,,valid,,,,,,19,,20,,,
logistics00,probLOGISTICS-4-1.pddl,fd,success,3.4207728728652,total,0.302577,,,,,,,,,0.295333,,,,,,,,valid,,,,,,19,,,,,
logistics00,probLOGISTICS-5-0.pddl,abs-asp,success,7.165962181985378,total,3.891347,0.172302,0.003291,0.162476,,0.007884,0.030955,0.259844,0.194191,,0.009563,0.005714,2.77518,,0.197185,,,valid,4,0,0,0,21,41,22,1,2,object,
logistics00,probLOGISTICS-5-0.pddl,abs-fd,success,8.404290419071913,total,1.067449,0.158802,0.003254,0.112986,,0.007858,0.03095,0.196752,0.193947,,0.006546,,,0.087949,0.200031,,,valid,4,0,0,0,21,36,,1,2,object,
logistics00,probLOGISTICS-5-0.pddl,asp,success,371.5157777816057,total,368.255185,,,,,,,0.239403,,,0.008302,,,,367.970696,,,valid,,,,,,27,,28,,,
logistics00,probLOGISTICS-5-0.pddl,fd,success,1.8408683501183987,total,0.171733,,,,,,,,,0.167863,,,,,,,,valid,,,,,,27,,,,,
logistics00,probLOGISTICS-5-1.pddl,abs-asp,success,3.863038405776024,total,0.968085,0.171038,0.003277,0.146252,,0.007839,0.030485,0.207826,0.18922,,0.007779,0.004948,0.062092,,0.082134,,,valid,4,0,2,0,8,17,9,1,2,object,
logistics00,probLOGISTICS-5-1.pddl,abs-fd,success,2.874204132705927,total,0.935336,0.161368,0.003392,0.113084,,0.007975,0.031316,0.190536,0.189189,,0.009947,,,0.086075,0.081347,,,valid,4,0,3,0,8,17,,1,2,object,
logistics00,probLOGISTICS-5-1.pddl,asp,success,3.84513783454895,total,1.696906,,,,,,,0.213275,,,0.006476,,,,1.456818,,,valid,,,,,,17,,18,,,
logistics00,probLOGISTICS-5-1.pddl,fd,success,2.169483307749033,total,0.192037,,,,,,,,,0.187451,,,,,,,,valid,,,,,,18,,,,,
logistics00,probLOGISTICS-5-2.pddl,abs-asp,success,3.59005668386817,total,0.896195,0.168529,0.003212,0.134858,,0.007699,0.03035,0.218448,0.17857,,0.009555,0.004414,0.038292,,0.056619,,,valid,4,0,0,0,6,13,7,1,2,object,
logistics00,probLOGISTICS-5-2.pddl,abs-fd,success,2.873135332018137,total,0.917547,0.161599,0.003241,0.112556,,0.007791,0.030655,0.192901,0.191711,,0.006344,,,0.08657,0.060469,,,valid,4,0,0,0,6,11,,1,2,object,
logistics00,probLOGISTICS-5-2.pddl,asp,success,3.7183538042008877,total,0.352306,,,,,,,0.254926,,,0.01013,,,,0.068316,,,valid,,,,,,8,,9,,,
logistics00,probLOGISTICS-5-2.pddl,fd,success,3.507589962333441,total,0.288923,,,,,,,,,0.282142,,,,,,,,valid,,,,,,8,,,,,
logistics00,probLOGISTICS-6-0.pddl,abs-asp,success,4.8805578872561455,total,1.467699,0.18022,0.002635,0.163453,,0.008625,0.028843,0.261295,0.190181,,0.011211,0.005232,0.362421,,0.178253,,,valid,4,0,0,0,17,34,18,1,3,object,
logistics00,probLOGISTICS-6-0.pddl,abs-fd,success,3.0628724433481693,total,1.042262,0.160529,0.002645,0.112245,,0.008539,0.028987,0.196502,0.188493,,0.006691,,,0.08796,0.177708,,,valid,4,0,0,0,17,32,,1,3,object,
logistics00,probLOGISTICS-6-0.pddl,asp,success,336.88621247559786,total,334.249974,,,,,,,0.215683,,,0.006836,,,,333.984672,,,valid,,,,,,25,,26,,,
logistics00,probLOGISTICS-6-0.pddl,fd,success,1.9067432135343552,total,0.183187,,,,,,,,,0.178354,,,,,,,,valid,,,,,,25,,,,,
logistics00,probLOGISTICS-6-1.pddl,abs-asp,success,3.7191541008651257,total,1.067084,0.165219,0.002752,0.137792,,0.008765,0.029138,0.225541,0.199451,,0.008166,0.004934,0.054535,,0.154939,,,valid,4,0,6,1,6,14,7,2,3,object,
logistics00,probLOGISTICS-6-1.pddl,abs-fd,success,3.0156440250575542,total,1.000194,0.158952,0.002649,0.112191,,0.008392,0.028751,0.207681,0.186834,,0.007016,,,0.08451,0.143868,,,valid,4,0,6,1,6,14,,2,3,object,
logistics00,probLOGISTICS-6-1.pddl,asp,success,3.9099005348980427,total,0.46951,,,,,,,0.259591,,,0.009361,,,,0.178598,,,valid,,,,,,14,,15,,,
logistics00,probLOGISTICS-6-1.pddl,fd,success,2.1764321736991405,total,0.210684,,,,,,,,,0.204092,,,,,,,,valid,,,,,,14,,,,,
logistics00,probLOGISTICS-6-2.pddl,abs-asp,success,4.725088261067867,total,1.345779,0.178777,0.002631,0.154459,,0.008491,0.028976,0.210713,0.188545,,0.011462,0.00528,0.30749,,0.175658,,,valid,4,0,0,0,17,34,18,1,3,object,
logistics00,probLOGISTICS-6-2.pddl,abs-fd,success,4.169865218922496,total,1.208986,0.17563,0.002788,0.169396,,0.008797,0.029529,0.266354,0.200056,,0.010597,,,0.089187,0.191965,,,valid,4,0,0,0,17,35,,1,3,object,
logistics00,probLOGISTICS-6-2.pddl,asp,success,159.52368105668575,total,157.329401,,,,,,,0.181078,,,0.00777,,,,157.111409,,,valid,,,,,,25,,26,,,
logistics00,probLOGISTICS-6-2.pddl,fd,success,3.233115628361702,total,0.276853,,,,,,,,,0.268831,,,,,,,,valid,,,,,,28,,,,,
logistics00,probLOGISTICS-8-1.pddl,abs-asp,timed out,1800.1147412285209,abstract_asp,,0.17695248126983643,0.0028007812798023224,0.1496174857020378,,0.010229282081127167,0.054728612303733826,0.2334696687757969,0.19548466801643372,,0.011951666325330734,0.008084986358880997,,,,,,,4,0,,,29,,30,,3,object,
logistics00,probLOGISTICS-8-1.pddl,abs-fd,success,5.064347613602877,total,1.803153,0.188049,0.002748,0.174946,,0.010178,0.05411,0.268758,0.204374,,0.013519,,,0.094872,0.709196,,,valid,4,0,0,0,34,66,,1,3,object,
logistics00,probLOGISTICS-8-1.pddl,asp,timed out,1800.1170913092792,concrete_asp,,,,,,,,0.27247877791523933,,,0.01304653286933899,,,,,,,,,,,,,,,33,,,
logistics00,probLOGISTICS-8-1.pddl,fd,success,3.922986064106226,total,0.308218,,,,,,,,,0.301947,,,,,,,,valid,,,,,,46,,,,,
logistics00,probLOGISTICS-9-0.pddl,abs-asp,success,15.62345676869154,total,12.404172,0.180607,0.002789,0.155809,,0.016545,0.044909,0.245201,0.195531,,0.01379,0.006842,10.990277,,0.471799,,,valid,4,0,0,0,22,44,23,1,4,object,
logistics00,probLOGISTICS-9-0.pddl,abs-fd,success,3.425151141360402,total,1.392764,0.169529,0.002806,0.123512,,0.017011,0.044701,0.205538,0.198921,,0.010171,,,0.089425,0.456453,,,valid,4,0,0,0,22,44,,1,4,object,
logistics00,probLOGISTICS-9-0.pddl,asp,timed out,1800.1186121925712,concrete_asp,,,,,,,,0.23831694945693016,,,0.010812576860189438,,,,,,,,,,,,,,,31,,,
logistics00,probLOGISTICS-9-0.pddl,fd,success,3.378915101289749,total,0.280681,,,,,,,,,0.273296,,,,,,,,valid,,,,,,39,,,,,
logistics00,probLOGISTICS-9-1.pddl,abs-asp,success,7.779081240296364,total,4.519802,0.202443,0.002821,0.168588,,0.015979,0.049124,0.259722,0.197173,,0.013647,0.006641,3.178406,,0.34177,,,valid,4,0,0,0,17,34,18,1,3,object,
logistics00,probLOGISTICS-9-1.pddl,abs-fd,success,3.3054403252899647,total,1.258538,0.168847,0.002839,0.119536,,0.015731,0.049336,0.198226,0.196176,,0.01,,,0.086861,0.343513,,,valid,4,0,0,0,17,35,,1,3,object,
logistics00,probLOGISTICS-9-1.pddl,asp,timed out,1800.116992097348,concrete_asp,,,,,,,,0.19929582625627518,,,0.010939598083496094,,,,,,,,,,,,,,,28,,,
logistics00,probLOGISTICS-9-1.pddl,fd,success,3.5209084190428257,total,0.30435,,,,,,,,,0.297332,,,,,,,,valid,,,,,,31,,,,,
logistics98,prob01.pddl,abs-asp,timed out,1800.116018872708,abstract_asp,,0.19835148006677628,0.0034087561070919037,0.1765059307217598,,0.015587035566568375,0.0744667574763298,0.29080865904688835,0.22070886567234993,,0.02029527723789215,0.01819012314081192,,,,,,,2,0,,,13,,14,,6,object,
logistics98,prob01.pddl,abs-fd,success,198.58656103536487,total,196.64134,0.17685,0.003376,0.12543,,0.015533,0.075089,0.206786,0.209104,,0.015626,,,0.085327,195.653197,,,valid,2,0,9,0,14,29,,1,6,object,
logistics98,prob01.pddl,asp,timed out,1800.1154961623251,concrete_asp,,,,,,,,0.2295682057738304,,,0.01612776517868042,,,,,,,,,,,,,,,23,,,
logistics98,prob01.pddl,fd,success,1.8840197585523129,total,0.190841,,,,,,,,,0.187299,,,,,,,,valid,,,,,,27,,,,,
logistics98,prob02.pddl,abs-asp,timed out,1800.121948339045,abstract_asp,,0.21284912899136543,0.002715509384870529,0.19533125683665276,,0.02650412544608116,0.22306189686059952,0.3072694428265095,0.2531440779566765,,0.037566687911748886,0.03987794741988182,,,,,,,2,0,,,14,,15,,10,object,
logistics98,prob02.pddl,abs-fd,timed out,1800.0345873720944,abstract_fd_search,,0.19680818915367126,0.002715799957513809,0.1515377126634121,,0.026001721620559692,0.22699834778904915,0.2498176358640194,0.26298893988132477,,0.03586432337760925,,,0.0965842492878437,,,,,2,0,0,0,16,,,0,10,object,
logistics98,prob02.pddl,asp,timed out,1800.1181119680405,concrete_asp,,,,,,,,0.2552797235548496,,,0.034312654286623,,,,,,,,,,,,,,,22,,,
logistics98,prob02.pddl,fd,success,2.700939364731312,total,0.267073,,,,,,,,,0.263971,,,,,,,,valid,,,,,,33,,,,,
logistics98,prob03.pddl,abs-asp,timed out,1800.1217969432473,abstract_asp,,0.32511795684695244,0.0029513761401176453,0.25899017602205276,,0.04974431172013283,0.4068636819720268,0.411009781062603,0.3851981982588768,,0.08117737621068954,0.08889032900333405,,,,,,,2,0,,,16,,17,,14,object,
logistics98,prob03.pddl,abs-fd,timed out,1800.1354854106903,abstract_fd_search,,0.28208080865442753,0.002879330888390541,0.19702937826514244,,0.04851868562400341,0.4018352273851633,0.3238573372364044,0.3532292079180479,,0.0732005126774311,,,0.1037648506462574,,,,,2,0,0,0,24,,,0,14,object,
logistics98,prob03.pddl,asp,timed out,1800.0671143317595,concrete_asp,,,,,,,,0.37846046779304743,,,0.074986488558352,,,,,,,,,,,,,,,27,,,
logistics98,prob03.pddl,fd,success,3.9269429743289948,total,0.479333,,,,,,,,,0.470952,,,,,,,,valid,,,,,,56,,,,,
logistics98,prob04.pddl,abs-asp,timed out,1800.1231643892825,abstract_asp,,0.3280739486217499,0.0029680468142032623,0.25226667523384094,,0.08043694123625755,0.5012292303144932,0.40468263626098633,0.39198799803853035,,0.11449674889445305,0.10123518109321594,,,,,,,2,0,,,16,,17,,23,object,
logistics98,prob04.pddl,abs-fd,timed out,1800.1447895132005,abstract_fd_search,,0.3425593450665474,0.0029284805059432983,0.2943541966378689,,0.08067729696631432,0.5019048377871513,0.46243766695261,0.38280998915433884,,0.11811744421720505,,,0.118062824010849,,,,,2,0,0,0,22,,,0,23,object,
logistics98,prob04.pddl,asp,timed out,1800.119381479919,concrete_asp,,,,,,,,0.4030875926837325,,,0.10732547286897898,,,,,,,,,,,,,,,24,,,
logistics98,prob04.pddl,fd,success,2.75072979927063,total,0.51147,,,,,,,,,0.504167,,,,,,,,valid,,,,,,65,,,,,
logistics98,prob05.pddl,abs-asp,success,122.88144270330667,total,120.787232,0.18801,0.002693,0.134176,,0.037417,0.106926,0.215817,0.214146,,0.015383,0.01489,118.835433,,0.928803,,,valid,2,0,3,0,13,27,14,1,11,object,
logistics98,prob05.pddl,abs-fd,success,74.5376304090023,total,72.068362,0.195363,0.002828,0.141568,,0.025416,0.104095,0.233655,0.23241,,0.015807,,,0.096863,70.932186,,,valid,2,0,9,0,13,27,,1,11,object,
logistics98,prob05.pddl,asp,success,1384.5965101057664,total,1382.237224,,,,,,,0.231464,,,0.019074,,,,1381.934528,,,valid,,,,,,22,,23,,,
logistics98,prob05.pddl,fd,success,3.340441819280386,total,0.283462,,,,,,,,,0.275165,,,,,,,,valid,,,,,,23,,,,,
logistics98,prob06.pddl,abs-asp,timed out,1800.1282650008798,abstract_asp,,0.35566074401140213,0.003254517912864685,0.397690836340189,,0.11560174822807312,0.9772640354931355,0.6239166408777237,0.5301007069647312,,0.13880502060055733,0.11804835125803947,,,,,,,2,0,,,16,,17,,26,object,
logistics98,prob06.pddl,abs-fd,timed out,1800.1571102179587,abstract_fd_search,,0.36782601848244667,0.0032230019569396973,0.3518937714397907,,0.11784418299794197,0.968225821852684,0.5590937919914722,0.5324316322803497,,0.13693014532327652,,,0.13688941299915314,,,,,2,0,0,0,29,,,0,26,object,
logistics98,prob06.pddl,asp,timed out,1800.1290927566588,concrete_asp,,,,,,,,0.5015828236937523,,,0.11483249813318253,,,,,,,,,,,,,,,26,,,
logistics98,prob06.pddl,fd,success,2.5549316070973873,total,0.666479,,,,,,,,,0.663088,,,,,,,,valid,,,,,,80,,,,,
logistics98,prob08.pddl,abs-asp,timed out,1800.128918029368,abstract_asp,,0.38278211653232574,0.00301244854927063,0.5549920182675123,,0.14624643325805664,0.9493235237896442,0.9047942776232958,0.8315044529736042,,0.1342184841632843,0.12509925477206707,,,,,,,2,0,,,14,,15,,33,object,
logistics98,prob08.pddl,abs-fd,timed out,1800.1484535709023,abstract_fd_search,,0.35726429149508476,0.003046475350856781,0.5073407553136349,,0.1463598683476448,0.9623845927417278,0.8287251256406307,0.8052795603871346,,0.12642884626984596,,,0.11824944242835045,,,,,2,0,0,0,19,,,0,33,object,
logistics98,prob08.pddl,asp,timed out,1800.12181102857,concrete_asp,,,,,,,,0.9311608113348484,,,0.1261766478419304,,,,,,,,,,,,,,,23,,,
logistics98,prob08.pddl,fd,success,2.6980257742106915,total,0.843297,,,,,,,,,0.839796,,,,,,,,valid,,,,,,47,,,,,
logistics98,prob09.pddl,abs-asp,timed out,1800.1248659044504,abstract_asp,,0.35330861806869507,0.0033557601273059845,0.35646309331059456,,0.11107774451375008,0.7263139970600605,0.6193473115563393,0.4611221067607403,,0.22700125351548195,0.13365653157234192,,,,,,,2,0,,,15,,16,,28,object,
logistics98,prob09.pddl,abs-fd,timed out,1800.174093041569,abstract_fd_search,,0.34624889865517616,0.003316842019557953,0.35431502759456635,,0.11085588485002518,0.7100996524095535,0.5960996486246586,0.4548903591930866,,0.22493290156126022,,,0.14108875766396523,,,,,2,0,0,0,33,,,0,28,object,
logistics98,prob09.pddl,asp,timed out,1800.1200280906633,concrete_asp,,,,,,,,0.6502070557326078,,,0.2152102366089821,,,,,,,,,,,,,,,21,,,
logistics98,prob09.pddl,fd,success,3.1876416243612766,total,0.89697,,,,,,,,,0.889147,,,,,,,,valid,,,,,,94,,,,,
logistics98,prob11.pddl,abs-asp,timed out,1800.126638751477,abstract_solving,,0.21305902302265167,0.002814866602420807,0.20380215719342232,,0.041673798114061356,0.07613247260451317,0.32603320479393005,0.2277245633304119,,0.05883810669183731,0.022324737161397934,10.553386349231005,,,,,,2,0,0,0,11,,12,0,22,object,
logistics98,prob11.pddl,abs-fd,timed out,1800.1224361471832,abstract_fd_search,,0.1993975266814232,0.0028362758457660675,0.16747068986296654,,0.04187840595841408,0.07585423812270164,0.28418583422899246,0.22386467084288597,,0.05686493590474129,,,0.08963830024003983,,,,,2,0,0,0,11,,,0,22,object,
logistics98,prob11.pddl,asp,timed out,1800.1278742663562,concrete_asp,,,,,,,,0.37420168425887823,,,0.05663850158452988,,,,,,,,,,,,,,,19,,,
logistics98,prob11.pddl,fd,success,3.1015006378293037,total,0.356871,,,,,,,,,0.35104,,,,,,,,valid,,,,,,31,,,,,
logistics98,prob12.pddl,abs-asp,timed out,1800.150599911809,abstract_solving,,0.4569605551660061,0.0032487958669662476,0.6169539839029312,,0.31794390454888344,1.8916687183082104,0.9624739438295364,0.9271493144333363,,0.3755454942584038,0.3656952828168869,1590.9268527515233,,,,,,2,0,0,0,14,,15,0,55,object,
logistics98,prob12.pddl,abs-fd,timed out,1800.2001272402704,abstract_fd_search,,0.44124336913228035,0.0033380240201950073,0.592689573764801,,0.31873447820544243,1.94189178571105,0.9088483713567257,0.9364499151706696,,0.3700091950595379,,,0.1940554827451706,,,,,2,0,0,0,14,,,0,55,object,
logistics98,prob12.pddl,asp,timed out,1800.1394782848656,concrete_asp,,,,,,,,0.9156416952610016,,,0.3468322828412056,,,,,,,,,,,,,,,20,,,
logistics98,prob12.pddl,fd,success,5.368971310555935,total,1.203171,,,,,,,,,1.195382,,,,,,,,valid,,,,,,42,,,,,
logistics98,prob13.pddl,abs-asp,timed out,1800.1502180472016,abstract_asp,,0.44672442972660065,0.0034343861043453217,1.0189676508307457,,0.19083115458488464,2.6392123103141785,1.851508293300867,2.1746571250259876,,0.4369433671236038,0.512817706912756,,,,,,,2,0,,,16,,17,,29,object,
logistics98,prob13.pddl,abs-fd,timed out,1800.2209345530719,abstract_fd_search,,0.4277342837303877,0.0035437270998954773,0.980901787057519,,0.19152363017201424,2.5708594359457493,1.7777078915387392,2.0747402980923653,,0.428696159273386,,,0.25298700854182243,,,,,2,0,0,0,28,,,0,29,object,
logistics98,prob13.pddl,asp,timed out,1800.1645462326705,concrete_asp,,,,,,,,1.902770809829235,,,0.40996253490448,,,,,,,,,,,,,,,23,,,
logistics98,prob13.pddl,fd,success,5.3629764802753925,total,2.243475,,,,,,,,,2.235511,,,,,,,,valid,,,,,,74,,,,,
logistics98,prob14.pddl,abs-asp,timed out,1800.1301050335169,abstract_asp,,0.3555824179202318,0.0036864615976810455,0.5180371105670929,,0.1636880747973919,0.43178926035761833,0.9356397185474634,0.7664807308465242,,0.28116748481988907,0.20110305584967136,,,,,,,2,0,,,13,,14,,47,object,
logistics98,prob14.pddl,abs-fd,timed out,1800.1265919432044,abstract_fd_search,,0.3604901321232319,0.0036716461181640625,0.5145846754312515,,0.16668734699487686,0.4226435087621212,0.9462602473795414,0.7310456186532974,,0.2790706045925617,,,0.16247029975056648,,,,,2,0,0,0,37,,,0,47,object,
logistics98,prob14.pddl,asp,timed out,1800.1309207053855,concrete_asp,,,,,,,,0.9404907012358308,,,0.2560710506513715,,,,,,,,,,,,,,,22,,,
logistics98,prob14.pddl,fd,success,3.418790515512228,total,1.311312,,,,,,,,,1.303725,,,,,,,,valid,,,,,,99,,,,,
logistics98,prob15.pddl,abs-asp,timed out,1800.1200384162366,abstract_asp,,0.21595951914787292,0.003236386924982071,0.2361931949853897,,0.02731149271130562,0.284970972687006,0.39371640980243683,0.3071223497390747,,0.065046776086092,0.05813273787498474,,,,,,,4,0,,,25,,26,,9,object,
logistics98,prob15.pddl,abs-fd,success,21.208806455135345,total,18.891476,0.210474,0.003275,0.203319,,0.02742,0.286662,0.348772,0.304921,,0.060887,,,0.189618,16.869788,,,valid,4,0,0,0,98,151,,1,9,object,
logistics98,prob15.pddl,asp,timed out,1800.1139569208026,concrete_asp,,,,,,,,0.34974756091833115,,,0.057419303804636,,,,,,,,,,,,,,,27,,,
logistics98,prob15.pddl,fd,success,2.1856233701109886,total,0.392728,,,,,,,,,0.389247,,,,,,,,valid,,,,,,97,,,,,
logistics98,prob16.pddl,abs-asp,timed out,1800.158716764301,abstract_solving,,0.34720848500728607,0.003060735762119293,0.3317669779062271,,0.17499925568699837,0.35624590516090393,0.5535007752478123,0.4756064787507057,,0.21957438439130783,0.1525530181825161,627.7482967413962,,,,,,2,0,0,0,16,,17,0,52,object,
logistics98,prob16.pddl,abs-fd,timed out,1800.1622379533947,abstract_fd_search,,0.3587287850677967,0.0034218132495880127,0.3409207798540592,,0.17879965528845787,0.3624828867614269,0.582827553153038,0.49781525880098343,,0.2077542468905449,,,0.13856443762779236,,,,,2,0,0,0,16,,,0,52,object,
logistics98,prob16.pddl,asp,timed out,1800.1265204325318,concrete_asp,,,,,,,,0.6278878971934319,,,0.19649368897080421,,,,,,,,,,,,,,,19,,,
logistics98,prob16.pddl,fd,success,2.436682350933552,total,0.623203,,,,,,,,,0.619514,,,,,,,,valid,,,,,,55,,,,,
logistics98,prob17.pddl,abs-asp,timed out,1800.1322228237987,abstract_solving,,0.30692901089787483,0.002992875874042511,0.28411801904439926,,0.1145443469285965,0.1252617947757244,0.49783941730856895,0.26227861270308495,,0.10368350893259048,0.026773393154144287,10.716549750417471,,,,,,2,0,0,0,12,,13,0,45,object,
logistics98,prob17.pddl,abs-fd,timed out,1800.1286637298763,abstract_fd_search,,0.313656210899353,0.003079712390899658,0.2837465703487396,,0.1152954027056694,0.12686270102858543,0.49622271209955215,0.26586460694670677,,0.10527884587645531,,,0.09312884882092476,,,,,2,0,0,0,12,,,0,45,object,
logistics98,prob17.pddl,asp,timed out,1800.1121158711612,concrete_asp,,,,,,,,0.5200249776244164,,,0.09950529411435127,,,,,,,,,,,,,,,15,,,
logistics98,prob17.pddl,fd,success,2.7518386133015156,total,0.565638,,,,,,,,,0.55713,,,,,,,,valid,,,,,,44,,,,,
logistics98,prob18.pddl,abs-asp,timed out,1800.1623292565346,abstract_asp,,0.4281129688024521,0.004005961120128632,0.9320821203291416,,0.1709623672068119,1.954139843583107,1.867109589278698,2.1828634180128574,,0.828291617333889,0.9452228397130966,,,,,,,2,0,,,16,,17,,30,object,
logistics98,prob18.pddl,abs-fd,timed out,1800.456532202661,abstract_fd_search,,0.4366496838629246,0.004112061113119125,0.9918500036001205,,0.17899085953831673,1.9753350801765919,1.8830303624272346,2.2794441618025303,,0.8341563045978546,,,0.6218275800347328,,,,,2,0,0,0,60,,,0,30,object,
logistics98,prob18.pddl,asp,timed out,1800.1486617401242,concrete_asp,,,,,,,,1.8559974879026413,,,0.7626830004155636,,,,,,,,,,,,,,,20,,,
logistics98,prob18.pddl,fd,success,7.894629618152976,total,4.5148,,,,,,,,,4.506894,,,,,,,,valid,,,,,,180,,,,,
logistics98,prob19.pddl,abs-asp,timed out,1800.1371793672442,abstract_asp,,0.37736036628484726,0.0041986070573329926,0.6107219159603119,,0.12824133411049843,0.8759729266166687,1.2576353624463081,0.7932342775166035,,0.5216980278491974,0.27857688441872597,,,,,,,2,0,,,16,,17,,30,object,
logistics98,prob19.pddl,abs-fd,timed out,1800.3300347030163,abstract_fd_search,,0.36936305090785027,0.0038277767598628998,0.612747885286808,,0.13046231493353844,0.8854066468775272,1.2256228290498257,0.7761623151600361,,0.5225448198616505,,,0.256764754652977,,,,,2,0,0,0,56,,,0,30,object,
logistics98,prob19.pddl,asp,timed out,1800.1396001316607,concrete_asp,,,,,,,,1.1626668870449066,,,0.4553072415292263,,,,,,,,,,,,,,,17,,,
logistics98,prob19.pddl,fd,success,4.8095539808273315,total,2.436223,,,,,,,,,2.427902,,,,,,,,valid,,,,,,159,,,,,
logistics98,prob20.pddl,abs-asp,timed out,1800.0871231891215,abstract_asp,,0.49997978284955025,0.004134930670261383,0.9480599649250507,,0.16384483128786087,4.377008453011513,1.584898054599762,1.677931435406208,,0.69665751978755,0.710299476981163,,,,,,,2,0,,,16,,17,,19,object,
logistics98,prob20.pddl,abs-fd,timed out,1800.3755178563297,abstract_fd_search,,0.503156591206789,0.004008188843727112,0.9841007776558399,,0.16324353963136673,4.2887278236448765,1.6061523221433163,1.6724267154932022,,0.7097186148166656,,,0.5219707936048508,,,,,2,0,0,0,58,,,0,19,object,
logistics98,prob20.pddl,asp,timed out,1800.1821992620826,concrete_asp,,,,,,,,1.6160366907715797,,,0.6624235846102238,,,,,,,,,,,,,,,21,,,
logistics98,prob20.pddl,fd,success,5.419209782034159,total,2.758803,,,,,,,,,2.755127,,,,,,,,valid,,,,,,149,,,,,
logistics98,prob21.pddl,abs-asp,timed out,1800.1427718997002,abstract_asp,,0.4654858075082302,0.0036909133195877075,0.8099202252924442,,0.24264871329069138,2.329751554876566,1.4354660138487816,0.9949837811291218,,0.5964460708200932,0.3921206071972847,,,,,,,2,0,,,17,,18,,40,object,
logistics98,prob21.pddl,abs-fd,timed out,1800.2783954143524,abstract_fd_search,,0.4193075727671385,0.003497818484902382,0.7068266682326794,,0.24005542881786823,2.2918649949133396,1.2434109412133694,0.9100242536514997,,0.5404994376003742,,,0.24659818038344383,,,,,2,0,0,0,37,,,0,40,object,
logistics98,prob21.pddl,asp,timed out,1800.1116520585492,concrete_asp,,,,,,,,1.4436757480725646,,,0.5446822447702289,,,,,,,,,,,,,,,19,,,
logistics98,prob21.pddl,fd,success,4.663714870810509,total,2.230248,,,,,,,,,2.222762,,,,,,,,valid,,,,,,110,,,,,
logistics98,prob22.pddl,abs-asp,timed out,1800.1847456097603,abstract_asp,,0.553128220140934,0.005099985748529434,2.0347464568912983,,0.5464538857340813,3.3109253831207752,4.015946723520756,3.130884598940611,,1.4463532641530037,1.056566994637251,,,,,,,2,0,,,16,,17,,74,object,
logistics98,prob22.pddl,abs-fd,interrupted,297.0785553716123,abstract_fd_search,,0.560125071555376,0.005273737013339996,2.048427104949951,,0.5580787993967533,3.4340186789631844,3.986806757748127,3.2194959484040737,,1.4380350075662136,,,0.9886921420693398,,,,,2,0,0,0,94,,,0,74,object,
logistics98,prob22.pddl,asp,timed out,1800.2014409787953,concrete_asp,,,,,,,,3.973114527761936,,,1.3257649093866348,,,,,,,,,,,,,,,23,,,
logistics98,prob22.pddl,fd,success,42.00545943900943,total,39.061909,,,,,,,,,39.057666,,,,,,,,valid,,,,,,324,,,,,
logistics98,prob23.pddl,abs-asp,timed out,1800.1242842059582,abstract_asp,,0.32645504735410213,0.003700489178299904,0.29160817712545395,,0.07570957578718662,0.22526932135224342,0.5214516166597605,0.3662313837558031,,0.15261817537248135,0.09408136829733849,,,,,,,2,0,,,16,,17,,28,object,
logistics98,prob23.pddl,abs-fd,timed out,1800.1781663149595,abstract_fd_search,,0.2808167040348053,0.0035721473395824432,0.22180763259530067,,0.07475706562399864,0.22297964617609978,0.39640216529369354,0.31597448512911797,,0.13304496929049492,,,0.10786940157413483,,,,,2,0,0,0,45,,,0,28,object,
logistics98,prob23.pddl,asp,timed out,1800.1219457238913,concrete_asp,,,,,,,,0.45231543853878975,,,0.13770848140120506,,,,,,,,,,,,,,,17,,,
logistics98,prob23.pddl,fd,success,2.9213829562067986,total,0.697837,,,,,,,,,0.692576,,,,,,,,valid,,,,,,118,,,,,
logistics98,prob24.pddl,abs-asp,timed out,1800.1626075655222,abstract_solving,,0.43913283571600914,0.0033623911440372467,0.9433951824903488,,0.29153725504875183,1.5142599418759346,1.8216404020786285,0.6305541470646858,,0.4466003365814686,0.1049535982310772,15.709873791784048,,,,,,2,0,0,0,11,,12,0,54,object,
logistics98,prob24.pddl,abs-fd,timed out,1800.170261990279,abstract_fd_search,,0.41649606078863144,0.003142494708299637,0.90013687312603,,0.2900243066251278,1.5286903455853462,1.746424425393343,0.5987374223768711,,0.44222067296504974,,,0.11772077158093452,,,,,2,0,0,0,11,,,0,54,object,
logistics98,prob24.pddl,asp,timed out,1800.1310755349696,concrete_asp,,,,,,,,1.7884855270385742,,,0.4145142734050751,,,,,,,,,,,,,,,18,,,
logistics98,prob24.pddl,fd,success,4.514565248042345,total,1.950492,,,,,,,,,1.94492,,,,,,,,valid,,,,,,42,,,,,
logistics98,prob25.pddl,abs-asp,timed out,1800.1131447479129,abstract_asp,,0.7169558294117451,0.004935082048177719,2.149174138903618,,0.4021749459207058,15.072330746799707,3.2734882719814777,3.8632416650652885,,1.3711171299219131,1.5272245854139328,,,,,,,2,0,,,16,,17,,29,object,
logistics98,prob25.pddl,abs-fd,interrupted,227.0597011707723,abstract_fd_search,,0.704041849821806,0.004813037812709808,2.0942886136472225,,0.40302227810025215,14.54028570652008,3.218008626252413,3.744892455637455,,1.3237980417907238,,,1.1932023949921131,,,,,2,0,0,0,68,,,0,29,object,
logistics98,prob25.pddl,asp,timed out,1800.1293785981834,concrete_asp,,,,,,,,3.2858451306819916,,,1.2858874015510082,,,,,,,,,,,,,,,20,,,
logistics98,prob25.pddl,fd,success,11.973035488277674,total,9.044644,,,,,,,,,9.035411,,,,,,,,valid,,,,,,195,,,,,
logistics98,prob26.pddl,abs-asp,timed out,1800.147677846253,abstract_asp,,0.5491183772683144,0.004969216883182526,1.2242800779640675,,0.7812974043190479,2.6284958720207214,2.078800406306982,1.576063759624958,,0.8335291035473347,0.6099380254745483,,,,,,,2,0,,,13,,14,,106,object,
logistics98,prob26.pddl,abs-fd,timed out,1800.5100251752883,abstract_fd_search,,0.5648458898067474,0.004966052249073982,1.2621716149151325,,0.7861062176525593,2.6581327859312296,2.1174074951559305,1.576121648773551,,0.8298033345490694,,,0.5662592425942421,,,,,2,0,0,0,75,,,0,106,object,
logistics98,prob26.pddl,asp,timed out,1800.1691085211933,concrete_asp,,,,,,,,2.159556806087494,,,0.7998311296105385,,,,,,,,,,,,,,,21,,,
logistics98,prob26.pddl,fd,success,14.861373372375965,total,10.685048,,,,,,,,,10.67393,,,,,,,,valid,,,,,,217,,,,,
logistics98,prob27.pddl,abs-asp,timed out,1800.194218095392,abstract_asp,,0.5779760777950287,0.004327166825532913,2.9493391066789627,,0.3748968057334423,6.673520945012569,5.664104603230953,2.234744343906641,,0.8560414835810661,0.8863106183707714,,,,,,,4,0,,,22,,23,,40,object,
logistics98,prob27.pddl,abs-fd,interrupted,377.77490217238665,abstract_fd_search,,0.5927418284118176,0.004215739667415619,3.0023907870054245,,0.3740711472928524,6.65369026362896,5.668234471231699,2.240584872663021,,0.8799665570259094,,,5.264451369643211,,,,,4,0,0,0,163,,,0,40,object,
logistics98,prob27.pddl,asp,timed out,1800.1737541481853,concrete_asp,,,,,,,,5.685592398047447,,,0.8225740604102612,,,,,,,,,,,,,,,24,,,
logistics98,prob27.pddl,fd,success,10.807774759829044,total,8.111357,,,,,,,,,8.10338,,,,,,,,valid,,,,,,160,,,,,
logistics98,prob28.pddl,abs-asp,timed out,1800.2137885447592,abstract_asp,,0.7932494003325701,0.005591455847024918,6.736624320968986,,1.0953128207474947,14.250013021752238,12.732310069724917,5.0292469803243876,,4.072886984795332,1.3300407007336617,,,,,,,2,0,,,16,,17,,83,object,
logistics98,prob28.pddl,abs-fd,interrupted,223.40346278995275,abstract_fd_search,,0.7939109895378351,0.005649657920002937,6.5941625982522964,,1.1078141927719116,14.581938344985247,12.628974528983235,4.880290541797876,,4.054729595780373,,,1.6611365545541048,,,,,2,0,0,0,103,,,0,83,object,
logistics98,prob28.pddl,asp,timed out,1800.2327355667949,concrete_asp,,,,,,,,12.636777993291616,,,3.8095983900129795,,,,,,,,,,,,,,,17,,,
logistics98,prob28.pddl,fd,success,183.17606694996357,total,178.280768,,,,,,,,,178.269489,,,,,,,,valid,,,,,,327,,,,,
logistics98,prob29.pddl,abs-asp,timed out,1800.0756137259305,abstract_asp,,0.4931402876973152,0.011438138782978058,1.9520587585866451,,0.29338784143328667,2.5117640271782875,4.08503158017993,4.240957409143448,,1.531027391552925,1.5356487110257149,,,,,,,2,0,,,16,,17,,46,object,
logistics98,prob29.pddl,abs-fd,interrupted,243.9809012338519,abstract_fd_search,,0.4846966676414013,0.01144445315003395,1.9311510398983955,,0.29244014993309975,2.49574738740921,4.047342278063297,4.284211847931147,,1.5443909876048565,,,1.4804427102208138,,,,,2,0,0,0,120,,,0,46,object,
logistics98,prob29.pddl,asp,timed out,1800.1783451111987,concrete_asp,,,,,,,,3.6812209393829107,,,1.3405830673873425,,,,,,,,,,,,,,,21,,,
logistics98,prob29.pddl,fd,success,45.252485785633326,total,41.875898,,,,,,,,,41.866598,,,,,,,,valid,,,,,,361,,,,,
logistics98,prob30.pddl,abs-asp,timed out,1800.1676214821637,abstract_asp,,0.6891213282942772,0.004786454141139984,2.096007201820612,,0.8209882602095604,7.9829357117414474,3.8861205466091633,1.524683691561222,,1.4866942092776299,0.5272180996835232,,,,,,,2,0,,,15,,16,,80,object,
logistics98,prob30.pddl,abs-fd,timed out,1800.6208931691945,abstract_fd_search,,0.6767251007258892,0.004542253911495209,2.0496653579175472,,0.8400013111531734,7.788298815488815,3.422441530972719,1.4811306037008762,,1.4784377105534077,,,0.4248160310089588,,,,,2,0,0,0,50,,,0,80,object,
logistics98,prob30.pddl,asp,timed out,1800.1713724024594,concrete_asp,,,,,,,,3.4621305093169212,,,1.3746361434459686,,,,,,,,,,,,,,,18,,,
logistics98,prob30.pddl,fd,success,11.547268263995647,total,8.768851,,,,,,,,,8.759273,,,,,,,,valid,,,,,,154,,,,,
logistics98,prob33.pddl,abs-asp,success,509.4590158239007,total,506.287144,0.188606,0.002657,0.165276,,0.016221,0.042627,0.258828,0.186664,,0.017977,0.008826,377.456311,,127.849295,,,valid,2,0,6,0,15,31,16,1,9,object,
logistics98,prob33.pddl,abs-fd,success,270.51483492180705,total,268.46935,0.177001,0.002737,0.127631,,0.016713,0.044103,0.220625,0.202201,,0.015096,,,0.08932,267.492611,,,valid,2,0,7,0,15,31,,1,9,object,
logistics98,prob33.pddl,asp,timed out,1800.110952413641,concrete_asp,,,,,,,,0.1707958271726966,,,0.01319876778870821,,,,,,,,,,,,,,,22,,,
logistics98,prob33.pddl,fd,success,1.962565403431654,total,0.201971,,,,,,,,,0.19691,,,,,,,,valid,,,,,,27,,,,,
logistics98,prob34.pddl,abs-asp,timed out,1800.1242029704154,abstract_solving,,0.20983152091503143,0.0027559511363506317,0.18334224447607994,,0.028078295290470123,0.08517445623874664,0.28664707764983177,0.22110459581017494,,0.033051855862140656,0.0176975280046463,322.7733857370913,,,,,,2,0,0,0,16,,17,0,14,object,
logistics98,prob34.pddl,abs-fd,timed out,1800.1274281702936,abstract_fd_search,,0.18675952032208443,0.0026336684823036194,0.13045667111873627,,0.028134986758232117,0.08368797600269318,0.23436082899570465,0.19421792402863503,,0.027187764644622803,,,0.07986621558666229,,,,,2,0,0,0,16,,,0,14,object,
logistics98,prob34.pddl,asp,timed out,1800.1207951009274,concrete_asp,,,,,,,,0.24054699018597603,,,0.028361335396766663,,,,,,,,,,,,,,,26,,,
logistics98,prob34.pddl,fd,success,2.7063862159848213,total,0.322718,,,,,,,,,0.31361,,,,,,,,valid,,,,,,52,,,,,
logistics98,prob35.pddl,abs-asp,timed out,1800.0510151833296,abstract_solving,,0.1982991360127926,0.002710128203034401,0.14904527738690376,,0.035248130559921265,0.21845398284494877,0.2359115555882454,0.21874594874680042,,0.027130888774991035,0.01889951527118683,152.81818099319935,,,,,,2,0,0,0,15,,16,0,15,object,
logistics98,prob35.pddl,abs-fd,timed out,1800.0307365693152,abstract_fd_search,,0.21479734778404236,0.00269409641623497,0.18344705924391747,,0.03564400225877762,0.216570183634758,0.27665382623672485,0.2191157341003418,,0.02961074188351631,,,0.09204091131687164,,,,,2,0,0,0,15,,,0,15,object,
logistics98,prob35.pddl,asp,timed out,1800.118437810801,concrete_asp,,,,,,,,0.27981406543403864,,,0.028450348414480686,,,,,,,,,,,,,,,25,,,
logistics98,prob35.pddl,fd,success,3.574492886662483,total,0.303179,,,,,,,,,0.297051,,,,,,,,valid,,,,,,31,,,,,
miconic,s10-0.pddl,abs-asp,timed out,1800.1184699200094,abstract_asp,,0.33974558487534523,0.0023460127413272858,0.1293945126235485,,0.028287097811698914,0.08352117612957954,0.21021124720573425,0.20990275591611862,,0.013781610876321793,0.012700926512479782,,,,,,,1,0,,,28,,29,,2,object,
miconic,s10-0.pddl,abs-fd,success,5.536306016147137,total,2.443259,0.356227,0.002337,0.161784,,0.027911,0.081768,0.259545,0.20844,,0.01719,,,0.091304,1.144912,,,valid,1,0,0,0,40,42,,1,2,object,
miconic,s10-0.pddl,asp,timed out,1800.1151450909674,concrete_asp,,,,,,,,0.27505074441432953,,,0.01700795441865921,,,,,,,,,,,,,,,29,,,
miconic,s10-0.pddl,fd,success,2.3544859811663628,total,0.231058,,,,,,,,,0.223967,,,,,,,,valid,,,,,,42,,,,,
miconic,s11-4.pddl,abs-asp,timed out,1800.1200064755976,abstract_asp,,0.3741596508771181,0.0024096835404634476,0.15810192003846169,,0.0328670758754015,0.10177155770361423,0.25701230950653553,0.21259523555636406,,0.01800304651260376,0.014570077881217003,,,,,,,1,0,,,29,,30,,2,object,
miconic,s11-4.pddl,abs-fd,success,4.674541015177965,total,2.523101,0.368483,0.002426,0.127931,,0.032904,0.103086,0.207843,0.213553,,0.015573,,,0.091945,1.273803,,,valid,1,0,0,0,41,43,,1,2,object,
miconic,s11-4.pddl,asp,timed out,1800.1185282692313,concrete_asp,,,,,,,,0.21794256195425987,,,0.01665842905640602,,,,,,,,,,,,,,,29,,,
miconic,s11-4.pddl,fd,success,2.369644161313772,total,0.228501,,,,,,,,,0.221358,,,,,,,,valid,,,,,,43,,,,,
miconic,s12-0.pddl,abs-asp,timed out,1800.1211565434933,abstract_asp,,0.4082471616566181,0.002809543162584305,0.14095691218972206,,0.03836604580283165,0.11161555722355843,0.23820505291223526,0.236306581646204,,0.018004335463047028,0.017015695571899414,,,,,,,1,0,,,30,,31,,2,object,
miconic,s12-0.pddl,abs-fd,success,5.54235933534801,total,2.950027,0.399653,0.002522,0.141971,,0.03844,0.11056,0.232954,0.219241,,0.018073,,,0.094806,1.584878,,,valid,1,0,0,0,44,46,,1,2,object,
miconic,s12-0.pddl,asp,timed out,1800.118275852874,concrete_asp,,,,,,,,0.2867390550673008,,,0.020352971740067005,,,,,,,,,,,,,,,29,,,
miconic,s12-0.pddl,fd,success,4.001719526946545,total,0.307528,,,,,,,,,0.301253,,,,,,,,valid,,,,,,46,,,,,
miconic,s18-1.pddl,abs-asp,timed out,1800.1214930564165,abstract_asp,,0.6154896225780249,0.003228934481739998,0.16534718312323093,,0.078075360506773,0.23612770065665245,0.2630440015345812,0.260906919836998,,0.035554779693484306,0.03324437327682972,,,,,,,1,0,,,30,,31,,2,object,
miconic,s18-1.pddl,abs-fd,success,9.960387658327818,total,7.076178,0.620745,0.003317,0.17194,,0.078435,0.239605,0.267168,0.253686,,0.036569,,,0.107804,5.133098,,,valid,1,0,0,0,72,74,,1,2,object,
miconic,s18-1.pddl,asp,timed out,1800.116542267613,concrete_asp,,,,,,,,0.3070186572149396,,,0.03680375870317221,,,,,,,,,,,,,,,29,,,
miconic,s18-1.pddl,fd,success,2.4106186144053936,total,0.255822,,,,,,,,,0.252502,,,,,,,,valid,,,,,,74,,,,,
miconic,s20-3.pddl,abs-asp,timed out,1800.1330656521022,abstract_asp,,0.7387874275445938,0.0038378536701202393,0.18520236015319824,,0.09424031153321266,0.2934686467051506,0.3023570291697979,0.3017708696424961,,0.04217255115509033,0.040268898010253906,,,,,,,1,0,,,30,,31,,2,object,
miconic,s20-3.pddl,abs-fd,success,12.101389542222023,total,9.10068,0.710591,0.003437,0.172542,,0.093605,0.289165,0.281354,0.280873,,0.042353,,,0.115815,6.895431,,,valid,1,0,0,0,78,80,,1,2,object,
miconic,s20-3.pddl,asp,timed out,1800.0761029887944,concrete_asp,,,,,,,,0.2991862641647458,,,0.04303731583058834,,,,,,,,,,,,,,,29,,,
miconic,s20-3.pddl,fd,success,3.036093886010349,total,0.327887,,,,,,,,,0.322926,,,,,,,,valid,,,,,,80,,,,,
miconic,s24-1.pddl,abs-asp,timed out,1800.1266749538481,abstract_asp,,1.0408614501357079,0.00399906188249588,0.2317756675183773,,0.13113194704055786,0.4082009308040142,0.36665305495262146,0.32248131185770035,,0.061857808381319046,0.055039726197719574,,,,,,,1,0,,,30,,31,,2,object,
miconic,s24-1.pddl,abs-fd,success,18.76731191202998,total,14.860819,1.005732,0.003909,0.224509,,0.131314,0.417848,0.352133,0.308414,,0.060118,,,0.128759,11.933471,,,valid,1,0,0,0,100,102,,1,2,object,
miconic,s24-1.pddl,asp,timed out,1800.1251548565924,concrete_asp,,,,,,,,0.34841057658195496,,,0.060104310512542725,,,,,,,,,,,,,,,29,,,
miconic,s24-1.pddl,fd,success,4.807117436081171,total,0.446165,,,,,,,,,0.439062,,,,,,,,valid,,,,,,102,,,,,
miconic,s24-2.pddl,abs-asp,timed out,1800.1202333793044,abstract_asp,,1.0745024047791958,0.004266288131475449,0.21768181025981903,,0.13170088082551956,0.4240279346704483,0.34766608104109764,0.342918261885643,,0.059466417878866196,0.05665745213627815,,,,,,,1,0,,,26,,27,,2,object,
miconic,s24-2.pddl,abs-fd,success,21.693077106028795,total,16.655029,1.099618,0.004108,0.256499,,0.132572,0.425337,0.388054,0.333975,,0.063354,,,0.13996,13.456846,,,valid,1,0,0,0,99,101,,1,2,object,
miconic,s24-2.pddl,asp,timed out,1800.1547147259116,concrete_asp,,,,,,,,0.32373909279704094,,,0.06075643002986908,,,,,,,,,,,,,,,29,,,
miconic,s24-2.pddl,fd,success,3.652708601206541,total,0.374392,,,,,,,,,0.370729,,,,,,,,valid,,,,,,101,,,,,
miconic,s26-0.pddl,abs-asp,timed out,1800.1251770742238,abstract_asp,,1.1842995211482048,0.004240032285451889,0.2584480419754982,,0.15190307423472404,0.4904337488114834,0.4184582754969597,0.35000673308968544,,0.07280905917286873,0.0651937946677208,,,,,,,1,0,,,29,,30,,2,object,
miconic,s26-0.pddl,abs-fd,success,23.299066849052906,total,18.686862,1.171056,0.004236,0.247927,,0.149986,0.485226,0.384255,0.340535,,0.072,,,0.142617,15.318548,,,valid,1,0,0,0,106,108,,1,2,object,
miconic,s26-0.pddl,asp,timed out,1800.1655320078135,concrete_asp,,,,,,,,0.36358411610126495,,,0.0694306306540966,,,,,,,,,,,,,,,26,,,
miconic,s26-0.pddl,fd,success,4.301314782351255,total,0.453538,,,,,,,,,0.445098,,,,,,,,valid,,,,,,109,,,,,
miconic,s30-0.pddl,abs-asp,timed out,1800.1323008462787,abstract_asp,,1.5798060670495033,0.005605250597000122,0.2787911295890808,,0.19898689165711403,0.6405291259288788,0.4414898082613945,0.3942721076309681,,0.09335809201002121,0.08398843929171562,,,,,,,1,0,,,28,,29,,2,object,
miconic,s30-0.pddl,abs-fd,success,33.5643476434052,total,27.485384,1.652353,0.005986,0.288597,,0.202563,0.646176,0.459638,0.415426,,0.094103,,,0.177581,23.004537,,,valid,1,0,0,0,118,120,,1,2,object,
miconic,s30-0.pddl,asp,timed out,1800.1371979936957,concrete_asp,,,,,,,,0.47908399999141693,,,0.0908764898777008,,,,,,,,,,,,,,,28,,,
miconic,s30-0.pddl,fd,success,3.6931721195578575,total,0.44821,,,,,,,,,0.44528,,,,,,,,valid,,,,,,120,,,,,
miconic,s7-0.pddl,abs-asp,success,11.374806810170412,total,8.254714,0.206927,0.001982,0.151942,,0.016102,0.04583,0.247591,0.18041,,0.011561,0.007888,7.008238,,0.297347,,,valid,1,0,0,0,21,23,22,1,2,object,
miconic,s7-0.pddl,abs-fd,success,3.396384935826063,total,1.334499,0.196567,0.002002,0.118675,,0.016192,0.044007,0.196731,0.196891,,0.008509,,,0.086305,0.400662,,,valid,1,0,0,0,26,28,,1,2,object,
miconic,s7-0.pddl,asp,success,55.77378224208951,total,53.795328,,,,,,,0.171763,,,0.010004,,,,53.595857,,,valid,,,,,,23,,24,,,
miconic,s7-0.pddl,fd,success,1.838420808315277,total,0.174565,,,,,,,,,0.171405,,,,,,,,valid,,,,,,28,,,,,
miconic,s9-3.pddl,abs-asp,success,1108.591450272128,total,1105.6209,0.326856,0.002222,0.155872,,0.02401,0.066618,0.254595,0.205212,,0.01582,0.010914,1103.73467,,0.706791,,,valid,1,0,0,0,30,32,31,1,2,object,
miconic,s9-3.pddl,abs-fd,success,3.877417815849185,total,1.863081,0.315602,0.00222,0.122479,,0.023807,0.067065,0.199271,0.200795,,0.012004,,,0.090297,0.755587,,,valid,1,0,0,0,33,35,,1,2,object,
miconic,s9-3.pddl,asp,timed out,1800.1189744127914,concrete_asp,,,,,,,,0.2317371405661106,,,0.014824489131569862,,,,,,,,,,,,,,,30,,,
miconic,s9-3.pddl,fd,success,2.4207505583763123,total,0.226355,,,,,,,,,0.220267,,,,,,,,valid,,,,,,35,,,,,
mprime,prob02.pddl,abs-asp,success,9.151047762483358,total,6.224601,0.209924,0.003289,0.302164,,0.03915,0.190002,0.58501,0.305109,,0.251491,0.078968,1.413382,,2.742054,,,valid,4,1,0,0,7,14,8,1,18,object,
mprime,prob02.pddl,abs-fd,success,14.292762201279402,total,6.286208,0.205018,0.002719,0.277889,,0.040502,0.19332,0.54947,0.312444,,0.252163,,,0.104367,4.228599,,,valid,4,1,0,0,13,26,,1,18,object,
mprime,prob02.pddl,asp,success,7.476528720930219,total,5.057936,,,,,,,0.544955,,,0.23287,,,,4.241527,,,valid,,,,,,7,,8,,,
mprime,prob02.pddl,fd,success,3.3646236024796963,total,0.637245,,,,,,,,,0.629325,,,,,,,,valid,,,,,,13,,,,,
mprime,prob05.pddl,abs-asp,success,20.661994226276875,total,17.596726,0.207076,0.002665,0.271215,,0.029703,0.115965,0.523162,0.291592,,0.209188,0.065819,12.647863,,3.110101,,,valid,4,1,0,0,11,23,12,1,13,object,
mprime,prob05.pddl,abs-fd,success,9.315425049513578,total,5.919334,0.215,0.002757,0.296996,,0.02953,0.112076,0.480351,0.294013,,0.210949,,,0.101203,4.045776,,,valid,4,1,0,0,14,29,,1,13,object,
mprime,prob05.pddl,asp,success,16.977320700883865,total,14.994763,,,,,,,0.440073,,,0.194871,,,,14.327224,,,valid,,,,,,11,,12,,,
mprime,prob05.pddl,fd,success,4.150537546724081,total,0.601301,,,,,,,,,0.593579,,,,,,,,valid,,,,,,14,,,,,
mprime,prob07.pddl,abs-asp,success,6.363386165350676,total,2.878542,0.224761,0.002695,0.246545,,0.049889,0.171082,0.412937,0.263294,,0.105531,0.048138,0.281627,,0.978623,,,valid,4,1,0,0,5,7,6,1,23,object,
mprime,prob07.pddl,abs-fd,success,4.338087137788534,total,2.3977,0.201046,0.002684,0.18928,,0.050104,0.154904,0.324026,0.251913,,0.100008,,,0.092837,0.951378,,,valid,4,1,0,0,5,6,,1,23,object,
mprime,prob07.pddl,asp,success,2.5266966857016087,total,0.847842,,,,,,,0.29592,,,0.088468,,,,0.450754,,,valid,,,,,,5,,6,,,
mprime,prob07.pddl,fd,success,2.384432442486286,total,0.374036,,,,,,,,,0.367245,,,,,,,,valid,,,,,,5,,,,,
mprime,prob08.pddl,abs-asp,success,10.801637578755617,total,8.708545,0.212538,0.002667,0.550928,,0.031176,0.287157,1.09131,0.521463,,0.583201,0.230336,0.950458,,4.139989,,,valid,6,1,2,1,2,6,3,2,9,object,
mprime,prob08.pddl,abs-fd,success,9.853434786200523,total,7.737583,0.217761,0.002723,0.517613,,0.031362,0.28866,1.055375,0.532724,,0.591328,,,0.131964,4.257686,,,valid,6,1,2,1,2,6,,2,9,object,
mprime,prob08.pddl,asp,success,8.438525475561619,total,5.042852,,,,,,,1.101293,,,0.549332,,,,3.345313,,,valid,,,,,,6,,7,,,
mprime,prob08.pddl,fd,success,3.6847583949565887,total,1.188974,,,,,,,,,1.180544,,,,,,,,valid,,,,,,7,,,,,
mprime,prob09.pddl,abs-asp,success,9.387038376182318,total,6.076365,0.202477,0.002652,0.274544,,0.025072,0.110931,0.499245,0.295063,,0.176501,0.073846,2.290804,,2.021717,,,valid,4,1,0,0,8,16,9,1,11,object,
mprime,prob09.pddl,abs-fd,success,6.2801438849419355,total,4.277845,0.195974,0.002745,0.229639,,0.02519,0.110958,0.433322,0.298889,,0.179093,,,0.103084,2.5948,,,valid,4,1,0,0,11,22,,1,11,object,
mprime,prob09.pddl,asp,success,4.826601177453995,total,2.535326,,,,,,,0.418443,,,0.15462,,,,1.941199,,,valid,,,,,,8,,9,,,
mprime,prob09.pddl,fd,success,2.0776128247380257,total,0.428031,,,,,,,,,0.425117,,,,,,,,valid,,,,,,11,,,,,
mprime,prob10.pddl,abs-asp,success,68.19189925864339,total,64.345505,0.360147,0.002853,2.375574,,0.126996,0.32065,5.443427,1.234118,,3.022234,0.649566,12.326552,,37.842525,,,valid,4,1,0,0,8,16,9,1,38,object,
mprime,prob10.pddl,abs-fd,success,53.306023105978966,total,49.714507,0.354724,0.002817,2.369695,,0.125798,0.309611,5.402767,1.179121,,2.969106,,,0.216511,36.251239,,,valid,4,1,0,0,8,16,,1,38,object,
mprime,prob10.pddl,asp,success,43.558405093848705,total,41.073103,,,,,,,5.348352,,,2.708638,,,,32.808663,,,valid,,,,,,8,,9,,,
mprime,prob10.pddl,fd,success,8.178265385329723,total,5.983004,,,,,,,,,5.975409,,,,,,,,valid,,,,,,8,,,,,
mprime,prob12.pddl,abs-asp,success,5.717799793928862,total,3.414456,0.192998,0.002744,0.216362,,0.015021,0.103777,0.413518,0.362157,,0.14925,0.11539,0.53813,,1.217415,,,valid,6,1,2,0,3,7,4,1,4,object,
mprime,prob12.pddl,abs-fd,success,4.719208896160126,total,2.710906,0.185525,0.002623,0.207012,,0.014476,0.104582,0.390648,0.341164,,0.149433,,,0.105741,1.137108,,,valid,6,1,2,0,3,7,,1,4,object,
mprime,prob12.pddl,asp,success,3.8182441629469395,total,1.314332,,,,,,,0.379848,,,0.131653,,,,0.788921,,,valid,,,,,,6,,7,,,
mprime,prob12.pddl,fd,success,2.4442945681512356,total,0.435154,,,,,,,,,0.428429,,,,,,,,valid,,,,,,11,,,,,
mprime,prob13.pddl,abs-asp,timed out,1800.131000481546,abstract_asp,,0.3523968644440174,0.0028954781591892242,2.261711284518242,,0.1499057412147522,0.3027508109807968,5.093739245086908,0.8099664449691772,,2.7953403629362583,0.36630791425704956,,,,,,,4,1,,,13,,14,,44,object,
mprime,prob13.pddl,abs-fd,success,88.21258341521025,total,84.37241,0.355868,0.002952,2.286138,,0.148833,0.305729,5.166747,0.812872,,2.766888,,,0.167777,71.3453,,,valid,4,1,0,0,18,36,,1,44,object,
mprime,prob13.pddl,asp,timed out,1800.1851526871324,concrete_asp,,,,,,,,5.182763483375311,,,2.571967862546444,,,,,,,,,,,,,,,14,,,
mprime,prob13.pddl,fd,success,8.932690054178238,total,5.576065,,,,,,,,,5.567868,,,,,,,,valid,,,,,,17,,,,,
mprime,prob14.pddl,abs-asp,success,672.9418758265674,total,669.722089,0.36712,0.003795,2.95549,,0.151906,0.353005,7.414595,1.612925,,3.664733,0.834185,592.306208,,58.9647,,,valid,4,1,0,0,11,22,12,1,42,object,
mprime,prob14.pddl,abs-fd,success,76.01381495967507,total,73.177801,0.348474,0.003443,2.909375,,0.150948,0.35242,7.065348,1.575313,,3.630055,,,0.270578,56.056316,,,valid,4,1,0,0,11,22,,1,42,object,
mprime,prob14.pddl,asp,success,376.8852204941213,total,374.283609,,,,,,,6.956329,,,3.34969,,,,363.606959,,,valid,,,,,,11,,12,,,
mprime,prob14.pddl,fd,success,9.589457973837852,total,7.164001,,,,,,,,,7.160039,,,,,,,,valid,,,,,,11,,,,,
mprime,prob15.pddl,abs-asp,success,57.340422697365284,total,53.896251,0.320989,0.002782,1.949986,,0.044992,0.394306,4.718009,3.551464,,2.579744,1.821534,12.346125,,25.665532,,,valid,4,1,0,0,6,12,7,1,12,object,
mprime,prob15.pddl,abs-fd,success,42.62111236527562,total,38.948123,0.321254,0.002775,1.938445,,0.044498,0.402962,4.673683,3.477784,,2.542658,,,0.472547,24.717769,,,valid,4,1,0,0,6,12,,1,12,object,
mprime,prob15.pddl,asp,success,25.459770042449236,total,23.059114,,,,,,,4.676955,,,2.361927,,,,15.89387,,,valid,,,,,,6,,7,,,
mprime,prob15.pddl,fd,success,6.475772025063634,total,4.712304,,,,,,,,,4.708076,,,,,,,,valid,,,,,,6,,,,,
mprime,prob16.pddl,abs-asp,success,9.061862278729677,total,6.984754,0.203443,0.002774,0.378064,,0.022893,0.269115,0.820928,0.421392,,0.433597,0.157003,0.815704,,3.344895,,,valid,6,1,1,0,4,9,5,1,7,object,
mprime,prob16.pddl,abs-fd,success,9.410531915724277,total,6.374168,0.213547,0.002751,0.404021,,0.023003,0.27175,0.876601,0.414359,,0.428403,,,0.116421,3.531475,,,valid,6,1,2,0,4,9,,1,7,object,
mprime,prob16.pddl,asp,success,7.086331624537706,total,4.079321,,,,,,,0.865193,,,0.398517,,,,2.77719,,,valid,,,,,,6,,7,,,
mprime,prob16.pddl,fd,success,3.61924946680665,total,0.96237,,,,,,,,,0.954775,,,,,,,,valid,,,,,,7,,,,,
mprime,prob17.pddl,abs-asp,success,24.13741674274206,total,21.48368,0.320598,0.002757,1.082641,,0.058757,0.263507,2.605231,0.963559,,1.411262,0.470276,2.527482,,11.581628,,,valid,4,1,0,0,4,8,5,1,19,object,
mprime,prob17.pddl,abs-fd,success,21.35153564810753,total,18.792983,0.326871,0.002945,1.082513,,0.059194,0.269893,2.608052,1.004489,,1.371656,,,0.181518,11.728943,,,valid,4,1,0,0,4,8,,1,19,object,
mprime,prob17.pddl,asp,success,12.686143580824137,total,10.415031,,,,,,,2.556056,,,1.302806,,,,6.505324,,,valid,,,,,,4,,5,,,
mprime,prob17.pddl,fd,success,5.871995378285646,total,2.891209,,,,,,,,,2.884993,,,,,,,,valid,,,,,,4,,,,,
mprime,prob21.pddl,abs-asp,success,15.88697899878025,total,13.813222,0.294922,0.002659,0.683673,,0.084215,0.145336,1.579996,0.326959,,0.906895,0.082935,0.578556,,8.967622,,,valid,4,1,0,0,6,12,7,1,33,object,
mprime,prob21.pddl,abs-fd,success,16.71509601548314,total,14.188824,0.313991,0.002771,0.714375,,0.084194,0.145866,1.573639,0.321444,,0.89828,,,0.107598,9.859467,,,valid,4,1,0,0,7,14,,1,33,object,
mprime,prob21.pddl,asp,success,9.846296798437834,total,7.800692,,,,,,,1.475526,,,0.820348,,,,5.462261,,,valid,,,,,,6,,7,,,
mprime,prob21.pddl,fd,success,4.3915635123848915,total,1.908703,,,,,,,,,1.900547,,,,,,,,valid,,,,,,7,,,,,
mprime,prob24.pddl,abs-asp,success,39.2040795981884,total,35.815738,0.349918,0.002919,1.164027,,0.099098,0.251782,2.721777,1.659165,,1.524265,0.984604,8.364948,,18.305751,,,valid,4,1,0,0,8,16,9,1,34,object,
mprime,prob24.pddl,abs-fd,success,34.873660270124674,total,32.639881,0.317983,0.002952,1.131023,,0.099409,0.254161,2.624433,1.638235,,1.480282,,,0.30544,24.414975,,,valid,4,1,0,0,13,26,,1,34,object,
mprime,prob24.pddl,asp,success,16.069186877459288,total,13.871978,,,,,,,2.526196,,,1.326549,,,,9.941481,,,valid,,,,,,8,,9,,,
mprime,prob24.pddl,fd,success,5.140085022896528,total,2.974242,,,,,,,,,2.966485,,,,,,,,valid,,,,,,13,,,,,
mprime,prob27.pddl,abs-asp,success,13.007682662457228,total,9.591362,0.213475,0.002896,0.407117,,0.017226,0.266667,0.842025,0.831668,,0.407011,0.406533,2.336142,,3.712626,,,valid,4,1,0,0,5,7,6,1,4,object,
mprime,prob27.pddl,abs-fd,success,9.421263068914413,total,6.574253,0.204055,0.002731,0.388196,,0.016603,0.259699,0.802729,0.802008,,0.402751,,,0.167368,3.44208,,,valid,4,1,0,0,5,7,,1,4,object,
mprime,prob27.pddl,asp,success,4.504820331931114,total,2.829296,,,,,,,0.696645,,,0.349304,,,,1.765226,,,valid,,,,,,5,,6,,,
mprime,prob27.pddl,fd,success,2.8697850182652473,total,0.855276,,,,,,,,,0.848031,,,,,,,,valid,,,,,,5,,,,,
mprime,prob28.pddl,abs-asp,success,5.593055227771401,total,2.390681,0.192162,0.003383,0.196271,,0.014566,0.088936,0.326865,0.275887,,0.064615,0.065591,0.424635,,0.658471,,,valid,4,1,0,0,7,9,8,1,5,object,
mprime,prob28.pddl,abs-fd,success,5.023526106029749,total,2.045442,0.200447,0.0035,0.180769,,0.014405,0.088337,0.30975,0.267907,,0.067202,,,0.099381,0.744551,,,valid,4,1,0,0,9,13,,1,5,object,
mprime,prob28.pddl,asp,success,3.638004817068577,total,0.760867,,,,,,,0.310313,,,0.063899,,,,0.36803,,,valid,,,,,,7,,8,,,
mprime,prob28.pddl,fd,success,3.1580313853919506,total,0.345321,,,,,,,,,0.336668,,,,,,,,valid,,,,,,9,,,,,
mprime,prob29.pddl,abs-asp,success,8.44232639670372,total,5.469438,0.206435,0.00268,0.314862,,0.023297,0.217591,0.595657,0.49893,,0.265006,0.221973,1.067705,,1.967246,,,valid,4,1,0,0,4,8,5,1,9,object,
mprime,prob29.pddl,abs-fd,success,7.398455295711756,total,4.348422,0.203649,0.002694,0.315013,,0.02326,0.218567,0.591241,0.495047,,0.266012,,,0.126359,2.02964,,,valid,4,1,0,0,4,8,,1,9,object,
mprime,prob29.pddl,asp,success,4.212397128343582,total,1.836535,,,,,,,0.53118,,,0.230656,,,,1.06064,,,valid,,,,,,4,,5,,,
mprime,prob29.pddl,fd,success,3.944270007312298,total,0.683624,,,,,,,,,0.676834,,,,,,,,valid,,,,,,4,,,,,
mprime,prob31.pddl,abs-asp,success,9.330375915393233,total,5.942993,0.214062,0.002688,0.378236,,0.026642,0.237064,0.798591,0.348296,,0.352931,0.095237,0.506984,,2.880345,,,valid,4,1,0,0,4,7,5,1,9,object,
mprime,prob31.pddl,abs-fd,success,7.065335936844349,total,5.149612,0.196925,0.002637,0.330462,,0.02673,0.232578,0.728334,0.338158,,0.342981,,,0.100669,2.768312,,,valid,4,1,0,0,4,7,,1,9,object,
mprime,prob31.pddl,asp,success,4.557758159935474,total,2.624014,,,,,,,0.709082,,,0.322988,,,,1.56959,,,valid,,,,,,4,,5,,,
mprime,prob31.pddl,fd,success,2.8792182318866253,total,0.83178,,,,,,,,,0.825179,,,,,,,,valid,,,,,,5,,,,,
mprime,prob32.pddl,abs-asp,success,5.8592801578342915,total,2.890837,0.207803,0.002626,0.225874,,0.028556,0.095778,0.390857,0.234256,,0.113634,0.031895,0.258492,,1.217556,,,valid,4,1,0,0,7,10,8,1,12,object,
mprime,prob32.pddl,abs-fd,success,5.97016105055809,total,2.712043,0.19847,0.002675,0.204656,,0.028488,0.096859,0.363863,0.237222,,0.110535,,,0.092008,1.29214,,,valid,4,1,0,0,8,13,,1,12,object,
mprime,prob32.pddl,asp,success,3.7212929353117943,total,1.200556,,,,,,,0.370761,,,0.10433,,,,0.697719,,,valid,,,,,,7,,8,,,
mprime,prob32.pddl,fd,success,3.632984660565853,total,0.431249,,,,,,,,,0.422742,,,,,,,,valid,,,,,,8,,,,,
mprime,prob33.pddl,abs-asp,success,85.70269207842648,total,82.594225,0.322462,0.0028,0.951554,,0.107332,0.186887,2.099445,0.581937,,1.173717,0.260416,57.335563,,19.163454,,,valid,4,1,0,0,12,24,13,1,39,object,
mprime,prob33.pddl,abs-fd,success,30.818538220599294,total,28.321031,0.336043,0.002945,0.968839,,0.106998,0.189475,2.101636,0.622214,,1.16643,,,0.162009,22.285193,,,valid,4,1,0,0,14,28,,1,39,object,
mprime,prob33.pddl,asp,success,47.039233434945345,total,43.841845,,,,,,,2.118988,,,1.08238,,,,40.472536,,,valid,,,,,,12,,13,,,
mprime,prob33.pddl,fd,success,4.691875830292702,total,2.213318,,,,,,,,,2.209303,,,,,,,,valid,,,,,,14,,,,,
mprime,prob34.pddl,abs-asp,success,8.839145246893167,total,5.402485,0.22367,0.002679,0.383869,,0.045946,0.188112,0.785693,0.272379,,0.337323,0.048829,0.266317,,2.737684,,,valid,4,1,0,0,4,8,5,1,21,object,
mprime,prob34.pddl,abs-fd,success,9.000554455444217,total,5.367152,0.228089,0.002695,0.38743,,0.047215,0.240946,0.779967,0.282715,,0.341323,,,0.102741,2.851475,,,valid,4,1,0,0,4,8,,1,21,object,
mprime,prob34.pddl,asp,success,3.9815989285707474,total,2.296445,,,,,,,0.632248,,,0.291472,,,,1.357382,,,valid,,,,,,4,,5,,,
mprime,prob34.pddl,fd,success,3.2101902291178703,total,0.817618,,,,,,,,,0.811102,,,,,,,,valid,,,,,,4,,,,,
mystery,prob02.pddl,abs-asp,success,8.582278452813625,total,5.150404,0.213134,0.003021,0.290163,,0.038071,0.110016,0.531648,0.23041,,0.216256,0.041933,1.004706,,2.363749,,,valid,2,0,0,0,7,14,8,1,18,object,
mystery,prob02.pddl,abs-fd,success,7.214141383767128,total,4.725852,0.19677,0.003156,0.254901,,0.038618,0.108717,0.514088,0.268109,,0.215058,,,0.101013,2.924682,,,valid,2,0,0,0,9,17,,1,18,object,
mystery,prob02.pddl,asp,success,6.384553796611726,total,3.843281,,,,,,,0.484976,,,0.191443,,,,3.14295,,,valid,,,,,,7,,8,,,
mystery,prob02.pddl,fd,success,2.6198615692555904,total,0.585908,,,,,,,,,0.57793,,,,,,,,valid,,,,,,14,,,,,
mystery,prob05.pddl,abs-asp,timed out,1800.1226370222867,abstract_asp,,0.19539451226592064,0.0022469647228717804,0.22704891860485077,,0.027867302298545837,0.1105564534664154,0.41415153443813324,0.23105964437127113,,0.14098162949085236,0.030809160321950912,,,,,,,2,0,,,54,,55,,13,object,
mystery,prob05.pddl,abs-fd,no plan found,1437.054855223745,abstract_fd_search,,0.19239624589681625,0.002285473048686981,0.21737121418118477,,0.02816776931285858,0.1084892675280571,0.41069047525525093,0.23970291391015053,,0.14310459047555923,,,1433.4796574227512,,,,,2,0,,,,,,,13,object,
mystery,prob05.pddl,asp,timed out,1800.1536279059947,concrete_asp,,,,,,,,0.41012075915932655,,,0.13187289983034134,,,,,,,,,,,,,,,205,,,
mystery,prob05.pddl,fd,timed out,1800.1139765679836,,,,,,,,,,,,,,,,,,,,,,,,,,,,,,
mystery,prob08.pddl,abs-asp,timed out,1800.1420329995453,abstract_solving,,0.2164732962846756,0.002256155014038086,0.2596586160361767,,0.029837988317012787,0.2921227626502514,0.4792890027165413,0.23947488889098167,,0.17799004539847374,0.02730456367135048,0.11685987189412117,,,,,,4,0,2,28,2,,3,29,9,object,
mystery,prob08.pddl,abs-fd,timed out,1800.153198506683,abstract_fd_search,,0.2029917761683464,0.0022031739354133606,0.22689132392406464,,0.02967735379934311,0.26881616190075874,0.4238769933581352,0.19797266274690628,,0.16478196159005165,,,0.07191256806254387,,,,,4,0,2,28,2,,,29,9,object,
mystery,prob08.pddl,asp,timed out,1800.1463503986597,concrete_asp,,,,,,,,0.4996502436697483,,,0.17002493143081665,,,,,,,,,,,,,,,39,,,
mystery,prob08.pddl,fd,timed out,1800.11403753981,,,,,,,,,,,,,,,,,,,,,,,,,,,,,,
mystery,prob09.pddl,abs-asp,success,7.279883407056332,total,3.805683,0.199624,0.002303,0.248261,,0.023656,0.110311,0.443634,0.246216,,0.144068,0.035513,0.601106,,1.648009,,,valid,2,0,0,0,8,12,9,1,11,object,
mystery,prob09.pddl,abs-fd,interrupted,1054.6305970922112,concrete_asp,,0.1970314234495163,0.0023113787174224854,0.2334289439022541,,0.023493878543376923,0.1091291680932045,0.4268060624599457,0.23906474187970161,,0.15827078744769096,,,,,,,,2,0,,,,,,,11,object,
mystery,prob09.pddl,asp,success,4.316958397626877,total,1.818731,,,,,,,0.454639,,,0.132861,,,,1.200933,,,valid,,,,,,8,,9,,,
mystery,prob09.pddl,fd,success,163.72115135379136,total,160.543044,,,,,,,,,160.534657,,,,,,,,valid,,,,,,9,,,,,
mystery,prob10.pddl,abs-asp,success,40.1587851010263,total,37.860014,0.34695,0.002944,1.789081,,0.123947,0.307994,4.106593,0.443705,,2.246806,0.147539,1.285578,,26.606434,,,valid,2,0,0,0,8,16,9,1,38,object,
mystery,prob10.pddl,abs-fd,success,40.70038425922394,total,36.704268,0.355492,0.003266,1.776731,,0.124582,0.313573,4.071955,0.448337,,2.269476,,,0.115803,26.836503,,,valid,2,0,0,0,8,16,,1,38,object,
mystery,prob10.pddl,asp,success,23.88380304723978,total,21.453161,,,,,,,4.023427,,,2.051731,,,,15.223673,,,valid,,,,,,8,,9,,,
mystery,prob10.pddl,fd,success,8.920455707237124,total,5.141234,,,,,,,,,5.132032,,,,,,,,valid,,,,,,8,,,,,
mystery,prob12.pddl,abs-asp,timed out,1800.129198640585,abstract_solving,,0.18925422057509422,0.0021444112062454224,0.17673995718359947,,0.014312654733657837,0.1014144979417324,0.29126258194446564,0.20200127735733986,,0.0326889306306839,0.009824935346841812,0.05410151183605194,,,,,,4,0,3,127,3,,4,128,4,object,
mystery,prob12.pddl,abs-fd,timed out,1800.1290591023862,abstract_fd_search,,0.17532746866345406,0.002163875848054886,0.13272981345653534,,0.014460206031799316,0.10142413526773453,0.22691494971513748,0.20167621970176697,,0.028900504112243652,,,0.08595973998308182,,,,,4,0,3,125,3,,,126,4,object,
mystery,prob12.pddl,asp,timed out,1800.1355161815882,concrete_asp,,,,,,,,0.30267680436372757,,,0.031810373067855835,,,,,,,,,,,,,,,142,,,
mystery,prob12.pddl,fd,no plan found,17.44977367669344,total,15.995819,,,,,,,,,15.992393,,,,,,,,,,,,,,,,,,,
mystery,prob13.pddl,abs-asp,success,79.51526330038905,total,77.09852,0.329358,0.002542,0.883339,,0.145843,0.314635,1.964628,0.309289,,1.052232,0.073977,50.091313,,21.492798,,,valid,2,0,0,0,15,28,16,1,44,object,
mystery,prob13.pddl,abs-fd,success,37.57008442655206,total,34.057199,0.342442,0.002502,0.921478,,0.146075,0.320287,2.022635,0.308365,,1.067134,,,0.103383,28.322079,,,valid,2,0,0,0,21,35,,1,44,object,
mystery,prob13.pddl,asp,success,149.67297020182014,total,146.976588,,,,,,,1.982792,,,1.018669,,,,143.762654,,,valid,,,,,,15,,16,,,
mystery,prob13.pddl,fd,success,4.035604313015938,total,2.055052,,,,,,,,,2.050169,,,,,,,,valid,,,,,,21,,,,,
mystery,prob14.pddl,abs-asp,success,85.42321054637432,total,81.951043,0.34338,0.002487,2.243972,,0.148542,0.353113,4.973764,0.569446,,2.763497,0.227674,27.767696,,41.885297,,,valid,2,0,0,0,11,18,12,1,42,object,
mystery,prob14.pddl,abs-fd,success,58.74181592836976,total,55.693371,0.352312,0.002706,2.33735,,0.151042,0.346943,5.575737,0.594555,,2.779165,,,0.149256,42.746755,,,valid,2,0,0,0,11,18,,1,42,object,
mystery,prob14.pddl,asp,success,212.48102287948132,total,209.60049,,,,,,,5.103346,,,2.574467,,,,201.58804,,,valid,,,,,,11,,12,,,
mystery,prob14.pddl,fd,success,7.358554866164923,total,5.300965,,,,,,,,,5.296503,,,,,,,,valid,,,,,,11,,,,,
mystery,prob15.pddl,abs-asp,success,19.99067050218582,total,16.979583,0.309131,0.002757,0.770774,,0.043449,0.380382,1.876066,0.584877,,0.984032,0.231451,1.814788,,9.794065,,,valid,2,0,0,0,6,11,7,1,12,object,
mystery,prob15.pddl,abs-fd,success,18.91071131452918,total,15.462132,0.367952,0.003011,0.806849,,0.044079,0.386661,1.907982,0.603705,,0.973576,,,0.136794,10.052485,,,valid,2,0,0,0,6,11,,1,12,object,
mystery,prob15.pddl,asp,success,11.02609921246767,total,8.802575,,,,,,,1.842892,,,0.902834,,,,5.996286,,,valid,,,,,,6,,7,,,
mystery,prob15.pddl,fd,success,4.219323319382966,total,2.06489,,,,,,,,,2.05839,,,,,,,,valid,,,,,,6,,,,,
mystery,prob16.pddl,abs-asp,timed out,1800.2880264408886,abstract_solving,,0.20643309131264687,0.002350151538848877,0.2428206168115139,,0.02211255580186844,0.2706833817064762,0.4392520934343338,0.2472693733870983,,0.1389852613210678,0.029680408537387848,0.1742861568927765,,,,,,4,0,4,953,4,,5,954,7,object,
mystery,prob16.pddl,abs-fd,timed out,1800.2720919139683,abstract_fd_search,,0.19400401785969734,0.0022779926657676697,0.1997140794992447,,0.022039849311113358,0.26838166639208794,0.36960358917713165,0.24139736220240593,,0.13434981927275658,,,0.08845729008316994,,,,,4,0,4,914,4,,,915,7,object,
mystery,prob16.pddl,asp,timed out,1800.2872370518744,concrete_asp,,,,,,,,0.415406983345747,,,0.12894251197576523,,,,,,,,,,,,,,,919,,,
mystery,prob16.pddl,fd,timed out,1800.1128581911325,,,,,,,,,,,,,,,,,,,,,,,,,,,,,,
mystery,prob17.pddl,abs-asp,success,17.541384991258383,total,13.727317,0.243029,0.002314,0.802416,,0.056792,0.262432,1.905061,0.436947,,0.991713,0.144038,0.732827,,7.908174,,,valid,2,0,0,0,4,8,5,1,19,object,
mystery,prob17.pddl,abs-fd,success,16.323819145560265,total,12.887302,0.240794,0.002308,0.793141,,0.057072,0.260725,1.907532,0.433704,,0.991315,,,0.114641,7.87246,,,valid,2,0,0,0,4,8,,1,19,object,
mystery,prob17.pddl,asp,success,10.611413970589638,total,7.207152,,,,,,,1.887178,,,0.91233,,,,4.366455,,,valid,,,,,,4,,5,,,
mystery,prob17.pddl,fd,success,5.146469224244356,total,2.054299,,,,,,,,,2.046915,,,,,,,,valid,,,,,,4,,,,,
mystery,prob21.pddl,abs-asp,timed out,1800.128970278427,abstract_asp,,0.22679821960628033,0.0022692326456308365,0.37233598716557026,,0.08225279301404953,0.22018618136644363,0.7597887106239796,0.22398881614208221,,0.33604175969958305,0.038542650640010834,,,,,,,2,0,,,145,,146,,33,object,
mystery,prob21.pddl,abs-fd,interrupted,733.0623632576317,concrete_asp,,0.2320194374769926,0.002444963902235031,0.4098573289811611,,0.08324743807315826,0.2359248846769333,0.7951637078076601,0.24011996015906334,,0.35207781568169594,,,,,,,,2,0,,,,,,,33,object,
mystery,prob21.pddl,asp,timed out,1800.1875311546028,concrete_asp,,,,,,,,0.7554760873317719,,,0.31246909126639366,,,,,,,,,,,,,,,136,,,
mystery,prob21.pddl,fd,timed out,1800.1163426041603,,,,,,,,,,,,,,,,,,,,,,,,,,,,,,
mystery,prob24.pddl,abs-asp,timed out,1800.1247890740633,abstract_asp,,0.3283503130078316,0.002519015222787857,0.3311496078968048,,0.09697682410478592,0.25245022773742676,0.6010133139789104,0.24212536215782166,,0.2425256296992302,0.032613448798656464,,,,,,,2,0,,,52,,53,,34,object,
mystery,prob24.pddl,abs-fd,interrupted,1335.762035857886,concrete_asp,,0.325891375541687,0.002511851489543915,0.31101270020008087,,0.0965430922806263,0.24992205202579498,0.5749381855130196,0.2391846813261509,,0.24027681723237038,,,,,,,,2,0,,,,,,,34,object,
mystery,prob24.pddl,asp,timed out,1800.3668096922338,concrete_asp,,,,,,,,0.6439425498247147,,,0.2225142940878868,,,,,,,,,,,,,,,786,,,
mystery,prob24.pddl,fd,timed out,1800.015758043155,,,,,,,,,,,,,,,,,,,,,,,,,,,,,,
mystery,prob27.pddl,abs-asp,success,5.892195086926222,total,2.52332,0.20431,0.00252,0.213252,,0.016254,0.182196,0.35749,0.273477,,0.073164,0.045155,0.375236,,0.694918,,,valid,2,0,0,0,5,9,6,1,4,object,
mystery,prob27.pddl,abs-fd,success,5.41017210111022,total,2.138455,0.200124,0.002267,0.199104,,0.015732,0.181253,0.332805,0.25389,,0.071117,,,0.092954,0.717154,,,valid,2,0,0,0,5,9,,1,4,object,
mystery,prob27.pddl,asp,success,2.2974012568593025,total,0.643467,,,,,,,0.247181,,,0.060005,,,,0.325737,,,valid,,,,,,5,,6,,,
mystery,prob27.pddl,fd,success,2.0646667033433914,total,0.284997,,,,,,,,,0.280108,,,,,,,,valid,,,,,,5,,,,,
mystery,prob28.pddl,abs-asp,success,4.62088530883193,total,1.276249,0.183848,0.00292,0.167054,,0.013579,0.092014,0.26532,0.197111,,0.018588,0.009972,0.090038,,0.166946,,,valid,2,0,0,0,7,9,8,1,5,object,
mystery,prob28.pddl,abs-fd,success,4.032593144103885,total,1.210786,0.174944,0.002912,0.15,,0.013619,0.092752,0.226446,0.195816,,0.015409,,,0.086307,0.199797,,,valid,2,0,0,0,9,13,,1,5,object,
mystery,prob28.pddl,asp,success,2.318751636892557,total,0.348557,,,,,,,0.210569,,,0.014582,,,,0.105035,,,valid,,,,,,7,,8,,,
mystery,prob28.pddl,fd,success,2.4444399252533913,total,0.210664,,,,,,,,,0.207514,,,,,,,,valid,,,,,,9,,,,,
mystery,prob29.pddl,abs-asp,success,5.532452408224344,total,2.124651,0.194652,0.002298,0.206106,,0.022102,0.138584,0.35822,0.230451,,0.07873,0.027534,0.157412,,0.62937,,,valid,2,0,0,0,4,6,5,1,9,object,
mystery,prob29.pddl,abs-fd,success,4.341709740459919,total,1.927389,0.190051,0.002267,0.177467,,0.021985,0.134013,0.314478,0.231294,,0.076299,,,0.090653,0.619382,,,valid,2,0,0,0,4,6,,1,9,object,
mystery,prob29.pddl,asp,success,2.4508001171052456,total,0.678312,,,,,,,0.274761,,,0.06749,,,,0.324076,,,valid,,,,,,4,,5,,,
mystery,prob29.pddl,fd,success,2.16511045768857,total,0.290186,,,,,,,,,0.286645,,,,,,,,valid,,,,,,4,,,,,
nomystery-sat11-strips,p01.pddl,abs-asp,success,220.77372754365206,total,212.129716,3.420847,0.006547,0.392171,,0.398292,21.11633,0.422667,0.386007,,0.071871,0.076804,183.197108,,2.505137,,,valid,2,0,3,0,15,23,16,1,2,package,
nomystery-sat11-strips,p01.pddl,abs-fd,success,35.7516210116446,total,27.049773,3.321319,0.006379,0.385022,,0.392092,20.211345,0.417838,0.396067,,0.071327,,,0.109441,1.647114,,,valid,2,0,3,0,16,20,,1,2,package,
nomystery-sat11-strips,p01.pddl,asp,success,199.2328330995515,total,192.112286,,,,,,,0.398478,,,0.06545,,,,191.607841,,,valid,,,,,,18,,19,,,
nomystery-sat11-strips,p01.pddl,fd,success,7.588715426623821,total,0.427549,,,,,,,,,0.420851,,,,,,,,valid,,,,,,20,,,,,
nomystery-sat11-strips,p02.pddl,abs-asp,success,214.26060112938285,total,203.892728,4.494187,0.008618,0.490092,,0.674037,33.854261,0.509773,0.454192,,0.092234,0.097577,7.163936,,155.919331,,,valid,2,0,6,0,12,24,13,1,4,package,
nomystery-sat11-strips,p02.pddl,abs-fd,success,368.07393849268556,total,355.766774,4.870407,0.008717,0.461935,,0.679444,35.841791,0.46149,0.446901,,0.087384,,,0.108842,312.686205,,,valid,2,0,6,0,15,27,,1,4,package,
nomystery-sat11-strips,p02.pddl,asp,timed out,1800.1363382339478,concrete_asp,,,,,,,,0.3924407809972763,,,0.08294828608632088,,,,,,,,,,,,,,,21,,,
nomystery-sat11-strips,p02.pddl,fd,success,8.384239103645086,total,0.561808,,,,,,,,,0.553283,,,,,,,,valid,,,,,,22,,,,,
nomystery-sat11-strips,p04.pddl,abs-asp,timed out,1800.6243759021163,abstract_asp,,28.6566924713552,0.04708541929721832,2.265984408557415,,3.5672060027718544,481.01322638243437,1.4782595969736576,1.5954898931086063,,0.29997593536973,0.3325158730149269,,,,,,,2,0,,,17,,18,,3,package,
nomystery-sat11-strips,p04.pddl,abs-fd,success,619.0327191203833,total,557.074619,28.944674,0.04842,2.322428,,3.682408,507.200332,1.511314,1.607205,,0.300062,,,0.227426,10.955204,,,valid,2,0,1,0,30,36,,1,3,package,
nomystery-sat11-strips,p04.pddl,asp,timed out,1800.1518325693905,concrete_asp,,,,,,,,1.4729591086506844,,,0.2945302426815033,,,,,,,,,,,,,,,28,,,
nomystery-sat11-strips,p04.pddl,fd,success,32.8417477235198,total,1.367418,,,,,,,,,1.364068,,,,,,,,valid,,,,,,32,,,,,
nomystery-sat11-strips,p06.pddl,abs-asp,timed out,1800.5603580623865,abstract_asp,,24.778239749372005,0.03850981593132019,2.232564751058817,,3.445530243217945,387.23504466190934,1.5040134154260159,1.675910122692585,,0.36208807677030563,0.3989572860300541,,,,,,,2,0,,,17,,18,,4,package,
nomystery-sat11-strips,p06.pddl,abs-fd,timed out,1800.577425347641,abstract_fd_search,,24.73605908639729,0.033507753163576126,2.232847074046731,,3.4227104913443327,379.66391911543906,1.4923562463372946,1.53135977499187,,0.35808855295181274,,,0.23583340272307396,,,,,2,0,0,0,35,,,0,4,package,
nomystery-sat11-strips,p06.pddl,asp,timed out,1800.1452766023576,concrete_asp,,,,,,,,1.4789226427674294,,,0.3514593578875065,,,,,,,,,,,,,,,30,,,
nomystery-sat11-strips,p06.pddl,fd,success,30.94415409117937,total,2.830931,,,,,,,,,2.82746,,,,,,,,valid,,,,,,43,,,,,
nomystery-sat11-strips,p07.pddl,abs-asp,timed out,1800.6500899605453,abstract_asp,,31.025255914777517,0.04301104694604874,2.8432351909577847,,4.3602009154856205,541.7143289260566,1.862885419279337,1.989282090216875,,0.45528949797153473,0.5133001916110516,,,,,,,2,0,,,16,,17,,4,package,
nomystery-sat11-strips,p07.pddl,abs-fd,success,680.5524981245399,total,614.59164,30.573522,0.043496,2.769858,,4.396904,548.124461,1.83894,1.951423,,0.456714,,,1.736306,22.243059,,,valid,2,0,1,0,42,48,,1,4,package,
nomystery-sat11-strips,p07.pddl,asp,timed out,1800.164906281978,concrete_asp,,,,,,,,1.882249340415001,,,0.44974764436483383,,,,,,,,,,,,,,,30,,,
nomystery-sat11-strips,p07.pddl,fd,success,38.12839674949646,total,1.883556,,,,,,,,,1.87995,,,,,,,,valid,,,,,,43,,,,,
nomystery-sat11-strips,p08.pddl,abs-asp,timed out,1800.3511263765395,abstract_asp,,15.526276599615812,0.025946155190467834,1.498098712414503,,2.142082903534174,201.33424159139395,1.1268283277750015,1.3240423277020454,,0.3386878930032253,0.3788730800151825,,,,,,,2,0,,,17,,18,,4,package,
nomystery-sat11-strips,p08.pddl,abs-fd,success,281.7618628293276,total,248.897197,15.646599,0.026233,1.513846,,2.148576,202.629269,1.157473,1.376933,,0.337791,,,7.893684,15.826837,,,valid,2,0,0,0,39,45,,1,4,package,
nomystery-sat11-strips,p08.pddl,asp,timed out,1800.1568793524057,concrete_asp,,,,,,,,1.1232439260929823,,,0.33523591980338097,,,,,,,,,,,,,,,30,,,
nomystery-sat11-strips,p08.pddl,fd,success,20.087652195245028,total,1.160028,,,,,,,,,1.156877,,,,,,,,valid,,,,,,43,,,,,
nomystery-sat11-strips,p10.pddl,abs-asp,timed out,1800.5947495810688,abstract_asp,,28.94896401464939,0.04028046131134033,2.798443302512169,,3.6121302992105484,466.1207172386348,1.9523125514388084,2.1201323196291924,,0.5233707688748837,0.597353357821703,,,,,,,2,0,,,18,,19,,3,package,
nomystery-sat11-strips,p10.pddl,abs-fd,interrupted,1441.8554637618363,concrete_asp,,28.696214467287064,0.03936697915196419,2.73507734015584,,3.539326198399067,473.8937156237662,1.9417721591889858,2.204898852854967,,0.5338917970657349,,,,,,,,2,0,,,,,,,3,package,
nomystery-sat11-strips,p10.pddl,asp,timed out,1800.1679334668443,concrete_asp,,,,,,,,1.9690914750099182,,,0.525618527084589,,,,,,,,,,,,,,,31,,,
nomystery-sat11-strips,p10.pddl,fd,timed out,1800.1137203499675,,,,,,,,,,,,,,,,,,,,,,,,,,,,,,
nomystery-sat11-strips,p11.pddl,abs-asp,success,74.52040000632405,total,69.371461,1.831463,0.004762,0.251989,,0.215982,8.211632,0.314228,0.310587,,0.048508,0.051607,54.310602,,3.70732,,,valid,2,0,4,0,15,23,16,1,2,package,
nomystery-sat11-strips,p11.pddl,abs-fd,success,18.9482922591269,total,14.188775,1.833443,0.004727,0.237921,,0.219629,8.210632,0.296532,0.309613,,0.046815,,,0.103208,2.836353,,,valid,2,0,4,0,15,25,,1,2,package,
nomystery-sat11-strips,p11.pddl,asp,success,229.4384289123118,total,225.107107,,,,,,,0.303932,,,0.046329,,,,224.710558,,,valid,,,,,,18,,19,,,
nomystery-sat11-strips,p11.pddl,fd,success,4.516459185630083,total,0.333537,,,,,,,,,0.325435,,,,,,,,valid,,,,,,20,,,,,
nomystery-sat11-strips,p12.pddl,abs-asp,success,680.8305962830782,total,673.577628,2.558456,0.005538,0.351493,,0.360616,12.8757,0.410792,0.357844,,0.06656,0.068722,8.032327,,648.361808,,,valid,2,0,7,0,12,22,13,1,4,package,
nomystery-sat11-strips,p12.pddl,abs-fd,success,332.8076695948839,total,327.351617,2.259085,0.005426,0.258601,,0.360618,12.706629,0.296153,0.304916,,0.0581,,,0.085624,310.951739,,,valid,2,0,6,0,14,26,,1,4,package,
nomystery-sat11-strips,p12.pddl,asp,timed out,1800.1322299540043,concrete_asp,,,,,,,,0.38737404718995094,,,0.06318615656346083,,,,,,,,,,,,,,,21,,,
nomystery-sat11-strips,p12.pddl,fd,success,5.622235601767898,total,0.581156,,,,,,,,,0.574814,,,,,,,,valid,,,,,,21,,,,,
nomystery-sat11-strips,p14.pddl,abs-asp,timed out,1800.3593499176204,abstract_asp,,14.327443424612284,0.023076508194208145,1.141522377729416,,1.9248300977051258,184.45814822986722,0.9783665426075459,1.0188601128757,,0.2065132111310959,0.22970150783658028,,,,,,,2,0,,,17,,18,,3,package,
nomystery-sat11-strips,p14.pddl,abs-fd,timed out,1800.3602946177125,abstract_fd_search,,15.161197576671839,0.023003198206424713,1.2138100825250149,,1.9177269078791142,189.01585198938847,0.9170044548809528,1.0025477930903435,,0.21561575680971146,,,32.96442737057805,,,,,2,0,0,0,25,,,0,3,package,
nomystery-sat11-strips,p14.pddl,asp,timed out,1800.148829586804,concrete_asp,,,,,,,,0.9222864806652069,,,0.2098987102508545,,,,,,,,,,,,,,,27,,,
nomystery-sat11-strips,p14.pddl,fd,timed out,1800.0180115550756,,,,,,,,,,,,,,,,,,,,,,,,,,,,,,
nomystery-sat11-strips,p16.pddl,abs-asp,timed out,1800.2962866090238,abstract_asp,,13.206281008198857,0.01903744973242283,1.2530885953456163,,1.8233828712254763,151.37529449351132,1.0217894669622183,1.0466863382607698,,0.25978116504848003,0.2878734692931175,,,,,,,2,0,,,17,,18,,4,package,
nomystery-sat11-strips,p16.pddl,abs-fd,timed out,1800.2832371257246,abstract_fd_search,,13.127461779862642,0.019763024523854256,1.2275302689522505,,1.8662792779505253,154.58987705223262,0.9794043097645044,1.1200513262301683,,0.2651023007929325,,,0.35050923004746437,,,,,2,0,0,0,31,,,0,4,package,
nomystery-sat11-strips,p16.pddl,asp,timed out,1800.1425560228527,concrete_asp,,,,,,,,1.0197776034474373,,,0.25883973762393,,,,,,,,,,,,,,,31,,,
nomystery-sat11-strips,p16.pddl,fd,timed out,1800.1101244799793,,,,,,,,,,,,,,,,,,,,,,,,,,,,,,
nomystery-sat11-strips,p17.pddl,abs-asp,timed out,1800.39302232489,abstract_asp,,17.51365588232875,0.024216201156377792,1.6674083955585957,,2.2559197805821896,214.48365679383278,1.2377136908471584,1.4689018949866295,,0.33324962109327316,0.39628268778324127,,,,,,,2,0,,,17,,18,,4,package,
nomystery-sat11-strips,p17.pddl,abs-fd,success,335.52698358148336,total,301.347464,16.58836,0.023072,1.627674,,2.339203,213.187391,1.1729,1.325479,,0.322851,,,50.564802,13.914513,,,valid,2,0,1,0,36,58,,1,4,package,
nomystery-sat11-strips,p17.pddl,asp,timed out,1800.151168398559,concrete_asp,,,,,,,,1.167513407766819,,,0.3224724605679512,,,,,,,,,,,,,,,30,,,
nomystery-sat11-strips,p17.pddl,fd,success,21.122228108346462,total,1.161619,,,,,,,,,1.158228,,,,,,,,valid,,,,,,40,,,,,
nomystery-sat11-strips,p18.pddl,abs-asp,timed out,1800.2383824624121,abstract_asp,,8.752925928682089,0.013415206223726273,0.9714332520961761,,1.1752995736896992,82.21264987066388,0.8722216114401817,0.9865080080926418,,0.2507976032793522,0.27736011147499084,,,,,,,2,0,,,17,,18,,4,package,
nomystery-sat11-strips,p18.pddl,abs-fd,timed out,1800.248695421964,abstract_fd_search,,7.972999829798937,0.015018127858638763,0.8801160231232643,,1.1683372519910336,78.58145730569959,0.8347236700356007,0.8758589848876,,0.24600428342819214,,,40.619293957948685,,,,,2,0,0,0,37,,,0,4,package,
nomystery-sat11-strips,p18.pddl,asp,timed out,1800.1314462972805,concrete_asp,,,,,,,,0.853652223944664,,,0.24124290142208338,,,,,,,,,,,,,,,31,,,
nomystery-sat11-strips,p18.pddl,fd,timed out,1800.1116112582386,,,,,,,,,,,,,,,,,,,,,,,,,,,,,,
nomystery-sat11-strips,p20.pddl,abs-asp,timed out,1800.3646583370864,abstract_asp,,15.486638594418764,0.023152541369199753,1.6175324767827988,,1.921165332198143,183.94091937690973,1.3641795180737972,1.453099362552166,,0.39338917285203934,0.4381377324461937,,,,,,,2,0,,,18,,19,,3,package,
nomystery-sat11-strips,p20.pddl,abs-fd,timed out,1800.3421520031989,concrete_asp,,13.590653199702501,0.025750532746315002,1.3394074104726315,,1.937528781592846,191.47810985147953,1.1672786176204681,1.291709840297699,,0.3678469993174076,,,,,,,,2,0,,,,,,,3,package,
nomystery-sat11-strips,p20.pddl,asp,timed out,1800.1605095546693,concrete_asp,,,,,,,,1.3167983666062355,,,0.38120611384510994,,,,,,,,,,,,,,,32,,,
nomystery-sat11-strips,p20.pddl,fd,timed out,1800.0188050866127,,,,,,,,,,,,,,,,,,,,,,,,,,,,,,
openstacks-sat08-strips,p02.pddl,abs-asp,success,4.816594760864973,total,2.728457,0.214566,0.004142,0.165068,,0.01116,0.020427,0.200584,0.19453,,0.011185,0.00574,1.691583,,0.129415,,,valid,3,0,0,0,15,18,16,1,2,order,
openstacks-sat08-strips,p02.pddl,abs-fd,success,2.7494103349745274,total,0.85909,0.188162,0.003269,0.098542,,0.010652,0.019922,0.16407,0.150457,,0.006112,,,0.068661,0.116361,,,valid,3,0,0,0,15,18,,1,2,order,
openstacks-sat08-strips,p02.pddl,asp,success,11.274812631309032,total,7.930354,,,,,,,0.252628,,,0.009447,,,,7.646857,,,valid,,,,,,18,,19,,,
openstacks-sat08-strips,p02.pddl,fd,success,2.6877100318670273,total,0.241747,,,,,,,,,0.235097,,,,,,,,valid,,,,,,18,,,,,
openstacks-sat08-strips,p03.pddl,abs-asp,success,5.862561214715242,total,2.452692,0.204515,0.003271,0.159269,,0.010611,0.020085,0.2556,0.185867,,0.010577,0.005855,1.400658,,0.117562,,,valid,3,0,0,0,14,17,15,1,2,order,
openstacks-sat08-strips,p03.pddl,abs-fd,success,2.7401436418294907,total,0.850941,0.186516,0.003246,0.100977,,0.010539,0.019602,0.163541,0.149671,,0.007302,,,0.069094,0.108522,,,valid,3,0,0,0,14,17,,1,2,order,
openstacks-sat08-strips,p03.pddl,asp,success,12.556176286190748,total,9.857497,,,,,,,0.226355,,,0.010222,,,,9.604598,,,valid,,,,,,17,,18,,,
openstacks-sat08-strips,p03.pddl,fd,success,3.050579037517309,total,0.24385,,,,,,,,,0.237315,,,,,,,,valid,,,,,,17,,,,,
openstacks-sat08-strips,p04.pddl,abs-asp,timed out,1800.0186106339097,abstract_asp,,0.35434504225850105,0.005888212472200394,0.18356288224458694,,0.021076533943414688,0.045917656272649765,0.28382807970046997,0.2252250649034977,,0.017338119447231293,0.01282002404332161,,,,,,,3,0,,,22,,23,,2,order,
openstacks-sat08-strips,p04.pddl,abs-fd,success,4.797065909951925,total,1.832714,0.336488,0.005613,0.167306,,0.020345,0.04339,0.211813,0.207629,,0.0172,,,0.09097,0.656126,,,valid,3,0,0,0,31,34,,1,2,order,
openstacks-sat08-strips,p04.pddl,asp,timed out,1800.1156812384725,concrete_asp,,,,,,,,0.25555311143398285,,,0.015920668840408325,,,,,,,,,,,,,,,24,,,
openstacks-sat08-strips,p04.pddl,fd,success,2.653074098750949,total,0.267443,,,,,,,,,0.259289,,,,,,,,valid,,,,,,34,,,,,
openstacks-sat08-strips,p05.pddl,abs-asp,timed out,1800.1183322779834,abstract_asp,,0.34691063314676285,0.005593158304691315,0.17898225039243698,,0.019710306078195572,0.04410140588879585,0.27276258170604706,0.21132780238986015,,0.017150137573480606,0.012472186237573624,,,,,,,3,0,,,22,,23,,2,order,
openstacks-sat08-strips,p05.pddl,abs-fd,success,4.1693155113607645,total,1.783599,0.336934,0.005565,0.142256,,0.019717,0.04352,0.224654,0.209792,,0.014634,,,0.089345,0.627838,,,valid,3,0,0,0,30,33,,1,2,order,
openstacks-sat08-strips,p05.pddl,asp,timed out,1800.115333788097,concrete_asp,,,,,,,,0.1953633315861225,,,0.012515388429164886,,,,,,,,,,,,,,,23,,,
openstacks-sat08-strips,p05.pddl,fd,success,2.6909416057169437,total,0.218773,,,,,,,,,0.214878,,,,,,,,valid,,,,,,34,,,,,
openstacks-sat08-strips,p06.pddl,abs-asp,timed out,1800.113703314215,abstract_asp,,0.317668654024601,0.005583722144365311,0.1592772975564003,,0.02171080932021141,0.04071696847677231,0.2526915408670902,0.19654474779963493,,0.01673198491334915,0.011573370546102524,,,,,,,4,0,,,22,,23,,3,order,
openstacks-sat08-strips,p06.pddl,abs-fd,success,3.439255814999342,total,1.480823,0.300371,0.005497,0.109077,,0.021589,0.040036,0.172449,0.168713,,0.012453,,,0.072288,0.535238,,,valid,4,0,0,0,29,34,,1,3,order,
openstacks-sat08-strips,p06.pddl,asp,timed out,1800.1135950973257,concrete_asp,,,,,,,,0.23844310361891985,,,0.013391653075814247,,,,,,,,,,,,,,,24,,,
openstacks-sat08-strips,p06.pddl,fd,success,2.4503294825553894,total,0.234862,,,,,,,,,0.229545,,,,,,,,valid,,,,,,36,,,,,
openstacks-sat08-strips,p07.pddl,abs-asp,timed out,1800.120330259204,abstract_asp,,0.4204338751733303,0.008296586573123932,0.18631361424922943,,0.03170529380440712,0.05716308206319809,0.2873188778758049,0.23478800803422928,,0.0281514972448349,0.022858593612909317,,,,,,,4,0,,,22,,23,,3,order,
openstacks-sat08-strips,p07.pddl,abs-fd,success,4.903357341885567,total,2.829956,0.369422,0.008151,0.126899,,0.031269,0.056155,0.200189,0.194496,,0.023457,,,0.081357,1.672632,,,valid,4,0,0,0,47,52,,1,3,order,
openstacks-sat08-strips,p07.pddl,asp,timed out,1800.1208944767714,concrete_asp,,,,,,,,0.31572531536221504,,,0.02638610452413559,,,,,,,,,,,,,,,24,,,
openstacks-sat08-strips,p07.pddl,fd,success,3.4198151789605618,total,0.296168,,,,,,,,,0.290619,,,,,,,,valid,,,,,,53,,,,,
openstacks-sat08-strips,p08.pddl,abs-asp,timed out,1800.1187751367688,abstract_asp,,0.3996632732450962,0.008267190307378769,0.15109527483582497,,0.029094871133565903,0.05903993174433708,0.2346014678478241,0.23121493682265282,,0.028293713927268982,0.022873852401971817,,,,,,,3,0,,,22,,23,,2,order,
openstacks-sat08-strips,p08.pddl,abs-fd,success,5.430657181888819,total,2.937936,0.364209,0.008105,0.147624,,0.028465,0.057256,0.227348,0.191067,,0.024987,,,0.081592,1.737116,,,valid,3,0,0,0,49,52,,1,2,order,
openstacks-sat08-strips,p08.pddl,asp,timed out,1800.1149781830609,concrete_asp,,,,,,,,0.27549541369080544,,,0.027248498052358627,,,,,,,,,,,,,,,23,,,
openstacks-sat08-strips,p08.pddl,fd,success,3.5288225673139095,total,0.301546,,,,,,,,,0.295167,,,,,,,,valid,,,,,,50,,,,,
openstacks-sat08-strips,p09.pddl,abs-asp,timed out,1800.0210096761584,abstract_asp,,0.40297531336545944,0.008427221328020096,0.15059736371040344,,0.03379225730895996,0.055996786803007126,0.24187671020627022,0.2405633069574833,,0.024713996797800064,0.023748766630887985,,,,,,,4,0,,,22,,23,,4,product,
openstacks-sat08-strips,p09.pddl,abs-fd,success,5.52020001038909,total,3.020272,0.368402,0.008431,0.14395,,0.033604,0.055519,0.220947,0.193951,,0.02403,,,0.077971,1.822998,,,valid,4,0,0,0,50,53,,1,4,product,
openstacks-sat08-strips,p09.pddl,asp,timed out,1800.0293261781335,concrete_asp,,,,,,,,0.3102688528597355,,,0.027702827006578445,,,,,,,,,,,,,,,23,,,
openstacks-sat08-strips,p09.pddl,fd,success,3.4923550710082054,total,0.305072,,,,,,,,,0.297873,,,,,,,,valid,,,,,,52,,,,,
openstacks-sat08-strips,p10.pddl,abs-asp,timed out,1800.1185021996498,abstract_asp,,0.49592170864343643,0.010475646704435349,0.19810442626476288,,0.038248367607593536,0.08249907940626144,0.312258817255497,0.26945100724697113,,0.04424963518977165,0.038432128727436066,,,,,,,3,0,,,22,,23,,2,order,
openstacks-sat08-strips,p10.pddl,abs-fd,success,8.229248192161322,total,5.821791,0.475166,0.010493,0.171121,,0.038031,0.082282,0.270042,0.261922,,0.040934,,,0.112331,4.223695,,,valid,3,0,0,0,64,67,,1,2,order,
openstacks-sat08-strips,p10.pddl,asp,timed out,1800.1209062971175,concrete_asp,,,,,,,,0.33784114569425583,,,0.044524479657411575,,,,,,,,,,,,,,,24,,,
openstacks-sat08-strips,p10.pddl,fd,success,2.789425566792488,total,0.313344,,,,,,,,,0.305346,,,,,,,,valid,,,,,,71,,,,,
openstacks-sat08-strips,p11.pddl,abs-asp,timed out,1800.1281511373818,abstract_asp,,0.5355731770396233,0.010890450328588486,0.22340620309114456,,0.04415059834718704,0.08317901566624641,0.32059917971491814,0.28631965070962906,,0.045190658420324326,0.03851167485117912,,,,,,,4,0,,,23,,24,,3,order,
openstacks-sat08-strips,p11.pddl,abs-fd,success,7.8523750603199005,total,5.177252,0.444944,0.01033,0.146094,,0.042174,0.08064,0.23143,0.226967,,0.039242,,,0.095299,3.763771,,,valid,4,0,0,0,64,69,,1,3,order,
openstacks-sat08-strips,p11.pddl,asp,timed out,1800.1222351677716,concrete_asp,,,,,,,,0.34246091172099113,,,0.04518146440386772,,,,,,,,,,,,,,,24,,,
openstacks-sat08-strips,p11.pddl,fd,success,2.739344152621925,total,0.310776,,,,,,,,,0.302978,,,,,,,,valid,,,,,,71,,,,,
openstacks-sat08-strips,p12.pddl,abs-asp,timed out,1800.0466027446091,abstract_asp,,0.5137442499399185,0.010909773409366608,0.1911095716059208,,0.03881460055708885,0.08561889082193375,0.31016354262828827,0.2874405309557915,,0.042938895523548126,0.03983316570520401,,,,,,,3,0,,,22,,23,,2,order,
openstacks-sat08-strips,p12.pddl,abs-fd,success,7.637572083622217,total,5.292641,0.442085,0.010338,0.159805,,0.037397,0.081989,0.249742,0.231433,,0.041094,,,0.098291,3.837529,,,valid,3,0,0,0,65,68,,1,2,order,
openstacks-sat08-strips,p12.pddl,asp,timed out,1800.118801932782,concrete_asp,,,,,,,,0.3274584524333477,,,0.04334085434675217,,,,,,,,,,,,,,,24,,,
openstacks-sat08-strips,p12.pddl,fd,success,2.383812054991722,total,0.278697,,,,,,,,,0.274539,,,,,,,,valid,,,,,,68,,,,,
openstacks-sat08-strips,p13.pddl,abs-asp,timed out,1800.127356685698,abstract_asp,,0.6755105014890432,0.015616495162248611,0.30052624829113483,,0.06313722394406796,0.13788383267819881,0.47080314718186855,0.39725126326084137,,0.09365249611437321,0.0822005458176136,,,,,,,4,0,,,21,,22,,3,order,
openstacks-sat08-strips,p13.pddl,abs-fd,success,16.469459105283022,total,13.885908,0.577334,0.01494,0.209956,,0.061572,0.135606,0.330481,0.32409,,0.084663,,,0.141324,11.78041,,,valid,4,0,0,0,95,100,,1,3,order,
openstacks-sat08-strips,p13.pddl,asp,timed out,1800.1319809556007,concrete_asp,,,,,,,,0.4324500411748886,,,0.08808255940675735,,,,,,,,,,,,,,,23,,,
openstacks-sat08-strips,p13.pddl,fd,success,3.127847570925951,total,0.442611,,,,,,,,,0.435256,,,,,,,,valid,,,,,,106,,,,,
openstacks-sat08-strips,p14.pddl,abs-asp,timed out,1800.12028818205,abstract_asp,,0.6347421519458294,0.015493534505367279,0.25083933770656586,,0.06274040788412094,0.14298144355416298,0.3982470817863941,0.38149845227599144,,0.0915294848382473,0.08409792184829712,,,,,,,4,0,,,23,,24,,3,order,
openstacks-sat08-strips,p14.pddl,abs-fd,success,19.829825822263956,total,17.042274,0.639925,0.015288,0.232995,,0.062208,0.14382,0.381253,0.372169,,0.092846,,,0.161095,14.622482,,,valid,4,0,0,0,99,104,,1,3,order,
openstacks-sat08-strips,p14.pddl,asp,timed out,1800.1234764158726,concrete_asp,,,,,,,,0.38389283046126366,,,0.09129787608981133,,,,,,,,,,,,,,,24,,,
openstacks-sat08-strips,p14.pddl,fd,success,2.642058774828911,total,0.390885,,,,,,,,,0.387308,,,,,,,,valid,,,,,,105,,,,,
openstacks-sat08-strips,p15.pddl,abs-asp,timed out,1800.1216415725648,abstract_asp,,0.6382558271288872,0.015152540057897568,0.286534171551466,,0.05666825547814369,0.13946490734815598,0.43819403275847435,0.3750564306974411,,0.0934872031211853,0.08461315184831619,,,,,,,3,0,,,23,,24,,2,order,
openstacks-sat08-strips,p15.pddl,abs-fd,success,17.30351261049509,total,14.702542,0.579244,0.014864,0.213422,,0.055912,0.135762,0.330535,0.326303,,0.084565,,,0.144595,12.579706,,,valid,3,0,0,0,100,103,,1,2,order,
openstacks-sat08-strips,p15.pddl,asp,timed out,1800.126800019294,concrete_asp,,,,,,,,0.380559291690588,,,0.08439692109823227,,,,,,,,,,,,,,,23,,,
openstacks-sat08-strips,p15.pddl,fd,success,4.2188244089484215,total,0.483627,,,,,,,,,0.475287,,,,,,,,valid,,,,,,104,,,,,
openstacks-sat08-strips,p16.pddl,abs-asp,timed out,1800.1215548850596,abstract_asp,,0.7981510274112225,0.02611682564020157,0.35561206191778183,,0.08512107282876968,0.3140609934926033,0.5841548331081867,0.5119144506752491,,0.16496631503105164,0.14576948806643486,,,,,,,4,0,,,23,,24,,3,order,
openstacks-sat08-strips,p16.pddl,abs-fd,success,35.52447413653135,total,32.430396,0.726406,0.023891,0.274383,,0.083725,0.27483,0.477689,0.465268,,0.150879,,,0.230488,29.239089,,,valid,4,0,0,0,135,140,,1,3,order,
openstacks-sat08-strips,p16.pddl,asp,timed out,1800.1255179308355,concrete_asp,,,,,,,,0.5677718222141266,,,0.15343055501580238,,,,,,,,,,,,,,,23,,,
openstacks-sat08-strips,p16.pddl,fd,success,3.650319380685687,total,0.644337,,,,,,,,,0.636502,,,,,,,,valid,,,,,,142,,,,,
openstacks-sat08-strips,p17.pddl,abs-asp,timed out,1800.1257985159755,abstract_asp,,0.7914801314473152,0.01970628648996353,0.3533960431814194,,0.08307891711592674,0.3179780840873718,0.5868650749325752,0.514618456363678,,0.16060186177492142,0.1447080299258232,,,,,,,4,0,,,22,,23,,3,order,
openstacks-sat08-strips,p17.pddl,abs-fd,success,36.474851083010435,total,32.773114,0.741561,0.019631,0.281926,,0.083323,0.287454,0.469158,0.465039,,0.147175,,,0.233044,29.55792,,,valid,4,0,0,0,135,140,,1,3,order,
openstacks-sat08-strips,p17.pddl,asp,timed out,1800.1242499314249,concrete_asp,,,,,,,,0.5545419007539749,,,0.15214122459292412,,,,,,,,,,,,,,,23,,,
openstacks-sat08-strips,p17.pddl,fd,success,3.8167748264968395,total,0.597528,,,,,,,,,0.59432,,,,,,,,valid,,,,,,142,,,,,
openstacks-sat08-strips,p18.pddl,abs-asp,timed out,1800.1257341429591,abstract_asp,,0.7753900326788425,0.019864976406097412,0.3176612891256809,,0.08322232961654663,0.3224671632051468,0.515231478959322,0.5139881409704685,,0.15844352170825005,0.14620140939950943,,,,,,,3,0,,,22,,23,,3,product,
openstacks-sat08-strips,p18.pddl,abs-fd,success,38.031782519072294,total,34.674381,0.744978,0.019656,0.289154,,0.082849,0.321184,0.474129,0.473871,,0.147139,,,0.179099,31.435965,,,valid,3,0,0,0,142,144,,1,3,product,
openstacks-sat08-strips,p18.pddl,asp,timed out,1800.0317910015583,concrete_asp,,,,,,,,0.5759707689285278,,,0.1526648886501789,,,,,,,,,,,,,,,23,,,
openstacks-sat08-strips,p18.pddl,fd,success,3.855231210589409,total,0.688824,,,,,,,,,0.68148,,,,,,,,valid,,,,,,143,,,,,
openstacks-sat08-strips,p19.pddl,abs-asp,timed out,1800.1259131915867,abstract_asp,,1.065393429249525,0.02523462474346161,0.44216179475188255,,0.09704272076487541,0.29381994903087616,0.766966175287962,0.7240454964339733,,0.2534988299012184,0.23075996711850166,,,,,,,3,0,,,22,,23,,2,order,
openstacks-sat08-strips,p19.pddl,abs-fd,success,76.51955550163984,total,72.316927,1.093494,0.025625,0.401471,,0.097789,0.296737,0.721534,0.725527,,0.250932,,,0.410535,67.142928,,,valid,3,0,0,0,168,171,,1,2,order,
openstacks-sat08-strips,p19.pddl,asp,timed out,1800.1316655389965,concrete_asp,,,,,,,,0.7902844846248627,,,0.23804399371147156,,,,,,,,,,,,,,,23,,,
openstacks-sat08-strips,p19.pddl,fd,success,5.4157861061394215,total,0.991735,,,,,,,,,0.985014,,,,,,,,valid,,,,,,175,,,,,
openstacks-sat08-strips,p20.pddl,abs-asp,timed out,1800.1230384744704,abstract_asp,,1.078935869038105,0.025352921336889267,0.4226480759680271,,0.10729772225022316,0.2851179540157318,0.7706353813409805,0.7309430353343487,,0.2580766789615154,0.23267211765050888,,,,,,,3,0,,,23,,24,,2,order,
openstacks-sat08-strips,p20.pddl,abs-fd,success,70.34833896905184,total,65.982168,0.978781,0.025371,0.394335,,0.103848,0.287214,0.707846,0.668653,,0.243538,,,0.393012,61.253834,,,valid,3,0,0,0,176,179,,1,2,order,
openstacks-sat08-strips,p20.pddl,asp,timed out,1800.130718678236,concrete_asp,,,,,,,,0.7784399203956127,,,0.24125750735402107,,,,,,,,,,,,,,,23,,,
openstacks-sat08-strips,p20.pddl,fd,success,3.6579531244933605,total,0.844144,,,,,,,,,0.840722,,,,,,,,valid,,,,,,186,,,,,
openstacks-sat08-strips,p21.pddl,abs-asp,timed out,1800.127295365557,abstract_asp,,1.02283157967031,0.025114675983786583,0.4293890241533518,,0.09672574885189533,0.2895491421222687,0.7537391129881144,0.7153034191578627,,0.24899498000741005,0.22172242775559425,,,,,,,3,0,,,22,,23,,2,order,
openstacks-sat08-strips,p21.pddl,abs-fd,success,79.81889699213207,total,75.095275,1.114498,0.025898,0.426609,,0.098344,0.296066,0.74784,0.764539,,0.251727,,,0.436012,69.734051,,,valid,3,0,0,0,174,177,,1,2,order,
openstacks-sat08-strips,p21.pddl,asp,timed out,1800.0348648391664,concrete_asp,,,,,,,,0.7486354410648346,,,0.23324517533183098,,,,,,,,,,,,,,,22,,,
openstacks-sat08-strips,p21.pddl,fd,success,4.2197898253798485,total,0.939481,,,,,,,,,0.930621,,,,,,,,valid,,,,,,178,,,,,
openstacks-sat08-strips,p22.pddl,abs-asp,timed out,1800.128400310874,abstract_asp,,1.2284799106419086,0.030831895768642426,0.561557412147522,,0.12095392122864723,0.39186374843120575,0.9776778072118759,0.9145306944847107,,0.3614255338907242,0.33506130054593086,,,,,,,3,0,,,22,,23,,2,order,
openstacks-sat08-strips,p22.pddl,abs-fd,success,140.70125538483262,total,134.168182,1.304597,0.031229,0.589906,,0.122179,0.423779,1.029309,0.992069,,0.369552,,,0.685151,126.559323,,,valid,3,0,0,0,211,214,,1,2,order,
openstacks-sat08-strips,p22.pddl,asp,timed out,1800.042737815529,concrete_asp,,,,,,,,1.0299730561673641,,,0.34924787282943726,,,,,,,,,,,,,,,23,,,
openstacks-sat08-strips,p22.pddl,fd,success,6.430822104215622,total,1.351048,,,,,,,,,1.342906,,,,,,,,valid,,,,,,219,,,,,
openstacks-sat08-strips,p23.pddl,abs-asp,timed out,1800.135663781315,abstract_asp,,1.3007504120469093,0.030658390372991562,0.5549886710941792,,0.11962568387389183,0.40136421099305153,0.9709288999438286,0.9723472706973553,,0.36523689329624176,0.3314831592142582,,,,,,,3,0,,,22,,23,,2,order,
openstacks-sat08-strips,p23.pddl,abs-fd,success,133.71296791546047,total,127.415163,1.215144,0.030042,0.582025,,0.11725,0.387943,0.992845,0.937443,,0.362283,,,0.625527,120.269717,,,valid,3,0,0,0,210,213,,1,2,order,
openstacks-sat08-strips,p23.pddl,asp,timed out,1800.1347169093788,concrete_asp,,,,,,,,0.9859883487224579,,,0.33843057975172997,,,,,,,,,,,,,,,23,,,
openstacks-sat08-strips,p23.pddl,fd,success,4.84353381767869,total,1.265538,,,,,,,,,1.25786,,,,,,,,valid,,,,,,217,,,,,
openstacks-sat08-strips,p24.pddl,abs-asp,timed out,1800.043400682509,abstract_asp,,1.2208440750837326,0.030321110039949417,0.5760756842792034,,0.11866261065006256,0.38356753066182137,0.9417973719537258,0.9751425310969353,,0.37714994698762894,0.33015216886997223,,,,,,,3,0,,,23,,24,,2,order,
openstacks-sat08-strips,p24.pddl,abs-fd,success,130.88812924548984,total,125.207491,1.202296,0.029799,0.551747,,0.116109,0.380705,0.956527,0.91495,,0.37288,,,0.61258,118.293486,,,valid,3,0,0,0,213,216,,1,2,order,
openstacks-sat08-strips,p24.pddl,asp,timed out,1800.129336208105,concrete_asp,,,,,,,,0.962901633232832,,,0.3343098871409893,,,,,,,,,,,,,,,23,,,
openstacks-sat08-strips,p24.pddl,fd,success,4.163967289030552,total,1.141096,,,,,,,,,1.137671,,,,,,,,valid,,,,,,218,,,,,
openstacks-sat08-strips,p25.pddl,abs-asp,timed out,1800.1363030411303,abstract_asp,,1.6974226869642735,0.04144245386123657,0.8787414617836475,,0.17830202355980873,0.6075632497668266,1.6956012398004532,1.688602540642023,,0.6440637148916721,0.5935550667345524,,,,,,,3,0,,,21,,22,,3,product,
openstacks-sat08-strips,p25.pddl,abs-fd,interrupted,216.19319958612323,abstract_fd_search,,1.6950639598071575,0.040121760219335556,0.8944916017353535,,0.17703301087021828,0.6010355390608311,1.739827174693346,1.69150959700346,,0.6479482091963291,,,0.8875699564814568,,,,,3,0,0,0,296,,,0,3,product,
openstacks-sat08-strips,p25.pddl,asp,timed out,1800.1359202750027,concrete_asp,,,,,,,,1.7668964266777039,,,0.6097842082381248,,,,,,,,,,,,,,,22,,,
openstacks-sat08-strips,p25.pddl,fd,success,8.060165528208017,total,2.608717,,,,,,,,,2.600161,,,,,,,,valid,,,,,,298,,,,,
openstacks-sat08-strips,p26.pddl,abs-asp,timed out,1800.1408975087106,abstract_asp,,1.6880364902317524,0.03962364420294762,0.9308197945356369,,0.18126846849918365,0.6068008653819561,1.6061373315751553,1.543296705931425,,0.6450573243200779,0.5792055726051331,,,,,,,4,0,,,23,,24,,3,order,
openstacks-sat08-strips,p26.pddl,abs-fd,interrupted,245.76445575244725,abstract_fd_search,,1.6985442265868187,0.03999122977256775,0.9227653164416552,,0.18275794759392738,0.6087077278643847,1.6103187873959541,1.5406989641487598,,0.6427566818892956,,,1.3435752782970667,,,,,4,0,0,0,283,,,0,3,order,
openstacks-sat08-strips,p26.pddl,asp,timed out,1800.12577964738,concrete_asp,,,,,,,,1.5427423678338528,,,0.595728937536478,,,,,,,,,,,,,,,23,,,
openstacks-sat08-strips,p26.pddl,fd,success,5.688807118684053,total,2.056452,,,,,,,,,2.053403,,,,,,,,valid,,,,,,286,,,,,
openstacks-sat08-strips,p27.pddl,abs-asp,timed out,1800.0497612468898,abstract_asp,,1.6983927637338638,0.0410769023001194,0.8728497810661793,,0.17476089671254158,0.6033574491739273,1.5870920903980732,1.547122035175562,,0.6584507413208485,0.5984562002122402,,,,,,,3,0,,,21,,22,,3,product,
openstacks-sat08-strips,p27.pddl,abs-fd,interrupted,244.5284189619124,abstract_fd_search,,1.6850548349320889,0.040330078452825546,0.9051857478916645,,0.1748403050005436,0.5997609496116638,1.5609886683523655,1.5475333370268345,,0.6417351327836514,,,0.8741483986377716,,,,,3,0,0,0,286,,,0,3,product,
openstacks-sat08-strips,p27.pddl,asp,timed out,1800.1397756235674,concrete_asp,,,,,,,,1.6304377121850848,,,0.6099483780562878,,,,,,,,,,,,,,,22,,,
openstacks-sat08-strips,p27.pddl,fd,success,6.511660952121019,total,2.112811,,,,,,,,,2.109062,,,,,,,,valid,,,,,,288,,,,,
openstacks-sat08-strips,p28.pddl,abs-asp,timed out,1800.1523943208158,abstract_asp,,2.1658684238791466,0.05127416178584099,1.2707643806934357,,0.22863328456878662,0.864296168088913,2.438211366534233,2.558995008468628,,1.0180495120584965,0.9277649074792862,,,,,,,4,0,,,22,,23,,3,order,
openstacks-sat08-strips,p28.pddl,abs-fd,interrupted,188.84916529804468,abstract_fd_search,,2.286641150712967,0.05113578960299492,1.3301049768924713,,0.22835323959589005,0.8725788369774818,2.5386792793869972,2.599658291786909,,1.0476384237408638,,,2.696563020348549,,,,,4,0,0,0,357,,,0,3,order,
openstacks-sat08-strips,p28.pddl,asp,timed out,1800.1618870645761,concrete_asp,,,,,,,,2.6015755720436573,,,0.9755685478448868,,,,,,,,,,,,,,,22,,,
openstacks-sat08-strips,p28.pddl,fd,success,8.13192402292043,total,3.609984,,,,,,,,,3.605337,,,,,,,,valid,,,,,,371,,,,,
openstacks-sat08-strips,p29.pddl,abs-asp,timed out,1800.151304397732,abstract_asp,,2.107700929045677,0.05142864212393761,1.2833770252764225,,0.207102432847023,0.8724194653332233,2.3803834170103073,2.4009401910007,,1.0176164768636227,0.9031565897166729,,,,,,,3,0,,,22,,23,,2,order,
openstacks-sat08-strips,p29.pddl,abs-fd,interrupted,158.74788872525096,abstract_fd_search,,2.003217462450266,0.05124960094690323,1.207355447113514,,0.20777813717722893,0.8694569878280163,2.3410451598465443,2.3639074750244617,,0.9729967452585697,,,2.585371568799019,,,,,3,0,0,0,355,,,0,2,order,
openstacks-sat08-strips,p29.pddl,asp,timed out,1800.149376615882,concrete_asp,,,,,,,,2.6211461760103703,,,0.9674043245613575,,,,,,,,,,,,,,,21,,,
openstacks-sat08-strips,p29.pddl,fd,success,7.93742323294282,total,3.601274,,,,,,,,,3.597582,,,,,,,,valid,,,,,,370,,,,,
openstacks-sat08-strips,p30.pddl,abs-asp,timed out,1800.151811748743,abstract_asp,,2.2216901034116745,0.05190124362707138,1.3291631005704403,,0.22042851895093918,0.8821524083614349,2.5611137002706528,2.642918821424246,,1.03400519490242,0.9431432336568832,,,,,,,3,0,,,22,,23,,2,order,
openstacks-sat08-strips,p30.pddl,abs-fd,interrupted,192.93998669460416,abstract_fd_search,,2.3827792182564735,0.05300305411219597,1.4617083594202995,,0.22790537774562836,0.8908910602331161,2.6231146305799484,2.71719878166914,,1.0708336122334003,,,3.0550889559090137,,,,,3,0,0,0,363,,,0,2,order,
openstacks-sat08-strips,p30.pddl,asp,timed out,1800.145224031061,concrete_asp,,,,,,,,2.5820468701422215,,,0.9806392192840576,,,,,,,,,,,,,,,22,,,
openstacks-sat08-strips,p30.pddl,fd,success,9.24998213071376,total,4.149092,,,,,,,,,4.142464,,,,,,,,valid,,,,,,380,,,,,
openstacks-sat11-strips,p01.pddl,abs-asp,timed out,1800.1265646591783,abstract_asp,,1.048352587968111,0.025166049599647522,0.4486486501991749,,0.09624975919723511,0.29135748744010925,0.787174254655838,0.7312213405966759,,0.25332047790288925,0.22740788757801056,,,,,,,3,0,,,22,,23,,2,order,
openstacks-sat11-strips,p01.pddl,abs-fd,success,65.71803422272205,total,62.425358,0.924313,0.024805,0.362118,,0.095549,0.28361,0.6428,0.653934,,0.231199,,,0.377538,57.953018,,,valid,3,0,0,0,174,177,,1,2,order,
openstacks-sat11-strips,p01.pddl,asp,timed out,1800.1316421590745,concrete_asp,,,,,,,,0.7249698340892792,,,0.23097828030586243,,,,,,,,,,,,,,,22,,,
openstacks-sat11-strips,p01.pddl,fd,success,4.953934408724308,total,0.923566,,,,,,,,,0.917565,,,,,,,,valid,,,,,,178,,,,,
openstacks-sat11-strips,p02.pddl,abs-asp,timed out,1800.1279997900128,abstract_asp,,1.248440444469452,0.03080311417579651,0.5662424713373184,,0.12022418528795242,0.3966190069913864,0.9999046176671982,0.9546886533498764,,0.37790248543024063,0.33581725880503654,,,,,,,3,0,,,22,,23,,2,order,
openstacks-sat11-strips,p02.pddl,abs-fd,success,128.6931963674724,total,123.107398,1.20899,0.030634,0.542109,,0.120098,0.389412,0.962506,0.925318,,0.364888,,,0.625681,116.123223,,,valid,3,0,0,0,211,214,,1,2,order,
openstacks-sat11-strips,p02.pddl,asp,timed out,1800.1327866343781,concrete_asp,,,,,,,,0.9547778116539121,,,0.341313723474741,,,,,,,,,,,,,,,23,,,
openstacks-sat11-strips,p02.pddl,fd,success,4.409895229153335,total,1.178208,,,,,,,,,1.172571,,,,,,,,valid,,,,,,219,,,,,
openstacks-sat11-strips,p03.pddl,abs-asp,timed out,1800.1397464498878,abstract_asp,,1.279949590563774,0.030248593538999557,0.6007470414042473,,0.11833483725786209,0.3875274360179901,1.0260313414037228,0.9783461093902588,,0.364768348634243,0.33132507279515266,,,,,,,3,0,,,23,,24,,2,order,
openstacks-sat11-strips,p03.pddl,abs-fd,success,114.48492045886815,total,109.758737,1.10201,0.029563,0.497791,,0.11651,0.381677,0.87113,0.847443,,0.33711,,,0.578683,103.530955,,,valid,3,0,0,0,213,216,,1,2,order,
openstacks-sat11-strips,p03.pddl,asp,timed out,1800.1317413002253,concrete_asp,,,,,,,,0.9417424090206623,,,0.33740516006946564,,,,,,,,,,,,,,,23,,,
openstacks-sat11-strips,p03.pddl,fd,success,5.568451564759016,total,1.285507,,,,,,,,,1.279008,,,,,,,,valid,,,,,,218,,,,,
openstacks-sat11-strips,p04.pddl,abs-asp,timed out,1800.1489994972944,abstract_asp,,1.7794809900224209,0.04112136363983154,0.9453441500663757,,0.17898870259523392,0.6374296918511391,1.7954004891216755,1.902429062873125,,0.66215930134058,0.5985111892223358,,,,,,,3,0,,,21,,22,,3,product,
openstacks-sat11-strips,p04.pddl,abs-fd,interrupted,176.86590494401753,abstract_fd_search,,1.5311236940324306,0.040051866322755814,0.7695438377559185,,0.17712588422000408,0.6074297148734331,1.4968433305621147,1.4926319494843483,,0.6011905688792467,,,0.7945621516555548,,,,,3,0,0,0,296,,,0,3,product,
openstacks-sat11-strips,p04.pddl,asp,timed out,1800.1565060950816,concrete_asp,,,,,,,,1.746701616793871,,,0.615787360817194,,,,,,,,,,,,,,,22,,,
openstacks-sat11-strips,p04.pddl,fd,success,7.425312802195549,total,2.570534,,,,,,,,,2.560525,,,,,,,,valid,,,,,,298,,,,,
openstacks-sat11-strips,p05.pddl,abs-asp,timed out,1800.1415124163032,abstract_asp,,1.718210481107235,0.04638438671827316,0.884611215442419,,0.17614011839032173,0.603191152215004,1.5579951256513596,1.561718512326479,,0.6399743296205997,0.5793876498937607,,,,,,,4,0,,,23,,24,,3,order,
openstacks-sat11-strips,p05.pddl,abs-fd,interrupted,206.71264408901334,abstract_fd_search,,1.5080806948244572,0.040023867040872574,0.7892872877418995,,0.17985280975699425,0.5957217328250408,1.4191833175718784,1.3919748328626156,,0.5994634293019772,,,1.2322654388844967,,,,,4,0,0,0,283,,,0,3,order,
openstacks-sat11-strips,p05.pddl,asp,timed out,1800.1304347291589,concrete_asp,,,,,,,,1.5589323677122593,,,0.5954983346164227,,,,,,,,,,,,,,,23,,,
openstacks-sat11-strips,p05.pddl,fd,success,6.585267264395952,total,2.288233,,,,,,,,,2.280791,,,,,,,,valid,,,,,,286,,,,,
openstacks-sat11-strips,p06.pddl,abs-asp,timed out,1800.1370958648622,abstract_asp,,1.7041853964328766,0.04012979939579964,0.9056825749576092,,0.17549796029925346,0.5996925197541714,1.5922754183411598,1.5502765886485577,,0.6468082554638386,0.5892224907875061,,,,,,,3,0,,,21,,22,,3,product,
openstacks-sat11-strips,p06.pddl,abs-fd,interrupted,240.31325251236558,abstract_fd_search,,1.6504433900117874,0.040358904749155045,0.8588926307857037,,0.17718029394745827,0.6028081737458706,1.5420287027955055,1.5628495328128338,,0.6443925648927689,,,0.8632264137268066,,,,,3,0,0,0,286,,,0,3,product,
openstacks-sat11-strips,p06.pddl,asp,timed out,1800.134980221279,concrete_asp,,,,,,,,1.587112401612103,,,0.6078196298331022,,,,,,,,,,,,,,,22,,,
openstacks-sat11-strips,p06.pddl,fd,success,6.376834660768509,total,2.292918,,,,,,,,,2.286585,,,,,,,,valid,,,,,,288,,,,,
openstacks-sat11-strips,p07.pddl,abs-asp,timed out,1800.107433397323,abstract_asp,,1.1338759399950504,0.026185709983110428,0.43462081998586655,,0.11193123459815979,0.2937208227813244,0.8474971950054169,0.7573016546666622,,0.2602173648774624,0.23686785250902176,,,,,,,3,0,,,22,,23,,2,order,
openstacks-sat11-strips,p07.pddl,abs-fd,success,81.56136080808938,total,77.26669,1.10768,0.02637,0.40204,,0.099922,0.296691,0.739546,0.74081,,0.254047,,,0.41698,71.962028,,,valid,3,0,0,0,176,179,,1,2,order,
openstacks-sat11-strips,p07.pddl,asp,timed out,1800.1275126375258,concrete_asp,,,,,,,,0.784527599811554,,,0.23945202678442,,,,,,,,,,,,,,,23,,,
openstacks-sat11-strips,p07.pddl,fd,success,3.6982104666531086,total,0.846632,,,,,,,,,0.843026,,,,,,,,valid,,,,,,186,,,,,
openstacks-sat11-strips,p08.pddl,abs-asp,timed out,1800.1534837633371,abstract_asp,,2.089868910610676,0.051563702523708344,1.225695613771677,,0.22728394344449043,0.8700059503316879,2.379808980971575,2.4506037682294846,,1.014940794557333,0.9239359758794308,,,,,,,4,0,,,22,,23,,3,order,
openstacks-sat11-strips,p08.pddl,abs-fd,interrupted,192.90842853300273,abstract_fd_search,,2.357895888388157,0.05198037438094616,1.3682967964559793,,0.2301854006946087,0.9019370917230844,2.5953910015523434,2.6635244339704514,,1.045657580718398,,,2.957224804908037,,,,,4,0,0,0,357,,,0,3,order,
openstacks-sat11-strips,p08.pddl,asp,timed out,1800.1513635218143,concrete_asp,,,,,,,,2.5458829626441,,,0.9823300316929817,,,,,,,,,,,,,,,22,,,
openstacks-sat11-strips,p08.pddl,fd,success,8.008242309093475,total,3.67249,,,,,,,,,3.668395,,,,,,,,valid,,,,,,371,,,,,
openstacks-sat11-strips,p09.pddl,abs-asp,timed out,1800.1540364995599,abstract_asp,,2.207176059484482,0.05169665813446045,1.311588577926159,,0.2071330063045025,0.8766794614493847,2.5271724238991737,2.627222653478384,,1.0376950316131115,0.9512271247804165,,,,,,,3,0,,,22,,23,,2,order,
openstacks-sat11-strips,p09.pddl,abs-fd,interrupted,184.28305464982986,abstract_fd_search,,1.9797578640282154,0.05040192976593971,1.1418316774070263,,0.20713351666927338,0.877524558454752,2.3344723619520664,2.5910277627408504,,1.0292929708957672,,,2.839565049856901,,,,,3,0,0,0,355,,,0,2,order,
openstacks-sat11-strips,p09.pddl,asp,timed out,1800.144783463329,concrete_asp,,,,,,,,2.6103542670607567,,,0.9635202037170529,,,,,,,,,,,,,,,21,,,
openstacks-sat11-strips,p09.pddl,fd,success,9.045270942151546,total,3.99884,,,,,,,,,3.992017,,,,,,,,valid,,,,,,370,,,,,
openstacks-sat11-strips,p10.pddl,abs-asp,timed out,1800.1447699200362,abstract_asp,,2.35938822850585,0.05284111760556698,1.4518888760358095,,0.23023980110883713,0.8835474420338869,2.6746702138334513,2.700661512091756,,1.0450721699744463,0.9537874925881624,,,,,,,3,0,,,22,,23,,2,order,
openstacks-sat11-strips,p10.pddl,abs-fd,interrupted,155.66520138829947,abstract_fd_search,,1.9836608245968819,0.05087079107761383,1.161991372704506,,0.21430429816246033,0.8725236430764198,2.247089419513941,2.310093328356743,,0.9553924985229969,,,2.5935672111809254,,,,,3,0,0,0,363,,,0,2,order,
openstacks-sat11-strips,p10.pddl,asp,timed out,1800.1321298405528,concrete_asp,,,,,,,,2.4822565000504255,,,0.9734454834833741,,,,,,,,,,,,,,,22,,,
openstacks-sat11-strips,p10.pddl,fd,success,8.108822591602802,total,3.574061,,,,,,,,,3.57041,,,,,,,,valid,,,,,,380,,,,,
openstacks-sat11-strips,p11.pddl,abs-asp,timed out,1800.1778822951019,abstract_asp,,2.6891471818089485,0.06564278155565262,2.2558663301169872,,0.2726222649216652,1.5893975012004375,4.512204024940729,4.562664669007063,,1.7125846967101097,1.5631978809833527,,,,,,,3,0,,,22,,23,,2,order,
openstacks-sat11-strips,p11.pddl,abs-fd,interrupted,152.00649244710803,abstract_fd_search,,2.4032754451036453,0.064654640853405,1.9369268603622913,,0.2713266685605049,1.51524119079113,3.927158858627081,3.981442280113697,,1.5985848307609558,,,5.285483043640852,,,,,3,0,0,0,468,,,0,2,order,
openstacks-sat11-strips,p11.pddl,asp,timed out,1800.1488751247525,concrete_asp,,,,,,,,4.512055013328791,,,1.584997247904539,,,,,,,,,,,,,,,22,,,
openstacks-sat11-strips,p11.pddl,fd,success,13.718942407518625,total,7.632112,,,,,,,,,7.623056,,,,,,,,valid,,,,,,472,,,,,
openstacks-sat11-strips,p13.pddl,abs-asp,timed out,1800.1932276524603,abstract_asp,,3.385652467608452,0.08671011030673981,3.4600274823606014,,0.3662159964442253,2.194495264440775,7.160596366971731,7.0504435412585735,,2.6546826139092445,2.4566312171518803,,,,,,,3,0,,,20,,21,,3,product,
openstacks-sat11-strips,p13.pddl,abs-fd,interrupted,193.44846272841096,abstract_fd_search,,3.433629095554352,0.09307589009404182,3.6937739700078964,,0.369061604142189,2.201825812458992,7.496452838182449,7.03256144747138,,2.5957910493016243,,,7.041501440107822,,,,,3,0,0,0,582,,,0,3,product,
openstacks-sat11-strips,p13.pddl,asp,timed out,1800.188856486231,concrete_asp,,,,,,,,6.1326555125415325,,,2.3201909251511097,,,,,,,,,,,,,,,21,,,
openstacks-sat11-strips,p13.pddl,fd,success,20.19967165682465,total,13.265649,,,,,,,,,13.259072,,,,,,,,valid,,,,,,583,,,,,
openstacks-sat11-strips,p15.pddl,abs-asp,timed out,1800.249933771789,abstract_asp,,4.433583240956068,0.10012760758399963,5.225855249911547,,0.4566645324230194,3.2583136446774006,10.496996957808733,10.432165838778019,,3.8693747147917747,3.6745072081685066,,,,,,,3,0,,,20,,21,,3,product,
openstacks-sat11-strips,p15.pddl,abs-fd,interrupted,195.89374389126897,abstract_fd_search,,4.2961558029055595,0.10056604817509651,5.171406947076321,,0.4585832506418228,3.012933384627104,10.224086999893188,10.158884938806295,,3.819934945553541,,,11.340592328459024,,,,,3,0,0,0,703,,,0,3,product,
openstacks-sat11-strips,p15.pddl,asp,timed out,1800.1429559327662,concrete_asp,,,,,,,,9.25435733795166,,,3.4285538867115974,,,,,,,,,,,,,,,21,,,
openstacks-sat11-strips,p15.pddl,fd,success,29.327755212783813,total,20.904992,,,,,,,,,20.895683,,,,,,,,valid,,,,,,704,,,,,
openstacks-sat11-strips,p17.pddl,abs-asp,timed out,1800.2824493385851,abstract_asp,,5.24662846326828,0.11859610304236412,7.061255842447281,,0.5070476680994034,3.8328095600008965,14.176500126719475,14.252148184925318,,5.385402262210846,4.993452947586775,,,,,,,3,0,,,22,,23,,2,order,
openstacks-sat11-strips,p17.pddl,abs-fd,interrupted,202.0607510842383,abstract_fd_search,,4.670626152306795,0.11718050390481949,6.172799292951822,,0.5060951448976994,3.7521069906651974,12.161971911787987,12.265559922903776,,4.988378848880529,,,27.99920828267932,,,,,3,0,0,0,813,,,0,2,order,
openstacks-sat11-strips,p17.pddl,asp,timed out,1800.267097234726,concrete_asp,,,,,,,,12.185584336519241,,,4.686024002730846,,,,,,,,,,,,,,,21,,,
openstacks-sat11-strips,p17.pddl,fd,success,40.238133143633604,total,29.333913,,,,,,,,,29.325628,,,,,,,,valid,,,,,,829,,,,,
openstacks-sat11-strips,p19.pddl,abs-asp,timed out,1800.313166629523,abstract_asp,,6.382677238434553,0.13836019858717918,9.682209346443415,,0.5983218476176262,4.893011808395386,18.8182115778327,18.91248721256852,,7.103186566382647,6.573820546269417,,,,,,,3,0,,,21,,22,,2,order,
openstacks-sat11-strips,p19.pddl,abs-fd,interrupted,267.39511124417186,abstract_fd_search,,6.2915372140705585,0.13808542862534523,9.66867820173502,,0.5966686010360718,4.806075736880302,18.823423728346825,18.823843844234943,,7.109626065939665,,,46.774262212216854,,,,,3,0,0,0,936,,,0,2,order,
openstacks-sat11-strips,p19.pddl,asp,timed out,1800.3090448714793,concrete_asp,,,,,,,,18.517386600375175,,,6.434612020850182,,,,,,,,,,,,,,,21,,,
openstacks-sat11-strips,p19.pddl,fd,success,55.269402999430895,total,43.072254,,,,,,,,,43.062742,,,,,,,,valid,,,,,,956,,,,,
pipesworld-notankage,p03-net1-b8-g3.pddl,abs-asp,success,3.9610985424369574,total,1.575072,0.225638,0.003608,0.149582,,0.013281,0.023673,0.247931,0.222553,,0.025117,0.013746,0.133858,,0.437979,,,valid,14,0,2,0,7,15,8,1,2,batch-atom,
pipesworld-notankage,p03-net1-b8-g3.pddl,abs-fd,success,5.737127967178822,total,2.232237,0.240706,0.003572,0.191645,,0.013388,0.02329,0.309789,0.22951,,0.029325,,,0.096974,1.01497,,,valid,14,0,3,0,8,17,,1,2,batch-atom,
pipesworld-notankage,p03-net1-b8-g3.pddl,asp,success,2.8184741102159023,total,0.748976,,,,,,,0.235553,,,0.027045,,,,0.463531,,,valid,,,,,,8,,9,,,
pipesworld-notankage,p03-net1-b8-g3.pddl,fd,success,2.133545368909836,total,0.235308,,,,,,,,,0.228422,,,,,,,,valid,,,,,,10,,,,,
pipesworld-notankage,p04-net1-b8-g5.pddl,abs-asp,success,4.8233006708323956,total,1.623597,0.232462,0.003514,0.186414,,0.01285,0.024145,0.302571,0.227201,,0.028748,0.013177,0.097653,,0.423838,,,valid,14,0,1,0,6,13,7,1,2,batch-atom,
pipesworld-notankage,p04-net1-b8-g5.pddl,abs-fd,success,3.9213964864611626,total,1.41009,0.217585,0.003668,0.149095,,0.013248,0.024202,0.249288,0.22786,,0.025187,,,0.09361,0.336541,,,valid,14,0,1,0,8,17,,1,2,batch-atom,
pipesworld-notankage,p04-net1-b8-g5.pddl,asp,success,10.822365798056126,total,8.767991,,,,,,,0.234701,,,0.024249,,,,8.480814,,,valid,,,,,,11,,12,,,
pipesworld-notankage,p04-net1-b8-g5.pddl,fd,success,2.1351053565740585,total,0.247539,,,,,,,,,0.23993,,,,,,,,valid,,,,,,17,,,,,
pipesworld-notankage,p05-net1-b10-g4.pddl,abs-asp,success,4.750266842544079,total,1.714389,0.22847,0.003482,0.182207,,0.013182,0.02501,0.292429,0.224018,,0.040324,0.01865,0.15888,,0.459474,,,valid,14,0,1,0,7,15,8,1,2,batch-atom,
pipesworld-notankage,p05-net1-b10-g4.pddl,abs-fd,success,4.072458311915398,total,1.741948,0.220095,0.003615,0.156381,,0.013654,0.025076,0.269969,0.243854,,0.039161,,,0.098166,0.592878,,,valid,14,0,2,0,9,18,,1,2,batch-atom,
pipesworld-notankage,p05-net1-b10-g4.pddl,asp,success,3.0204615145921707,total,1.128266,,,,,,,0.234199,,,0.035348,,,,0.835075,,,valid,,,,,,8,,9,,,
pipesworld-notankage,p05-net1-b10-g4.pddl,fd,success,2.765062667429447,total,0.307949,,,,,,,,,0.297668,,,,,,,,valid,,,,,,9,,,,,
pipesworld-notankage,p06-net1-b10-g6.pddl,abs-asp,success,6.024455193430185,total,3.016803,0.230086,0.004246,0.183119,,0.013361,0.031202,0.300984,0.228207,,0.042371,0.019403,0.58738,,1.294807,,,valid,14,0,2,0,9,18,10,1,2,batch-atom,
pipesworld-notankage,p06-net1-b10-g6.pddl,abs-fd,success,4.529688511043787,total,1.942173,0.220593,0.004537,0.167133,,0.013713,0.032627,0.270223,0.23698,,0.03897,,,0.094788,0.781154,,,valid,14,0,3,0,12,24,,1,2,batch-atom,
pipesworld-notankage,p06-net1-b10-g6.pddl,asp,success,7.491396304219961,total,5.227547,,,,,,,0.254171,,,0.03523,,,,4.913566,,,valid,,,,,,10,,11,,,
pipesworld-notankage,p06-net1-b10-g6.pddl,fd,success,2.4460271038115025,total,0.354869,,,,,,,,,0.345804,,,,,,,,valid,,,,,,31,,,,,
pipesworld-notankage,p07-net1-b12-g5.pddl,abs-asp,success,5.020427018404007,total,2.273881,0.22961,0.00366,0.177233,,0.014796,0.034115,0.308638,0.262081,,0.054305,0.027788,0.370955,,0.69759,,,valid,14,0,0,0,8,13,9,1,2,batch-atom,
pipesworld-notankage,p07-net1-b12-g5.pddl,abs-fd,success,4.421770129352808,total,2.05142,0.223096,0.003697,0.176552,,0.014319,0.038473,0.295242,0.249634,,0.055371,,,0.098839,0.812973,,,valid,14,0,2,0,10,17,,1,2,batch-atom,
pipesworld-notankage,p07-net1-b12-g5.pddl,asp,success,3.124584797769785,total,1.159112,,,,,,,0.264659,,,0.049139,,,,0.82184,,,valid,,,,,,8,,9,,,
pipesworld-notankage,p07-net1-b12-g5.pddl,fd,success,2.4084586948156357,total,0.305531,,,,,,,,,0.296647,,,,,,,,valid,,,,,,10,,,,,
pipesworld-notankage,p08-net1-b12-g7.pddl,abs-asp,success,9.190584775060415,total,6.262635,0.235085,0.009022,0.188865,,0.013885,0.101838,0.31078,0.227509,,0.057346,0.026907,3.802893,,1.201559,,,valid,14,0,2,0,10,20,11,1,2,batch-atom,
pipesworld-notankage,p08-net1-b12-g7.pddl,abs-fd,success,4.644195392727852,total,2.406101,0.224451,0.010835,0.165927,,0.014289,0.150216,0.295438,0.246347,,0.055237,,,0.100243,1.050422,,,valid,14,0,1,0,14,26,,1,2,batch-atom,
pipesworld-notankage,p08-net1-b12-g7.pddl,asp,success,13.389122519642115,total,10.716132,,,,,,,0.321024,,,0.051552,,,,10.309096,,,valid,,,,,,10,,11,,,
pipesworld-notankage,p08-net1-b12-g7.pddl,fd,success,2.390857059508562,total,0.311074,,,,,,,,,0.302639,,,,,,,,valid,,,,,,12,,,,,
pipesworld-notankage,p09-net1-b14-g6.pddl,abs-asp,success,21.59398017451167,total,18.585212,0.229758,0.003571,0.195864,,0.015478,0.104095,0.33936,0.236664,,0.071973,0.029536,11.896074,,5.354319,,,valid,14,0,2,0,13,25,14,1,3,batch-atom,
pipesworld-notankage,p09-net1-b14-g6.pddl,abs-fd,success,234.5291130207479,total,232.249135,0.223348,0.003777,0.188562,,0.016059,0.1124,0.317597,0.255591,,0.069358,,,0.115151,230.796296,,,valid,14,0,6,0,19,38,,1,3,batch-atom,
pipesworld-notankage,p09-net1-b14-g6.pddl,asp,success,35.484249010682106,total,33.586243,,,,,,,0.27177,,,0.062767,,,,33.224394,,,valid,,,,,,13,,14,,,
pipesworld-notankage,p09-net1-b14-g6.pddl,fd,success,2.263959411531687,total,0.31912,,,,,,,,,0.311663,,,,,,,,valid,,,,,,18,,,,,
pipesworld-notankage,p10-net1-b14-g8.pddl,abs-asp,success,506.29136623442173,total,502.883669,0.240589,0.003656,0.212853,,0.014566,0.104901,0.365843,0.24624,,0.072788,0.035481,490.95136,,10.502774,,,valid,14,0,2,0,17,34,18,1,2,batch-atom,
pipesworld-notankage,p10-net1-b14-g8.pddl,abs-fd,timed out,1800.127651553601,abstract_fd_search,,0.24212079122662544,0.0036943554878234863,0.21360575407743454,,0.014401473104953766,0.10606933385133743,0.37275801599025726,0.25164392590522766,,0.07281140983104706,,,0.09977035596966743,,,,,14,0,0,0,24,,,0,2,batch-atom,
pipesworld-notankage,p10-net1-b14-g8.pddl,asp,timed out,1800.1195176579058,concrete_asp,,,,,,,,0.2825101986527443,,,0.06303224712610245,,,,,,,,,,,,,,,17,,,
pipesworld-notankage,p10-net1-b14-g8.pddl,fd,success,2.2768466994166374,total,0.323957,,,,,,,,,0.315667,,,,,,,,valid,,,,,,21,,,,,
pipesworld-notankage,p13-net2-b12-g3.pddl,abs-asp,timed out,1800.1302889436483,abstract_solving,,0.21446505561470985,0.0033410973846912384,0.17941224947571754,,0.015926621854305267,0.030443284660577774,0.3411562740802765,0.25807812809944153,,0.09470777958631516,0.04038736969232559,4.01555435359478,,,,,,14,0,0,0,14,,15,0,4,batch-atom,
pipesworld-notankage,p13-net2-b12-g3.pddl,abs-fd,success,968.4558995142579,total,964.907542,0.239045,0.004111,0.231685,,0.015948,0.024519,0.367551,0.261086,,0.094986,,,0.098592,963.422788,,,valid,14,0,9,0,14,24,,1,4,batch-atom,
pipesworld-notankage,p13-net2-b12-g3.pddl,asp,success,39.98319581896067,total,38.06902,,,,,,,0.318186,,,0.085492,,,,37.625078,,,valid,,,,,,16,,17,,,
pipesworld-notankage,p13-net2-b12-g3.pddl,fd,success,2.9047489389777184,total,0.410415,,,,,,,,,0.400108,,,,,,,,valid,,,,,,22,,,,,
pipesworld-notankage,p15-net2-b14-g4.pddl,abs-asp,timed out,1800.1357618905604,abstract_solving,,0.22623946517705917,0.009862277656793594,0.2032940872013569,,0.016713514924049377,0.10290484502911568,0.3738398514688015,0.2684665620326996,,0.09840205311775208,0.045352403074502945,5.934941079467535,,,,,,14,0,0,0,16,,17,0,4,batch-atom,
pipesworld-notankage,p15-net2-b14-g4.pddl,abs-fd,timed out,1800.1544476300478,abstract_fd_search,,0.25106595642864704,0.009751781821250916,0.22455955669283867,,0.016858719289302826,0.10069773718714714,0.4071814529597759,0.2859319932758808,,0.09938124008476734,,,0.09790000319480896,,,,,14,0,0,0,17,,,0,4,batch-atom,
pipesworld-notankage,p15-net2-b14-g4.pddl,asp,timed out,1800.1044678874314,concrete_asp,,,,,,,,0.3710794039070606,,,0.09320080280303955,,,,,,,,,,,,,,,24,,,
pipesworld-notankage,p15-net2-b14-g4.pddl,fd,success,2.713672887533903,total,0.477554,,,,,,,,,0.47003,,,,,,,,valid,,,,,,76,,,,,
pipesworld-notankage,p16-net2-b14-g6.pddl,abs-asp,timed out,1800.0402557700872,abstract_solving,,0.23140616714954376,0.003516934812068939,0.21146556735038757,,0.016569852828979492,0.10025452822446823,0.38915131986141205,0.26112041994929314,,0.10007301717996597,0.04494424909353256,545.7871589697897,,,,,,14,0,0,0,25,,26,0,4,batch-atom,
pipesworld-notankage,p16-net2-b14-g6.pddl,abs-fd,timed out,1800.136120274663,abstract_fd_search,,0.2210601456463337,0.0034782402217388153,0.18412520363926888,,0.01638583093881607,0.10088402777910233,0.34933027997612953,0.2646973393857479,,0.09654248878359795,,,0.09922440722584724,,,,,14,0,0,0,27,,,0,4,batch-atom,
pipesworld-notankage,p16-net2-b14-g6.pddl,asp,timed out,1800.121537849307,concrete_asp,,,,,,,,0.34798649325966835,,,0.09061209484934807,,,,,,,,,,,,,,,30,,,
pipesworld-notankage,p16-net2-b14-g6.pddl,fd,success,4.129111811518669,total,1.881581,,,,,,,,,1.873007,,,,,,,,valid,,,,,,86,,,,,
pipesworld-notankage,p17-net2-b16-g5.pddl,abs-asp,timed out,1800.1405367329717,abstract_solving,,0.23184608295559883,0.0035571642220020294,0.2283342182636261,,0.09127266705036163,0.029740847647190094,0.4672938659787178,0.31736068055033684,,0.15758483856916428,0.0796997919678688,8.156334925442934,,,,,,14,0,0,0,14,,15,0,3,batch-atom,
pipesworld-notankage,p17-net2-b16-g5.pddl,abs-fd,timed out,1800.1645744740963,abstract_fd_search,,0.24290786311030388,0.0035190507769584656,0.2734936363995075,,0.09192101657390594,0.030050043016672134,0.530122946947813,0.32414858415722847,,0.16165407374501228,,,0.1078491099178791,,,,,14,0,0,0,16,,,0,3,batch-atom,
pipesworld-notankage,p17-net2-b16-g5.pddl,asp,timed out,1800.1254229061306,concrete_asp,,,,,,,,0.458301167935133,,,0.1485971324145794,,,,,,,,,,,,,,,19,,,
pipesworld-notankage,p17-net2-b16-g5.pddl,fd,success,4.0045084320008755,total,1.969733,,,,,,,,,1.961174,,,,,,,,valid,,,,,,86,,,,,
pipesworld-notankage,p18-net2-b16-g7.pddl,abs-asp,timed out,1800.1420976892114,abstract_solving,,0.23277916014194489,0.00357244536280632,0.23597490042448044,,0.021176829934120178,0.09212538227438927,0.484961599111557,0.3160436190664768,,0.1554453857243061,0.08347679302096367,384.33991300314665,,,,,,14,0,0,0,20,,21,0,3,batch-atom,
pipesworld-notankage,p18-net2-b16-g7.pddl,abs-fd,timed out,1800.148007184267,abstract_fd_search,,0.24232128262519836,0.0036914795637130737,0.26400255784392357,,0.016084332019090652,0.030398909002542496,0.5278683118522167,0.3386695832014084,,0.1606864631175995,,,0.11533330380916595,,,,,14,0,0,0,28,,,0,3,batch-atom,
pipesworld-notankage,p18-net2-b16-g7.pddl,asp,timed out,1800.1216392554343,concrete_asp,,,,,,,,0.4222911112010479,,,0.15252497419714928,,,,,,,,,,,,,,,22,,,
pipesworld-notankage,p18-net2-b16-g7.pddl,fd,success,5.6978281028568745,total,2.996708,,,,,,,,,2.987853,,,,,,,,valid,,,,,,98,,,,,
pipesworld-notankage,p23-net3-b14-g3.pddl,abs-asp,success,103.2065040692687,total,100.410937,0.234648,0.003567,0.249747,,0.018581,0.114301,0.519744,0.304346,,0.175017,0.057548,4.279125,,94.274578,,,valid,14,0,5,0,12,24,13,1,5,batch-atom,
pipesworld-notankage,p23-net3-b14-g3.pddl,abs-fd,timed out,1800.162131819874,abstract_fd_search,,0.24386699870228767,0.0036409571766853333,0.2738536670804024,,0.018736567348241806,0.1058659739792347,0.5537827201187611,0.29554589092731476,,0.17679224535822868,,,0.10558372363448143,,,,,14,0,0,0,13,,,0,5,batch-atom,
pipesworld-notankage,p23-net3-b14-g3.pddl,asp,timed out,1800.129997432232,concrete_asp,,,,,,,,0.526125930249691,,,0.16520961374044418,,,,,,,,,,,,,,,19,,,
pipesworld-notankage,p23-net3-b14-g3.pddl,fd,success,3.916523755528033,total,0.617436,,,,,,,,,0.610168,,,,,,,,valid,,,,,,21,,,,,
pipesworld-notankage,p25-net3-b16-g5.pddl,abs-asp,timed out,1800.164954457432,abstract_solving,,0.23571860417723656,0.0035261958837509155,0.26669371500611305,,0.018605899065732956,0.10557340830564499,0.5900775268673897,0.34004271030426025,,0.22737152501940727,0.08634544536471367,201.4257304519415,,,,,,14,0,0,0,22,,23,0,5,batch-atom,
pipesworld-notankage,p25-net3-b16-g5.pddl,abs-fd,timed out,1800.1894652582705,abstract_fd_search,,0.22439983114600182,0.0034851953387260437,0.25274059548974037,,0.01861432194709778,0.029936809092760086,0.5686277896165848,0.33848655596375465,,0.22779961302876472,,,0.10875016078352928,,,,,14,0,0,0,24,,,0,5,batch-atom,
pipesworld-notankage,p25-net3-b16-g5.pddl,asp,timed out,1800.1198679544032,concrete_asp,,,,,,,,0.6349256448447704,,,0.21243920922279358,,,,,,,,,,,,,,,24,,,
pipesworld-notankage,p25-net3-b16-g5.pddl,fd,success,3.363642454147339,total,0.709227,,,,,,,,,0.699281,,,,,,,,valid,,,,,,48,,,,,
pipesworld-notankage,p27-net3-b18-g6.pddl,abs-asp,timed out,1800.1249828748405,abstract_asp,,0.3228776380419731,0.003593895584344864,0.3231509439647198,,0.018209874629974365,0.03362594544887543,0.7075850404798985,0.41193023324012756,,0.2723098061978817,0.1281684674322605,,,,,,,14,0,,,21,,22,,4,batch-atom,
pipesworld-notankage,p27-net3-b18-g6.pddl,abs-fd,timed out,1800.1860566399992,abstract_fd_search,,0.3135686870664358,0.003643753007054329,0.31180560030043125,,0.018235424533486366,0.03396336920559406,0.6772068701684475,0.40920312888920307,,0.2743074353784323,,,0.12229679711163044,,,,,14,0,0,0,29,,,0,4,batch-atom,
pipesworld-notankage,p27-net3-b18-g6.pddl,asp,timed out,1800.1289917640388,concrete_asp,,,,,,,,0.6338793374598026,,,0.24459025636315346,,,,,,,,,,,,,,,22,,,
pipesworld-notankage,p27-net3-b18-g6.pddl,fd,success,7.850686449557543,total,5.707363,,,,,,,,,5.699937,,,,,,,,valid,,,,,,96,,,,,
pipesworld-notankage,p28-net3-b18-g7.pddl,abs-asp,timed out,1800.1286461502314,abstract_asp,,0.308640543371439,0.0036735981702804565,0.27784059941768646,,0.018142204731702805,0.034217312932014465,0.6523772180080414,0.41641882434487343,,0.27268001809716225,0.12700898200273514,,,,,,,14,0,,,24,,25,,4,batch-atom,
pipesworld-notankage,p28-net3-b18-g7.pddl,abs-fd,timed out,1800.1942852027714,abstract_fd_search,,0.31794586032629013,0.003649245947599411,0.3024008125066757,,0.018279224634170532,0.033842526376247406,0.6817309856414795,0.40779799222946167,,0.27307992428541183,,,0.13112392276525497,,,,,14,0,0,0,42,,,0,4,batch-atom,
pipesworld-notankage,p28-net3-b18-g7.pddl,asp,timed out,1800.120365165174,concrete_asp,,,,,,,,0.6240472234785557,,,0.24725211411714554,,,,,,,,,,,,,,,24,,,
pipesworld-notankage,p28-net3-b18-g7.pddl,fd,success,8.73725326359272,total,5.321658,,,,,,,,,5.312938,,,,,,,,valid,,,,,,150,,,,,
pipesworld-notankage,p29-net3-b20-g6.pddl,abs-asp,timed out,1800.136899229139,abstract_asp,,0.34361129626631737,0.0037876032292842865,0.35992930456995964,,0.020064853131771088,0.037123505026102066,0.8988027386367321,0.4895593822002411,,0.3463900201022625,0.16095540300011635,,,,,,,14,0,,,22,,23,,4,batch-atom,
pipesworld-notankage,p29-net3-b20-g6.pddl,abs-fd,timed out,1800.2137640565634,abstract_fd_search,,0.3326067477464676,0.004601739346981049,0.37842513620853424,,0.019547052681446075,0.03647365793585777,0.9322852045297623,0.4876084253191948,,0.34499843418598175,,,0.1446213535964489,,,,,14,0,0,0,31,,,0,4,batch-atom,
pipesworld-notankage,p29-net3-b20-g6.pddl,asp,timed out,1800.1473179534078,concrete_asp,,,,,,,,0.7972205057740211,,,0.3103540353477001,,,,,,,,,,,,,,,23,,,
pipesworld-notankage,p29-net3-b20-g6.pddl,fd,success,4.235096074640751,total,1.957067,,,,,,,,,1.950011,,,,,,,,valid,,,,,,99,,,,,
pipesworld-notankage,p30-net3-b20-g8.pddl,abs-asp,timed out,1800.1272310204804,abstract_asp,,0.3229682147502899,0.003662876784801483,0.3358381539583206,,0.018830616027116776,0.03664831444621086,0.7682415992021561,0.42551330104470253,,0.3093772456049919,0.13410229235887527,,,,,,,14,0,,,23,,24,,4,batch-atom,
pipesworld-notankage,p30-net3-b20-g8.pddl,abs-fd,timed out,1800.185854492709,abstract_fd_search,,0.31573460437357426,0.0037305373698472977,0.2984448615461588,,0.01888040080666542,0.036594828590750694,0.7128561045974493,0.4252618346363306,,0.30371841974556446,,,0.13960234448313713,,,,,14,0,0,0,36,,,0,4,batch-atom,
pipesworld-notankage,p30-net3-b20-g8.pddl,asp,timed out,1800.1249930337071,concrete_asp,,,,,,,,0.7039452344179153,,,0.28394950181245804,,,,,,,,,,,,,,,22,,,
pipesworld-notankage,p30-net3-b20-g8.pddl,fd,success,9.322736512869596,total,5.740567,,,,,,,,,5.73127,,,,,,,,valid,,,,,,94,,,,,
pipesworld-notankage,p34-net4-b16-g6.pddl,abs-asp,timed out,1800.1234640181065,abstract_asp,,0.293139785528183,0.0035025030374526978,0.3097085803747177,,0.01931319758296013,0.030764196068048477,0.6976041048765182,0.36855480447411537,,0.2907218858599663,0.11962108314037323,,,,,,,14,0,,,19,,20,,5,batch-atom,
pipesworld-notankage,p34-net4-b16-g6.pddl,abs-fd,timed out,1800.186187421903,abstract_fd_search,,0.32264939695596695,0.003610653802752495,0.32660703361034393,,0.019424153491854668,0.031762778759002686,0.7349785193800926,0.394830958917737,,0.2937372624874115,,,0.1247172150760889,,,,,14,0,0,0,35,,,0,5,batch-atom,
pipesworld-notankage,p34-net4-b16-g6.pddl,asp,timed out,1800.1281731314957,concrete_asp,,,,,,,,0.6896054223179817,,,0.2722681649029255,,,,,,,,,,,,,,,22,,,
pipesworld-notankage,p34-net4-b16-g6.pddl,fd,success,7.18850814551115,total,4.598893,,,,,,,,,4.593072,,,,,,,,valid,,,,,,78,,,,,
pipesworld-notankage,p35-net4-b18-g4.pddl,abs-asp,timed out,1800.1584468893707,abstract_solving,,0.30703844502568245,0.0034967102110385895,0.35922330990433693,,0.018567878752946854,0.03466857969760895,0.9155682399868965,0.48063866049051285,,0.3793617822229862,0.17011789605021477,127.1774442307651,,,,,,14,0,0,0,16,,17,0,4,batch-atom,
pipesworld-notankage,p35-net4-b18-g4.pddl,abs-fd,timed out,1800.1724237129092,abstract_fd_search,,0.2779950462281704,0.00336470827460289,0.3250807151198387,,0.018232595175504684,0.034016143530607224,0.8305153213441372,0.4319547489285469,,0.3582218065857887,,,0.10887324810028076,,,,,14,0,0,0,16,,,0,4,batch-atom,
pipesworld-notankage,p35-net4-b18-g4.pddl,asp,timed out,1800.1269332431257,concrete_asp,,,,,,,,0.8300054781138897,,,0.33825165405869484,,,,,,,,,,,,,,,19,,,
pipesworld-notankage,p35-net4-b18-g4.pddl,fd,success,6.895182270556688,total,3.450909,,,,,,,,,3.443877,,,,,,,,valid,,,,,,67,,,,,
pipesworld-notankage,p36-net4-b18-g6.pddl,abs-asp,timed out,1800.1218803711236,abstract_solving,,0.30715450644493103,0.0041558872908353806,0.3354902621358633,,0.01891843043267727,0.034729933366179466,0.8749547693878412,0.4843624997884035,,0.37530881352722645,0.1693568080663681,1235.321062715724,,,,,,14,0,0,0,19,,20,0,4,batch-atom,
pipesworld-notankage,p36-net4-b18-g6.pddl,abs-fd,timed out,1800.2019735649228,abstract_fd_search,,0.2837979383766651,0.0034435316920280457,0.31718144938349724,,0.018956918269395828,0.03379131108522415,0.8326502665877342,0.4299578182399273,,0.3528533950448036,,,0.11860258877277374,,,,,14,0,0,0,30,,,0,4,batch-atom,
pipesworld-notankage,p36-net4-b18-g6.pddl,asp,timed out,1800.1284749312326,concrete_asp,,,,,,,,0.9822625806555152,,,0.35696649085730314,,,,,,,,,,,,,,,20,,,
pipesworld-notankage,p36-net4-b18-g6.pddl,fd,success,4.165535107254982,total,1.074154,,,,,,,,,1.067644,,,,,,,,valid,,,,,,48,,,,,
pipesworld-notankage,p39-net4-b22-g7.pddl,abs-asp,timed out,1800.1265840940177,abstract_asp,,0.31468069925904274,0.0036980174481868744,0.4851227290928364,,0.021655507385730743,0.03969261422753334,1.2333844192326069,0.6557329408824444,,0.5755533389747143,0.26460152864456177,,,,,,,14,0,,,18,,19,,5,batch-atom,
pipesworld-notankage,p39-net4-b22-g7.pddl,abs-fd,timed out,1800.2060244455934,abstract_fd_search,,0.3133992440998554,0.003676820546388626,0.47652865946292877,,0.021408598870038986,0.03897365182638168,1.2098282128572464,0.6565821692347527,,0.571092750877142,,,0.18021178618073463,,,,,14,0,0,0,24,,,0,5,batch-atom,
pipesworld-notankage,p39-net4-b22-g7.pddl,asp,timed out,1800.1332070855424,concrete_asp,,,,,,,,1.2146844752132893,,,0.5430921176448464,,,,,,,,,,,,,,,19,,,
pipesworld-notankage,p39-net4-b22-g7.pddl,fd,success,3.737600741907954,total,1.465675,,,,,,,,,1.459087,,,,,,,,valid,,,,,,41,,,,,
pipesworld-notankage,p40-net4-b22-g8.pddl,abs-asp,timed out,1800.1347385048866,abstract_asp,,0.2844584174454212,0.003660723567008972,0.43754133582115173,,0.020549025386571884,0.040384117513895035,1.154374398291111,0.704194251447916,,0.5498140677809715,0.2830417826771736,,,,,,,14,0,,,19,,20,,4,batch-atom,
pipesworld-notankage,p40-net4-b22-g8.pddl,abs-fd,timed out,1800.2047585844994,abstract_fd_search,,0.31620024889707565,0.0037119463086128235,0.4704752750694752,,0.019843749701976776,0.0409729927778244,1.2054748609662056,0.7516381219029427,,0.5733467563986778,,,0.17309265211224556,,,,,14,0,0,0,27,,,0,4,batch-atom,
pipesworld-notankage,p40-net4-b22-g8.pddl,asp,timed out,1800.1394616402686,concrete_asp,,,,,,,,1.23113052546978,,,0.5309262238442898,,,,,,,,,,,,,,,19,,,
pipesworld-notankage,p40-net4-b22-g8.pddl,fd,success,6.2662964798510075,total,2.710519,,,,,,,,,2.701003,,,,,,,,valid,,,,,,78,,,,,
pipesworld-notankage,p41-net5-b22-g2.pddl,abs-asp,success,27.681493818759918,total,24.247599,0.325186,0.003446,0.590773,,0.023227,0.040808,1.62944,0.777285,,0.718914,0.303642,5.20187,,14.362358,,,valid,14,0,4,0,10,21,11,1,6,batch-atom,
pipesworld-notankage,p41-net5-b22-g2.pddl,abs-fd,success,17.7570573464036,total,15.632931,0.30972,0.003444,0.556525,,0.023078,0.041163,1.565153,0.769915,,0.713407,,,0.156888,11.302746,,,valid,14,0,4,0,10,19,,1,6,batch-atom,
pipesworld-notankage,p41-net5-b22-g2.pddl,asp,success,43.64122509583831,total,41.119499,,,,,,,1.561892,,,0.674754,,,,38.762814,,,valid,,,,,,12,,13,,,
pipesworld-notankage,p41-net5-b22-g2.pddl,fd,success,4.1089212112128735,total,1.926615,,,,,,,,,1.919324,,,,,,,,valid,,,,,,32,,,,,
pipesworld-notankage,p42-net5-b22-g4.pddl,abs-asp,timed out,1800.1244618557394,abstract_asp,,0.3277883678674698,0.003499366343021393,0.6029070317745209,,0.023363206535577774,0.041011057794094086,1.6324157677590847,0.7720899805426598,,0.7219786420464516,0.305596224963665,,,,,,,14,0,,,20,,21,,6,batch-atom,
pipesworld-notankage,p42-net5-b22-g4.pddl,abs-fd,timed out,1800.2122986912727,abstract_fd_search,,0.31209438294172287,0.003563225269317627,0.5546962358057499,,0.023737285286188126,0.041358910501003265,1.5366563498973846,0.759328830987215,,0.7192159779369831,,,0.17761646211147308,,,,,14,0,0,0,27,,,0,6,batch-atom,
pipesworld-notankage,p42-net5-b22-g4.pddl,asp,timed out,1800.1457443237305,concrete_asp,,,,,,,,1.5922640822827816,,,0.6771224960684776,,,,,,,,,,,,,,,24,,,
pipesworld-notankage,p42-net5-b22-g4.pddl,fd,timed out,1800.1148767322302,,,,,,,,,,,,,,,,,,,,,,,,,,,,,,
pipesworld-notankage,p43-net5-b24-g3.pddl,abs-asp,timed out,1800.1316296383739,abstract_asp,,0.31332890316843987,0.0035826079547405243,0.6218847371637821,,0.02809174731373787,0.04111263528466225,1.7789876013994217,0.6406265459954739,,0.8535627014935017,0.25334013998508453,,,,,,,14,0,,,18,,19,,8,batch-atom,
pipesworld-notankage,p43-net5-b24-g3.pddl,abs-fd,timed out,1800.2363897711039,abstract_fd_search,,0.33990474976599216,0.0037766434252262115,0.688493063673377,,0.02891455963253975,0.04142552241683006,1.879964442923665,0.6610104851424694,,0.8794649727642536,,,0.16091314516961575,,,,,14,0,0,0,25,,,0,8,batch-atom,
pipesworld-notankage,p43-net5-b24-g3.pddl,asp,timed out,1800.1672483086586,concrete_asp,,,,,,,,1.8592928797006607,,,0.804016225039959,,,,,,,,,,,,,,,23,,,
pipesworld-notankage,p43-net5-b24-g3.pddl,fd,timed out,1800.1134325116873,,,,,,,,,,,,,,,,,,,,,,,,,,,,,,
pipesworld-notankage,p44-net5-b24-g5.pddl,abs-asp,timed out,1800.133756607771,abstract_asp,,0.2992429919540882,0.003513030707836151,0.608136311173439,,0.026926301419734955,0.04039793834090233,1.7553616724908352,0.6237140409648418,,0.8505087681114674,0.25422098487615585,,,,,,,14,0,,,18,,19,,8,batch-atom,
pipesworld-notankage,p44-net5-b24-g5.pddl,abs-fd,timed out,1800.2895901314914,abstract_fd_search,,0.2859073430299759,0.0034845806658267975,0.5708034858107567,,0.026875920593738556,0.040441207587718964,1.6489396207034588,0.5767380334436893,,0.8120338916778564,,,0.14123699814081192,,,,,14,0,0,0,32,,,0,8,batch-atom,
pipesworld-notankage,p44-net5-b24-g5.pddl,asp,timed out,1800.1445213630795,concrete_asp,,,,,,,,1.8356627561151981,,,0.7985874600708485,,,,,,,,,,,,,,,23,,,
pipesworld-notankage,p44-net5-b24-g5.pddl,fd,timed out,1800.1134213097394,,,,,,,,,,,,,,,,,,,,,,,,,,,,,,
pipesworld-notankage,p45-net5-b26-g4.pddl,abs-asp,timed out,1800.1462649796158,abstract_asp,,0.32625011913478374,0.0035429298877716064,0.7082125470042229,,0.025329241529107094,0.046532146632671356,2.1384361926466227,1.094608634710312,,0.9934642780572176,0.4934813492000103,,,,,,,14,0,,,18,,19,,6,batch-atom,
pipesworld-notankage,p45-net5-b26-g4.pddl,abs-fd,timed out,1800.2313544042408,abstract_fd_search,,0.28953246772289276,0.003937631845474243,0.6340605318546295,,0.024706419557332993,0.04568884149193764,1.9408752731978893,0.9944755248725414,,0.9205669909715652,,,0.2127874791622162,,,,,14,0,0,0,30,,,0,6,batch-atom,
pipesworld-notankage,p45-net5-b26-g4.pddl,asp,timed out,1800.163683630526,concrete_asp,,,,,,,,2.2251510359346867,,,0.9388459175825119,,,,,,,,,,,,,,,22,,,
pipesworld-notankage,p45-net5-b26-g4.pddl,fd,timed out,1800.1114674955606,,,,,,,,,,,,,,,,,,,,,,,,,,,,,,
pipesworld-notankage,p46-net5-b26-g6.pddl,abs-asp,timed out,1800.059676092118,abstract_asp,,0.32417724281549454,0.003703722730278969,0.7008133381605148,,0.024803796783089638,0.048232901841402054,2.1242971681058407,1.0951332468539476,,0.9929669611155987,0.4910580962896347,,,,,,,14,0,,,18,,19,,6,batch-atom,
pipesworld-notankage,p46-net5-b26-g6.pddl,abs-fd,timed out,1800.24808428064,abstract_fd_search,,0.3382684737443924,0.0036690644919872284,0.7129179798066616,,0.02471613883972168,0.04864386096596718,2.172068502753973,1.1166687048971653,,0.9947747364640236,,,0.2762414440512657,,,,,14,0,0,0,41,,,0,6,batch-atom,
pipesworld-notankage,p46-net5-b26-g6.pddl,asp,timed out,1800.1581859625876,concrete_asp,,,,,,,,2.181018438190222,,,0.9324865825474262,,,,,,,,,,,,,,,22,,,
pipesworld-notankage,p46-net5-b26-g6.pddl,fd,timed out,1800.114050641656,,,,,,,,,,,,,,,,,,,,,,,,,,,,,,
pipesworld-notankage,p47-net5-b28-g5.pddl,abs-asp,timed out,1800.1498095169663,abstract_asp,,0.3170998804271221,0.003564823418855667,0.7646145522594452,,0.027692202478647232,0.04893676936626434,2.4391839280724525,1.158998679369688,,1.1385868191719055,0.5222186371684074,,,,,,,14,0,,,21,,22,,7,batch-atom,
pipesworld-notankage,p47-net5-b28-g5.pddl,abs-fd,timed out,1800.231021411717,abstract_fd_search,,0.29279558546841145,0.0034685153514146805,0.7268119640648365,,0.026706689968705177,0.047967879101634026,2.2756233606487513,1.0553293321281672,,1.0511057619005442,,,0.24294954724609852,,,,,14,0,0,0,48,,,0,7,batch-atom,
pipesworld-notankage,p47-net5-b28-g5.pddl,asp,timed out,1800.1573506472632,concrete_asp,,,,,,,,2.4783650496974587,,,1.0598535193130374,,,,,,,,,,,,,,,26,,,
pipesworld-notankage,p47-net5-b28-g5.pddl,fd,timed out,1800.1138624586165,,,,,,,,,,,,,,,,,,,,,,,,,,,,,,
pipesworld-notankage,p48-net5-b28-g7.pddl,abs-asp,timed out,1800.1575484909117,abstract_asp,,0.34009722247719765,0.003952968865633011,0.786646731197834,,0.025862127542495728,0.05190584436058998,2.5002097338438034,1.3405681625008583,,1.1278356648981571,0.5875642001628876,,,,,,,14,0,,,21,,22,,6,batch-atom,
pipesworld-notankage,p48-net5-b28-g7.pddl,abs-fd,timed out,1800.3597643487155,abstract_fd_search,,0.327910628169775,0.0037284642457962036,0.7896329425275326,,0.025467488914728165,0.05088711157441139,2.44714941829443,1.2715635523200035,,1.1198138669133186,,,0.2928353399038315,,,,,14,0,0,0,49,,,0,6,batch-atom,
pipesworld-notankage,p48-net5-b28-g7.pddl,asp,timed out,1800.1798983849585,concrete_asp,,,,,,,,2.5090587586164474,,,1.0515792295336723,,,,,,,,,,,,,,,25,,,
pipesworld-notankage,p48-net5-b28-g7.pddl,fd,timed out,1800.1121277362108,,,,,,,,,,,,,,,,,,,,,,,,,,,,,,
pipesworld-notankage,p49-net5-b30-g6.pddl,abs-asp,timed out,1800.1542354598641,abstract_asp,,0.32909491658210754,0.003796469420194626,0.951540295034647,,0.02643689140677452,0.05439930409193039,2.7857874520123005,1.4910669215023518,,1.2686386853456497,0.6729985661804676,,,,,,,14,0,,,18,,19,,6,batch-atom,
pipesworld-notankage,p49-net5-b30-g6.pddl,abs-fd,timed out,1800.2835037373006,abstract_fd_search,,0.32766297459602356,0.0035817883908748627,0.9538331776857376,,0.02596369758248329,0.05384449660778046,2.7602724730968475,1.4365050196647644,,1.2669542618095875,,,0.2909197546541691,,,,,14,0,0,0,36,,,0,6,batch-atom,
pipesworld-notankage,p49-net5-b30-g6.pddl,asp,timed out,1800.0922631770372,concrete_asp,,,,,,,,2.826173420995474,,,1.2033688127994537,,,,,,,,,,,,,,,18,,,
pipesworld-notankage,p49-net5-b30-g6.pddl,fd,success,5.823080766014755,total,3.228773,,,,,,,,,3.224284,,,,,,,,valid,,,,,,72,,,,,
pipesworld-notankage,p50-net5-b30-g8.pddl,abs-asp,timed out,1800.157455187291,abstract_asp,,0.3361175023019314,0.003740806132555008,0.9395123347640038,,0.026853105053305626,0.05390947870910168,2.778555443510413,1.4682172108441591,,1.2861951626837254,0.6398042719811201,,,,,,,14,0,,,20,,21,,6,batch-atom,
pipesworld-notankage,p50-net5-b30-g8.pddl,abs-fd,timed out,1800.3717086166143,abstract_fd_search,,0.33253641799092293,0.0037997402250766754,0.9351161755621433,,0.026931848376989365,0.05419962853193283,2.7656297609210014,1.4606441892683506,,1.2838616520166397,,,0.3490055650472641,,,,,14,0,0,0,51,,,0,6,batch-atom,
pipesworld-notankage,p50-net5-b30-g8.pddl,asp,timed out,1800.1546686515212,concrete_asp,,,,,,,,2.7590977251529694,,,1.207813709974289,,,,,,,,,,,,,,,21,,,
pipesworld-notankage,p50-net5-b30-g8.pddl,fd,success,25.14140148088336,total,22.342264,,,,,,,,,22.337517,,,,,,,,valid,,,,,,139,,,,,
pipesworld-tankage,p03-net1-b8-g3-t80.pddl,abs-asp,success,5.1733042523264885,total,2.65584,0.355114,0.004886,0.220427,,0.021591,0.042918,0.356776,0.308362,,0.082046,0.060227,0.395079,,0.718141,,,valid,14,0,1,0,7,14,8,1,2,batch-atom,
pipesworld-tankage,p03-net1-b8-g3-t80.pddl,abs-fd,success,4.684678729623556,total,2.243183,0.340797,0.00456,0.225269,,0.020677,0.041743,0.343086,0.29369,,0.082011,,,0.096507,0.713913,,,valid,14,0,3,0,7,15,,1,2,batch-atom,
pipesworld-tankage,p03-net1-b8-g3-t80.pddl,asp,success,3.450829293578863,total,1.224074,,,,,,,0.334214,,,0.077982,,,,0.788331,,,valid,,,,,,8,,9,,,
pipesworld-tankage,p03-net1-b8-g3-t80.pddl,fd,success,3.00518287345767,total,0.402728,,,,,,,,,0.392171,,,,,,,,valid,,,,,,10,,,,,
pipesworld-tankage,p04-net1-b8-g5-t80.pddl,abs-asp,success,4.603101450949907,total,2.460976,0.347741,0.004764,0.210561,,0.027099,0.041871,0.338155,0.287651,,0.083268,0.058337,0.327164,,0.656175,,,valid,14,0,1,0,6,13,7,1,2,batch-atom,
pipesworld-tankage,p04-net1-b8-g5-t80.pddl,abs-fd,success,4.240520387887955,total,2.141604,0.343161,0.004742,0.209243,,0.021672,0.041597,0.338909,0.292004,,0.083459,,,0.099135,0.634,,,valid,14,0,0,0,6,13,,1,2,batch-atom,
pipesworld-tankage,p04-net1-b8-g5-t80.pddl,asp,success,13.319806572049856,total,11.091759,,,,,,,0.341351,,,0.078643,,,,10.64085,,,valid,,,,,,11,,12,,,
pipesworld-tankage,p04-net1-b8-g5-t80.pddl,fd,success,3.057225540280342,total,0.403681,,,,,,,,,0.395756,,,,,,,,valid,,,,,,21,,,,,
pipesworld-tankage,p05-net1-b10-g4-t50.pddl,abs-asp,success,5.208148170262575,total,2.778999,0.348793,0.004582,0.2262,,0.020805,0.047671,0.374308,0.300982,,0.09687,0.06021,0.447774,,0.7624,,,valid,14,0,1,0,7,15,8,1,2,batch-atom,
pipesworld-tankage,p05-net1-b10-g4-t50.pddl,abs-fd,success,4.50696587562561,total,2.424065,0.342562,0.004687,0.217053,,0.02064,0.04237,0.358664,0.29785,,0.095515,,,0.097682,0.866744,,,valid,14,0,2,0,8,17,,1,2,batch-atom,
pipesworld-tankage,p05-net1-b10-g4-t50.pddl,asp,success,3.419476568698883,total,1.209482,,,,,,,0.36011,,,0.092626,,,,0.735544,,,valid,,,,,,8,,9,,,
pipesworld-tankage,p05-net1-b10-g4-t50.pddl,fd,success,3.7105033807456493,total,0.466759,,,,,,,,,0.460653,,,,,,,,valid,,,,,,13,,,,,
pipesworld-tankage,p06-net1-b10-g6-t50.pddl,abs-asp,success,7.2452462464571,total,3.774825,0.364619,0.004688,0.256496,,0.021632,0.042733,0.422659,0.309694,,0.097581,0.06726,1.005232,,1.086735,,,valid,14,0,1,0,9,18,10,1,2,batch-atom,
pipesworld-tankage,p06-net1-b10-g6-t50.pddl,abs-fd,success,4.767405550926924,total,2.59468,0.343144,0.004709,0.218289,,0.021409,0.042153,0.361999,0.306345,,0.095537,,,0.100308,1.015672,,,valid,14,0,2,0,10,21,,1,2,batch-atom,
pipesworld-tankage,p06-net1-b10-g6-t50.pddl,asp,success,11.676980566233397,total,9.446496,,,,,,,0.363023,,,0.090345,,,,8.962255,,,valid,,,,,,10,,11,,,
pipesworld-tankage,p06-net1-b10-g6-t50.pddl,fd,success,2.5048830658197403,total,0.386342,,,,,,,,,0.381053,,,,,,,,valid,,,,,,21,,,,,
pipesworld-tankage,p07-net1-b12-g5-t80.pddl,abs-asp,success,11.291908524930477,total,9.105879,0.356279,0.004631,0.368438,,0.026588,0.048924,0.74532,0.528539,,0.322418,0.165326,3.549643,,2.870486,,,valid,8,0,1,0,8,16,9,1,3,tank-slot,
pipesworld-tankage,p07-net1-b12-g5-t80.pddl,abs-fd,success,8.362839754670858,total,6.133332,0.355751,0.004736,0.367588,,0.026864,0.049677,0.741171,0.522082,,0.322327,,,0.121031,3.508523,,,valid,8,0,2,0,11,22,,1,3,tank-slot,
pipesworld-tankage,p07-net1-b12-g5-t80.pddl,asp,success,9.718914192169905,total,7.48386,,,,,,,0.743195,,,0.307526,,,,6.396308,,,valid,,,,,,8,,9,,,
pipesworld-tankage,p07-net1-b12-g5-t80.pddl,fd,success,3.0797509253025055,total,0.833564,,,,,,,,,0.826735,,,,,,,,valid,,,,,,11,,,,,
pipesworld-tankage,p08-net1-b12-g7-t80.pddl,abs-asp,success,78.83611080236733,total,75.751285,0.36833,0.004797,0.402695,,0.025939,0.049348,0.787503,0.524488,,0.323388,0.165677,69.476444,,3.475716,,,valid,8,0,1,0,10,17,11,1,3,tank-slot,
pipesworld-tankage,p08-net1-b12-g7-t80.pddl,abs-fd,success,12.006194673478603,total,8.855175,0.368243,0.004886,0.404712,,0.026294,0.050289,0.788468,0.523075,,0.331832,,,0.121858,6.106754,,,valid,8,0,5,0,15,29,,1,3,tank-slot,
pipesworld-tankage,p08-net1-b12-g7-t80.pddl,asp,success,1628.87548494339,total,1626.294202,,,,,,,0.745472,,,0.307411,,,,1625.158403,,,valid,,,,,,11,,12,,,
pipesworld-tankage,p08-net1-b12-g7-t80.pddl,fd,success,3.096006613224745,total,0.838373,,,,,,,,,0.830157,,,,,,,,valid,,,,,,17,,,,,
pipesworld-tankage,p09-net1-b14-g6-t50.pddl,abs-asp,success,998.4254577234387,total,994.847433,0.370166,0.004701,0.451843,,0.025702,0.048802,0.89847,0.504345,,0.387255,0.19383,364.193841,,627.530842,,,valid,14,0,3,0,14,28,15,1,3,batch-atom,
pipesworld-tankage,p09-net1-b14-g6-t50.pddl,abs-fd,timed out,1800.1476113982499,abstract_fd_search,,0.35512421652674675,0.004859406501054764,0.40286706760525703,,0.02523937076330185,0.0484011135995388,0.8286040648818016,0.49761371314525604,,0.3813418671488762,,,0.13786815106868744,,,,,14,0,0,0,24,,,0,3,batch-atom,
pipesworld-tankage,p09-net1-b14-g6-t50.pddl,asp,timed out,1800.1340264678001,concrete_asp,,,,,,,,0.824309702962637,,,0.36175237968564034,,,,,,,,,,,,,,,15,,,
pipesworld-tankage,p09-net1-b14-g6-t50.pddl,fd,success,5.459847759455442,total,3.279312,,,,,,,,,3.272513,,,,,,,,valid,,,,,,28,,,,,
pipesworld-tankage,p10-net1-b14-g8-t50.pddl,abs-asp,timed out,1800.0250063240528,abstract_asp,,0.36580474115908146,0.004871305078268051,0.4178375415503979,,0.026604225859045982,0.05133640021085739,0.8415362518280745,0.5559370443224907,,0.3836503829807043,0.18019340373575687,,,,,,,8,0,,,16,,17,,3,tank-slot,
pipesworld-tankage,p10-net1-b14-g8-t50.pddl,abs-fd,success,87.80748964101076,total,85.427228,0.38315,0.004968,0.407212,,0.026722,0.051116,0.830464,0.554701,,0.383947,,,0.153526,82.367698,,,valid,8,0,7,0,32,62,,1,3,tank-slot,
pipesworld-tankage,p10-net1-b14-g8-t50.pddl,asp,timed out,1800.1291428431869,concrete_asp,,,,,,,,0.823318962007761,,,0.35602670162916183,,,,,,,,,,,,,,,16,,,
pipesworld-tankage,p10-net1-b14-g8-t50.pddl,fd,success,3.256303660571575,total,0.974735,,,,,,,,,0.965897,,,,,,,,valid,,,,,,28,,,,,
pipesworld-tankage,p11-net2-b10-g2-t30.pddl,abs-asp,timed out,1800.1535653956234,abstract_solving,,0.3605295270681381,0.005202114582061768,0.3018261529505253,,0.02455070987343788,0.035322144627571106,0.5113586075603962,0.2911190427839756,,0.17485348880290985,0.05171068757772446,2.095543198287487,,,,,,14,0,0,0,12,,13,0,5,batch-atom,
pipesworld-tankage,p11-net2-b10-g2-t30.pddl,abs-fd,timed out,1800.132552266121,abstract_fd_search,,0.35435255616903305,0.004484284669160843,0.2716186009347439,,0.024449680000543594,0.034854598343372345,0.4634254574775696,0.27351030707359314,,0.17407329007983208,,,0.09603723883628845,,,,,14,0,0,0,16,,,0,5,batch-atom,
pipesworld-tankage,p11-net2-b10-g2-t30.pddl,asp,timed out,1800.1225397363305,concrete_asp,,,,,,,,0.44157540798187256,,,0.16036657616496086,,,,,,,,,,,,,,,19,,,
pipesworld-tankage,p11-net2-b10-g2-t30.pddl,fd,success,2.7903377264738083,total,0.521824,,,,,,,,,0.516018,,,,,,,,valid,,,,,,42,,,,,
pipesworld-tankage,p12-net2-b10-g4-t60.pddl,abs-asp,timed out,1800.154482986778,abstract_solving,,0.35646890848875046,0.0046949610114097595,0.3622530438005924,,0.024218320846557617,0.040560830384492874,0.6420086212456226,0.36259862780570984,,0.28581951558589935,0.10806574672460556,16.17589568719268,,,,,,14,0,0,0,16,,17,0,4,batch-atom,
pipesworld-tankage,p12-net2-b10-g4-t60.pddl,abs-fd,timed out,1800.1673709265888,abstract_fd_search,,0.3495277687907219,0.004568286240100861,0.3550048731267452,,0.024195604026317596,0.03972681611776352,0.631112601608038,0.3631061278283596,,0.2818387858569622,,,0.11238434538245201,,,,,14,0,0,0,24,,,0,4,batch-atom,
pipesworld-tankage,p12-net2-b10-g4-t60.pddl,asp,timed out,1800.1335355304182,concrete_asp,,,,,,,,0.5914984345436096,,,0.2617059648036957,,,,,,,,,,,,,,,18,,,
pipesworld-tankage,p12-net2-b10-g4-t60.pddl,fd,success,2.8491912819445133,total,0.692328,,,,,,,,,0.686196,,,,,,,,valid,,,,,,44,,,,,
pipesworld-tankage,p13-net2-b12-g3-t70.pddl,abs-asp,success,336.8679503686726,total,333.282389,0.378505,0.004555,0.433263,,0.027181,0.046289,0.828585,0.490015,,0.384193,0.194067,14.330944,,315.911688,,,valid,14,0,6,0,14,26,15,1,4,batch-atom,
pipesworld-tankage,p13-net2-b12-g3-t70.pddl,abs-fd,timed out,1800.1606182791293,abstract_fd_search,,0.35333649441599846,0.004699688404798508,0.3917793892323971,,0.027417559176683426,0.046542566269636154,0.7658211551606655,0.4887029118835926,,0.3811671994626522,,,0.1312875635921955,,,,,14,0,0,0,20,,,0,4,batch-atom,
pipesworld-tankage,p13-net2-b12-g3-t70.pddl,asp,success,994.8235072270036,total,992.154308,,,,,,,0.782781,,,0.360318,,,,990.912703,,,valid,,,,,,16,,17,,,
pipesworld-tankage,p13-net2-b12-g3-t70.pddl,fd,success,3.5635423995554447,total,0.913007,,,,,,,,,0.90464,,,,,,,,valid,,,,,,26,,,,,
pipesworld-tankage,p14-net2-b12-g5-t30.pddl,abs-asp,timed out,1800.1489926800132,abstract_solving,,0.3563531991094351,0.004658395424485207,0.3359992504119873,,0.022419074550271034,0.041769614443182945,0.5867464933544397,0.40825106762349606,,0.2490062117576599,0.14464608952403069,118.67397050559521,,,,,,14,0,0,0,20,,21,0,3,batch-atom,
pipesworld-tankage,p14-net2-b12-g5-t30.pddl,abs-fd,timed out,1800.0365143716335,abstract_fd_search,,0.3423726223409176,0.004701569676399231,0.29949909821152687,,0.022393543273210526,0.0420323945581913,0.5433104410767555,0.40815090388059616,,0.2435413971543312,,,0.12492910772562027,,,,,14,0,0,0,26,,,0,3,batch-atom,
pipesworld-tankage,p14-net2-b12-g5-t30.pddl,asp,timed out,1800.1313204839826,concrete_asp,,,,,,,,0.545075073838234,,,0.22742783278226852,,,,,,,,,,,,,,,21,,,
pipesworld-tankage,p14-net2-b12-g5-t30.pddl,fd,success,3.053491573780775,total,0.707665,,,,,,,,,0.698547,,,,,,,,valid,,,,,,66,,,,,
pipesworld-tankage,p15-net2-b14-g4-t30.pddl,abs-asp,timed out,1800.1681538447738,abstract_solving,,0.34820202738046646,0.005139559507369995,0.3147219531238079,,0.024770118296146393,0.04205521196126938,0.5572073310613632,0.39294472709298134,,0.24485903978347778,0.13429922237992287,7.835413578897715,,,,,,14,0,0,0,16,,17,0,4,batch-atom,
pipesworld-tankage,p15-net2-b14-g4-t30.pddl,abs-fd,timed out,1800.0515305250883,abstract_fd_search,,0.3433877266943455,0.0051328204572200775,0.30275174602866173,,0.024902183562517166,0.0420784130692482,0.5431391969323158,0.3950890526175499,,0.24464497342705727,,,0.11768170446157455,,,,,14,0,0,0,18,,,0,4,batch-atom,
pipesworld-tankage,p15-net2-b14-g4-t30.pddl,asp,timed out,1800.1428153403103,concrete_asp,,,,,,,,0.559562548995018,,,0.2304767109453678,,,,,,,,,,,,,,,21,,,
pipesworld-tankage,p15-net2-b14-g4-t30.pddl,fd,success,3.1046438105404377,total,0.798666,,,,,,,,,0.791082,,,,,,,,valid,,,,,,50,,,,,
pipesworld-tankage,p16-net2-b14-g6-t80.pddl,abs-asp,timed out,1800.1530536785722,abstract_asp,,0.3659866191446781,0.004734683781862259,0.5502987988293171,,0.03590824455022812,0.055601317435503006,1.0206935331225395,0.7710111849009991,,0.5785992704331875,0.3308764360845089,,,,,,,8,0,,,23,,24,,6,tank-slot,
pipesworld-tankage,p16-net2-b14-g6-t80.pddl,abs-fd,timed out,1800.1884064730257,abstract_fd_search,,0.3768390417098999,0.004847075790166855,0.5517564844340086,,0.035741573199629784,0.05513233132660389,1.0285607781261206,0.7770142797380686,,0.5676550325006247,,,0.3094191327691078,,,,,8,0,0,0,122,,,0,6,tank-slot,
pipesworld-tankage,p16-net2-b14-g6-t80.pddl,asp,timed out,1800.1600639745593,concrete_asp,,,,,,,,1.029818281531334,,,0.535984456539154,,,,,,,,,,,,,,,24,,,
pipesworld-tankage,p16-net2-b14-g6-t80.pddl,fd,success,3.76360746845603,total,1.355498,,,,,,,,,1.345077,,,,,,,,valid,,,,,,64,,,,,
pipesworld-tankage,p17-net2-b16-g5-t20.pddl,abs-asp,timed out,1800.1500040441751,abstract_solving,,0.35036326572299004,0.004707112908363342,0.3337007276713848,,0.02353629842400551,0.04571010544896126,0.6188503988087177,0.47894465178251266,,0.29872235655784607,0.1861669048666954,176.01666609570384,,,,,,14,0,0,0,18,,19,0,3,batch-atom,
pipesworld-tankage,p17-net2-b16-g5-t20.pddl,abs-fd,timed out,1800.1572583690286,abstract_fd_search,,0.35615459084510803,0.004760280251502991,0.3550337590277195,,0.023386523127555847,0.04637116938829422,0.6525198258459568,0.4797285944223404,,0.2990090139210224,,,0.13712094351649284,,,,,14,0,0,0,26,,,0,3,batch-atom,
pipesworld-tankage,p17-net2-b16-g5-t20.pddl,asp,timed out,1800.1333222985268,concrete_asp,,,,,,,,0.6121323853731155,,,0.2787287048995495,,,,,,,,,,,,,,,20,,,
pipesworld-tankage,p17-net2-b16-g5-t20.pddl,fd,success,4.082097187638283,total,1.644362,,,,,,,,,1.63472,,,,,,,,valid,,,,,,134,,,,,
pipesworld-tankage,p18-net2-b16-g7-t60.pddl,abs-asp,timed out,1800.1344054341316,abstract_asp,,0.37899211421608925,0.00484905019402504,0.6073720082640648,,0.027475927025079727,0.05496755987405777,1.1539493203163147,0.868583370000124,,0.6494632475078106,0.4427530914545059,,,,,,,14,0,,,19,,20,,3,batch-atom,
pipesworld-tankage,p18-net2-b16-g7-t60.pddl,abs-fd,timed out,1800.1780612431467,abstract_fd_search,,0.3795427046716213,0.004863623529672623,0.6196505762636662,,0.02757861837744713,0.054585233330726624,1.1207196488976479,0.8707654699683189,,0.6530304402112961,,,0.22006050497293472,,,,,14,0,0,0,26,,,0,3,batch-atom,
pipesworld-tankage,p18-net2-b16-g7-t60.pddl,asp,timed out,1800.1617500819266,concrete_asp,,,,,,,,1.082548312842846,,,0.5894174389541149,,,,,,,,,,,,,,,19,,,
pipesworld-tankage,p18-net2-b16-g7-t60.pddl,fd,success,10.84385197609663,total,8.099893,,,,,,,,,8.092253,,,,,,,,valid,,,,,,64,,,,,
pipesworld-tankage,p19-net2-b18-g6-t60.pddl,abs-asp,timed out,1800.136070907116,abstract_asp,,0.3657556399703026,0.004746805876493454,0.6618913114070892,,0.033423349261283875,0.054290469735860825,1.355734620243311,0.9313883557915688,,0.7777019292116165,0.48428815230727196,,,,,,,14,0,,,19,,20,,5,batch-atom,
pipesworld-tankage,p19-net2-b18-g6-t60.pddl,abs-fd,timed out,1800.1969474181533,abstract_fd_search,,0.36149388179183006,0.0047343820333480835,0.6524453982710838,,0.0328403078019619,0.05370396748185158,1.3605409786105156,0.9490421339869499,,0.7849973849952221,,,0.22418373823165894,,,,,14,0,0,0,22,,,0,5,batch-atom,
pipesworld-tankage,p19-net2-b18-g6-t60.pddl,asp,timed out,1800.1624713279307,concrete_asp,,,,,,,,1.3700325936079025,,,0.7104631066322327,,,,,,,,,,,,,,,18,,,
pipesworld-tankage,p19-net2-b18-g6-t60.pddl,fd,success,4.411752760410309,total,1.688325,,,,,,,,,1.67822,,,,,,,,valid,,,,,,34,,,,,
pipesworld-tankage,p20-net2-b18-g8-t90.pddl,abs-asp,timed out,1800.1905828602612,abstract_asp,,0.38551176711916924,0.004893980920314789,1.0813446193933487,,0.040571898221969604,0.07263965159654617,2.3756239637732506,1.8997990600764751,,1.4071088060736656,0.9522038847208023,,,,,,,8,0,,,19,,20,,5,tank-slot,
pipesworld-tankage,p20-net2-b18-g8-t90.pddl,abs-fd,timed out,1800.2892870604992,abstract_fd_search,,0.3867945708334446,0.0049919262528419495,1.1052211821079254,,0.04095674306154251,0.07336854934692383,2.3643632233142853,1.9069584533572197,,1.4053559117019176,,,0.3814697936177254,,,,,8,0,0,0,34,,,0,5,tank-slot,
pipesworld-tankage,p20-net2-b18-g8-t90.pddl,asp,timed out,1800.1909085772932,concrete_asp,,,,,,,,2.519791007041931,,,1.3573733605444431,,,,,,,,,,,,,,,20,,,
pipesworld-tankage,p20-net2-b18-g8-t90.pddl,fd,success,8.13308971375227,total,5.291665,,,,,,,,,5.284098,,,,,,,,valid,,,,,,72,,,,,
pipesworld-tankage,p21-net3-b12-g2-t60.pddl,abs-asp,success,12.046860374510288,total,9.826073,0.361299,0.00465,0.3789,,0.026162,0.054808,0.741511,0.497865,,0.355272,0.199855,1.666324,,5.383654,,,valid,14,0,5,0,10,21,11,1,3,batch-atom,
pipesworld-tankage,p21-net3-b12-g2-t60.pddl,abs-fd,success,30.7969903126359,total,28.61274,0.37443,0.00459,0.384876,,0.025696,0.053664,0.745093,0.502433,,0.357136,,,0.127327,25.911646,,,valid,14,0,6,0,10,21,,1,3,batch-atom,
pipesworld-tankage,p21-net3-b12-g2-t60.pddl,asp,success,19.04419180378318,total,16.731172,,,,,,,0.745899,,,0.325394,,,,15.598359,,,valid,,,,,,14,,15,,,
pipesworld-tankage,p21-net3-b12-g2-t60.pddl,fd,success,3.085011597722769,total,0.833795,,,,,,,,,0.827546,,,,,,,,valid,,,,,,22,,,,,
pipesworld-tankage,p22-net3-b12-g4-t60.pddl,abs-asp,timed out,1800.0536230653524,abstract_solving,,0.36371227353811264,0.004752639681100845,0.41247018054127693,,0.024440009146928787,0.05517059937119484,0.7973600924015045,0.6003754325211048,,0.34535231441259384,0.2706856094300747,1005.927627414465,,,,,,14,0,0,0,20,,21,0,2,batch-atom,
pipesworld-tankage,p22-net3-b12-g4-t60.pddl,abs-fd,timed out,1800.152235293761,abstract_fd_search,,0.365317078307271,0.004787970334291458,0.39347644336521626,,0.02476515620946884,0.056440215557813644,0.7601663526147604,0.602585680782795,,0.3516562804579735,,,0.15527386963367462,,,,,14,0,0,0,25,,,0,2,batch-atom,
pipesworld-tankage,p22-net3-b12-g4-t60.pddl,asp,timed out,1800.1379441916943,concrete_asp,,,,,,,,0.7729428112506866,,,0.32613271474838257,,,,,,,,,,,,,,,24,,,
pipesworld-tankage,p22-net3-b12-g4-t60.pddl,fd,success,388.5261927358806,total,385.875128,,,,,,,,,385.867042,,,,,,,,valid,,,,,,72,,,,,
pipesworld-tankage,p23-net3-b14-g3-t60.pddl,abs-asp,timed out,1800.1773582734168,abstract_solving,,0.34779300540685654,0.0046601928770542145,0.6806873455643654,,0.033135950565338135,0.05933070555329323,1.4490015245974064,0.6860700026154518,,0.771742083132267,0.30448854714632034,444.7107124887407,,,,,,14,0,0,0,15,,16,0,5,batch-atom,
pipesworld-tankage,p23-net3-b14-g3-t60.pddl,abs-fd,timed out,1800.086873922497,abstract_fd_search,,0.39817359670996666,0.00489836186170578,0.7700178734958172,,0.03387850895524025,0.06070560961961746,1.5310093201696873,0.7342263385653496,,0.8080360256135464,,,0.17099426314234734,,,,,14,0,0,0,17,,,0,5,batch-atom,
pipesworld-tankage,p23-net3-b14-g3-t60.pddl,asp,timed out,1800.1538136973977,concrete_asp,,,,,,,,1.4334371574223042,,,0.7514678239822388,,,,,,,,,,,,,,,18,,,
pipesworld-tankage,p23-net3-b14-g3-t60.pddl,fd,success,6.618661797605455,total,3.667385,,,,,,,,,3.662432,,,,,,,,valid,,,,,,39,,,,,
pipesworld-tankage,p24-net3-b14-g5-t60.pddl,abs-asp,timed out,1800.1332034803927,abstract_asp,,0.3789730928838253,0.005587507039308548,0.7274957001209259,,0.032099828124046326,0.06155993789434433,1.4708542488515377,0.8577569536864758,,0.7947041057050228,0.4164719209074974,,,,,,,14,0,,,17,,18,,4,batch-atom,
pipesworld-tankage,p24-net3-b14-g5-t60.pddl,abs-fd,timed out,1800.21774706617,abstract_fd_search,,0.37018128857016563,0.005485273897647858,0.7194515727460384,,0.03129255026578903,0.06161148101091385,1.4669422954320908,0.8529048450291157,,0.8193498253822327,,,0.21078884601593018,,,,,14,0,0,0,28,,,0,4,batch-atom,
pipesworld-tankage,p24-net3-b14-g5-t60.pddl,asp,timed out,1800.1384874852374,concrete_asp,,,,,,,,1.3931931052356958,,,0.7288049552589655,,,,,,,,,,,,,,,19,,,
pipesworld-tankage,p24-net3-b14-g5-t60.pddl,fd,success,5.604163356125355,total,2.333351,,,,,,,,,2.324207,,,,,,,,valid,,,,,,44,,,,,
pipesworld-tankage,p25-net3-b16-g5-t60.pddl,abs-asp,timed out,1800.2697808481753,abstract_solving,,0.40381065383553505,0.0049914829432964325,1.3586928881704807,,0.03637243062257767,0.07501856982707977,2.795710541307926,1.2783246077597141,,1.5509299971163273,0.6442211680114269,1045.3230488188565,,,,,,14,0,0,0,22,,23,0,5,batch-atom,
pipesworld-tankage,p25-net3-b16-g5-t60.pddl,abs-fd,timed out,1800.2284943629056,abstract_fd_search,,0.4053612593561411,0.0051211025565862656,1.3955098930746317,,0.03687632456421852,0.0822744145989418,2.7941974736750126,1.3145318888127804,,1.5578939579427242,,,0.281754981726408,,,,,14,0,0,0,27,,,0,5,batch-atom,
pipesworld-tankage,p25-net3-b16-g5-t60.pddl,asp,timed out,1800.1622916348279,concrete_asp,,,,,,,,2.738306500017643,,,1.4684797078371048,,,,,,,,,,,,,,,18,,,
pipesworld-tankage,p25-net3-b16-g5-t60.pddl,fd,success,6.8070332715287805,total,3.501416,,,,,,,,,3.492949,,,,,,,,valid,,,,,,62,,,,,
pipesworld-tankage,p26-net3-b16-g7-t70.pddl,abs-asp,timed out,1800.176388092339,abstract_asp,,0.40303342789411545,0.005012117326259613,1.5267206989228725,,0.047496769577264786,0.07417964190244675,3.2887637354433537,2.5835816860198975,,1.8262818232178688,1.170911055058241,,,,,,,8,0,,,17,,18,,6,tank-slot,
pipesworld-tankage,p26-net3-b16-g7-t70.pddl,abs-fd,timed out,1800.4964577257633,abstract_fd_search,,0.40953489765524864,0.005319073796272278,1.5388607867062092,,0.04301929473876953,0.07678710669279099,3.3454370982944965,2.615980289876461,,1.842911060899496,,,5.133588198572397,,,,,8,0,0,0,78,,,0,6,tank-slot,
pipesworld-tankage,p26-net3-b16-g7-t70.pddl,asp,timed out,1800.1941262818873,concrete_asp,,,,,,,,3.1348126363009214,,,1.6610400537028909,,,,,,,,,,,,,,,16,,,
pipesworld-tankage,p26-net3-b16-g7-t70.pddl,fd,success,8.370838686823845,total,5.469022,,,,,,,,,5.455882,,,,,,,,valid,,,,,,70,,,,,
pipesworld-tankage,p27-net3-b18-g6-t70.pddl,abs-asp,timed out,1800.1879064515233,abstract_asp,,0.416032075881958,0.005015350878238678,1.4386879317462444,,0.035538993775844574,0.0771220214664936,3.09488882124424,1.8716230429708958,,1.6670119427144527,0.9609883092343807,,,,,,,14,0,,,17,,18,,4,batch-atom,
pipesworld-tankage,p27-net3-b18-g6-t70.pddl,abs-fd,timed out,1800.219591513276,abstract_fd_search,,0.4518497884273529,0.0049789100885391235,1.4215721115469933,,0.03523816913366318,0.07560251280665398,3.057671207934618,1.8273157738149166,,1.6562627889215946,,,0.3799402080476284,,,,,14,0,0,0,24,,,0,4,batch-atom,
pipesworld-tankage,p27-net3-b18-g6-t70.pddl,asp,timed out,1800.18821272254,concrete_asp,,,,,,,,2.9756820276379585,,,1.5348692759871483,,,,,,,,,,,,,,,17,,,
pipesworld-tankage,p27-net3-b18-g6-t70.pddl,fd,success,6.161719652824104,total,3.779515,,,,,,,,,3.769883,,,,,,,,valid,,,,,,57,,,,,
pipesworld-tankage,p28-net3-b18-g7-t70.pddl,abs-asp,timed out,1800.185144815594,abstract_asp,,0.39231355860829353,0.005030233412981033,1.3753203265368938,,0.03568432480096817,0.07663873955607414,3.021651554852724,1.8258902728557587,,1.6668420173227787,0.9620721861720085,,,,,,,14,0,,,18,,19,,4,batch-atom,
pipesworld-tankage,p28-net3-b18-g7-t70.pddl,abs-fd,timed out,1800.19487997517,abstract_fd_search,,0.4108104594051838,0.005025055259466171,1.4094225987792015,,0.03575214371085167,0.0773707814514637,3.059099718928337,1.8200143165886402,,1.6819187179207802,,,0.44224705919623375,,,,,14,0,0,0,34,,,0,4,batch-atom,
pipesworld-tankage,p28-net3-b18-g7-t70.pddl,asp,timed out,1800.185309149325,concrete_asp,,,,,,,,2.9531628414988518,,,1.540057510137558,,,,,,,,,,,,,,,18,,,
pipesworld-tankage,p28-net3-b18-g7-t70.pddl,fd,success,492.3848086511716,total,489.658532,,,,,,,,,489.649112,,,,,,,,valid,,,,,,91,,,,,
pipesworld-tankage,p29-net3-b20-g6-t70.pddl,abs-asp,timed out,1800.2155847363174,abstract_asp,,0.41862354055047035,0.005017854273319244,1.9967777617275715,,0.03906037285923958,0.0862291045486927,4.50742357596755,2.6845167838037014,,2.4944970086216927,1.510220505297184,,,,,,,14,0,,,15,,16,,4,batch-atom,
pipesworld-tankage,p29-net3-b20-g6-t70.pddl,abs-fd,timed out,1800.3139879722148,abstract_fd_search,,0.4235977213829756,0.005072819069027901,2.1174087189137936,,0.03937346301972866,0.0869258102029562,4.71880160830915,2.696107918396592,,2.5033555291593075,,,0.6135727856308222,,,,,14,0,0,0,32,,,0,4,batch-atom,
pipesworld-tankage,p29-net3-b20-g6-t70.pddl,asp,timed out,1800.1688259728253,concrete_asp,,,,,,,,4.3912962302565575,,,2.33776718378067,,,,,,,,,,,,,,,16,,,
pipesworld-tankage,p29-net3-b20-g6-t70.pddl,fd,success,9.79357124119997,total,6.070358,,,,,,,,,6.063222,,,,,,,,valid,,,,,,60,,,,,
pipesworld-tankage,p30-net3-b20-g8-t70.pddl,abs-asp,timed out,1800.2029125615954,abstract_asp,,0.4287693127989769,0.005012240260839462,2.2645094357430935,,0.047884296625852585,0.08972223475575447,4.832831092178822,3.8557213954627514,,2.6495273523032665,1.7750957012176514,,,,,,,8,0,,,16,,17,,6,tank-slot,
pipesworld-tankage,p30-net3-b20-g8-t70.pddl,abs-fd,interrupted,225.27859700471163,abstract_fd_search,,0.4077715426683426,0.005090817809104919,2.241862054914236,,0.0483245775103569,0.08956301212310791,4.753135289996862,3.563781414180994,,2.5126241706311703,,,0.8190037161111832,,,,,8,0,0,0,101,,,0,6,tank-slot,
pipesworld-tankage,p30-net3-b20-g8-t70.pddl,asp,timed out,1800.1870604781434,concrete_asp,,,,,,,,4.592453269287944,,,2.3956826580688357,,,,,,,,,,,,,,,15,,,
pipesworld-tankage,p30-net3-b20-g8-t70.pddl,fd,success,64.11799962073565,total,60.155711,,,,,,,,,60.147442,,,,,,,,valid,,,,,,62,,,,,
pipesworld-tankage,p32-net4-b14-g5-t30.pddl,abs-asp,timed out,1800.134033139795,abstract_asp,,0.35682106390595436,0.005112145096063614,0.5547822713851929,,0.025763176381587982,0.055017463862895966,1.0601183660328388,0.7633884251117706,,0.5781445614993572,0.35405872389674187,,,,,,,14,0,,,20,,21,,3,batch-atom,
pipesworld-tankage,p32-net4-b14-g5-t30.pddl,abs-fd,timed out,1800.214726705104,abstract_fd_search,,0.3759104385972023,0.0057036541402339935,0.5737117119133472,,0.02695644646883011,0.056217607110738754,1.1066318787634373,0.8117240406572819,,0.5885818190872669,,,0.21821029111742973,,,,,14,0,0,0,34,,,0,3,batch-atom,
pipesworld-tankage,p32-net4-b14-g5-t30.pddl,asp,timed out,1800.1380793452263,concrete_asp,,,,,,,,1.0593710001558065,,,0.5612894427031279,,,,,,,,,,,,,,,17,,,
pipesworld-tankage,p32-net4-b14-g5-t30.pddl,fd,success,6.2030164413154125,total,3.580346,,,,,,,,,3.573441,,,,,,,,valid,,,,,,179,,,,,
pipesworld-tankage,p33-net4-b16-g5-t60.pddl,abs-asp,timed out,1800.1449992656708,abstract_asp,,0.3799273148179054,0.0049906447529792786,0.8801387287676334,,0.03232986107468605,0.07122660428285599,1.6650361344218254,1.2508501261472702,,0.9641629010438919,0.6411650702357292,,,,,,,14,0,,,19,,20,,4,batch-atom,
pipesworld-tankage,p33-net4-b16-g5-t60.pddl,abs-fd,timed out,1800.1880994588137,abstract_fd_search,,0.3832564428448677,0.004919365048408508,0.8727821074426174,,0.03215547651052475,0.07068191096186638,1.6684101931750774,1.2735927402973175,,0.960122749209404,,,0.2892916351556778,,,,,14,0,0,0,29,,,0,4,batch-atom,
pipesworld-tankage,p33-net4-b16-g5-t60.pddl,asp,timed out,1800.161055661738,concrete_asp,,,,,,,,1.6414729757234454,,,0.898652452044189,,,,,,,,,,,,,,,19,,,
pipesworld-tankage,p33-net4-b16-g5-t60.pddl,fd,success,4.710107576102018,total,2.350203,,,,,,,,,2.340335,,,,,,,,valid,,,,,,54,,,,,
pipesworld-tankage,p34-net4-b16-g6-t60.pddl,abs-asp,timed out,1800.14103121683,abstract_asp,,0.3932851031422615,0.005412161350250244,1.0649273116141558,,0.03659968078136444,0.07346897572278976,2.2057880256325006,1.2621571645140648,,1.2790925689041615,0.6474929042160511,,,,,,,14,0,,,18,,19,,5,batch-atom,
pipesworld-tankage,p34-net4-b16-g6-t60.pddl,abs-fd,timed out,1800.1679603084922,abstract_fd_search,,0.41754957661032677,0.005639847368001938,1.0507794506847858,,0.03711686283349991,0.07655703276395798,2.3198582157492638,1.2927308157086372,,1.3069299347698689,,,0.317559365183115,,,,,14,0,0,0,37,,,0,5,batch-atom,
pipesworld-tankage,p34-net4-b16-g6-t60.pddl,asp,timed out,1800.1507590301335,concrete_asp,,,,,,,,2.13797827064991,,,1.2046426385641098,,,,,,,,,,,,,,,16,,,
pipesworld-tankage,p34-net4-b16-g6-t60.pddl,fd,success,6.668538664467633,total,3.238587,,,,,,,,,3.231263,,,,,,,,valid,,,,,,63,,,,,
pipesworld-tankage,p35-net4-b18-g4-t90.pddl,abs-asp,timed out,1800.1733088344336,abstract_asp,,0.41679772362113,0.0053605251014232635,2.811337325721979,,0.04859008640050888,0.10642857477068901,6.018461015075445,5.070070695132017,,3.440201312303543,2.586740829050541,,,,,,,8,0,,,12,,13,,5,tank-slot,
pipesworld-tankage,p35-net4-b18-g4-t90.pddl,abs-fd,timed out,1800.34439259395,abstract_fd_search,,0.42561400681734085,0.005380656570196152,2.8163928762078285,,0.047912243753671646,0.10396206006407738,6.048218175768852,5.101262152194977,,3.4597937799990177,,,0.7753942385315895,,,,,8,0,0,0,32,,,0,5,tank-slot,
pipesworld-tankage,p35-net4-b18-g4-t90.pddl,asp,timed out,1800.1841556057334,concrete_asp,,,,,,,,5.738132713362575,,,3.126930210739374,,,,,,,,,,,,,,,13,,,
pipesworld-tankage,p35-net4-b18-g4-t90.pddl,fd,success,10.940250396728516,total,8.032639,,,,,,,,,8.025421,,,,,,,,valid,,,,,,40,,,,,
pipesworld-tankage,p36-net4-b18-g6-t90.pddl,abs-asp,timed out,1800.1819175444543,abstract_asp,,0.41886309161782265,0.005055360496044159,2.740185659378767,,0.047597821801900864,0.1039523258805275,5.885835584253073,5.011536791920662,,3.4365721233189106,2.5683780014514923,,,,,,,8,0,,,13,,14,,5,tank-slot,
pipesworld-tankage,p36-net4-b18-g6-t90.pddl,abs-fd,interrupted,204.10633512586355,abstract_fd_search,,0.4410453028976917,0.005252163857221603,2.8784440457820892,,0.04864734411239624,0.10606640577316284,6.112890988588333,5.156322989612818,,3.4735890850424767,,,3.740234173834324,,,,,8,0,0,0,112,,,0,5,tank-slot,
pipesworld-tankage,p36-net4-b18-g6-t90.pddl,asp,timed out,1800.0956079438329,concrete_asp,,,,,,,,6.042224861681461,,,3.246758606284857,,,,,,,,,,,,,,,14,,,
pipesworld-tankage,p36-net4-b18-g6-t90.pddl,fd,success,50.89192539732903,total,47.966604,,,,,,,,,47.956071,,,,,,,,valid,,,,,,125,,,,,
pipesworld-tankage,p37-net4-b20-g5-t60.pddl,abs-asp,timed out,1800.1789214555174,abstract_asp,,0.4067575987428427,0.004989957436919212,1.90471251308918,,0.04020926356315613,0.07942373305559158,4.149075109511614,2.7843489553779364,,2.4084795359522104,1.5736066550016403,,,,,,,14,0,,,12,,13,,5,batch-atom,
pipesworld-tankage,p37-net4-b20-g5-t60.pddl,abs-fd,timed out,1800.291194960475,abstract_fd_search,,0.3953609764575958,0.005015753209590912,1.8706932291388512,,0.040424976497888565,0.0791986845433712,4.094623491168022,2.7214129231870174,,2.375220403075218,,,0.5654170215129852,,,,,14,0,0,0,26,,,0,5,batch-atom,
pipesworld-tankage,p37-net4-b20-g5-t60.pddl,asp,timed out,1800.1783248679712,concrete_asp,,,,,,,,3.881342124193907,,,2.1910500368103385,,,,,,,,,,,,,,,13,,,
pipesworld-tankage,p37-net4-b20-g5-t60.pddl,fd,success,7.784054729156196,total,5.409502,,,,,,,,,5.402763,,,,,,,,valid,,,,,,40,,,,,
pipesworld-tankage,p38-net4-b20-g7-t60.pddl,abs-asp,timed out,1800.1810131147504,abstract_asp,,0.40764881297945976,0.005080223083496094,1.9057286158204079,,0.04091431945562363,0.07976897805929184,4.070490326732397,2.720641054213047,,2.3917686231434345,1.5650228261947632,,,,,,,14,0,,,11,,12,,5,batch-atom,
pipesworld-tankage,p38-net4-b20-g7-t60.pddl,abs-fd,timed out,1800.274409122765,abstract_fd_search,,0.3982784301042557,0.005122888833284378,1.8594456724822521,,0.041555121541023254,0.07986795157194138,4.078187711536884,2.7309070453047752,,2.391635999083519,,,0.6090162470936775,,,,,14,0,0,0,28,,,0,5,batch-atom,
pipesworld-tankage,p38-net4-b20-g7-t60.pddl,asp,timed out,1800.1830825805664,concrete_asp,,,,,,,,4.142982471734285,,,2.256033055484295,,,,,,,,,,,,,,,13,,,
pipesworld-tankage,p38-net4-b20-g7-t60.pddl,fd,success,13.61839696019888,total,10.072297,,,,,,,,,10.064703,,,,,,,,valid,,,,,,129,,,,,
pipesworld-tankage,p39-net4-b22-g7-t50.pddl,abs-asp,timed out,1800.1790302544832,abstract_asp,,0.40210289880633354,0.0051596499979496,2.679447278380394,,0.041234761476516724,0.08388601243495941,5.767965368926525,3.44595855101943,,3.326185017824173,1.967467751353979,,,,,,,14,0,,,13,,14,,5,batch-atom,
pipesworld-tankage,p39-net4-b22-g7-t50.pddl,abs-fd,timed out,1800.322211008519,abstract_fd_search,,0.4082711562514305,0.005040999501943588,2.6528479158878326,,0.041087694466114044,0.08293544128537178,5.7652748972177505,3.4412890560925007,,3.2924237847328186,,,0.788381040096283,,,,,14,0,0,0,28,,,0,5,batch-atom,
pipesworld-tankage,p39-net4-b22-g7-t50.pddl,asp,timed out,1800.1840861737728,concrete_asp,,,,,,,,5.7614371329545975,,,3.079079806804657,,,,,,,,,,,,,,,12,,,
pipesworld-tankage,p39-net4-b22-g7-t50.pddl,fd,success,11.635361976921558,total,8.127136,,,,,,,,,8.11754,,,,,,,,valid,,,,,,74,,,,,
pipesworld-tankage,p40-net4-b22-g8-t50.pddl,abs-asp,timed out,1800.1649567820132,abstract_asp,,0.40241189301013947,0.005199991166591644,2.6992310136556625,,0.038506366312503815,0.08559304103255272,5.779657632112503,3.9515764825046062,,3.310692571103573,2.2419646829366684,,,,,,,14,0,,,11,,12,,4,batch-atom,
pipesworld-tankage,p40-net4-b22-g8-t50.pddl,abs-fd,timed out,1800.3439745493233,abstract_fd_search,,0.4061901643872261,0.005234278738498688,2.644266165792942,,0.03903745114803314,0.08593839034438133,5.694149248301983,3.9094825573265553,,3.301718533039093,,,0.9104467816650867,,,,,14,0,0,0,38,,,0,4,batch-atom,
pipesworld-tankage,p40-net4-b22-g8-t50.pddl,asp,timed out,1800.2101259976625,concrete_asp,,,,,,,,5.823374263942242,,,3.1109252236783504,,,,,,,,,,,,,,,13,,,
pipesworld-tankage,p40-net4-b22-g8-t50.pddl,fd,success,11.560305930674076,total,7.933378,,,,,,,,,7.924991,,,,,,,,valid,,,,,,71,,,,,
pipesworld-tankage,p41-net5-b22-g2-t20.pddl,abs-asp,success,1739.388791475445,total,1735.400131,0.391563,0.004812,1.318434,,0.037112,0.075852,2.751002,1.526028,,1.574524,0.809586,51.193116,,1675.186472,,,valid,14,0,6,0,11,22,12,1,6,batch-atom,
pipesworld-tankage,p41-net5-b22-g2-t20.pddl,abs-fd,success,41.28556188941002,total,38.843518,0.37406,0.004818,1.262827,,0.037326,0.075931,2.698426,1.519739,,1.580647,,,0.298062,30.63319,,,valid,14,0,4,0,12,25,,1,6,batch-atom,
pipesworld-tankage,p41-net5-b22-g2-t20.pddl,asp,timed out,1800.056020911783,concrete_asp,,,,,,,,2.794565200805664,,,1.4907421618700027,,,,,,,,,,,,,,,14,,,
pipesworld-tankage,p41-net5-b22-g2-t20.pddl,fd,success,6.419406627304852,total,3.219608,,,,,,,,,3.210129,,,,,,,,valid,,,,,,30,,,,,
pipesworld-tankage,p42-net5-b22-g4-t50.pddl,abs-asp,timed out,1800.230540867895,abstract_asp,,0.43664230965077877,0.005375515669584274,3.608523540198803,,0.050851013511419296,0.11490864120423794,7.734579648822546,4.518080931156874,,4.519172362983227,2.5511079002171755,,,,,,,14,0,,,16,,17,,6,batch-atom,
pipesworld-tankage,p42-net5-b22-g4-t50.pddl,abs-fd,timed out,1800.4299176484346,abstract_fd_search,,0.41979048401117325,0.005299288779497147,3.570713859051466,,0.05062803253531456,0.11372402682900429,7.706162262707949,4.5614613108336926,,4.527742430567741,,,1.0251464061439037,,,,,14,0,0,0,29,,,0,6,batch-atom,
pipesworld-tankage,p42-net5-b22-g4-t50.pddl,asp,timed out,1800.190902825445,concrete_asp,,,,,,,,7.656576461158693,,,4.2231709426268935,,,,,,,,,,,,,,,18,,,
pipesworld-tankage,p42-net5-b22-g4-t50.pddl,fd,timed out,1800.110179424286,,,,,,,,,,,,,,,,,,,,,,,,,,,,,,
pipesworld-tankage,p43-net5-b24-g3-t80.pddl,abs-asp,timed out,1800.1970037184656,abstract_asp,,0.4735752157866955,0.005030423402786255,8.0424315482378,,0.06923792138695717,0.13995551317930222,17.967787109315395,6.150990966707468,,10.180407371371984,3.6115751564502716,,,,,,,14,0,,,13,,14,,8,batch-atom,
pipesworld-tankage,p43-net5-b24-g3-t80.pddl,abs-fd,interrupted,286.45078960992396,abstract_fd_search,,0.46091380156576633,0.005037551745772362,8.26099749840796,,0.06931180506944656,0.13971606269478798,18.34997927583754,6.279708931222558,,10.186839101836085,,,1.534802708774805,,,,,14,0,0,0,28,,,0,8,batch-atom,
pipesworld-tankage,p43-net5-b24-g3-t80.pddl,asp,timed out,1800.32462278381,concrete_asp,,,,,,,,18.51825899258256,,,9.55365639552474,,,,,,,,,,,,,,,14,,,
pipesworld-tankage,p43-net5-b24-g3-t80.pddl,fd,timed out,1800.108469449915,,,,,,,,,,,,,,,,,,,,,,,,,,,,,,
pipesworld-tankage,p44-net5-b24-g5-t80.pddl,abs-asp,timed out,1800.2102737016976,abstract_asp,,0.44565940648317337,0.005131181329488754,7.719334095716476,,0.06988857313990593,0.14404423162341118,17.20225878804922,6.0154667273163795,,9.837120346724987,3.5212151519954205,,,,,,,14,0,,,13,,14,,8,batch-atom,
pipesworld-tankage,p44-net5-b24-g5-t80.pddl,abs-fd,interrupted,237.94760778546333,abstract_fd_search,,0.4646565616130829,0.005190983414649963,8.227572452276945,,0.06988005340099335,0.1417846381664276,18.376254305243492,6.2689683474600315,,10.24706582725048,,,1.4680446796119213,,,,,14,0,0,0,42,,,0,8,batch-atom,
pipesworld-tankage,p44-net5-b24-g5-t80.pddl,asp,timed out,1800.296615384519,concrete_asp,,,,,,,,18.14224248751998,,,9.610258605331182,,,,,,,,,,,,,,,16,,,
pipesworld-tankage,p44-net5-b24-g5-t80.pddl,fd,timed out,1800.1117696240544,,,,,,,,,,,,,,,,,,,,,,,,,,,,,,
pipesworld-tankage,p45-net5-b26-g4-t50.pddl,abs-asp,timed out,1800.2254889123142,abstract_asp,,0.4420469291508198,0.004991348832845688,5.315142292529345,,0.05347013100981712,0.11929133534431458,11.249838750809431,7.522859115153551,,6.691275749355555,4.3828062526881695,,,,,,,14,0,,,13,,14,,6,batch-atom,
pipesworld-tankage,p45-net5-b26-g4-t50.pddl,abs-fd,timed out,1800.5118773132563,abstract_fd_search,,0.43675893172621727,0.004992697387933731,5.391334433108568,,0.05300682410597801,0.11811321973800659,11.305703192949295,7.54096070304513,,6.716074928641319,,,1.674961794167757,,,,,14,0,0,0,29,,,0,6,batch-atom,
pipesworld-tankage,p45-net5-b26-g4-t50.pddl,asp,timed out,1800.2632130682468,concrete_asp,,,,,,,,11.467445086687803,,,6.22413244843483,,,,,,,,,,,,,,,17,,,
pipesworld-tankage,p45-net5-b26-g4-t50.pddl,fd,timed out,1800.1113207675517,,,,,,,,,,,,,,,,,,,,,,,,,,,,,,
pipesworld-tankage,p46-net5-b26-g6-t50.pddl,abs-asp,timed out,1800.2552420273423,abstract_asp,,0.43154246360063553,0.005075698718428612,5.352704534307122,,0.059546397998929024,0.119963513687253,11.337623100727797,7.585460705682635,,6.642831152305007,4.344581216573715,,,,,,,14,0,,,14,,15,,6,batch-atom,
pipesworld-tankage,p46-net5-b26-g6-t50.pddl,abs-fd,interrupted,268.03127067908645,abstract_fd_search,,0.43707533180713654,0.005110342055559158,5.321652576327324,,0.059401921927928925,0.12022802233695984,11.427174236625433,7.601045519113541,,6.623054537922144,,,2.00979145988822,,,,,14,0,0,0,45,,,0,6,batch-atom,
pipesworld-tankage,p46-net5-b26-g6-t50.pddl,asp,timed out,1800.2654479146004,concrete_asp,,,,,,,,11.450345896184444,,,6.219779368489981,,,,,,,,,,,,,,,18,,,
pipesworld-tankage,p46-net5-b26-g6-t50.pddl,fd,timed out,1800.1130047515035,,,,,,,,,,,,,,,,,,,,,,,,,,,,,,
pipesworld-tankage,p47-net5-b28-g5-t50.pddl,abs-asp,timed out,1800.2267370969057,abstract_asp,,0.45385052636265755,0.005441751331090927,6.384449414908886,,0.059587277472019196,0.12547998130321503,13.660296693444252,8.45111871138215,,8.173819117248058,4.82794876396656,,,,,,,14,0,,,14,,15,,7,batch-atom,
pipesworld-tankage,p47-net5-b28-g5-t50.pddl,abs-fd,interrupted,227.8788950368762,abstract_fd_search,,0.4570046067237854,0.005605008453130722,6.56014446541667,,0.059588901698589325,0.12499811872839928,14.010604858398438,8.920376475900412,,8.210374340415001,,,2.373179864138365,,,,,14,0,0,0,46,,,0,7,batch-atom,
pipesworld-tankage,p47-net5-b28-g5-t50.pddl,asp,timed out,1800.2918221317232,concrete_asp,,,,,,,,13.18785810470581,,,7.330895252525806,,,,,,,,,,,,,,,16,,,
pipesworld-tankage,p47-net5-b28-g5-t50.pddl,fd,timed out,1800.1077374108136,,,,,,,,,,,,,,,,,,,,,,,,,,,,,,
pipesworld-tankage,p48-net5-b28-g7-t50.pddl,abs-asp,timed out,1800.286218676716,abstract_asp,,0.46033214032649994,0.0052403733134269714,6.573002580553293,,0.05596145614981651,0.12817349284887314,14.022789504379034,9.225784607231617,,8.215728808194399,5.24962330237031,,,,,,,14,0,,,15,,16,,6,batch-atom,
pipesworld-tankage,p48-net5-b28-g7-t50.pddl,abs-fd,interrupted,230.92501863464713,abstract_fd_search,,0.4647591672837734,0.005318179726600647,6.531171936541796,,0.056164562702178955,0.13110917434096336,14.324353095144033,9.272924307733774,,8.206418175250292,,,2.987625412642956,,,,,14,0,0,0,55,,,0,6,batch-atom,
pipesworld-tankage,p48-net5-b28-g7-t50.pddl,asp,timed out,1800.2460008971393,concrete_asp,,,,,,,,13.98444527760148,,,7.641105189919472,,,,,,,,,,,,,,,17,,,
pipesworld-tankage,p48-net5-b28-g7-t50.pddl,fd,timed out,1800.111000187695,,,,,,,,,,,,,,,,,,,,,,,,,,,,,,
pipesworld-tankage,p49-net5-b30-g6-t50.pddl,abs-asp,timed out,1800.1485370323062,abstract_asp,,0.4715365506708622,0.005289901047945023,7.831419792026281,,0.05864076316356659,0.1369742825627327,16.15437015891075,11.266866650432348,,9.631175950169563,6.654120791703463,,,,,,,14,0,,,13,,14,,6,batch-atom,
pipesworld-tankage,p49-net5-b30-g6-t50.pddl,abs-fd,interrupted,239.69746773689985,abstract_fd_search,,0.48731909319758415,0.005574394017457962,7.7936853133141994,,0.05934761092066765,0.13818538561463356,16.51626779139042,11.457891654223204,,9.67059388756752,,,3.2036616764962673,,,,,14,0,0,0,40,,,0,6,batch-atom,
pipesworld-tankage,p49-net5-b30-g6-t50.pddl,asp,timed out,1800.2806719616055,concrete_asp,,,,,,,,16.714980844408274,,,9.01221676915884,,,,,,,,,,,,,,,13,,,
pipesworld-tankage,p49-net5-b30-g6-t50.pddl,fd,success,32.997968427836895,total,30.573609,,,,,,,,,30.46072,,,,,,,,valid,,,,,,75,,,,,
pipesworld-tankage,p50-net5-b30-g8-t50.pddl,abs-asp,timed out,1800.24031919986,abstract_asp,,0.4699243754148483,0.005343832075595856,7.786565355956554,,0.05942169204354286,0.1390032358467579,16.14001715555787,11.233466651290655,,9.715340416878462,6.568441692739725,,,,,,,14,0,,,16,,17,,6,batch-atom,
pipesworld-tankage,p50-net5-b30-g8-t50.pddl,abs-fd,interrupted,238.40907327830791,abstract_fd_search,,0.4628649279475212,0.005394976586103439,7.792113836854696,,0.05815107747912407,0.13898791000247002,16.371200874447823,11.493188057094812,,9.61881997436285,,,4.258245024830103,,,,,14,0,0,0,61,,,0,6,batch-atom,
pipesworld-tankage,p50-net5-b30-g8-t50.pddl,asp,timed out,1800.3051172830164,concrete_asp,,,,,,,,16.366908207535744,,,8.93864644318819,,,,,,,,,,,,,,,17,,,
pipesworld-tankage,p50-net5-b30-g8-t50.pddl,fd,success,160.8278237171471,total,158.043711,,,,,,,,,158.033528,,,,,,,,valid,,,,,,110,,,,,
quantum-layout-sat23-strips,p14.pddl,abs-asp,timed out,1800.1698136311024,abstract_solving,,0.4229052700102329,0.042145827785134315,0.3017120882868767,,0.08580560982227325,0.05645301192998886,0.8206415381282568,0.5922245774418116,,0.31316718086600304,0.20425668358802795,5.019298426806927,,,,,,20,0,0,0,22,,23,0,2,pqubit,
quantum-layout-sat23-strips,p14.pddl,abs-fd,timed out,1800.1434545479715,abstract_fd_search,,0.42682874761521816,0.048207568004727364,0.3029020745307207,,0.08550834283232689,0.055769653990864754,0.7916560489684343,0.5856165662407875,,0.3139544650912285,,,0.14791268855333328,,,,,20,0,0,0,23,,,0,2,pqubit,
quantum-layout-sat23-strips,p14.pddl,asp,success,10.019269183278084,total,6.841026,,,,,,,0.83041,,,0.295449,,,,5.605942,,,valid,,,,,,22,,23,,,
quantum-layout-sat23-strips,p14.pddl,fd,success,4.352729961276054,total,0.937688,,,,,,,,,0.929539,,,,,,,,valid,,,,,,28,,,,,
quantum-layout-sat23-strips,p15.pddl,abs-asp,success,36.6522215642035,total,33.821441,0.516277,0.052721,0.330373,,0.094837,0.075062,0.86597,0.680549,,0.339883,0.228672,7.266622,,22.945123,,,valid,20,0,6,0,34,67,35,1,2,pqubit,
quantum-layout-sat23-strips,p15.pddl,abs-fd,timed out,1800.163689211011,abstract_fd_search,,0.5196184515953064,0.05292590335011482,0.340494804084301,,0.09442310780286789,0.0754682682454586,0.8665870055556297,0.7045293673872948,,0.35533641651272774,,,0.17000843212008476,,,,,20,0,0,0,35,,,0,2,pqubit,
quantum-layout-sat23-strips,p15.pddl,asp,success,15.344990901648998,total,11.860706,,,,,,,0.916098,,,0.340357,,,,10.429438,,,valid,,,,,,34,,35,,,
quantum-layout-sat23-strips,p15.pddl,fd,success,3.570324022322893,total,1.086024,,,,,,,,,1.080612,,,,,,,,valid,,,,,,41,,,,,
quantum-layout-sat23-strips,p16.pddl,abs-asp,success,65.88004005514085,total,62.06828,0.510861,0.050298,0.466712,,0.096621,0.07096,1.134032,0.836728,,0.49164,0.318557,13.787478,,43.758364,,,valid,24,0,5,0,30,56,31,1,2,pqubit,
quantum-layout-sat23-strips,p16.pddl,abs-fd,timed out,1800.1926867812872,abstract_fd_search,,0.494699876755476,0.05094947665929794,0.43683383986353874,,0.0970720462501049,0.07125749066472054,1.1274182237684727,0.8382972963154316,,0.4948582053184509,,,0.19629362598061562,,,,,24,0,0,0,31,,,0,2,pqubit,
quantum-layout-sat23-strips,p16.pddl,asp,success,28.982419963926077,total,26.478343,,,,,,,1.078392,,,0.461274,,,,24.744428,,,valid,,,,,,30,,31,,,
quantum-layout-sat23-strips,p16.pddl,fd,success,5.146221779286861,total,1.342892,,,,,,,,,1.333596,,,,,,,,valid,,,,,,34,,,,,
quantum-layout-sat23-strips,p17.pddl,abs-asp,timed out,1800.1719764657319,abstract_asp,,0.6213805191218853,0.06036360189318657,0.502921599894762,,0.12593665346503258,0.08674979954957962,1.2717821225523949,0.9194034077227116,,0.5315365679562092,0.3602294325828552,,,,,,,24,0,,,39,,40,,2,pqubit,
quantum-layout-sat23-strips,p17.pddl,abs-fd,timed out,1800.194059798494,abstract_fd_search,,0.6037816908210516,0.059297509491443634,0.4782229606062174,,0.10558183677494526,0.08639555051922798,1.1704210340976715,0.89100606366992,,0.5208263099193573,,,0.2282230406999588,,,,,24,0,0,0,44,,,0,2,pqubit,
quantum-layout-sat23-strips,p17.pddl,asp,timed out,1800.1590633131564,concrete_asp,,,,,,,,1.16777203977108,,,0.49789633974432945,,,,,,,,,,,,,,,37,,,
quantum-layout-sat23-strips,p17.pddl,fd,success,3.8605609200894833,total,1.370871,,,,,,,,,1.362352,,,,,,,,valid,,,,,,48,,,,,
quantum-layout-sat23-strips,p18.pddl,abs-asp,timed out,1800.2002313807607,abstract_solving,,0.6746271401643753,0.06879618763923645,0.4971320554614067,,0.13196828961372375,0.10293682664632797,1.3394946418702602,0.956763744354248,,0.5627039037644863,0.3744483105838299,75.67901179939508,,,,,,24,0,0,0,50,,51,0,2,pqubit,
quantum-layout-sat23-strips,p18.pddl,abs-fd,timed out,1800.134112879634,abstract_fd_search,,0.6714530065655708,0.06825482845306396,0.5081617161631584,,0.11306038871407509,0.10217493027448654,1.3548676744103432,0.9635216370224953,,0.5597559884190559,,,0.2511989176273346,,,,,24,0,0,0,52,,,0,2,pqubit,
quantum-layout-sat23-strips,p18.pddl,asp,success,134.82207905501127,total,131.697413,,,,,,,1.320496,,,0.52257,,,,129.531876,,,valid,,,,,,50,,51,,,
quantum-layout-sat23-strips,p18.pddl,fd,success,4.285327505320311,total,1.611529,,,,,,,,,1.604664,,,,,,,,valid,,,,,,57,,,,,
quantum-layout-sat23-strips,p19.pddl,abs-asp,timed out,1800.2046747878194,abstract_asp,,0.6708440892398357,0.07024269923567772,0.5617062002420425,,0.11841227859258652,0.10511951148509979,1.509893860667944,1.0573525503277779,,0.65299316868186,0.4349706135690212,,,,,,,26,0,,,48,,49,,2,pqubit,
quantum-layout-sat23-strips,p19.pddl,abs-fd,timed out,1800.226998237893,abstract_fd_search,,0.6701348535716534,0.06863153725862503,0.5554974265396595,,0.11645656451582909,0.10347874462604523,1.4844681788235903,1.0570034198462963,,0.6522357314825058,,,0.27422453090548515,,,,,26,0,0,0,55,,,0,2,pqubit,
quantum-layout-sat23-strips,p19.pddl,asp,timed out,1800.1848108954728,concrete_asp,,,,,,,,1.4511426277458668,,,0.6058999560773373,,,,,,,,,,,,,,,45,,,
quantum-layout-sat23-strips,p19.pddl,fd,success,4.574268978089094,total,1.862906,,,,,,,,,1.855708,,,,,,,,valid,,,,,,68,,,,,
quantum-layout-sat23-strips,p20.pddl,abs-asp,timed out,1800.1537372730672,abstract_asp,,0.9417509995400906,0.09107409417629242,0.8812972456216812,,0.14420147240161896,0.14688308537006378,2.454255886375904,1.8689989261329174,,1.1713025495409966,0.7635479643940926,,,,,,,34,0,,,52,,53,,2,pqubit,
quantum-layout-sat23-strips,p20.pddl,abs-fd,timed out,1800.3682397026569,abstract_fd_search,,0.975501224398613,0.0904226303100586,0.9367297105491161,,0.14505109563469887,0.14829573780298233,2.5064122285693884,1.9074124824255705,,1.2173647917807102,,,0.49867886304855347,,,,,34,0,0,0,76,,,0,2,pqubit,
quantum-layout-sat23-strips,p20.pddl,asp,timed out,1800.1465383507311,concrete_asp,,,,,,,,2.5893877297639847,,,1.085637379437685,,,,,,,,,,,,,,,52,,,
quantum-layout-sat23-strips,p20.pddl,fd,success,6.349035520106554,total,3.296815,,,,,,,,,3.289758,,,,,,,,valid,,,,,,85,,,,,
satellite,p01-pfile1.pddl,abs-asp,success,2.2355091832578182,total,0.683033,0.139047,0.002102,0.088395,,0.006687,0.026455,0.148295,0.145954,,0.004627,0.003542,0.037701,,0.048335,,,valid,1,0,0,0,8,12,9,1,3,object,
satellite,p01-pfile1.pddl,abs-fd,success,3.292032163590193,total,1.013002,0.172066,0.002202,0.156852,,0.007015,0.02727,0.251101,0.180666,,0.00936,,,0.08766,0.056065,,,valid,1,0,0,0,8,14,,1,3,object,
satellite,p01-pfile1.pddl,asp,success,2.2611219100654125,total,0.28383,,,,,,,0.193148,,,0.008741,,,,0.063124,,,valid,,,,,,9,,10,,,
satellite,p01-pfile1.pddl,fd,success,2.153003290295601,total,0.198925,,,,,,,,,0.191242,,,,,,,,valid,,,,,,9,,,,,
satellite,p02-pfile2.pddl,abs-asp,success,2.58415075391531,total,0.839579,0.146499,0.002242,0.103777,,0.007627,0.029679,0.177339,0.167864,,0.005897,0.004063,0.039606,,0.095231,,,valid,1,0,5,0,6,13,7,1,4,object,
satellite,p02-pfile2.pddl,abs-fd,success,8.030609857290983,total,0.956052,0.151928,0.002372,0.112622,,0.007841,0.030156,0.197623,0.189641,,0.006444,,,0.085927,0.109862,,,valid,1,0,5,0,6,13,,1,4,object,
satellite,p02-pfile2.pddl,asp,success,2.286240592598915,total,0.35821,,,,,,,0.192255,,,0.005972,,,,0.142904,,,valid,,,,,,13,,14,,,
satellite,p02-pfile2.pddl,fd,success,2.1905293315649033,total,0.220216,,,,,,,,,0.212587,,,,,,,,valid,,,,,,13,,,,,
satellite,p04-pfile4.pddl,abs-asp,success,8.564609412103891,total,6.160531,0.162518,0.002499,0.13067,,0.008627,0.049212,0.224737,0.199466,,0.010606,0.007217,5.047177,,0.246857,,,valid,1,0,2,0,13,27,14,1,3,object,
satellite,p04-pfile4.pddl,abs-fd,success,4.137494567781687,total,1.480848,0.179308,0.002538,0.158083,,0.008831,0.049569,0.262505,0.206651,,0.013717,,,0.090321,0.445904,,,valid,1,0,3,0,18,36,,1,3,object,
satellite,p04-pfile4.pddl,asp,success,10.350423630326986,total,8.369666,,,,,,,0.203972,,,0.009809,,,,8.128188,,,valid,,,,,,17,,18,,,
satellite,p04-pfile4.pddl,fd,success,2.1631703227758408,total,0.21889,,,,,,,,,0.212574,,,,,,,,valid,,,,,,21,,,,,
satellite,p05-pfile5.pddl,abs-asp,success,36.9274261854589,total,34.821306,0.202119,0.002513,0.180212,,0.011485,0.09149,0.279513,0.214186,,0.01855,0.011586,33.352236,,0.368973,,,valid,1,0,0,0,12,24,13,1,2,object,
satellite,p05-pfile5.pddl,abs-fd,success,3.561630927026272,total,1.521104,0.177752,0.002546,0.128039,,0.011433,0.092067,0.221209,0.214242,,0.014785,,,0.088978,0.495063,,,valid,1,0,1,0,12,25,,1,2,object,
satellite,p05-pfile5.pddl,asp,success,78.99090183898807,total,76.739702,,,,,,,0.223093,,,0.014261,,,,76.466797,,,valid,,,,,,15,,16,,,
satellite,p05-pfile5.pddl,fd,success,2.293040983378887,total,0.241225,,,,,,,,,0.232956,,,,,,,,valid,,,,,,20,,,,,
satellite,p06-pfile6.pddl,abs-asp,success,63.40874882787466,total,61.34776,0.165619,0.002482,0.12442,,0.009489,0.085124,0.21471,0.209452,,0.014745,0.011552,59.952531,,0.461583,,,valid,1,0,0,0,16,30,17,1,2,object,
satellite,p06-pfile6.pddl,abs-fd,success,3.506097946316004,total,1.537362,0.165472,0.002477,0.12012,,0.009432,0.084895,0.205292,0.203603,,0.014473,,,0.087037,0.576373,,,valid,1,0,1,0,17,35,,1,2,object,
satellite,p06-pfile6.pddl,asp,success,162.59503635391593,total,160.598784,,,,,,,0.21878,,,0.013779,,,,160.330399,,,valid,,,,,,20,,21,,,
satellite,p06-pfile6.pddl,fd,success,2.531005498021841,total,0.247311,,,,,,,,,0.237199,,,,,,,,valid,,,,,,22,,,,,
satellite,p07-pfile7.pddl,abs-asp,timed out,1800.1175426319242,abstract_asp,,0.17692356556653976,0.0025707073509693146,0.12835699692368507,,0.013100426644086838,0.10478608310222626,0.22690146416425705,0.21524177864193916,,0.023982059210538864,0.013850260525941849,,,,,,,1,0,,,14,,15,,3,object,
satellite,p07-pfile7.pddl,abs-fd,success,5.723741829395294,total,3.483237,0.183407,0.002829,0.158331,,0.014323,0.106751,0.246048,0.229055,,0.02169,,,0.097111,2.320363,,,valid,1,0,1,0,21,43,,1,3,object,
satellite,p07-pfile7.pddl,asp,timed out,1800.118284240365,concrete_asp,,,,,,,,0.2304510995745659,,,0.020765308290719986,,,,,,,,,,,,,,,18,,,
satellite,p07-pfile7.pddl,fd,success,3.2674119286239147,total,0.310541,,,,,,,,,0.304085,,,,,,,,valid,,,,,,22,,,,,
satellite,p08-pfile8.pddl,abs-asp,timed out,1800.1169401668012,abstract_asp,,0.20339510217308998,0.002636570483446121,0.19015074893832207,,0.01414574310183525,0.14521053433418274,0.32461433857679367,0.24364472925662994,,0.0351460725069046,0.022484134882688522,,,,,,,1,0,,,14,,15,,3,object,
satellite,p08-pfile8.pddl,abs-fd,success,6.595257818698883,total,3.620437,0.204179,0.002706,0.174731,,0.014166,0.147628,0.305176,0.242169,,0.033926,,,0.095808,2.302017,,,valid,1,0,1,0,22,45,,1,3,object,
satellite,p08-pfile8.pddl,asp,timed out,1800.1243753693998,concrete_asp,,,,,,,,0.2862364239990711,,,0.029675841331481934,,,,,,,,,,,,,,,17,,,
satellite,p08-pfile8.pddl,fd,success,2.3085955418646336,total,0.282904,,,,,,,,,0.276282,,,,,,,,valid,,,,,,29,,,,,
satellite,p10-pfile10.pddl,abs-asp,timed out,1800.119586545974,abstract_asp,,0.19524113088846207,0.0027734898030757904,0.15723879635334015,,0.01817714422941208,0.24634473398327827,0.32061950489878654,0.24462002515792847,,0.047629307955503464,0.025527473539114,,,,,,,1,0,,,15,,16,,5,object,
satellite,p10-pfile10.pddl,abs-fd,success,1749.6047121696174,total,1746.693534,0.211392,0.002762,0.183399,,0.01808,0.251546,0.319278,0.24869,,0.045174,,,0.100776,1745.168419,,,valid,1,0,1,0,28,57,,1,5,object,
satellite,p10-pfile10.pddl,asp,timed out,1800.0199171341956,concrete_asp,,,,,,,,0.2888020761311054,,,0.042569465935230255,,,,,,,,,,,,,,,17,,,
satellite,p10-pfile10.pddl,fd,success,2.3661284781992435,total,0.321868,,,,,,,,,0.313181,,,,,,,,valid,,,,,,35,,,,,
satellite,p11-pfile11.pddl,abs-asp,timed out,1800.1160446740687,abstract_asp,,0.1955855805426836,0.002885475754737854,0.18333571404218674,,0.01605759933590889,0.266373498365283,0.33194397389888763,0.274566937237978,,0.06071732006967068,0.039822692051529884,,,,,,,1,0,,,17,,18,,4,object,
satellite,p11-pfile11.pddl,abs-fd,success,8.448197409510612,total,5.303691,0.205414,0.00289,0.200898,,0.015988,0.269074,0.353104,0.273151,,0.062427,,,0.106427,3.658743,,,valid,1,0,0,0,35,66,,1,4,object,
satellite,p11-pfile11.pddl,asp,timed out,1800.1185735426843,concrete_asp,,,,,,,,0.3139525130391121,,,0.05700548365712166,,,,,,,,,,,,,,,20,,,
satellite,p11-pfile11.pddl,fd,success,2.375965915620327,total,0.34571,,,,,,,,,0.337255,,,,,,,,valid,,,,,,34,,,,,
satellite,p12-pfile12.pddl,abs-asp,timed out,1800.1193196214736,abstract_asp,,0.21729933843016624,0.003287084400653839,0.2564416751265526,,0.020641300827264786,0.3123929984867573,0.4646105132997036,0.32951172813773155,,0.09726439043879509,0.0553303062915802,,,,,,,1,0,,,17,,18,,6,object,
satellite,p12-pfile12.pddl,abs-fd,timed out,1800.1474275700748,abstract_fd_search,,0.20181117206811905,0.003108363598585129,0.19728689640760422,,0.0203634575009346,0.3108084537088871,0.3770402558147907,0.3107336647808552,,0.09362518042325974,,,0.10558577254414558,,,,,1,0,0,0,32,,,0,6,object,
satellite,p12-pfile12.pddl,asp,timed out,1800.1232702434063,concrete_asp,,,,,,,,0.37758662179112434,,,0.08714969083666801,,,,,,,,,,,,,,,21,,,
satellite,p12-pfile12.pddl,fd,success,2.7614406272768974,total,0.449415,,,,,,,,,0.440197,,,,,,,,valid,,,,,,43,,,,,
satellite,p13-pfile13.pddl,abs-asp,timed out,1800.1252788081765,abstract_asp,,0.2158992998301983,0.0035726502537727356,0.27467430010437965,,0.020605318248271942,0.3629530481994152,0.5075707659125328,0.3675274886190891,,0.14713463187217712,0.08219092711806297,,,,,,,1,0,,,16,,17,,6,object,
satellite,p13-pfile13.pddl,abs-fd,timed out,1800.1593208946288,abstract_fd_search,,0.20075317844748497,0.0034914985299110413,0.22035714238882065,,0.020784743130207062,0.3528749756515026,0.44140662625432014,0.3566013164818287,,0.13199381902813911,,,0.1347113847732544,,,,,1,0,0,0,49,,,0,6,object,
satellite,p13-pfile13.pddl,asp,timed out,1800.1276113763452,concrete_asp,,,,,,,,0.4658072479069233,,,0.12479160726070404,,,,,,,,,,,,,,,21,,,
satellite,p13-pfile13.pddl,fd,success,2.630581855773926,total,0.550997,,,,,,,,,0.543387,,,,,,,,valid,,,,,,78,,,,,
satellite,p14-pfile14.pddl,abs-asp,timed out,1800.122488040477,abstract_asp,,0.22541756927967072,0.0031250976026058197,0.26213669404387474,,0.020609073340892792,0.35920223966240883,0.4394073821604252,0.3494721129536629,,0.11263432726264,0.07092279195785522,,,,,,,1,0,,,15,,16,,5,object,
satellite,p14-pfile14.pddl,abs-fd,success,11.862745441496372,total,9.737168,0.210318,0.003153,0.214123,,0.021425,0.348658,0.421829,0.348692,,0.111785,,,0.119986,7.68327,,,valid,1,0,0,0,41,76,,1,5,object,
satellite,p14-pfile14.pddl,asp,timed out,1800.0557698234916,concrete_asp,,,,,,,,0.44069378077983856,,,0.10592063888907433,,,,,,,,,,,,,,,16,,,
satellite,p14-pfile14.pddl,fd,success,2.547521624714136,total,0.481693,,,,,,,,,0.472236,,,,,,,,valid,,,,,,43,,,,,
satellite,p15-pfile15.pddl,abs-asp,timed out,1800.1335635278374,abstract_asp,,0.31948190182447433,0.0036011766642332077,0.2533658444881439,,0.02565472386777401,0.39930838719010353,0.5159926898777485,0.4200406689196825,,0.1494180615991354,0.096348837018013,,,,,,,1,0,,,15,,16,,5,object,
satellite,p15-pfile15.pddl,abs-fd,success,122.2732063010335,total,120.038778,0.300976,0.00348,0.245886,,0.025774,0.409997,0.493088,0.403289,,0.148382,,,0.133639,117.487765,,,valid,1,0,1,0,48,97,,1,5,object,
satellite,p15-pfile15.pddl,asp,timed out,1800.126186374575,concrete_asp,,,,,,,,0.49119288846850395,,,0.13888537883758545,,,,,,,,,,,,,,,17,,,
satellite,p15-pfile15.pddl,fd,success,2.784245476126671,total,0.586597,,,,,,,,,0.57783,,,,,,,,valid,,,,,,53,,,,,
satellite,p16-pfile16.pddl,abs-asp,timed out,1800.042772218585,abstract_asp,,0.3118206262588501,0.003426000475883484,0.3005790375173092,,0.033049408346414566,0.47714813798666,0.5875786170363426,0.4380028322339058,,0.19026242569088936,0.1069411039352417,,,,,,,1,0,,,14,,15,,6,object,
satellite,p16-pfile16.pddl,abs-fd,timed out,1800.1809837818146,abstract_fd_search,,0.3190620578825474,0.0035002492368221283,0.28168584778904915,,0.03328881785273552,0.4789448156952858,0.5722753666341305,0.43779174238443375,,0.18326793238520622,,,0.14174091815948486,,,,,1,0,0,0,43,,,0,6,object,
satellite,p16-pfile16.pddl,asp,timed out,1800.1274842061102,concrete_asp,,,,,,,,0.5801714323461056,,,0.17403515055775642,,,,,,,,,,,,,,,15,,,
satellite,p16-pfile16.pddl,fd,success,2.9129490107297897,total,0.681414,,,,,,,,,0.672752,,,,,,,,valid,,,,,,48,,,,,
satellite,p17-pfile17.pddl,abs-asp,timed out,1800.12958560884,abstract_asp,,0.3304307535290718,0.0032578855752944946,0.3409965820610523,,0.03043191507458687,0.5251897685229778,0.7151601724326611,0.49776867032051086,,0.22134045884013176,0.13859423995018005,,,,,,,1,0,,,13,,14,,5,object,
satellite,p17-pfile17.pddl,abs-fd,timed out,1800.1878862269223,abstract_fd_search,,0.31930604577064514,0.0033159740269184113,0.3030810132622719,,0.03061540052294731,0.5219126120209694,0.668733574450016,0.49951832741498947,,0.21497220546007156,,,0.14226190745830536,,,,,1,0,0,0,41,,,0,5,object,
satellite,p17-pfile17.pddl,asp,timed out,1800.1260556094348,concrete_asp,,,,,,,,0.6726642698049545,,,0.20247972384095192,,,,,,,,,,,,,,,14,,,
satellite,p17-pfile17.pddl,fd,success,2.9736701734364033,total,0.794372,,,,,,,,,0.78655,,,,,,,,valid,,,,,,47,,,,,
satellite,p18-pfile18.pddl,abs-asp,timed out,1800.1204001680017,abstract_asp,,0.21717835031449795,0.0028664376586675644,0.24449597857892513,,0.024486662819981575,0.3227803912013769,0.4466089364141226,0.2933418024331331,,0.09578748047351837,0.04406351037323475,,,,,,,1,0,,,16,,17,,8,object,
satellite,p18-pfile18.pddl,abs-fd,success,9.452656157314777,total,7.341513,0.201744,0.002844,0.199479,,0.024513,0.317589,0.379712,0.290763,,0.093878,,,0.107788,5.525537,,,valid,1,0,0,0,35,65,,1,8,object,
satellite,p18-pfile18.pddl,asp,timed out,1800.1188071928918,concrete_asp,,,,,,,,0.3959668353199959,,,0.08700305968523026,,,,,,,,,,,,,,,19,,,
satellite,p18-pfile18.pddl,fd,success,2.8448130264878273,total,0.469832,,,,,,,,,0.462374,,,,,,,,valid,,,,,,36,,,,,
satellite,p19-pfile19.pddl,abs-asp,timed out,1800.1163114756346,abstract_asp,,0.3206185922026634,0.004017964005470276,0.2214752547442913,,0.0326186865568161,0.46161141991615295,0.42778847366571426,0.35103292018175125,,0.10066260769963264,0.059889279305934906,,,,,,,1,0,,,15,,16,,6,object,
satellite,p19-pfile19.pddl,abs-fd,success,147.29322968423367,total,145.118606,0.317311,0.004056,0.219316,,0.03235,0.458285,0.426788,0.344698,,0.100191,,,0.122439,142.775472,,,valid,1,0,0,0,57,115,,1,6,object,
satellite,p19-pfile19.pddl,asp,timed out,1800.1243967451155,concrete_asp,,,,,,,,0.47387614846229553,,,0.09620316326618195,,,,,,,,,,,,,,,17,,,
satellite,p19-pfile19.pddl,fd,success,3.174428455531597,total,0.522839,,,,,,,,,0.515027,,,,,,,,valid,,,,,,69,,,,,
satellite,p20-pfile20.pddl,abs-asp,timed out,1800.1207267865539,abstract_asp,,0.35406478866934776,0.004122480750083923,0.2575266659259796,,0.025643479079008102,0.6332139000296593,0.48598556965589523,0.4127952344715595,,0.10775479674339294,0.08570371195673943,,,,,,,1,0,,,16,,17,,2,object,
satellite,p20-pfile20.pddl,abs-fd,success,37.44800740480423,total,35.10571,0.340072,0.004236,0.217782,,0.0256,0.645462,0.435613,0.410904,,0.103511,,,0.210399,32.244757,,,valid,1,0,0,0,91,183,,1,2,object,
satellite,p20-pfile20.pddl,asp,timed out,1800.1221237108111,concrete_asp,,,,,,,,0.4589550979435444,,,0.09678296744823456,,,,,,,,,,,,,,,20,,,
satellite,p20-pfile20.pddl,fd,success,2.885057929903269,total,0.606908,,,,,,,,,0.600088,,,,,,,,valid,,,,,,107,,,,,
satellite,p21-HC-pfile1.pddl,abs-asp,timed out,1800.1250158846378,abstract_asp,,0.311726875603199,0.004260644316673279,0.3729630522429943,,0.04195186868309975,0.2982897683978081,0.7999235205352306,0.40026243031024933,,0.2763669267296791,0.09899625927209854,,,,,,,1,0,,,14,,15,,17,object,
satellite,p21-HC-pfile1.pddl,abs-fd,timed out,1800.2070168629289,abstract_fd_search,,0.29723961278796196,0.004307050257921219,0.33542002737522125,,0.043068259954452515,0.29462575912475586,0.7389753833413124,0.39667055383324623,,0.2713220454752445,,,0.12643221020698547,,,,,1,0,0,0,43,,,0,17,object,
satellite,p21-HC-pfile1.pddl,asp,timed out,1800.137214358896,concrete_asp,,,,,,,,0.7668716385960579,,,0.25817812234163284,,,,,,,,,,,,,,,15,,,
satellite,p21-HC-pfile1.pddl,fd,success,3.081056836992502,total,0.883394,,,,,,,,,0.873751,,,,,,,,valid,,,,,,84,,,,,
satellite,p22-HC-pfile2.pddl,abs-asp,timed out,1800.0764043182135,abstract_asp,,0.3010057359933853,0.004247669130563736,0.462457787245512,,0.03930902108550072,0.44375548511743546,0.9651908837258816,0.5900038629770279,,0.40764885768294334,0.2100340947508812,,,,,,,1,0,,,14,,15,,15,object,
satellite,p22-HC-pfile2.pddl,abs-fd,timed out,1800.2747678160667,abstract_fd_search,,0.32249676808714867,0.004529867321252823,0.47705012932419777,,0.03990941494703293,0.447606448084116,1.060533668845892,0.6163809411227703,,0.42243168503046036,,,0.2055521123111248,,,,,1,0,0,0,66,,,0,15,object,
satellite,p22-HC-pfile2.pddl,asp,timed out,1800.1299381162971,concrete_asp,,,,,,,,1.0082033379003406,,,0.3808529432862997,,,,,,,,,,,,,,,17,,,
satellite,p22-HC-pfile2.pddl,fd,success,4.955805981531739,total,1.324358,,,,,,,,,1.314041,,,,,,,,valid,,,,,,107,,,,,
satellite,p23-HC-pfile3.pddl,abs-asp,timed out,1800.1394291445613,abstract_asp,,0.3644202705472708,0.005325384438037872,0.6597642321139574,,0.08347225934267044,0.5345600321888924,1.437252465635538,0.726014444604516,,0.588861558586359,0.22115317732095718,,,,,,,1,0,,,13,,14,,20,object,
satellite,p23-HC-pfile3.pddl,abs-fd,timed out,1800.290889441967,abstract_fd_search,,0.3311617821455002,0.005084671080112457,0.6043581441044807,,0.061928700655698776,0.5304033756256104,1.3663031347095966,0.6947452612221241,,0.5726676657795906,,,0.19516999274492264,,,,,1,0,0,0,61,,,0,20,object,
satellite,p23-HC-pfile3.pddl,asp,timed out,1800.13531357795,concrete_asp,,,,,,,,1.3849902777001262,,,0.5345846256241202,,,,,,,,,,,,,,,14,,,
satellite,p23-HC-pfile3.pddl,fd,success,5.588455602526665,total,1.901437,,,,,,,,,1.891287,,,,,,,,valid,,,,,,133,,,,,
satellite,p24-HC-pfile4.pddl,abs-asp,timed out,1800.1468225978315,abstract_asp,,0.3582473397254944,0.00557626411318779,1.06501654535532,,0.07853010296821594,0.770914364606142,2.610967617481947,1.2537127435207367,,1.09806227684021,0.4580066241323948,,,,,,,1,0,,,14,,15,,24,object,
satellite,p24-HC-pfile4.pddl,abs-fd,timed out,1800.7015720009804,abstract_fd_search,,0.34754692390561104,0.0055246055126190186,1.0403810180723667,,0.078866858035326,0.7595970928668976,2.57097015529871,1.282439962029457,,1.0697787441313267,,,0.3943437971174717,,,,,1,0,0,0,91,,,0,24,object,
satellite,p24-HC-pfile4.pddl,asp,timed out,1800.1552098318934,concrete_asp,,,,,,,,2.5752421244978905,,,0.9964174628257751,,,,,,,,,,,,,,,13,,,
satellite,p24-HC-pfile4.pddl,fd,success,6.11939924582839,total,3.816288,,,,,,,,,3.808457,,,,,,,,valid,,,,,,186,,,,,
satellite,p25-HC-pfile5.pddl,abs-asp,timed out,1800.0478067845106,abstract_asp,,0.36153218150138855,0.005826879292726517,1.2679087407886982,,0.0847313292324543,0.8086320124566555,3.058480456471443,1.3476953841745853,,1.2432556338608265,0.48473599925637245,,,,,,,1,0,,,13,,14,,25,object,
satellite,p25-HC-pfile5.pddl,abs-fd,timed out,1800.5681060515344,abstract_fd_search,,0.3536271061748266,0.005705401301383972,1.2543115746229887,,0.08547897078096867,0.8006932213902473,3.022020922973752,1.342924727126956,,1.2291280031204224,,,0.3555656708776951,,,,,1,0,0,0,78,,,0,25,object,
satellite,p25-HC-pfile5.pddl,asp,timed out,1800.0587262064219,concrete_asp,,,,,,,,3.0240265615284443,,,1.1380338855087757,,,,,,,,,,,,,,,13,,,
satellite,p25-HC-pfile5.pddl,fd,success,8.127199359238148,total,4.855243,,,,,,,,,4.846586,,,,,,,,valid,,,,,,182,,,,,
satellite,p26-HC-pfile6.pddl,abs-asp,timed out,1800.1699377596378,abstract_asp,,0.3746379017829895,0.005411595106124878,1.3115569986402988,,0.07614220306277275,1.0076458752155304,3.147139251232147,1.5803837589919567,,1.278963916003704,0.6193521209061146,,,,,,,1,0,,,14,,15,,20,object,
satellite,p26-HC-pfile6.pddl,abs-fd,interrupted,199.96572256088257,abstract_fd_search,,0.374336663633585,0.005530528724193573,1.2795988880097866,,0.07812545076012611,1.010636143386364,3.0699867494404316,1.5758247710764408,,1.2754639498889446,,,0.47230659052729607,,,,,1,0,0,0,99,,,0,20,object,
satellite,p26-HC-pfile6.pddl,asp,timed out,1800.1699573025107,concrete_asp,,,,,,,,3.060883328318596,,,1.161960531026125,,,,,,,,,,,,,,,13,,,
satellite,p26-HC-pfile6.pddl,fd,success,7.8302315287292,total,4.414294,,,,,,,,,4.406578,,,,,,,,valid,,,,,,164,,,,,
satellite,p27-HC-pfile7.pddl,abs-asp,timed out,1800.161370523274,abstract_asp,,0.3504531905055046,0.00544101744890213,1.4872992746531963,,0.0721399150788784,1.0057952739298344,3.847990520298481,1.9709463976323605,,1.6017731577157974,0.7353248484432697,,,,,,,1,0,,,16,,17,,21,object,
satellite,p27-HC-pfile7.pddl,abs-fd,interrupted,226.41088706627488,abstract_fd_search,,0.3539959378540516,0.005443543195724487,1.495377853512764,,0.07297816127538681,1.0374502763152122,3.868882864713669,1.96134003251791,,1.6395031437277794,,,0.537608414888382,,,,,1,0,0,0,94,,,0,21,object,
satellite,p27-HC-pfile7.pddl,asp,timed out,1800.0829567518085,concrete_asp,,,,,,,,3.8214745856821537,,,1.4680391009896994,,,,,,,,,,,,,,,18,,,
satellite,p27-HC-pfile7.pddl,fd,success,8.544257179833949,total,5.296251,,,,,,,,,5.286045,,,,,,,,valid,,,,,,136,,,,,
satellite,p28-HC-pfile8.pddl,abs-asp,timed out,1800.1694415695965,abstract_asp,,0.41647886112332344,0.0067765675485134125,3.3101441487669945,,0.13723229989409447,1.6938093826174736,8.083068281412125,3.476061213761568,,3.144421610981226,1.3888171166181564,,,,,,,1,0,,,13,,14,,33,object,
satellite,p28-HC-pfile8.pddl,abs-fd,interrupted,171.18795192986727,abstract_fd_search,,0.4070799946784973,0.0067090317606925964,3.369904190301895,,0.13828785717487335,1.657604031264782,8.452124916017056,3.504911508411169,,3.2333724536001682,,,1.0287103317677975,,,,,1,0,0,0,128,,,0,33,object,
satellite,p28-HC-pfile8.pddl,asp,timed out,1800.1896541938186,concrete_asp,,,,,,,,8.350378595292568,,,2.9161772103980184,,,,,,,,,,,,,,,12,,,
satellite,p28-HC-pfile8.pddl,fd,success,21.89236651081592,total,19.429933,,,,,,,,,19.418282,,,,,,,,valid,,,,,,220,,,,,
satellite,p29-HC-pfile9.pddl,abs-asp,timed out,1800.2229055576026,abstract_asp,,0.43629154190421104,0.006883334368467331,5.166350141167641,,0.10526111721992493,2.552512552589178,11.755397751927376,7.394501879811287,,4.709620431065559,2.9608664102852345,,,,,,,1,0,,,13,,14,,20,object,
satellite,p29-HC-pfile9.pddl,abs-fd,interrupted,187.70430102571845,abstract_fd_search,,0.42690905928611755,0.006792780011892319,5.071577280759811,,0.10521655529737473,2.5119293592870235,11.898953277617693,7.425081435590982,,4.668703328818083,,,2.8070640712976456,,,,,1,0,0,0,156,,,0,20,object,
satellite,p29-HC-pfile9.pddl,asp,timed out,1800.234469410032,concrete_asp,,,,,,,,11.448247507214546,,,4.307826282456517,,,,,,,,,,,,,,,12,,,
satellite,p29-HC-pfile9.pddl,fd,success,21.345882390625775,total,18.921329,,,,,,,,,18.911824,,,,,,,,valid,,,,,,192,,,,,
satellite,p30-HC-pfile10.pddl,abs-asp,timed out,1800.2311852686107,abstract_asp,,0.48093340918421745,0.00809437781572342,7.080086436122656,,0.16381872072815895,2.8931613452732563,16.405244518071413,8.87891736254096,,6.589368395507336,3.4461512714624405,,,,,,,1,0,,,12,,13,,32,object,
satellite,p30-HC-pfile10.pddl,abs-fd,interrupted,211.0625785291195,abstract_fd_search,,0.4782371483743191,0.008026830852031708,7.073583178222179,,0.16602139174938202,2.8754091151058674,16.71234715729952,8.868251863867044,,6.771811664104462,,,10.877456028014421,,,,,1,0,0,0,192,,,0,32,object,
satellite,p30-HC-pfile10.pddl,asp,timed out,1800.3088121190667,concrete_asp,,,,,,,,16.292455099523067,,,6.054795913398266,,,,,,,,,,,,,,,12,,,
satellite,p30-HC-pfile10.pddl,fd,success,55.60761769115925,total,51.692267,,,,,,,,,51.680241,,,,,,,,valid,,,,,,288,,,,,
satellite,p31-HC-pfile11.pddl,abs-asp,timed out,1800.3706908077002,abstract_asp,,0.5093088410794735,0.009189646691083908,10.754475861787796,,0.167600117623806,4.472546849399805,25.238062664866447,16.745898485183716,,10.39909990876913,6.639507625252008,,,,,,,1,0,,,11,,12,,28,object,
satellite,p31-HC-pfile11.pddl,abs-fd,interrupted,254.4670547991991,abstract_fd_search,,0.4919280409812927,0.00908992812037468,11.500195864588022,,0.16971515491604805,4.41581841185689,25.066526163369417,16.756631817668676,,10.368300940841436,,,22.644701294600964,,,,,1,0,0,0,225,,,0,28,object,
satellite,p31-HC-pfile11.pddl,asp,timed out,1800.3461590707302,concrete_asp,,,,,,,,23.91803538892418,,,8.99275834672153,,,,,,,,,,,,,,,11,,,
satellite,p31-HC-pfile11.pddl,fd,success,62.28190539032221,total,59.635671,,,,,,,,,59.621657,,,,,,,,valid,,,,,,272,,,,,
satellite,p32-HC-pfile12.pddl,abs-asp,timed out,1800.5279422104359,abstract_asp,,0.5769347921013832,0.011969968676567078,19.107618488371372,,0.2380705550312996,6.63130833953619,45.298976097255945,30.859417591243982,,18.30569515377283,11.533187344670296,,,,,,,1,0,,,12,,13,,38,object,
satellite,p32-HC-pfile12.pddl,abs-fd,interrupted,313.9292165376246,abstract_fd_search,,0.5378973856568336,0.011513128876686096,19.10369585081935,,0.23788907006382942,6.822527509182692,44.228408828377724,29.845857191830873,,17.925083342939615,,,19.403314545750618,,,,,1,0,0,0,299,,,0,38,object,
satellite,p32-HC-pfile12.pddl,asp,timed out,1800.629451289773,concrete_asp,,,,,,,,42.47567530721426,,,15.983086060732603,,,,,,,,,,,,,,,12,,,
satellite,p32-HC-pfile12.pddl,fd,success,207.6504874303937,total,204.500577,,,,,,,,,204.481222,,,,,,,,valid,,,,,,411,,,,,
satellite,p33-HC-pfile13.pddl,abs-asp,interrupted,1407.590869937092,abstract_asp,,0.6191857717931271,0.013775799423456192,30.544704854488373,,0.3460570052266121,9.754128377884626,71.06908248737454,42.24469791725278,,27.69814347848296,17.640185698866844,,,,,,,1,0,,,11,,12,,48,object,
satellite,p33-HC-pfile13.pddl,abs-fd,interrupted,262.87060694023967,abstract_fd_search,,0.6199448555707932,0.014050155878067017,30.286554731428623,,0.3450896181166172,9.707580648362637,72.94524912163615,43.05646373704076,,27.949458193033934,,,24.537608049809933,,,,,1,0,0,0,372,,,0,48,object,
satellite,p33-HC-pfile13.pddl,asp,interrupted,163.8510001897812,concrete_asp,,,,,,,,74.69963371381164,,,25.570917665958405,,,,,,,,,,,,,,,,,,
satellite,p33-HC-pfile13.pddl,fd,success,435.61743372585624,total,432.046064,,,,,,,,,432.024667,,,,,,,,valid,,,,,,556,,,,,
satellite,p34-HC-pfile14.pddl,abs-asp,timed out,1800.2330245375633,abstract_asp,,0.45335089787840843,0.009569115936756134,6.173168931156397,,0.23309419676661491,3.577245596796274,14.59289763122797,7.404726844280958,,5.997333861887455,2.801961310207844,,,,,,,1,0,,,16,,17,,61,object,
satellite,p34-HC-pfile14.pddl,abs-fd,interrupted,197.61994618549943,abstract_fd_search,,0.46065808460116386,0.009410127997398376,6.161927752196789,,0.23223976790905,3.5278164111077785,14.118852589279413,7.126833710819483,,6.009782899171114,,,5.429707668721676,,,,,1,0,0,0,288,,,0,61,object,
satellite,p34-HC-pfile14.pddl,asp,timed out,1800.357905138284,concrete_asp,,,,,,,,14.524867054075003,,,5.53428616002202,,,,,,,,,,,,,,,16,,,
satellite,p34-HC-pfile14.pddl,fd,success,24.170764833688736,total,20.938154,,,,,,,,,20.92912,,,,,,,,valid,,,,,,288,,,,,
satellite,p35-HC-pfile15.pddl,abs-asp,timed out,1800.3502529077232,abstract_asp,,0.5322321020066738,0.011348854750394821,10.36293626576662,,0.22582362964749336,4.956641178578138,23.607778012752533,13.74439088627696,,9.578795794397593,5.456063114106655,,,,,,,1,0,,,13,,14,,46,object,
satellite,p35-HC-pfile15.pddl,abs-fd,interrupted,232.481675805524,abstract_fd_search,,0.5299774631857872,0.011109579354524612,10.294474912807345,,0.22755750827491283,5.056913198903203,23.632849713787436,13.819444324821234,,9.665434688329697,,,8.79942912235856,,,,,1,0,0,0,288,,,0,46,object,
satellite,p35-HC-pfile15.pddl,asp,timed out,1800.3134235581383,concrete_asp,,,,,,,,21.418472073040903,,,8.266998871229589,,,,,,,,,,,,,,,13,,,
satellite,p35-HC-pfile15.pddl,fd,success,75.0087029216811,total,71.361633,,,,,,,,,71.34857,,,,,,,,valid,,,,,,478,,,,,
satellite,p36-HC-pfile16.pddl,abs-asp,timed out,1800.3641614802182,abstract_asp,,0.49226726219058037,0.010708384215831757,11.994035631418228,,0.22727280855178833,5.6376678086817265,27.787613935768604,17.097918964922428,,11.251671466976404,7.167808298021555,,,,,,,1,0,,,11,,12,,40,object,
satellite,p36-HC-pfile16.pddl,abs-fd,interrupted,259.299753472209,abstract_fd_search,,0.5147665850818157,0.010885566473007202,13.370526738464832,,0.23158039152622223,5.829304244369268,30.433952521532774,18.70567774772644,,12.040483865886927,,,9.373487755656242,,,,,1,0,0,0,286,,,0,40,object,
satellite,p36-HC-pfile16.pddl,asp,timed out,1800.487930048257,concrete_asp,,,,,,,,29.280109476298094,,,11.044483382254839,,,,,,,,,,,,,,,12,,,
satellite,p36-HC-pfile16.pddl,fd,success,55.1841118298471,total,51.670544,,,,,,,,,51.65687,,,,,,,,valid,,,,,,360,,,,,
sokoban-sat08-strips,p01.pddl,abs-asp,success,14.091568868607283,total,10.946098,0.232976,0.002018,0.173246,,0.016823,0.38486,0.254396,0.201507,,0.016334,0.009478,0.095561,,9.471523,,,valid,3,0,9,16,9,35,10,17,2,stone,
sokoban-sat08-strips,p01.pddl,abs-fd,success,14.388648614287376,total,11.459884,0.228907,0.002046,0.171335,,0.016879,0.385634,0.244142,0.187685,,0.015311,,,0.080095,10.054391,,,valid,3,0,9,16,9,35,,17,2,stone,
sokoban-sat08-strips,p01.pddl,asp,success,9.096292115747929,total,6.742479,,,,,,,0.225639,,,0.011874,,,,6.468932,,,valid,,,,,,35,,36,,,
sokoban-sat08-strips,p01.pddl,fd,success,2.381499268114567,total,0.231432,,,,,,,,,0.225469,,,,,,,,valid,,,,,,41,,,,,
sokoban-sat08-strips,p02.pddl,abs-asp,timed out,1800.139515068382,abstract_asp,,0.3481946475803852,0.002173222601413727,0.20156903192400932,,0.12019713222980499,0.173697080463171,0.2680675908923149,0.22416617721319199,,0.02254664897918701,0.01986559107899666,,,,,,,0,0,,,78,,79,,37,location,
sokoban-sat08-strips,p02.pddl,abs-fd,success,17.26300959661603,total,14.950733,0.33525,0.002206,0.163381,,0.121573,0.176628,0.225889,0.223118,,0.021507,,,0.111689,13.347913,,,valid,0,0,0,0,157,157,,1,37,location,
sokoban-sat08-strips,p02.pddl,asp,timed out,1800.1353392004967,concrete_asp,,,,,,,,0.2341793067753315,,,0.02034374326467514,,,,,,,,,,,,,,,79,,,
sokoban-sat08-strips,p02.pddl,fd,success,2.9720440469682217,total,0.290086,,,,,,,,,0.28333,,,,,,,,valid,,,,,,157,,,,,
sokoban-sat08-strips,p03.pddl,abs-asp,success,153.1754927933216,total,151.078999,0.302609,0.002118,0.1444,,0.066837,0.08375,0.216427,0.214367,,0.015436,0.014403,148.904563,,0.985907,,,valid,0,0,0,0,35,35,36,1,26,location,
sokoban-sat08-strips,p03.pddl,abs-fd,success,4.815149523317814,total,2.725104,0.297987,0.002084,0.134071,,0.067461,0.085747,0.210825,0.20901,,0.015203,,,0.091023,1.522015,,,valid,0,0,0,0,49,49,,1,26,location,
sokoban-sat08-strips,p03.pddl,asp,success,172.48797550424933,total,170.02719,,,,,,,0.249886,,,0.015177,,,,169.707258,,,valid,,,,,,35,,36,,,
sokoban-sat08-strips,p03.pddl,fd,success,2.4445964954793453,total,0.241526,,,,,,,,,0.232964,,,,,,,,valid,,,,,,49,,,,,
sokoban-sat08-strips,p04.pddl,abs-asp,timed out,1800.1336374133825,abstract_solving,,0.37042033299803734,0.002323426306247711,0.18865031749010086,,0.03347782790660858,0.7541233189404011,0.2684822380542755,0.21923725306987762,,0.03144679591059685,0.014528155326843262,0.13197638094425201,,,,,,3,0,8,18,8,,9,19,4,stone,
sokoban-sat08-strips,p04.pddl,abs-fd,timed out,1800.1354642920196,abstract_fd_search,,0.3772292770445347,0.002317361533641815,0.20655914209783077,,0.0331830158829689,0.7299713604152203,0.29341995529830456,0.21898442693054676,,0.032669175416231155,,,0.08685942552983761,,,,,3,0,8,18,8,,,19,4,stone,
sokoban-sat08-strips,p04.pddl,asp,timed out,1800.146893862635,concrete_asp,,,,,,,,0.2804773785173893,,,0.031227830797433853,,,,,,,,,,,,,,,37,,,
sokoban-sat08-strips,p04.pddl,fd,success,3.5248828195035458,total,1.175275,,,,,,,,,1.168051,,,,,,,,valid,,,,,,114,,,,,
sokoban-sat08-strips,p05.pddl,abs-asp,timed out,1800.1363044194877,abstract_asp,,0.4436284825205803,0.0025387294590473175,0.22933368012309074,,0.1685587242245674,0.3699161149561405,0.31366388499736786,0.24759293720126152,,0.02746478095650673,0.02153746783733368,,,,,,,0,0,,,46,,47,,37,location,
sokoban-sat08-strips,p05.pddl,abs-fd,success,17.67951613664627,total,15.208132,0.40005,0.002433,0.177526,,0.16988,0.371157,0.235942,0.231205,,0.022448,,,0.34186,13.010969,,,valid,0,0,0,0,149,149,,1,37,location,
sokoban-sat08-strips,p05.pddl,asp,timed out,1800.1281111389399,concrete_asp,,,,,,,,0.23613103479146957,,,0.02153758332133293,,,,,,,,,,,,,,,48,,,
sokoban-sat08-strips,p05.pddl,fd,success,2.9461382254958153,total,0.537716,,,,,,,,,0.528382,,,,,,,,valid,,,,,,149,,,,,
sokoban-sat08-strips,p06.pddl,abs-asp,timed out,1800.1464810408652,abstract_asp,,0.37245867773890495,0.002929285168647766,0.1883809119462967,,0.1722453534603119,0.2864835634827614,0.25087501108646393,0.24755599349737167,,0.035540711134672165,0.02956688404083252,,,,,,,0,0,,,37,,38,,44,location,
sokoban-sat08-strips,p06.pddl,abs-fd,success,25.625664617866278,total,23.157312,0.370539,0.002894,0.18499,,0.170548,0.29043,0.270024,0.246563,,0.031347,,,0.437299,20.814157,,,valid,0,0,0,0,168,168,,1,44,location,
sokoban-sat08-strips,p06.pddl,asp,timed out,1800.1416945718229,concrete_asp,,,,,,,,0.2569151632487774,,,0.030241604894399643,,,,,,,,,,,,,,,38,,,
sokoban-sat08-strips,p06.pddl,fd,success,3.381140325218439,total,0.640561,,,,,,,,,0.63161,,,,,,,,valid,,,,,,168,,,,,
sokoban-sat08-strips,p07.pddl,abs-asp,timed out,1800.1240402162075,abstract_solving,,0.33524082228541374,0.00224984809756279,0.1665174849331379,,0.026543017476797104,0.6350000314414501,0.22838887199759483,0.21458498388528824,,0.02210129424929619,0.012737885117530823,0.1089743934571743,,,,,,3,0,7,30,7,,8,31,3,stone,
sokoban-sat08-strips,p07.pddl,abs-fd,timed out,1800.1296397037804,abstract_fd_search,,0.3443221338093281,0.0022534169256687164,0.17872008681297302,,0.026307251304388046,0.6609827503561974,0.24394133687019348,0.21361789479851723,,0.0228814035654068,,,0.08616150915622711,,,,,3,0,7,30,7,,,31,3,stone,
sokoban-sat08-strips,p07.pddl,asp,timed out,1800.1272108592093,concrete_asp,,,,,,,,0.2338307797908783,,,0.021053895354270935,,,,,,,,,,,,,,,49,,,
sokoban-sat08-strips,p07.pddl,fd,success,2.997508656233549,total,0.303695,,,,,,,,,0.295052,,,,,,,,valid,,,,,,83,,,,,
sokoban-sat08-strips,p08.pddl,abs-asp,timed out,1800.127362107858,abstract_solving,,0.4693704582750797,0.0025073084980249405,0.2506174258887768,,0.04743967577815056,1.7555147390812635,0.30565983429551125,0.22868363372981548,,0.030357351526618004,0.01669030636548996,1.2989904545247555,,,,,,3,0,22,16,22,,23,17,3,stone,
sokoban-sat08-strips,p08.pddl,abs-fd,timed out,1800.1271344572306,abstract_fd_search,,0.4752613641321659,0.0024966001510620117,0.2361564002931118,,0.04643784463405609,1.770771037787199,0.2898593693971634,0.2296018823981285,,0.028794419020414352,,,0.09045051783323288,,,,,3,0,24,12,24,,,13,3,stone,
sokoban-sat08-strips,p08.pddl,asp,timed out,1800.1338190585375,concrete_asp,,,,,,,,0.2538555972278118,,,0.025868460536003113,,,,,,,,,,,,,,,58,,,
sokoban-sat08-strips,p08.pddl,fd,success,4.116583291441202,total,1.144968,,,,,,,,,1.137059,,,,,,,,valid,,,,,,243,,,,,
sokoban-sat08-strips,p09.pddl,abs-asp,timed out,1800.1315418891609,abstract_solving,,0.4301832243800163,0.002416446805000305,0.24831528961658478,,0.04295402765274048,1.349048886448145,0.32307590544223785,0.22693675756454468,,0.03702518716454506,0.016241595149040222,0.27824757248163223,,,,,,3,0,14,34,14,,15,35,4,stone,
sokoban-sat08-strips,p09.pddl,abs-fd,timed out,1800.1322566028684,abstract_fd_search,,0.426646089181304,0.002458488568663597,0.24080399237573147,,0.043003568425774574,1.3490559477359056,0.3142511863261461,0.22510980814695358,,0.03620169870555401,,,0.09123221226036549,,,,,3,0,14,34,14,,,35,4,stone,
sokoban-sat08-strips,p09.pddl,asp,timed out,1800.1380083300173,concrete_asp,,,,,,,,0.25406982749700546,,,0.031205110251903534,,,,,,,,,,,,,,,63,,,
sokoban-sat08-strips,p09.pddl,fd,success,4.94326888024807,total,1.938016,,,,,,,,,1.928688,,,,,,,,valid,,,,,,338,,,,,
sokoban-sat08-strips,p11.pddl,abs-asp,timed out,1800.1543172039092,abstract_solving,,0.34983256831765175,0.0030880719423294067,0.219376839697361,,0.05698409676551819,0.5214828141033649,0.3570235073566437,0.2098887525498867,,0.11226275935769081,0.0036933906376361847,0.006101232022047043,,,,,,3,0,0,27,0,,1,28,11,stone,
sokoban-sat08-strips,p11.pddl,abs-fd,timed out,1800.05032517761,abstract_fd_search,,0.3820907659828663,0.003065168857574463,0.2629687152802944,,0.056249648332595825,0.5300622917711735,0.4224751479923725,0.21330007538199425,,0.12026237696409225,,,0.08584048599004745,,,,,3,0,0,27,0,,,28,11,stone,
sokoban-sat08-strips,p11.pddl,asp,timed out,1800.1485073640943,concrete_asp,,,,,,,,0.38804399594664574,,,0.11161141097545624,,,,,,,,,,,,,,,29,,,
sokoban-sat08-strips,p11.pddl,fd,success,3.1921457201242447,total,0.5471,,,,,,,,,0.540182,,,,,,,,valid,,,,,,56,,,,,
sokoban-sat08-strips,p12.pddl,abs-asp,timed out,1800.1382788792253,abstract_asp,,0.4222755655646324,0.002481851726770401,0.23978999629616737,,0.2018878348171711,0.42628107964992523,0.3201295807957649,0.256746307015419,,0.040430113673210144,0.034835100173950195,,,,,,,0,0,,,45,,46,,44,location,
sokoban-sat08-strips,p12.pddl,abs-fd,success,75.38761972822249,total,71.683454,0.428663,0.002471,0.213072,,0.204185,0.413816,0.257909,0.255117,,0.039571,,,2.036555,67.239106,,,valid,0,0,0,0,318,318,,1,44,location,
sokoban-sat08-strips,p12.pddl,asp,timed out,1800.1368729928508,concrete_asp,,,,,,,,0.3025029692798853,,,0.0385691300034523,,,,,,,,,,,,,,,46,,,
sokoban-sat08-strips,p12.pddl,fd,success,6.381600935012102,total,2.288132,,,,,,,,,2.278442,,,,,,,,valid,,,,,,318,,,,,
sokoban-sat08-strips,p13.pddl,abs-asp,timed out,1800.1238662414253,abstract_solving,,0.3662805426865816,0.002307964488863945,0.21461479924619198,,0.035131148993968964,0.5924776624888182,0.3045222219079733,0.21287096664309502,,0.03591773100197315,0.012906910851597786,0.07195968739688396,,,,,,3,0,4,46,4,,5,47,5,stone,
sokoban-sat08-strips,p13.pddl,abs-fd,timed out,1800.126453153789,abstract_fd_search,,0.3716805763542652,0.0023312196135520935,0.21971263736486435,,0.03476925939321518,0.6018613278865814,0.3095465153455734,0.20829182118177414,,0.0348692461848259,,,0.08619877696037292,,,,,3,0,4,46,4,,,47,5,stone,
sokoban-sat08-strips,p13.pddl,asp,timed out,1800.1238113120198,concrete_asp,,,,,,,,0.24885845184326172,,,0.034342601895332336,,,,,,,,,,,,,,,60,,,
sokoban-sat08-strips,p13.pddl,fd,success,4.075287692248821,total,0.447467,,,,,,,,,0.438324,,,,,,,,valid,,,,,,77,,,,,
sokoban-sat08-strips,p14.pddl,abs-asp,timed out,1800.140341680497,abstract_solving,,0.39723101630806923,0.002382718026638031,0.21197272092103958,,0.04209689423441887,0.9734136126935482,0.2891572564840317,0.21927763521671295,,0.03977907449007034,0.014451175928115845,0.08923620358109474,,,,,,3,0,5,33,5,,6,34,5,stone,
sokoban-sat08-strips,p14.pddl,abs-fd,timed out,1800.1298253703862,abstract_fd_search,,0.40656187012791634,0.002378113567829132,0.22424164600670338,,0.041389383375644684,0.9838323965668678,0.31300500221550465,0.21960558742284775,,0.03703777678310871,,,0.08784378319978714,,,,,3,0,5,33,5,,,34,5,stone,
sokoban-sat08-strips,p14.pddl,asp,timed out,1800.134828478098,concrete_asp,,,,,,,,0.254020020365715,,,0.03397033363580704,,,,,,,,,,,,,,,47,,,
sokoban-sat08-strips,p14.pddl,fd,success,8.682721547782421,total,5.093716,,,,,,,,,5.08516,,,,,,,,valid,,,,,,501,,,,,
sokoban-sat08-strips,p15.pddl,abs-asp,timed out,1800.1326293870807,abstract_solving,,0.36070195585489273,0.002401404082775116,0.1826794147491455,,0.03689585253596306,0.7787266001105309,0.25839797407388687,0.21844862774014473,,0.038422584533691406,0.01504208892583847,0.12220872193574905,,,,,,3,0,7,24,7,,8,25,5,stone,
sokoban-sat08-strips,p15.pddl,abs-fd,timed out,1800.1382670551538,abstract_fd_search,,0.37970592826604843,0.0023534633219242096,0.2042979598045349,,0.03592398762702942,0.7882959470152855,0.29164740070700645,0.21499457582831383,,0.03857943415641785,,,0.08865789696574211,,,,,3,0,7,24,7,,,25,5,stone,
sokoban-sat08-strips,p15.pddl,asp,timed out,1800.0546429082751,concrete_asp,,,,,,,,0.2782934345304966,,,0.03679304197430611,,,,,,,,,,,,,,,40,,,
sokoban-sat08-strips,p15.pddl,fd,success,248.46324073523283,total,245.121128,,,,,,,,,245.11568,,,,,,,,valid,,,,,,245,,,,,
sokoban-sat08-strips,p16.pddl,abs-asp,timed out,1800.1535686589777,abstract_asp,,0.39281735196709633,0.002548839896917343,0.19707834348082542,,0.16552812978625298,0.35397329926490784,0.2840563505887985,0.2763257995247841,,0.04180309176445007,0.038466379046440125,,,,,,,0,0,,,37,,38,,39,location,
sokoban-sat08-strips,p16.pddl,abs-fd,success,84.21676842868328,total,80.555467,0.404687,0.002406,0.192313,,0.162896,0.328233,0.264074,0.259908,,0.04491,,,1.755914,76.572024,,,valid,0,0,0,0,343,343,,1,39,location,
sokoban-sat08-strips,p16.pddl,asp,timed out,1800.1335063856095,concrete_asp,,,,,,,,0.3239176832139492,,,0.04260136280208826,,,,,,,,,,,,,,,38,,,
sokoban-sat08-strips,p16.pddl,fd,success,4.49584795255214,total,1.959598,,,,,,,,,1.951221,,,,,,,,valid,,,,,,343,,,,,
sokoban-sat08-strips,p17.pddl,abs-asp,timed out,1800.14857836999,abstract_asp,,0.3809105549007654,0.002450864762067795,0.23225632309913635,,0.15583090111613274,0.2976488936692476,0.3235807865858078,0.2762022167444229,,0.05549879930913448,0.04887760616838932,,,,,,,0,0,,,35,,36,,40,location,
sokoban-sat08-strips,p17.pddl,abs-fd,success,28.67913443595171,total,20.557674,0.368684,0.0025,0.196646,,0.154694,0.280774,0.276881,0.275006,,0.05246,,,0.544785,18.113769,,,valid,0,0,0,0,129,129,,1,40,location,
sokoban-sat08-strips,p17.pddl,asp,timed out,1800.1458428278565,concrete_asp,,,,,,,,0.28077986277639866,,,0.049277414567768574,,,,,,,,,,,,,,,36,,,
sokoban-sat08-strips,p17.pddl,fd,success,3.1423562923446298,total,0.750769,,,,,,,,,0.745229,,,,,,,,valid,,,,,,129,,,,,
sokoban-sat08-strips,p18.pddl,abs-asp,timed out,1800.1365935951471,abstract_solving,,0.47912395000457764,0.002604220062494278,0.21210315823554993,,0.05512815713882446,1.8056450597941875,0.2636159770190716,0.22564880922436714,,0.037497010082006454,0.017743129283189774,0.10506643354892731,,,,,,3,0,5,36,5,,6,37,5,stone,
sokoban-sat08-strips,p18.pddl,abs-fd,timed out,1800.1307704858482,abstract_fd_search,,0.450802031904459,0.002597268670797348,0.2153511494398117,,0.05471741780638695,1.7600484415888786,0.26778770983219147,0.22906962409615517,,0.037721939384937286,,,0.08919453248381615,,,,,3,0,5,36,5,,,37,5,stone,
sokoban-sat08-strips,p18.pddl,asp,timed out,1800.036501556635,concrete_asp,,,,,,,,0.2684313002973795,,,0.03615411836653948,,,,,,,,,,,,,,,48,,,
sokoban-sat08-strips,p18.pddl,fd,success,94.50223104748875,total,90.19929,,,,,,,,,90.086246,,,,,,,,valid,,,,,,289,,,,,
sokoban-sat08-strips,p19.pddl,abs-asp,timed out,1800.1498986668885,abstract_solving,,0.48345915973186493,0.0029279477894306183,0.322631299495697,,0.10532809048891068,1.8768122158944607,0.4638245962560177,0.22544321417808533,,0.14365426823496819,0.022638797760009766,0.09988011419773102,,,,,,3,0,2,22,2,,3,23,12,stone,
sokoban-sat08-strips,p19.pddl,abs-fd,timed out,1800.0836487486959,abstract_fd_search,,0.5214455015957355,0.002987898886203766,0.29455409944057465,,0.10465647652745247,2.0061183646321297,0.4288013428449631,0.23586756736040115,,0.14760622382164001,,,0.09054955467581749,,,,,3,0,2,22,2,,,23,12,stone,
sokoban-sat08-strips,p19.pddl,asp,timed out,1800.1704933308065,concrete_asp,,,,,,,,0.4989488907158375,,,0.14227547869086266,,,,,,,,,,,,,,,28,,,
sokoban-sat08-strips,p19.pddl,fd,success,3.9724856270477176,total,0.547146,,,,,,,,,0.538993,,,,,,,,valid,,,,,,47,,,,,
sokoban-sat08-strips,p20.pddl,abs-asp,timed out,1800.1894364878535,abstract_asp,,0.41866306960582733,0.0027557052671909332,0.318351186811924,,0.16412536427378654,0.2963974326848984,0.5039529837667942,0.4397111088037491,,0.16650937870144844,0.1459416262805462,,,,,,,0,0,,,22,,23,,36,location,
sokoban-sat08-strips,p20.pddl,abs-fd,timed out,1800.1169819384813,concrete_asp,,0.4289044179022312,0.002783559262752533,0.26902269572019577,,0.16677043959498405,0.291530828922987,0.44248082861304283,0.43612686544656754,,0.1611415632069111,,,,,,,,0,0,,,,,,,36,location,
sokoban-sat08-strips,p20.pddl,asp,timed out,1800.1623765509576,concrete_asp,,,,,,,,0.4395649181678891,,,0.15463464614003897,,,,,,,,,,,,,,,23,,,
sokoban-sat08-strips,p20.pddl,fd,timed out,1800.1147326091304,,,,,,,,,,,,,,,,,,,,,,,,,,,,,,
sokoban-sat08-strips,p21.pddl,abs-asp,timed out,1800.1422356888652,abstract_solving,,0.6656008847057819,0.002967238426208496,0.3352224677801132,,0.0900539942085743,4.2331707291305065,0.3595070093870163,0.24601378664374352,,0.04838399961590767,0.020028218626976013,0.17902782931923866,,,,,,3,0,8,26,8,,9,27,4,stone,
sokoban-sat08-strips,p21.pddl,abs-fd,timed out,1800.132321793586,abstract_fd_search,,0.6557241510599852,0.0030674822628498077,0.3201620541512966,,0.08889953047037125,4.445974249392748,0.34036372415721416,0.24690478295087814,,0.0464079100638628,,,0.09361589327454567,,,,,3,0,8,27,8,,,28,4,stone,
sokoban-sat08-strips,p21.pddl,asp,timed out,1800.1409192914143,concrete_asp,,,,,,,,0.30424119625240564,,,0.04560539312660694,,,,,,,,,,,,,,,44,,,
sokoban-sat08-strips,p21.pddl,fd,success,8.301222331821918,total,4.235434,,,,,,,,,4.227231,,,,,,,,valid,,,,,,324,,,,,
sokoban-sat08-strips,p22.pddl,abs-asp,timed out,1800.138986095786,abstract_asp,,0.4216609373688698,0.002936895936727524,0.2271621823310852,,0.201960027217865,0.4278242215514183,0.3020116314291954,0.26421599462628365,,0.04708059877157211,0.040804438292980194,,,,,,,0,0,,,48,,49,,43,location,
sokoban-sat08-strips,p22.pddl,abs-fd,success,111.83028323948383,total,108.361219,0.430582,0.002999,0.201213,,0.20439,0.440126,0.263908,0.264075,,0.043742,,,10.85936,94.995665,,,valid,0,0,0,0,366,366,,1,43,location,
sokoban-sat08-strips,p22.pddl,asp,timed out,1800.131291556172,concrete_asp,,,,,,,,0.294464354403317,,,0.04169674031436443,,,,,,,,,,,,,,,49,,,
sokoban-sat08-strips,p22.pddl,fd,success,14.790526449680328,total,11.103906,,,,,,,,,11.096408,,,,,,,,valid,,,,,,366,,,,,
sokoban-sat08-strips,p23.pddl,abs-asp,timed out,1800.135062634945,abstract_solving,,0.4917333275079727,0.002680528908967972,0.2709222361445427,,0.05610997974872589,2.257663384079933,0.32926027476787567,0.239461001008749,,0.04360457509756088,0.018575184047222137,0.9333562776446342,,,,,,3,0,18,11,18,,19,12,4,stone,
sokoban-sat08-strips,p23.pddl,abs-fd,timed out,1800.1301479451358,abstract_fd_search,,0.49258308857679367,0.0025290921330451965,0.22070804983377457,,0.0548640675842762,2.205625645816326,0.31031176820397377,0.2284427508711815,,0.039690982550382614,,,0.0885845348238945,,,,,3,0,22,4,22,,,5,4,stone,
sokoban-sat08-strips,p23.pddl,asp,timed out,1800.1372947096825,concrete_asp,,,,,,,,0.33684518188238144,,,0.042098771780729294,,,,,,,,,,,,,,,47,,,
sokoban-sat08-strips,p23.pddl,fd,success,7.72821781411767,total,4.067905,,,,,,,,,4.060209,,,,,,,,valid,,,,,,279,,,,,
sokoban-sat08-strips,p24.pddl,abs-asp,timed out,1800.1480202563107,abstract_asp,,0.4595429040491581,0.002554316073656082,0.2679043747484684,,0.29717499017715454,0.5501416325569153,0.31430215761065483,0.26247166469693184,,0.043096449226140976,0.03739006444811821,,,,,,,0,0,,,42,,43,,56,location,
sokoban-sat08-strips,p24.pddl,abs-fd,success,59.4589111469686,total,55.783977,0.456069,0.002485,0.26649,,0.296438,0.551689,0.334525,0.262308,,0.04292,,,6.527896,46.56025,,,valid,0,0,0,0,251,251,,1,56,location,
sokoban-sat08-strips,p24.pddl,asp,timed out,1800.1437248587608,concrete_asp,,,,,,,,0.32262150198221207,,,0.0409153550863266,,,,,,,,,,,,,,,43,,,
sokoban-sat08-strips,p24.pddl,fd,success,10.366199843585491,total,6.764442,,,,,,,,,6.757494,,,,,,,,valid,,,,,,251,,,,,
sokoban-sat08-strips,p25.pddl,abs-asp,timed out,1800.1506440658122,abstract_solving,,0.4041951149702072,0.0024885665625333786,0.24880866333842278,,0.04539397731423378,0.9872049726545811,0.34643968008458614,0.21969516575336456,,0.04825680889189243,0.003734104335308075,0.006596077233552933,,,,,,3,0,0,37,0,,1,38,6,stone,
sokoban-sat08-strips,p25.pddl,abs-fd,timed out,1800.1438913978636,abstract_fd_search,,0.4101315960288048,0.002463206648826599,0.19563660398125648,,0.045433055609464645,0.9887537248432636,0.26536789163947105,0.2126724235713482,,0.04394518956542015,,,0.08466348052024841,,,,,3,0,0,37,0,,,38,6,stone,
sokoban-sat08-strips,p25.pddl,asp,timed out,1800.1404059641063,concrete_asp,,,,,,,,0.31414294615387917,,,0.04363740608096123,,,,,,,,,,,,,,,39,,,
sokoban-sat08-strips,p25.pddl,fd,success,6.0983609445393085,total,2.151105,,,,,,,,,2.141609,,,,,,,,valid,,,,,,219,,,,,
sokoban-sat08-strips,p26.pddl,abs-asp,timed out,1800.1505769900978,abstract_asp,,0.42422643676400185,0.002509891986846924,0.21868746727705002,,0.2416653148829937,0.48982854932546616,0.29209238663315773,0.2873770222067833,,0.05518345162272453,0.05135459080338478,,,,,,,0,0,,,47,,48,,50,location,
sokoban-sat08-strips,p26.pddl,abs-fd,success,224.38736098632216,total,220.849037,0.433607,0.002468,0.253479,,0.244485,0.475345,0.281957,0.286568,,0.057448,,,113.437876,104.512372,,,valid,0,0,0,0,356,356,,1,50,location,
sokoban-sat08-strips,p26.pddl,asp,timed out,1800.1537649706006,concrete_asp,,,,,,,,0.3265819028019905,,,0.05497947707772255,,,,,,,,,,,,,,,48,,,
sokoban-sat08-strips,p26.pddl,fd,success,119.79153916239738,total,117.126696,,,,,,,,,117.118133,,,,,,,,valid,,,,,,356,,,,,
sokoban-sat08-strips,p27.pddl,abs-asp,timed out,1800.1743814386427,abstract_asp,,0.44976745173335075,0.0027707964181900024,0.27077554538846016,,0.3390967398881912,0.4317501224577427,0.3682839907705784,0.3622971773147583,,0.09500893577933311,0.08702921122312546,,,,,,,0,0,,,31,,32,,64,location,
sokoban-sat08-strips,p27.pddl,abs-fd,success,26.104889653623104,total,22.940604,0.477008,0.002748,0.268983,,0.332518,0.454119,0.353715,0.346089,,0.093913,,,2.226819,18.051451,,,valid,0,0,0,0,95,95,,1,64,location,
sokoban-sat08-strips,p27.pddl,asp,timed out,1800.06310069561,concrete_asp,,,,,,,,0.348812822252512,,,0.08845844119787216,,,,,,,,,,,,,,,32,,,
sokoban-sat08-strips,p27.pddl,fd,success,6.526380751281977,total,2.645396,,,,,,,,,2.636069,,,,,,,,valid,,,,,,95,,,,,
sokoban-sat08-strips,p28.pddl,abs-asp,timed out,1800.1250874120742,abstract_asp,,0.5883858222514391,0.0029437150806188583,0.2926237266510725,,0.08252589032053947,3.533339248970151,0.33377123065292835,0.24747870303690434,,0.057833295315504074,0.021656757220625877,,,,,,,3,0,,,39,,40,,5,stone,
sokoban-sat08-strips,p28.pddl,abs-fd,timed out,1800.1427150778472,abstract_fd_search,,0.6040283106267452,0.0029206164181232452,0.27282639965415,,0.08199533075094223,3.475029494613409,0.3070937693119049,0.24327145516872406,,0.07690446451306343,,,0.14897921308875084,,,,,3,0,0,0,58,,,0,5,stone,
sokoban-sat08-strips,p28.pddl,asp,timed out,1800.153814315796,concrete_asp,,,,,,,,0.31696944683790207,,,0.05415034294128418,,,,,,,,,,,,,,,47,,,
sokoban-sat08-strips,p28.pddl,fd,success,165.97575853392482,total,162.525579,,,,,,,,,162.51764,,,,,,,,valid,,,,,,506,,,,,
sokoban-sat08-strips,p29.pddl,abs-asp,timed out,1800.1473541297019,abstract_asp,,0.3739444278180599,0.002363380044698715,0.21366272121667862,,0.28496309742331505,0.3354383148252964,0.27294567227363586,0.2566186897456646,,0.0404612198472023,0.037232059985399246,,,,,,,0,0,,,42,,43,,67,location,
sokoban-sat08-strips,p29.pddl,abs-fd,success,478.5089562535286,total,469.391865,0.42609,0.002636,0.234757,,0.281273,0.335404,0.281453,0.279524,,0.04041,,,290.339369,176.281019,,,valid,0,0,0,0,519,519,,1,67,location,
sokoban-sat08-strips,p29.pddl,asp,timed out,1800.1429470814764,concrete_asp,,,,,,,,0.26714495569467545,,,0.03768371790647507,,,,,,,,,,,,,,,43,,,
sokoban-sat08-strips,p29.pddl,fd,success,295.07320538908243,total,292.062263,,,,,,,,,292.052091,,,,,,,,valid,,,,,,519,,,,,
sokoban-sat08-strips,p30.pddl,abs-asp,timed out,1800.0613017026335,abstract_asp,,0.4629244562238455,0.002879990264773369,0.23774997517466545,,0.32329532876610756,0.5981429852545261,0.2878697160631418,0.2636540737003088,,0.04139646328985691,0.03788672015070915,,,,,,,0,0,,,61,,62,,57,location,
sokoban-sat08-strips,p30.pddl,abs-fd,success,192.17292181029916,total,188.312485,0.475721,0.00296,0.222171,,0.321209,0.634437,0.26506,0.257702,,0.040054,,,26.159739,158.816869,,,valid,0,0,0,0,486,486,,1,57,location,
sokoban-sat08-strips,p30.pddl,asp,timed out,1800.1236907429993,concrete_asp,,,,,,,,0.26841606199741364,,,0.0388551726937294,,,,,,,,,,,,,,,62,,,
sokoban-sat08-strips,p30.pddl,fd,success,29.758886646479368,total,26.428988,,,,,,,,,26.419413,,,,,,,,valid,,,,,,486,,,,,
sokoban-sat11-strips,p13.pddl,abs-asp,timed out,1800.1446532048285,abstract_asp,,0.44032172113657,0.0025991015136241913,0.2535061612725258,,0.33547189459204674,0.4246758706867695,0.3242020010948181,0.31967682763934135,,0.0885130763053894,0.08205714076757431,,,,,,,0,0,,,31,,32,,64,location,
sokoban-sat11-strips,p13.pddl,abs-fd,success,27.01476128399372,total,23.162217,0.465478,0.00272,0.312685,,0.335975,0.448783,0.398301,0.349269,,0.098751,,,2.246575,18.167905,,,valid,0,0,0,0,95,95,,1,64,location,
sokoban-sat11-strips,p13.pddl,asp,timed out,1800.1617862321436,concrete_asp,,,,,,,,0.3573087565600872,,,0.08780109509825706,,,,,,,,,,,,,,,32,,,
sokoban-sat11-strips,p13.pddl,fd,success,5.018879901617765,total,2.519314,,,,,,,,,2.511636,,,,,,,,valid,,,,,,95,,,,,
sokoban-sat11-strips,p15.pddl,abs-asp,timed out,1800.1307937894017,abstract_asp,,0.46385221369564533,0.002986222505569458,0.22717889957129955,,0.32589414715766907,0.6072204224765301,0.2715094964951277,0.26547475159168243,,0.040777964517474174,0.03793664276599884,,,,,,,0,0,,,61,,62,,57,location,
sokoban-sat11-strips,p15.pddl,abs-fd,success,192.5312923565507,total,188.245008,0.475162,0.002927,0.265542,,0.3226,0.621434,0.32084,0.266808,,0.044258,,,26.246385,158.575161,,,valid,0,0,0,0,486,486,,1,57,location,
sokoban-sat11-strips,p15.pddl,asp,timed out,1800.1300138384104,concrete_asp,,,,,,,,0.279196597635746,,,0.03831104934215546,,,,,,,,,,,,,,,62,,,
sokoban-sat11-strips,p15.pddl,fd,success,29.30244540423155,total,26.488119,,,,,,,,,26.477046,,,,,,,,valid,,,,,,486,,,,,
sokoban-sat11-strips,p17.pddl,abs-asp,timed out,1800.1428690850735,abstract_asp,,0.4423770420253277,0.0024517476558685303,0.2715339660644531,,0.24420207366347313,0.4708160161972046,0.3623924143612385,0.2882910743355751,,0.05793968215584755,0.05050041526556015,,,,,,,0,0,,,47,,48,,50,location,
sokoban-sat11-strips,p17.pddl,abs-fd,success,222.2589148003608,total,219.255469,0.427598,0.002524,0.219876,,0.246578,0.498235,0.285074,0.2845,,0.054692,,,112.030386,104.433197,,,valid,0,0,0,0,356,356,,1,50,location,
sokoban-sat11-strips,p17.pddl,asp,timed out,1800.0948904901743,concrete_asp,,,,,,,,0.2925683706998825,,,0.05252941697835922,,,,,,,,,,,,,,,48,,,
sokoban-sat11-strips,p17.pddl,fd,success,115.4497350314632,total,112.535147,,,,,,,,,112.526299,,,,,,,,valid,,,,,,356,,,,,
sokoban-sat11-strips,p18.pddl,abs-asp,timed out,1800.1570158675313,abstract_asp,,0.41348573938012123,0.0024234913289546967,0.25612227246165276,,0.27947817370295525,0.3329964652657509,0.29802924394607544,0.24114038422703743,,0.0416291244328022,0.0355885773897171,,,,,,,0,0,,,42,,43,,67,location,
sokoban-sat11-strips,p18.pddl,abs-fd,success,468.7787250187248,total,465.565052,0.401208,0.002488,0.223638,,0.280794,0.348825,0.263645,0.25902,,0.0397,,,289.85404,173.025838,,,valid,0,0,0,0,519,519,,1,67,location,
sokoban-sat11-strips,p18.pddl,asp,timed out,1800.1421593017876,concrete_asp,,,,,,,,0.2681438960134983,,,0.03736940026283264,,,,,,,,,,,,,,,43,,,
sokoban-sat11-strips,p18.pddl,fd,success,293.1951025314629,total,290.217713,,,,,,,,,290.210037,,,,,,,,valid,,,,,,519,,,,,
sokoban-sat11-strips,p20.pddl,abs-asp,timed out,1800.1370259653777,abstract_asp,,0.4274851083755493,0.002797923982143402,0.31666104681789875,,0.16447889991104603,0.29740973748266697,0.5235952027142048,0.45653663389384747,,0.1654032040387392,0.1489619854837656,,,,,,,0,0,,,21,,22,,36,location,
sokoban-sat11-strips,p20.pddl,abs-fd,timed out,1800.1173449605703,concrete_asp,,0.42479701340198517,0.0027540288865566254,0.3146689869463444,,0.16510603576898575,0.2882244326174259,0.5039424225687981,0.4625624492764473,,0.16531505808234215,,,,,,,,0,0,,,,,,,36,location,
sokoban-sat11-strips,p20.pddl,asp,timed out,1800.194509498775,concrete_asp,,,,,,,,0.4482462406158447,,,0.15166166424751282,,,,,,,,,,,,,,,23,,,
sokoban-sat11-strips,p20.pddl,fd,timed out,1800.1140209883451,,,,,,,,,,,,,,,,,,,,,,,,,,,,,,
tpp,p02.pddl,abs-asp,success,3.6465830132365227,total,0.848147,0.161435,0.002163,0.139283,,0.00554,0.012083,0.232976,0.184557,,0.006683,0.003595,0.027383,,0.027307,,,valid,6,0,0,0,5,8,6,1,2,goods,
tpp,p02.pddl,abs-fd,success,3.1605278477072716,total,0.864252,0.157209,0.00221,0.122507,,0.005491,0.011913,0.207613,0.185605,,0.005197,,,0.084549,0.029273,,,valid,6,0,0,0,5,8,,1,2,goods,
tpp,p02.pddl,asp,success,2.2059507220983505,total,0.251967,,,,,,,0.185383,,,0.004136,,,,0.046172,,,valid,,,,,,8,,9,,,
tpp,p02.pddl,fd,success,2.146466851234436,total,0.20008,,,,,,,,,0.193381,,,,,,,,valid,,,,,,8,,,,,
tpp,p03.pddl,abs-asp,success,2.7241938076913357,total,0.797361,0.153827,0.002258,0.111606,,0.006405,0.011912,0.187994,0.181954,,0.004853,0.003675,0.033263,,0.033616,,,valid,6,0,1,0,5,11,6,1,3,goods,
tpp,p03.pddl,abs-fd,success,2.751187924295664,total,0.824009,0.153381,0.00225,0.109798,,0.006325,0.012126,0.184643,0.182597,,0.00446,,,0.083708,0.033583,,,valid,6,0,1,0,5,11,,1,3,goods,
tpp,p03.pddl,asp,success,2.226719181984663,total,0.264034,,,,,,,0.183094,,,0.004773,,,,0.061172,,,valid,,,,,,11,,12,,,
tpp,p03.pddl,fd,success,2.5819684341549873,total,0.216239,,,,,,,,,0.208183,,,,,,,,valid,,,,,,11,,,,,
tpp,p04.pddl,abs-asp,success,3.815223839133978,total,1.004771,0.169747,0.002233,0.147559,,0.007104,0.011832,0.260733,0.184258,,0.00812,0.003582,0.030508,,0.114811,,,valid,6,0,5,3,5,14,6,4,4,goods,
tpp,p04.pddl,abs-fd,success,4.246268192306161,total,1.01182,0.171423,0.002287,0.157048,,0.007145,0.011797,0.206556,0.183946,,0.006437,,,0.085278,0.117819,,,valid,6,0,5,3,5,14,,4,4,goods,
tpp,p04.pddl,asp,success,2.3296933509409428,total,0.35678,,,,,,,0.190076,,,0.004782,,,,0.143628,,,valid,,,,,,14,,15,,,
tpp,p04.pddl,fd,success,2.1635701432824135,total,0.2052,,,,,,,,,0.199467,,,,,,,,valid,,,,,,14,,,,,
tpp,p05.pddl,abs-asp,success,116.94003121554852,total,114.8802,0.169103,0.002335,0.115046,,0.010447,0.017656,0.194773,0.184573,,0.006175,0.004039,0.047057,,114.057196,,,valid,6,0,7,4,7,19,8,5,5,goods,
tpp,p05.pddl,abs-fd,success,130.73054054379463,total,128.736087,0.168651,0.002356,0.11537,,0.010537,0.017704,0.193813,0.182184,,0.006274,,,0.084606,127.895911,,,valid,6,0,7,4,7,19,,5,5,goods,
tpp,p05.pddl,asp,success,40.91397166252136,total,38.672865,,,,,,,0.193949,,,0.006179,,,,38.446567,,,valid,,,,,,19,,20,,,
tpp,p05.pddl,fd,success,2.575883738696575,total,0.228491,,,,,,,,,0.220242,,,,,,,,valid,,,,,,19,,,,,
tpp,p06.pddl,abs-asp,timed out,1800.11963699013,abstract_solving,,0.18977607041597366,0.002453763037919998,0.1524311676621437,,0.011791177093982697,0.014443878084421158,0.24919723719358444,0.19310467690229416,,0.017350368201732635,0.00665215402841568,0.10582389310002327,,,,,,6,0,0,0,11,,12,0,5,goods,
tpp,p06.pddl,abs-fd,timed out,1800.117264032364,abstract_fd_search,,0.17613831534981728,0.0024151988327503204,0.125663660466671,,0.011552177369594574,0.013566393405199051,0.19973736628890038,0.18508938513696194,,0.014317367225885391,,,0.08480901457369328,,,,,6,0,0,0,11,,,0,5,goods,
tpp,p06.pddl,asp,timed out,1800.1169678010046,concrete_asp,,,,,,,,0.2111249379813671,,,0.01372651755809784,,,,,,,,,,,,,,,23,,,
tpp,p06.pddl,fd,success,2.2764725647866726,total,0.22952,,,,,,,,,0.221092,,,,,,,,valid,,,,,,29,,,,,
tpp,p07.pddl,abs-asp,success,20.999087795615196,total,18.320775,0.188492,0.002438,0.145487,,0.011834,0.016003,0.224223,0.182799,,0.017681,0.008855,13.809183,,3.643387,,,valid,6,0,3,0,19,39,20,1,4,goods,
tpp,p07.pddl,abs-fd,success,4.37714808806777,total,2.288377,0.183917,0.002482,0.126976,,0.012133,0.016182,0.207143,0.201484,,0.016151,,,0.090511,1.358177,,,valid,6,0,3,0,19,39,,1,4,goods,
tpp,p07.pddl,asp,timed out,1800.1204036399722,concrete_asp,,,,,,,,0.22931591048836708,,,0.015076026320457458,,,,,,,,,,,,,,,24,,,
tpp,p07.pddl,fd,success,2.2718361914157867,total,0.233172,,,,,,,,,0.2251,,,,,,,,valid,,,,,,46,,,,,
tpp,p08.pddl,abs-asp,success,333.4775946587324,total,330.091456,0.207703,0.002623,0.183068,,0.013929,0.016933,0.2831,0.203642,,0.020947,0.010937,294.324595,,34.705838,,,valid,6,0,4,0,23,46,24,1,4,goods,
tpp,p08.pddl,abs-fd,success,5.422648146748543,total,2.344036,0.200183,0.00256,0.163813,,0.013883,0.01665,0.25324,0.200875,,0.021037,,,0.090969,1.301946,,,valid,6,0,4,0,23,47,,1,4,goods,
tpp,p08.pddl,asp,timed out,1800.1173939071596,concrete_asp,,,,,,,,0.21516327187418938,,,0.017116200178861618,,,,,,,,,,,,,,,24,,,
tpp,p08.pddl,fd,success,2.2946347892284393,total,0.230448,,,,,,,,,0.222837,,,,,,,,valid,,,,,,56,,,,,
tpp,p09.pddl,abs-asp,timed out,1800.1095918789506,abstract_asp,,0.21047436445951462,0.0027391165494918823,0.14120608195662498,,0.01917796954512596,0.025017082691192627,0.2294289655983448,0.21010742336511612,,0.027418561279773712,0.013728044927120209,,,,,,,6,0,,,20,,21,,5,goods,
tpp,p09.pddl,abs-fd,timed out,1800.125380165875,abstract_fd_search,,0.22662509605288506,0.002616085112094879,0.15820376574993134,,0.019050560891628265,0.024420108646154404,0.23120708018541336,0.20937172695994377,,0.02820035070180893,,,0.09020762145519257,,,,,6,0,0,0,24,,,0,5,goods,
tpp,p09.pddl,asp,timed out,1800.117689177394,concrete_asp,,,,,,,,0.22786946594715118,,,0.026253722608089447,,,,,,,,,,,,,,,23,,,
tpp,p09.pddl,fd,success,2.3381814919412136,total,0.255902,,,,,,,,,0.24988,,,,,,,,valid,,,,,,58,,,,,
tpp,p10.pddl,abs-asp,timed out,1800.1216645948589,abstract_asp,,0.22920950129628181,0.002920903265476227,0.13990554958581924,,0.1316264234483242,0.01931605488061905,0.23958678543567657,0.2159251570701599,,0.030114449560642242,0.014051821082830429,,,,,,,6,0,,,16,,17,,6,goods,
tpp,p10.pddl,abs-fd,timed out,1800.1224533617496,abstract_fd_search,,0.22549812868237495,0.0026880167424678802,0.1484951302409172,,0.021773479878902435,0.09511834755539894,0.23844539746642113,0.20206165686249733,,0.031085625290870667,,,0.08405487611889839,,,,,6,0,0,0,18,,,0,6,goods,
tpp,p10.pddl,asp,timed out,1800.1184407137334,concrete_asp,,,,,,,,0.22378495335578918,,,0.028668947517871857,,,,,,,,,,,,,,,23,,,
tpp,p10.pddl,fd,success,2.867117829620838,total,0.289476,,,,,,,,,0.281921,,,,,,,,valid,,,,,,74,,,,,
tpp,p11.pddl,abs-asp,timed out,1800.1296129971743,abstract_solving,,0.211904875934124,0.002463851124048233,0.1968006230890751,,0.01422785222530365,0.01772170513868332,0.3156070038676262,0.22494469210505486,,0.05536097288131714,0.024430260062217712,39.275592129677534,,,,,,6,0,0,0,18,,19,0,4,goods,
tpp,p11.pddl,abs-fd,timed out,1800.132177889347,abstract_fd_search,,0.19122810289263725,0.0024874135851860046,0.15256766974925995,,0.014247305691242218,0.017897803336381912,0.26131851226091385,0.22004593163728714,,0.05205712467432022,,,0.09152832254767418,,,,,6,0,0,0,24,,,0,4,goods,
tpp,p11.pddl,asp,timed out,1800.1183105632663,concrete_asp,,,,,,,,0.27867184206843376,,,0.05018250271677971,,,,,,,,,,,,,,,24,,,
tpp,p11.pddl,fd,success,3.2457849364727736,total,0.346752,,,,,,,,,0.339714,,,,,,,,valid,,,,,,103,,,,,
tpp,p12.pddl,abs-asp,timed out,1800.1162637211382,abstract_asp,,0.20332197472453117,0.0025509968400001526,0.16153642907738686,,0.016009382903575897,0.019827671349048615,0.27335987240076065,0.2332124225795269,,0.06109435483813286,0.03216404840350151,,,,,,,6,0,,,22,,23,,4,goods,
tpp,p12.pddl,abs-fd,timed out,1800.129956047982,abstract_fd_search,,0.20208808407187462,0.0025910399854183197,0.1577502004802227,,0.015798725187778473,0.01987958699464798,0.27649911865592003,0.2390035279095173,,0.061018917709589005,,,0.09432296827435493,,,,,6,0,0,0,25,,,0,4,goods,
tpp,p12.pddl,asp,timed out,1800.1228514593095,concrete_asp,,,,,,,,0.2788352379575372,,,0.060760486871004105,,,,,,,,,,,,,,,24,,,
tpp,p12.pddl,fd,success,3.6930026970803738,total,0.381106,,,,,,,,,0.371973,,,,,,,,valid,,,,,,91,,,,,
tpp,p13.pddl,abs-asp,timed out,1800.1189068444073,abstract_asp,,0.3151201568543911,0.0027068816125392914,0.21496007218956947,,0.020749535411596298,0.023994144052267075,0.3681475445628166,0.2779688909649849,,0.10505998134613037,0.054673660546541214,,,,,,,6,0,,,19,,20,,4,goods,
tpp,p13.pddl,abs-fd,timed out,1800.1326120328158,abstract_fd_search,,0.477351788431406,0.002733670175075531,0.19401711784303188,,0.02107969857752323,0.024152863770723343,0.33383240923285484,0.27969639375805855,,0.10124163329601288,,,0.10095916874706745,,,,,6,0,0,0,26,,,0,4,goods,
tpp,p13.pddl,asp,timed out,1800.12252240628,concrete_asp,,,,,,,,0.3738991543650627,,,0.09739719331264496,,,,,,,,,,,,,,,20,,,
tpp,p13.pddl,fd,success,4.1682770773768425,total,0.453878,,,,,,,,,0.445179,,,,,,,,valid,,,,,,59,,,,,
tpp,p14.pddl,abs-asp,timed out,1800.1222170814872,abstract_asp,,0.3102678880095482,0.0027395300567150116,0.20237178355455399,,0.023286521434783936,0.02598244696855545,0.35727323591709137,0.30324848741292953,,0.12627911195158958,0.06684861332178116,,,,,,,6,0,,,18,,19,,4,goods,
tpp,p14.pddl,abs-fd,timed out,1800.133834104985,abstract_fd_search,,0.309433039277792,0.002696555107831955,0.2233676314353943,,0.022417820990085602,0.02515494078397751,0.39457574114203453,0.28253423795104027,,0.1127917654812336,,,0.09689571335911751,,,,,6,0,0,0,26,,,0,4,goods,
tpp,p14.pddl,asp,timed out,1800.1182853477076,concrete_asp,,,,,,,,0.38264352548867464,,,0.11007038038223982,,,,,,,,,,,,,,,21,,,
tpp,p14.pddl,fd,success,3.436003813520074,total,0.452132,,,,,,,,,0.444984,,,,,,,,valid,,,,,,89,,,,,
tpp,p15.pddl,abs-asp,timed out,1800.1176329627633,abstract_asp,,0.31663526967167854,0.002754218876361847,0.20833807438611984,,0.02699851617217064,0.02494356781244278,0.369138415902853,0.3009740673005581,,0.12710479274392128,0.06827497854828835,,,,,,,6,0,,,20,,21,,5,goods,
tpp,p15.pddl,abs-fd,timed out,1800.0509243309498,abstract_fd_search,,0.3314449228346348,0.002766519784927368,0.21791574731469154,,0.026620324701070786,0.024932388216257095,0.3831218481063843,0.2963356003165245,,0.12596258893609047,,,0.1031137965619564,,,,,6,0,0,0,31,,,0,5,goods,
tpp,p15.pddl,asp,timed out,1800.1220222823322,concrete_asp,,,,,,,,0.3755648322403431,,,0.12191662937402725,,,,,,,,,,,,,,,20,,,
tpp,p15.pddl,fd,success,2.7534941220656037,total,0.475634,,,,,,,,,0.467136,,,,,,,,valid,,,,,,105,,,,,
tpp,p16.pddl,abs-asp,timed out,1800.1273983512074,abstract_asp,,0.3489844296127558,0.0028763990849256516,0.3431920912116766,,0.026930764317512512,0.037822652608156204,0.6148183662444353,0.45540050603449345,,0.26715727895498276,0.16531008295714855,,,,,,,6,0,,,18,,19,,4,goods,
tpp,p16.pddl,abs-fd,timed out,1800.1588621661067,abstract_fd_search,,0.3399285636842251,0.002980560064315796,0.3280389830470085,,0.02746417000889778,0.04078466445207596,0.6384174562990665,0.45914822444319725,,0.2595466561615467,,,0.13046308234333992,,,,,6,0,0,0,36,,,0,4,goods,
tpp,p16.pddl,asp,timed out,1800.1301196031272,concrete_asp,,,,,,,,0.5654373215511441,,,0.24525755178183317,,,,,,,,,,,,,,,23,,,
tpp,p16.pddl,fd,success,4.325653359293938,total,0.780171,,,,,,,,,0.772395,,,,,,,,valid,,,,,,128,,,,,
tpp,p17.pddl,abs-asp,timed out,1800.1285846941173,abstract_asp,,0.36573076620697975,0.003040265291929245,0.36449651047587395,,0.03554520756006241,0.03656350448727608,0.7213410586118698,0.5091170482337475,,0.3558535911142826,0.19993159174919128,,,,,,,6,0,,,19,,20,,5,goods,
tpp,p17.pddl,abs-fd,timed out,1800.182231636718,abstract_fd_search,,0.37133810482919216,0.0031121820211410522,0.3831646088510752,,0.03531166724860668,0.037377772852778435,0.7627488598227501,0.5044379029422998,,0.36020505987107754,,,0.14985020086169243,,,,,6,0,0,0,43,,,0,5,goods,
tpp,p17.pddl,asp,timed out,1800.0318919867277,concrete_asp,,,,,,,,0.7522132620215416,,,0.3344150297343731,,,,,,,,,,,,,,,19,,,
tpp,p17.pddl,fd,success,4.841244857758284,total,1.055164,,,,,,,,,1.044732,,,,,,,,valid,,,,,,121,,,,,
tpp,p18.pddl,abs-asp,timed out,1800.1269967146218,abstract_asp,,0.38667577877640724,0.003041554242372513,0.41916387155652046,,0.04487850144505501,0.037658464163541794,0.8107200637459755,0.43607276678085327,,0.3919510617852211,0.1530553139746189,,,,,,,6,0,,,18,,19,,8,goods,
tpp,p18.pddl,abs-fd,timed out,1800.177039310336,abstract_fd_search,,0.3902839720249176,0.0033094771206378937,0.4012100361287594,,0.04573167860507965,0.04027227312326431,0.7902698144316673,0.4558562971651554,,0.4024534188210964,,,0.13307425752282143,,,,,6,0,0,0,31,,,0,8,goods,
tpp,p18.pddl,asp,timed out,1800.124535601586,concrete_asp,,,,,,,,0.7998936455696821,,,0.36331191658973694,,,,,,,,,,,,,,,19,,,
tpp,p18.pddl,fd,success,4.529334271326661,total,1.018071,,,,,,,,,1.009737,,,,,,,,valid,,,,,,106,,,,,
tpp,p19.pddl,abs-asp,timed out,1800.128895379603,abstract_asp,,0.4049883224070072,0.003152519464492798,0.46264657750725746,,0.04321988672018051,0.03972228243947029,0.8338465355336666,0.5591006428003311,,0.42225678265094757,0.23038923740386963,,,,,,,6,0,,,19,,20,,6,goods,
tpp,p19.pddl,abs-fd,timed out,1800.1971340589225,abstract_fd_search,,0.4196948725730181,0.0033935941755771637,0.44772087037563324,,0.044320255517959595,0.04104492999613285,0.8970535695552826,0.5757745262235403,,0.4378367140889168,,,0.1665691714733839,,,,,6,0,0,0,49,,,0,6,goods,
tpp,p19.pddl,asp,timed out,1800.1268212096766,concrete_asp,,,,,,,,0.8482139855623245,,,0.39600474014878273,,,,,,,,,,,,,,,18,,,
tpp,p19.pddl,fd,success,4.529249932616949,total,1.250136,,,,,,,,,1.244355,,,,,,,,valid,,,,,,163,,,,,
tpp,p20.pddl,abs-asp,timed out,1800.0418545175344,abstract_asp,,0.39753318578004837,0.003257717937231064,0.4668239913880825,,0.04273228347301483,0.045512730255723,0.8968093600124121,0.7048388291150331,,0.4574715755879879,0.2816917151212692,,,,,,,6,0,,,19,,20,,5,goods,
tpp,p20.pddl,abs-fd,timed out,1800.2507427968085,abstract_fd_search,,0.39900364354252815,0.0033612102270126343,0.4640527218580246,,0.04270458221435547,0.04563664644956589,0.8879458978772163,0.6866846233606339,,0.45415421947836876,,,0.20821396261453629,,,,,6,0,0,0,62,,,0,5,goods,
tpp,p20.pddl,asp,timed out,1800.1270093191415,concrete_asp,,,,,,,,0.8937693918123841,,,0.42707895021885633,,,,,,,,,,,,,,,18,,,
tpp,p20.pddl,fd,success,4.974058826453984,total,1.402845,,,,,,,,,1.395304,,,,,,,,valid,,,,,,208,,,,,
tpp,p21.pddl,abs-asp,timed out,1800.1247897222638,abstract_asp,,0.39821499213576317,0.0030110105872154236,0.6742642931640148,,0.042536910623311996,0.04667844623327255,1.324476819485426,0.3670307733118534,,0.7577786855399609,0.1070089191198349,,,,,,,3,0,,,25,,26,,6,truck,
tpp,p21.pddl,abs-fd,timed out,1800.211927242577,abstract_fd_search,,0.3973475731909275,0.00331667996942997,0.6597146838903427,,0.04239802062511444,0.04827675595879555,1.3618059493601322,0.3821672536432743,,0.7534498982131481,,,0.12699826434254646,,,,,3,0,0,0,61,,,0,6,truck,
tpp,p21.pddl,asp,timed out,1800.1390950530767,concrete_asp,,,,,,,,1.3938985578715801,,,0.7027480266988277,,,,,,,,,,,,,,,19,,,
tpp,p21.pddl,fd,success,5.342817276716232,total,1.915458,,,,,,,,,1.90773,,,,,,,,valid,,,,,,195,,,,,
tpp,p22.pddl,abs-asp,timed out,1800.135080050677,abstract_asp,,0.39391060546040535,0.0030532106757164,0.6816651746630669,,0.04456797242164612,0.04268844053149223,1.4072953388094902,0.8712375909090042,,0.817467775195837,0.4101228043437004,,,,,,,6,0,,,18,,19,,6,goods,
tpp,p22.pddl,abs-fd,timed out,1800.2523178681731,abstract_fd_search,,0.4073805846273899,0.003107503056526184,0.7068721577525139,,0.045215751975774765,0.04379710182547569,1.4274501353502274,0.826722826808691,,0.8058884963393211,,,0.20178072899580002,,,,,6,0,0,0,41,,,0,6,goods,
tpp,p22.pddl,asp,timed out,1800.1325762607157,concrete_asp,,,,,,,,1.4359808079898357,,,0.7644436545670033,,,,,,,,,,,,,,,19,,,
tpp,p22.pddl,fd,success,5.961674182675779,total,1.915223,,,,,,,,,1.903904,,,,,,,,valid,,,,,,136,,,,,
tpp,p23.pddl,abs-asp,timed out,1800.1356031261384,abstract_asp,,0.44523613154888153,0.003622673451900482,0.7675474099814892,,0.04836580529808998,0.05192829668521881,1.5865506306290627,0.4133182652294636,,0.8922388888895512,0.14530859887599945,,,,,,,3,0,,,24,,25,,6,truck,
tpp,p23.pddl,abs-fd,timed out,1800.3082941956818,abstract_fd_search,,0.45736607909202576,0.003894757479429245,0.7543274573981762,,0.05005503073334694,0.05239177867770195,1.5408743731677532,0.4106439985334873,,0.8961429446935654,,,0.12288248538970947,,,,,3,0,0,0,65,,,0,6,truck,
tpp,p23.pddl,asp,timed out,1800.1435208879411,concrete_asp,,,,,,,,1.5283058285713196,,,0.8250944130122662,,,,,,,,,,,,,,,19,,,
tpp,p23.pddl,fd,success,6.0732876025140285,total,2.264648,,,,,,,,,2.253867,,,,,,,,valid,,,,,,171,,,,,
tpp,p24.pddl,abs-asp,timed out,1800.1344276349992,abstract_asp,,0.43137758783996105,0.003240693360567093,0.7839494068175554,,0.05749096907675266,0.05191190913319588,1.5911420714110136,1.0523177720606327,,0.9208677355200052,0.5323586612939835,,,,,,,6,0,,,16,,17,,6,goods,
tpp,p24.pddl,abs-fd,timed out,1800.289519160986,abstract_fd_search,,0.43954942375421524,0.0031499601900577545,0.7916042916476727,,0.05650290846824646,0.05060610547661781,1.6189051009714603,1.0589212663471699,,0.9330257922410965,,,0.2563658244907856,,,,,6,0,0,0,49,,,0,6,goods,
tpp,p24.pddl,asp,timed out,1800.1383552961051,concrete_asp,,,,,,,,1.6431012153625488,,,0.8739124350249767,,,,,,,,,,,,,,,17,,,
tpp,p24.pddl,fd,success,5.687585350126028,total,3.119635,,,,,,,,,3.110049,,,,,,,,valid,,,,,,173,,,,,
tpp,p25.pddl,abs-asp,timed out,1800.126928947866,abstract_asp,,0.4890168197453022,0.009508879855275154,0.9977326299995184,,0.06647579930722713,0.0657358467578888,2.00976830907166,0.43127171508967876,,1.1961559783667326,0.14555812254548073,,,,,,,3,0,,,25,,26,,7,truck,
tpp,p25.pddl,abs-fd,timed out,1800.583266992122,abstract_fd_search,,0.5020157173275948,0.010316703468561172,1.0666285827755928,,0.06712179630994797,0.06545666977763176,2.123605214059353,0.4575792923569679,,1.1975512243807316,,,0.14339496195316315,,,,,3,0,0,0,74,,,0,7,truck,
tpp,p25.pddl,asp,timed out,1800.1541532464325,concrete_asp,,,,,,,,2.029146395623684,,,1.1208464466035366,,,,,,,,,,,,,,,18,,,
tpp,p25.pddl,fd,success,6.302600879222155,total,3.329362,,,,,,,,,3.319985,,,,,,,,valid,,,,,,191,,,,,
tpp,p26.pddl,abs-asp,timed out,1800.1318703461438,abstract_asp,,0.5016654003411531,0.0035241171717643738,1.5926084611564875,,0.0690878089517355,0.07373100332915783,3.3724925629794598,0.5774252414703369,,1.9848754648119211,0.23878851160407066,,,,,,,3,0,,,23,,24,,7,truck,
tpp,p26.pddl,abs-fd,timed out,1800.5429385453463,abstract_fd_search,,0.501074880361557,0.0038704760372638702,1.6084299609065056,,0.07109665125608444,0.07681959867477417,3.3987050987780094,0.5996645390987396,,1.991779636591673,,,0.17485832050442696,,,,,3,0,0,0,77,,,0,7,truck,
tpp,p26.pddl,asp,timed out,1800.1650310494006,concrete_asp,,,,,,,,3.34261317178607,,,1.8434156440198421,,,,,,,,,,,,,,,17,,,
tpp,p26.pddl,fd,success,8.970891527831554,total,5.358762,,,,,,,,,5.353636,,,,,,,,valid,,,,,,198,,,,,
tpp,p27.pddl,abs-asp,timed out,1800.16070882231,abstract_asp,,0.5075410418212414,0.0034442171454429626,1.7774118557572365,,0.07257398590445518,0.07260224595665932,3.715630155056715,2.2856818698346615,,2.0577182099223137,1.1952094957232475,,,,,,,6,0,,,17,,18,,7,goods,
tpp,p27.pddl,abs-fd,timed out,1800.5728249810636,abstract_fd_search,,0.5005839206278324,0.003512069582939148,1.7270902432501316,,0.07253720238804817,0.07176383584737778,3.702651847153902,2.3153816163539886,,2.0669511444866657,,,0.5197273381054401,,,,,6,0,0,0,60,,,0,7,goods,
tpp,p27.pddl,asp,timed out,1800.1789438053966,concrete_asp,,,,,,,,3.7737520709633827,,,1.9167549684643745,,,,,,,,,,,,,,,18,,,
tpp,p27.pddl,fd,success,9.201574493199587,total,6.543999,,,,,,,,,6.536118,,,,,,,,valid,,,,,,220,,,,,
tpp,p28.pddl,abs-asp,timed out,1800.1311794556677,abstract_asp,,0.5363993048667908,0.003598928451538086,1.8621973134577274,,0.07598496600985527,0.08124794811010361,3.9644936323165894,0.6243739314377308,,2.242565732449293,0.2837116867303848,,,,,,,3,0,,,24,,25,,7,truck,
tpp,p28.pddl,abs-fd,interrupted,213.30268242768943,abstract_fd_search,,0.5176414269953966,0.003680698573589325,1.8129898887127638,,0.07759102992713451,0.0835508294403553,3.897008288651705,0.6294837612658739,,2.2356761936098337,,,0.1849340759217739,,,,,3,0,0,0,87,,,0,7,truck,
tpp,p28.pddl,asp,timed out,1800.2125100642443,concrete_asp,,,,,,,,3.965489275753498,,,2.0931075885891914,,,,,,,,,,,,,,,18,,,
tpp,p28.pddl,fd,success,9.528761643916368,total,6.844721,,,,,,,,,6.836153,,,,,,,,valid,,,,,,238,,,,,
tpp,p29.pddl,abs-asp,timed out,1800.133610509336,abstract_asp,,0.5847162529826164,0.003808800131082535,2.313195873051882,,0.09873675554990768,0.0953315794467926,4.811173442751169,0.711924608796835,,2.768278557807207,0.3014395236968994,,,,,,,3,0,,,23,,24,,8,truck,
tpp,p29.pddl,abs-fd,interrupted,188.82775631919503,abstract_fd_search,,0.5823173522949219,0.0038080476224422455,2.2952738255262375,,0.09763037785887718,0.09702977910637856,4.764324750751257,0.7182233408093452,,2.7150860615074635,,,0.19105248898267746,,,,,3,0,0,0,102,,,0,8,truck,
tpp,p29.pddl,asp,timed out,1800.1888118162751,concrete_asp,,,,,,,,4.770153287798166,,,2.5468969084322453,,,,,,,,,,,,,,,16,,,
tpp,p29.pddl,fd,success,16.602423775941133,total,13.721269,,,,,,,,,13.711351,,,,,,,,valid,,,,,,299,,,,,
tpp,p30.pddl,abs-asp,timed out,1800.0404564831406,abstract_asp,,0.5910092573612928,0.0038778502494096756,2.414478186517954,,0.10192981734871864,0.10304181091487408,5.303572421893477,0.7687336523085833,,2.9588000662624836,0.3165072798728943,,,,,,,3,0,,,23,,24,,8,truck,
tpp,p30.pddl,abs-fd,interrupted,192.06163034588099,abstract_fd_search,,0.5965492352843285,0.003946986049413681,2.4376474246382713,,0.10250257700681686,0.1068284846842289,5.390794597566128,0.7453771010041237,,2.950307160615921,,,0.21183760091662407,,,,,3,0,0,0,101,,,0,8,truck,
tpp,p30.pddl,asp,timed out,1800.1792976483703,concrete_asp,,,,,,,,5.273508444428444,,,2.6518266648054123,,,,,,,,,,,,,,,17,,,
tpp,p30.pddl,fd,success,14.516870211809874,total,11.626386,,,,,,,,,11.61746,,,,,,,,valid,,,,,,302,,,,,
transport-sat08-strips,p01.pddl,abs-asp,success,8.34137280099094,total,1.231121,0.158764,0.002376,0.111448,,0.005509,0.011758,0.196906,0.18281,,0.013335,0.007439,0.053646,,0.430614,,,unchecked: No available engine supports all the problem features:,4,0,2,0,5,10,6,1,2,vehicle,
transport-sat08-strips,p01.pddl,abs-fd,success,2.8938428200781345,total,0.966938,0.160582,0.002428,0.115098,,0.005537,0.011537,0.202416,0.19457,,0.013575,,,0.084309,0.117603,,,unchecked: No available engine supports all the problem features:,4,0,2,0,5,10,,1,2,vehicle,
transport-sat08-strips,p01.pddl,asp,success,2.3267479613423347,total,0.342487,,,,,,,0.205691,,,0.01315,,,,0.104238,,,unchecked: No available engine supports all the problem features:,,,,,,6,,7,,,
transport-sat08-strips,p01.pddl,fd,success,2.1784192137420177,total,0.227358,,,,,,,,,0.219872,,,,,,,,unchecked: No available engine supports all the problem features:,,,,,,6,,,,,
transport-sat08-strips,p02.pddl,abs-asp,success,16.687170911580324,total,14.399151,0.187629,0.001725,0.134543,,0.007349,0.016966,0.229876,0.187335,,0.040333,0.029091,12.900972,,0.613747,,,unchecked: No available engine supports all the problem features:,2,0,0,0,12,22,13,1,2,package,
transport-sat08-strips,p02.pddl,abs-fd,success,5.2064641788601875,total,3.238484,0.190816,0.001892,0.132922,,0.007674,0.017672,0.236808,0.218243,,0.041409,,,0.089561,2.23637,,,unchecked: No available engine supports all the problem features:,2,0,2,0,17,33,,1,2,package,
transport-sat08-strips,p02.pddl,asp,success,489.25062526389956,total,486.075189,,,,,,,0.281632,,,0.039558,,,,485.709445,,,unchecked: No available engine supports all the problem features:,,,,,,19,,20,,,
transport-sat08-strips,p02.pddl,fd,success,2.0713477097451687,total,0.243356,,,,,,,,,0.238088,,,,,,,,unchecked: No available engine supports all the problem features:,,,,,,23,,,,,
transport-sat08-strips,p03.pddl,abs-asp,timed out,1800.12124373205,abstract_asp,,0.34926135651767254,0.002105139195919037,0.2481761146336794,,0.012816539034247398,0.025818808004260063,0.44651633128523827,0.2539911977946758,,0.14184466749429703,0.03984030708670616,,,,,,,4,0,,,19,,20,,3,vehicle,
transport-sat08-strips,p03.pddl,abs-fd,timed out,1800.148757852614,abstract_fd_search,,0.33578429371118546,0.0021841414272785187,0.19647018238902092,,0.012777846306562424,0.025648996233940125,0.37648535892367363,0.25339779630303383,,0.13791494816541672,,,0.09903977438807487,,,,,4,0,0,0,21,,,0,3,vehicle,
transport-sat08-strips,p03.pddl,asp,timed out,1800.125295843929,concrete_asp,,,,,,,,0.38343577831983566,,,0.12845481932163239,,,,,,,,,,,,,,,18,,,
transport-sat08-strips,p03.pddl,fd,success,2.511620338074863,total,0.437124,,,,,,,,,0.428357,,,,,,,,unchecked: No available engine supports all the problem features:,,,,,,35,,,,,
transport-sat08-strips,p04.pddl,abs-asp,timed out,1800.121319014579,abstract_asp,,0.35657457634806633,0.00228293240070343,0.28125182911753654,,0.013561170548200607,0.0381951630115509,0.5622246786952019,0.300193402916193,,0.2449173778295517,0.07327894493937492,,,,,,,4,0,,,19,,20,,3,vehicle,
transport-sat08-strips,p04.pddl,abs-fd,timed out,1800.1621116660535,abstract_fd_search,,0.34577701613307,0.002256099134683609,0.2546372786164284,,0.013547830283641815,0.03736136853694916,0.5153523832559586,0.3013949356973171,,0.24195769429206848,,,0.11000753939151764,,,,,4,0,0,0,26,,,0,3,vehicle,
transport-sat08-strips,p04.pddl,asp,timed out,1800.1225136825815,concrete_asp,,,,,,,,0.5523243136703968,,,0.2173931421712041,,,,,,,,,,,,,,,19,,,
transport-sat08-strips,p04.pddl,fd,success,2.5669839810580015,total,0.599655,,,,,,,,,0.592922,,,,,,,,unchecked: No available engine supports all the problem features:,,,,,,48,,,,,
transport-sat08-strips,p05.pddl,abs-asp,timed out,1800.1239786073565,abstract_asp,,0.4065829887986183,0.002443082630634308,0.376955259591341,,0.01642090082168579,0.05113678053021431,0.7998076602816582,0.36645472049713135,,0.3741166479885578,0.10635530948638916,,,,,,,4,0,,,20,,21,,3,vehicle,
transport-sat08-strips,p05.pddl,abs-fd,timed out,1800.2181421294808,abstract_fd_search,,0.39178383722901344,0.002443615347146988,0.3337092585861683,,0.016416482627391815,0.051737453788518906,0.7426663562655449,0.369474146515131,,0.37463653832674026,,,0.1267804428935051,,,,,4,0,0,0,35,,,0,3,vehicle,
transport-sat08-strips,p05.pddl,asp,timed out,1800.1265576444566,concrete_asp,,,,,,,,0.7818438857793808,,,0.34727564454078674,,,,,,,,,,,,,,,20,,,
transport-sat08-strips,p05.pddl,fd,success,3.174671125598252,total,0.921315,,,,,,,,,0.913143,,,,,,,,unchecked: No available engine supports all the problem features:,,,,,,75,,,,,
transport-sat08-strips,p06.pddl,abs-asp,timed out,1800.121577553451,abstract_asp,,0.4698149561882019,0.002652958035469055,0.5808436758816242,,0.02419014275074005,0.06973979994654655,1.3502852767705917,0.44635196030139923,,0.7123937904834747,0.1478925123810768,,,,,,,4,0,,,21,,22,,4,vehicle,
transport-sat08-strips,p06.pddl,abs-fd,timed out,1800.2619664520025,abstract_fd_search,,0.4892968162894249,0.0026629455387592316,0.5699018388986588,,0.024298932403326035,0.07052713632583618,1.3271171785891056,0.44739023223519325,,0.7189295329153538,,,0.14542807266116142,,,,,4,0,0,0,41,,,0,4,vehicle,
transport-sat08-strips,p06.pddl,asp,timed out,1800.1373681481928,concrete_asp,,,,,,,,1.370905346237123,,,0.656508375890553,,,,,,,,,,,,,,,18,,,
transport-sat08-strips,p06.pddl,fd,success,4.6933571845293045,total,1.803283,,,,,,,,,1.794427,,,,,,,,unchecked: No available engine supports all the problem features:,,,,,,99,,,,,
transport-sat08-strips,p07.pddl,abs-asp,timed out,1800.130730073899,abstract_asp,,0.49164560437202454,0.002738557755947113,0.7049695961177349,,0.030282922089099884,0.08697264641523361,1.7605179324746132,0.5516017526388168,,0.9746774286031723,0.21393734961748123,,,,,,,4,0,,,20,,21,,4,vehicle,
transport-sat08-strips,p07.pddl,abs-fd,timed out,1800.303625062108,abstract_fd_search,,0.4632773846387863,0.002791527658700943,0.7101783454418182,,0.029988575726747513,0.08833527937531471,1.8201145455241203,0.5479062087833881,,0.9651362523436546,,,0.18687133118510246,,,,,4,0,0,0,51,,,0,4,vehicle,
transport-sat08-strips,p07.pddl,asp,timed out,1800.1444345116615,concrete_asp,,,,,,,,1.8185014948248863,,,0.8991512842476368,,,,,,,,,,,,,,,17,,,
transport-sat08-strips,p07.pddl,fd,success,5.668489370495081,total,2.448792,,,,,,,,,2.440923,,,,,,,,unchecked: No available engine supports all the problem features:,,,,,,101,,,,,
transport-sat08-strips,p08.pddl,abs-asp,timed out,1800.1358178555965,abstract_asp,,0.5389523971825838,0.0029530078172683716,0.9789621569216251,,0.02793300524353981,0.10952633433043957,2.267372829839587,0.7004418056458235,,1.2573017627000809,0.25614419765770435,,,,,,,4,0,,,19,,20,,4,vehicle,
transport-sat08-strips,p08.pddl,abs-fd,timed out,1800.3027354478836,abstract_fd_search,,0.5221614092588425,0.00292959064245224,0.9741911217570305,,0.028328504413366318,0.10984380915760994,2.16056240350008,0.7020405828952789,,1.2516473345458508,,,0.21045644581317902,,,,,4,0,0,0,53,,,0,4,vehicle,
transport-sat08-strips,p08.pddl,asp,timed out,1800.1503886803985,concrete_asp,,,,,,,,2.210620317608118,,,1.1640168093144894,,,,,,,,,,,,,,,19,,,
transport-sat08-strips,p08.pddl,fd,success,6.647440828382969,total,3.233204,,,,,,,,,3.225086,,,,,,,,unchecked: No available engine supports all the problem features:,,,,,,119,,,,,
transport-sat08-strips,p09.pddl,abs-asp,timed out,1800.1270014159381,abstract_asp,,0.5552829504013062,0.0031571201980113983,1.2344871573150158,,0.029307670891284943,0.13771630451083183,2.741045217961073,0.8275730349123478,,1.5898592919111252,0.3525282256305218,,,,,,,4,0,,,19,,20,,4,vehicle,
transport-sat08-strips,p09.pddl,abs-fd,timed out,1800.5374555028975,abstract_fd_search,,0.5372015871107578,0.0031407177448272705,1.2360974811017513,,0.029387418180704117,0.13955524563789368,2.7471105083823204,0.829434223473072,,1.5994018353521824,,,0.26799704134464264,,,,,4,0,0,0,60,,,0,4,vehicle,
transport-sat08-strips,p09.pddl,asp,timed out,1800.1292593814433,concrete_asp,,,,,,,,2.9127688026055694,,,1.4758639223873615,,,,,,,,,,,,,,,20,,,
transport-sat08-strips,p09.pddl,fd,success,7.529139779508114,total,4.319273,,,,,,,,,4.309987,,,,,,,,unchecked: No available engine supports all the problem features:,,,,,,126,,,,,
transport-sat08-strips,p10.pddl,abs-asp,timed out,1800.1464261487126,abstract_asp,,0.6111525148153305,0.0033990032970905304,1.4496075361967087,,0.03450673818588257,0.16471749916672707,3.421573143452406,0.977813120931387,,1.9673916064202785,0.43627601861953735,,,,,,,4,0,,,19,,20,,4,vehicle,
transport-sat08-strips,p10.pddl,abs-fd,timed out,1800.5907075442374,abstract_fd_search,,0.6059604696929455,0.0033192485570907593,1.442706424742937,,0.034653037786483765,0.16380875557661057,3.393506236374378,0.9783670529723167,,1.9495435282588005,,,0.3384815417230129,,,,,4,0,0,0,70,,,0,4,vehicle,
transport-sat08-strips,p10.pddl,asp,timed out,1800.1788928098977,concrete_asp,,,,,,,,3.416680298745632,,,1.79556305706501,,,,,,,,,,,,,,,18,,,
transport-sat08-strips,p10.pddl,fd,success,9.408491477370262,total,6.118458,,,,,,,,,6.112079,,,,,,,,unchecked: No available engine supports all the problem features:,,,,,,140,,,,,
transport-sat08-strips,p11.pddl,abs-asp,success,3.071021292358637,total,1.08974,0.165057,0.001717,0.121464,,0.00651,0.012335,0.206378,0.195062,,0.015328,0.009462,0.102843,,0.189893,,,unchecked: No available engine supports all the problem features:,2,0,0,0,9,18,10,1,2,package,
transport-sat08-strips,p11.pddl,abs-fd,success,3.0396311953663826,total,1.052704,0.160446,0.002443,0.120144,,0.005797,0.012344,0.205599,0.195391,,0.015442,,,0.087359,0.188674,,,unchecked: No available engine supports all the problem features:,2,0,0,0,9,18,,1,2,package,
transport-sat08-strips,p11.pddl,asp,success,8.17462071403861,total,0.413216,,,,,,,0.2055,,,0.014772,,,,0.172071,,,unchecked: No available engine supports all the problem features:,,,,,,11,,12,,,
transport-sat08-strips,p11.pddl,fd,success,3.251209896057844,total,0.283063,,,,,,,,,0.274264,,,,,,,,unchecked: No available engine supports all the problem features:,,,,,,11,,,,,
transport-sat08-strips,p12.pddl,abs-asp,success,213.09903259575367,total,210.350233,0.204633,0.002047,0.16657,,0.008431,0.019919,0.266568,0.246266,,0.05004,0.036958,203.419159,,5.801563,,,unchecked: No available engine supports all the problem features:,2,0,1,0,16,32,17,1,2,package,
transport-sat08-strips,p12.pddl,abs-fd,success,16.240836253389716,total,14.182117,0.198265,0.001887,0.141266,,0.008002,0.019842,0.247873,0.235346,,0.050904,,,0.092327,13.100373,,,unchecked: No available engine supports all the problem features:,2,0,1,0,19,36,,1,2,package,
transport-sat08-strips,p12.pddl,asp,timed out,1800.1210429370403,concrete_asp,,,,,,,,0.311550535261631,,,0.05057821795344353,,,,,,,,,,,,,,,22,,,
transport-sat08-strips,p12.pddl,fd,success,2.889573350548744,total,0.329929,,,,,,,,,0.324433,,,,,,,,unchecked: No available engine supports all the problem features:,,,,,,37,,,,,
transport-sat08-strips,p13.pddl,abs-asp,timed out,1800.1360882297158,abstract_solving,,0.32584860548377037,0.002096865326166153,0.2136794626712799,,0.012033466249704361,0.030547168105840683,0.4159451313316822,0.2631642743945122,,0.18090001866221428,0.050847128033638,564.1785904318094,,,,,,4,0,0,0,21,,22,0,3,vehicle,
transport-sat08-strips,p13.pddl,abs-fd,timed out,1800.1468950249255,abstract_fd_search,,0.31752340123057365,0.002059388905763626,0.2125631682574749,,0.011756934225559235,0.03159530460834503,0.40897316113114357,0.2575729601085186,,0.16253326833248138,,,0.10020560398697853,,,,,4,0,0,0,21,,,0,3,vehicle,
transport-sat08-strips,p13.pddl,asp,timed out,1800.129881389439,concrete_asp,,,,,,,,0.4766601398587227,,,0.1592044234275818,,,,,,,,,,,,,,,25,,,
transport-sat08-strips,p13.pddl,fd,success,2.502967607229948,total,0.470234,,,,,,,,,0.462581,,,,,,,,unchecked: No available engine supports all the problem features:,,,,,,52,,,,,
transport-sat08-strips,p14.pddl,abs-asp,timed out,1800.1172651983798,abstract_asp,,0.3980533182621002,0.0022972486913204193,0.3299829699099064,,0.015414513647556305,0.0511750802397728,0.6570941992104053,0.32214219123125076,,0.29139886051416397,0.08009545877575874,,,,,,,4,0,,,21,,22,,3,vehicle,
transport-sat08-strips,p14.pddl,abs-fd,timed out,1800.1842476390302,abstract_fd_search,,0.37751851603388786,0.002359144389629364,0.28340720012784004,,0.016150735318660736,0.05219030752778053,0.5818841867148876,0.316830400377512,,0.28832536563277245,,,0.11121386662125587,,,,,4,0,0,0,32,,,0,3,vehicle,
transport-sat08-strips,p14.pddl,asp,timed out,1800.1463773362339,concrete_asp,,,,,,,,0.5973062142729759,,,0.27062324807047844,,,,,,,,,,,,,,,23,,,
transport-sat08-strips,p14.pddl,fd,success,2.930082257837057,total,0.724256,,,,,,,,,0.715123,,,,,,,,unchecked: No available engine supports all the problem features:,,,,,,77,,,,,
transport-sat08-strips,p15.pddl,abs-asp,timed out,1800.1331088673323,abstract_asp,,0.45772508904337883,0.0025179870426654816,0.39181787334382534,,0.021348726004362106,0.07132884487509727,0.869786698371172,0.7422005422413349,,0.45252311415970325,0.33175849355757236,,,,,,,2,0,,,18,,19,,3,package,
transport-sat08-strips,p15.pddl,abs-fd,timed out,1800.2811150811613,abstract_fd_search,,0.45331038162112236,0.0024732090532779694,0.378735926002264,,0.021054718643426895,0.07036402449011803,0.8615679480135441,0.7351938709616661,,0.4497934989631176,,,0.22313687577843666,,,,,2,0,0,0,65,,,0,3,package,
transport-sat08-strips,p15.pddl,asp,timed out,1800.1304308362305,concrete_asp,,,,,,,,0.8423570543527603,,,0.41767650842666626,,,,,,,,,,,,,,,25,,,
transport-sat08-strips,p15.pddl,fd,success,3.439741536974907,total,1.187227,,,,,,,,,1.181125,,,,,,,,unchecked: No available engine supports all the problem features:,,,,,,132,,,,,
transport-sat08-strips,p16.pddl,abs-asp,timed out,1800.1274185068905,abstract_asp,,0.5356201119720936,0.002789493650197983,0.6932720616459846,,0.028883710503578186,0.08829985931515694,1.5442268699407578,0.5110104978084564,,0.8637468665838242,0.18989510089159012,,,,,,,4,0,,,17,,18,,4,vehicle,
transport-sat08-strips,p16.pddl,abs-fd,timed out,1800.3514427449554,abstract_fd_search,,0.5190076529979706,0.0028779488056898117,0.6443846113979816,,0.02866511605679989,0.08963246457278728,1.4829670283943415,0.49996764957904816,,0.8540802784264088,,,0.16848149336874485,,,,,4,0,0,0,43,,,0,4,vehicle,
transport-sat08-strips,p16.pddl,asp,timed out,1800.1429128050804,concrete_asp,,,,,,,,1.4989846870303154,,,0.7930333353579044,,,,,,,,,,,,,,,19,,,
transport-sat08-strips,p16.pddl,fd,success,5.424044571816921,total,3.023513,,,,,,,,,3.017847,,,,,,,,unchecked: No available engine supports all the problem features:,,,,,,148,,,,,
transport-sat08-strips,p17.pddl,abs-asp,timed out,1800.1333109773695,abstract_asp,,0.501456581056118,0.002849385142326355,0.8901782482862473,,0.02703932672739029,0.12291224300861359,2.013187140226364,0.6131514795124531,,1.169808555394411,0.2370886392891407,,,,,,,4,0,,,23,,24,,4,vehicle,
transport-sat08-strips,p17.pddl,abs-fd,timed out,1800.3820909373462,abstract_fd_search,,0.48867378383874893,0.0027617663145065308,0.8770605176687241,,0.026719585061073303,0.1212739609181881,2.0108214132487774,0.6145394928753376,,1.149140689522028,,,0.19724154844880104,,,,,4,0,0,0,52,,,0,4,vehicle,
transport-sat08-strips,p17.pddl,asp,timed out,1800.082139475271,concrete_asp,,,,,,,,2.0010705664753914,,,1.0748940156772733,,,,,,,,,,,,,,,26,,,
transport-sat08-strips,p17.pddl,fd,success,10.652598928660154,total,8.295265,,,,,,,,,8.28772,,,,,,,,unchecked: No available engine supports all the problem features:,,,,,,233,,,,,
transport-sat08-strips,p18.pddl,abs-asp,timed out,1800.1358333081007,abstract_asp,,0.5745583213865757,0.003150489181280136,1.193766389042139,,0.03176619112491608,0.14974895492196083,2.720778077840805,0.7960668988525867,,1.5018090978264809,0.3071581833064556,,,,,,,4,0,,,21,,22,,4,vehicle,
transport-sat08-strips,p18.pddl,abs-fd,timed out,1800.4707151651382,abstract_fd_search,,0.5760574862360954,0.003120012581348419,1.2020926997065544,,0.03204008564352989,0.14828099682927132,2.735691413283348,0.7958165928721428,,1.483446005731821,,,0.2506576105952263,,,,,4,0,0,0,62,,,0,4,vehicle,
transport-sat08-strips,p18.pddl,asp,timed out,1800.1609454192221,concrete_asp,,,,,,,,2.677529715001583,,,1.3696807511150837,,,,,,,,,,,,,,,23,,,
transport-sat08-strips,p18.pddl,fd,success,28.69336412474513,total,26.214673,,,,,,,,,26.205321,,,,,,,,unchecked: No available engine supports all the problem features:,,,,,,246,,,,,
transport-sat08-strips,p19.pddl,abs-asp,timed out,1800.1448863055557,abstract_asp,,0.6265711281448603,0.00331936776638031,1.4318039901554585,,0.03677462972700596,0.1912207417190075,3.4627602864056826,0.9390035253018141,,1.914197625592351,0.39586995355784893,,,,,,,4,0,,,24,,25,,4,vehicle,
transport-sat08-strips,p19.pddl,abs-fd,timed out,1800.6285898834467,abstract_fd_search,,0.6225828006863594,0.003306303173303604,1.4169903136789799,,0.035918232053518295,0.19130875542759895,3.456820208579302,0.9383359290659428,,1.8975436612963676,,,0.31076446920633316,,,,,4,0,0,0,70,,,0,4,vehicle,
transport-sat08-strips,p19.pddl,asp,timed out,1800.1814435012639,concrete_asp,,,,,,,,3.468446407467127,,,1.7567223533988,,,,,,,,,,,,,,,22,,,
transport-sat08-strips,p19.pddl,fd,success,41.47854532301426,total,38.930881,,,,,,,,,38.921507,,,,,,,,unchecked: No available engine supports all the problem features:,,,,,,348,,,,,
transport-sat08-strips,p20.pddl,abs-asp,timed out,1800.1809270977974,abstract_asp,,0.7123358771204948,0.0038059353828430176,1.8721063509583473,,0.041638635098934174,0.22922902181744576,4.227399755269289,3.6228733584284782,,2.40371723100543,1.9143675975501537,,,,,,,2,0,,,17,,18,,4,package,
transport-sat08-strips,p20.pddl,abs-fd,interrupted,188.0052432976663,abstract_fd_search,,0.696106631308794,0.003717675805091858,1.8239621296525002,,0.0414474792778492,0.2281559556722641,4.164254911243916,3.633230794221163,,2.373065799474716,,,2.3256439194083214,,,,,2,0,0,0,134,,,0,4,package,
transport-sat08-strips,p20.pddl,asp,timed out,1800.1783412583172,concrete_asp,,,,,,,,4.1065588146448135,,,2.2130439653992653,,,,,,,,,,,,,,,22,,,
transport-sat08-strips,p20.pddl,fd,success,30.818275440484285,total,28.207963,,,,,,,,,28.198256,,,,,,,,unchecked: No available engine supports all the problem features:,,,,,,306,,,,,
transport-sat08-strips,p21.pddl,abs-asp,success,3.0914594382047653,total,1.018393,0.171005,0.00251,0.119194,,0.005535,0.012223,0.20403,0.194284,,0.015683,0.008549,0.068844,,0.147556,,,unchecked: No available engine supports all the problem features:,4,0,2,0,6,13,7,1,2,vehicle,
transport-sat08-strips,p21.pddl,abs-fd,success,3.022324040532112,total,1.007101,0.160795,0.0025,0.120078,,0.005545,0.012235,0.203214,0.189911,,0.015704,,,0.087421,0.150986,,,unchecked: No available engine supports all the problem features:,4,0,2,0,6,13,,1,2,vehicle,
transport-sat08-strips,p21.pddl,asp,success,2.5208343751728535,total,0.378424,,,,,,,0.218905,,,0.015084,,,,0.130634,,,unchecked: No available engine supports all the problem features:,,,,,,8,,9,,,
transport-sat08-strips,p21.pddl,fd,success,2.1345595493912697,total,0.217208,,,,,,,,,0.211312,,,,,,,,unchecked: No available engine supports all the problem features:,,,,,,8,,,,,
transport-sat08-strips,p22.pddl,abs-asp,success,12.583701834082603,total,10.541431,0.193653,0.001894,0.14295,,0.008577,0.019435,0.253564,0.220128,,0.049788,0.025974,0.367209,,9.183839,,,unchecked: No available engine supports all the problem features:,2,0,4,0,9,19,10,1,3,package,
transport-sat08-strips,p22.pddl,abs-fd,success,3.9891500156372786,total,1.922315,0.19571,0.001889,0.142955,,0.00845,0.01928,0.251636,0.225423,,0.049853,,,0.089614,0.870587,,,unchecked: No available engine supports all the problem features:,2,0,0,0,10,20,,1,3,package,
transport-sat08-strips,p22.pddl,asp,success,141.50021600164473,total,138.210757,,,,,,,0.30294,,,0.05071,,,,137.813144,,,unchecked: No available engine supports all the problem features:,,,,,,18,,19,,,
transport-sat08-strips,p22.pddl,fd,success,2.2771306708455086,total,0.282453,,,,,,,,,0.27559,,,,,,,,unchecked: No available engine supports all the problem features:,,,,,,18,,,,,
transport-sat08-strips,p23.pddl,abs-asp,timed out,1800.1442921087146,abstract_solving,,0.33996419608592987,0.0021187923848628998,0.24130694940686226,,0.012646753340959549,0.03786349296569824,0.4581524729728699,0.2595878951251507,,0.1673026867210865,0.046943943947553635,1022.4413437396288,,,,,,4,0,0,0,19,,20,0,3,vehicle,
transport-sat08-strips,p23.pddl,abs-fd,timed out,1800.1567983180285,abstract_fd_search,,0.32838842272758484,0.0020751431584358215,0.21444594860076904,,0.012609049677848816,0.037415966391563416,0.42133716493844986,0.26283201947808266,,0.16544752940535545,,,0.09844272211194038,,,,,4,0,0,0,19,,,0,3,vehicle,
transport-sat08-strips,p23.pddl,asp,timed out,1800.127831619233,concrete_asp,,,,,,,,0.4449288621544838,,,0.15231261029839516,,,,,,,,,,,,,,,20,,,
transport-sat08-strips,p23.pddl,fd,success,2.5573821738362312,total,0.460893,,,,,,,,,0.453571,,,,,,,,unchecked: No available engine supports all the problem features:,,,,,,31,,,,,
transport-sat08-strips,p24.pddl,abs-asp,timed out,1800.1218754164875,abstract_asp,,0.3644322417676449,0.0023017264902591705,0.31099261716008186,,0.014245778322219849,0.04729568213224411,0.6276825293898582,0.31636787205934525,,0.28853945806622505,0.07902545109391212,,,,,,,4,0,,,19,,20,,3,vehicle,
transport-sat08-strips,p24.pddl,abs-fd,timed out,1800.1769027430564,abstract_fd_search,,0.3727382328361273,0.0022362228482961655,0.28049231693148613,,0.014074260368943214,0.04648549109697342,0.5788643639534712,0.3198649864643812,,0.2873723190277815,,,0.11293486133217812,,,,,4,0,0,0,28,,,0,3,vehicle,
transport-sat08-strips,p24.pddl,asp,timed out,1800.1290911063552,concrete_asp,,,,,,,,0.5902061238884926,,,0.26906736195087433,,,,,,,,,,,,,,,20,,,
transport-sat08-strips,p24.pddl,fd,success,2.8687219507992268,total,0.721277,,,,,,,,,0.712304,,,,,,,,unchecked: No available engine supports all the problem features:,,,,,,55,,,,,
transport-sat08-strips,p25.pddl,abs-asp,timed out,1800.1347190625966,abstract_asp,,0.43694137036800385,0.002459954470396042,0.4286647029221058,,0.019399527460336685,0.06755689531564713,0.8649921976029873,0.7360211312770844,,0.45152297616004944,0.3246113173663616,,,,,,,2,0,,,17,,18,,3,package,
transport-sat08-strips,p25.pddl,abs-fd,success,146.85269192233682,total,144.304347,0.414718,0.002485,0.378635,,0.019377,0.069817,0.838035,0.736238,,0.449951,,,0.202477,140.652109,,,unchecked: No available engine supports all the problem features:,2,0,0,0,55,107,,1,3,package,
transport-sat08-strips,p25.pddl,asp,timed out,1800.1324202679098,concrete_asp,,,,,,,,0.8438658006489277,,,0.41291844099760056,,,,,,,,,,,,,,,22,,,
transport-sat08-strips,p25.pddl,fd,success,3.2635806761682034,total,1.018756,,,,,,,,,1.010904,,,,,,,,unchecked: No available engine supports all the problem features:,,,,,,69,,,,,
transport-sat08-strips,p26.pddl,abs-asp,timed out,1800.132293894887,abstract_asp,,0.5398743972182274,0.0031822696328163147,0.6901157982647419,,0.027816276997327805,0.08876480162143707,1.540303774178028,0.5069569796323776,,0.8607070818543434,0.18208635598421097,,,,,,,4,0,,,19,,20,,4,vehicle,
transport-sat08-strips,p26.pddl,abs-fd,timed out,1800.2478340752423,abstract_fd_search,,0.5142367370426655,0.003156207501888275,0.64888496696949,,0.027896925806999207,0.0883135125041008,1.4909881055355072,0.5068244002759457,,0.8529710546135902,,,0.16101474687457085,,,,,4,0,0,0,40,,,0,4,vehicle,
transport-sat08-strips,p26.pddl,asp,timed out,1800.1416276171803,concrete_asp,,,,,,,,1.4757547564804554,,,0.7898770868778229,,,,,,,,,,,,,,,20,,,
transport-sat08-strips,p26.pddl,fd,success,4.347135905176401,total,1.962708,,,,,,,,,1.955608,,,,,,,,unchecked: No available engine supports all the problem features:,,,,,,82,,,,,
transport-sat08-strips,p27.pddl,abs-asp,timed out,1800.1336814127862,abstract_asp,,0.5309447571635246,0.0028898604214191437,0.9096035175025463,,0.028515253216028214,0.11760806664824486,2.012692667543888,0.6051442474126816,,1.1542802713811398,0.2414645440876484,,,,,,,4,0,,,19,,20,,4,vehicle,
transport-sat08-strips,p27.pddl,abs-fd,timed out,1800.506762765348,abstract_fd_search,,0.528773644939065,0.0030043665319681168,0.8971712961792946,,0.02834128402173519,0.11821356788277626,2.005079885944724,0.6216474287211895,,1.167463744059205,,,0.2028394639492035,,,,,4,0,0,0,53,,,0,4,vehicle,
transport-sat08-strips,p27.pddl,asp,timed out,1800.1459910720587,concrete_asp,,,,,,,,1.8438129238784313,,,1.0052254162728786,,,,,,,,,,,,,,,20,,,
transport-sat08-strips,p27.pddl,fd,success,5.125661041587591,total,2.736708,,,,,,,,,2.727526,,,,,,,,unchecked: No available engine supports all the problem features:,,,,,,113,,,,,
transport-sat08-strips,p28.pddl,abs-asp,timed out,1800.1386795416474,abstract_asp,,0.6794029027223587,0.003160513937473297,1.2361832596361637,,0.0381169393658638,0.15258852764964104,2.766143962740898,0.8037475682795048,,1.5215458571910858,0.3215964250266552,,,,,,,4,0,,,19,,20,,4,vehicle,
transport-sat08-strips,p28.pddl,abs-fd,timed out,1800.4232867620885,abstract_fd_search,,0.6695405691862106,0.003291890025138855,1.204741157591343,,0.03876613825559616,0.15343477576971054,2.7199426032602787,0.8287645615637302,,1.49269537627697,,,0.25291238725185394,,,,,4,0,0,0,56,,,0,4,vehicle,
transport-sat08-strips,p28.pddl,asp,timed out,1800.1560078971088,concrete_asp,,,,,,,,2.781653255224228,,,1.390776988118887,,,,,,,,,,,,,,,16,,,
transport-sat08-strips,p28.pddl,fd,success,6.647104870527983,total,4.169769,,,,,,,,,4.162048,,,,,,,,unchecked: No available engine supports all the problem features:,,,,,,125,,,,,
transport-sat08-strips,p29.pddl,abs-asp,timed out,1800.1298601292074,abstract_asp,,0.6229726783931255,0.0034385845065116882,1.3757020682096481,,0.036864303052425385,0.18884316086769104,3.2467058934271336,0.9184058159589767,,1.8281582072377205,0.39595213904976845,,,,,,,4,0,,,19,,20,,4,vehicle,
transport-sat08-strips,p29.pddl,abs-fd,timed out,1800.5922307465225,abstract_fd_search,,0.6367839630693197,0.003550121560692787,1.4161554668098688,,0.0373701062053442,0.190490011125803,3.430848302319646,0.9601612444967031,,1.8827799875289202,,,0.313059289008379,,,,,4,0,0,0,66,,,0,4,vehicle,
transport-sat08-strips,p29.pddl,asp,timed out,1800.191688541323,concrete_asp,,,,,,,,3.516225751489401,,,1.7466577664017677,,,,,,,,,,,,,,,18,,,
transport-sat08-strips,p29.pddl,fd,success,9.270974092185497,total,6.721275,,,,,,,,,6.712832,,,,,,,,unchecked: No available engine supports all the problem features:,,,,,,141,,,,,
transport-sat08-strips,p30.pddl,abs-asp,timed out,1800.1618036329746,abstract_asp,,0.6623559817671776,0.0035216696560382843,1.9743295758962631,,0.03724055737257004,0.24245261400938034,4.204253915697336,1.1498619429767132,,2.4287505745887756,0.49261000752449036,,,,,,,4,0,,,19,,20,,4,vehicle,
transport-sat08-strips,p30.pddl,abs-fd,interrupted,206.10115927830338,abstract_fd_search,,0.634389866143465,0.003345966339111328,1.8442248292267323,,0.036955852061510086,0.2282814234495163,4.1769944950938225,1.1081511452794075,,2.399025473743677,,,0.39418940246105194,,,,,4,0,0,0,76,,,0,4,vehicle,
transport-sat08-strips,p30.pddl,asp,timed out,1800.2093651778996,concrete_asp,,,,,,,,3.8384528420865536,,,2.0808255560696125,,,,,,,,,,,,,,,20,,,
transport-sat08-strips,p30.pddl,fd,success,13.492124683223665,total,10.907679,,,,,,,,,10.898917,,,,,,,,unchecked: No available engine supports all the problem features:,,,,,,211,,,,,
transport-sat11-strips,p01.pddl,abs-asp,timed out,1800.1431726254523,abstract_asp,,0.5636739376932383,0.003252267837524414,1.0228560026735067,,0.02858070656657219,0.11027934215962887,2.3942853454500437,0.7259920723736286,,1.2511189226061106,0.261654993519187,,,,,,,4,0,,,19,,20,,4,vehicle,
transport-sat11-strips,p01.pddl,abs-fd,timed out,1800.4164921455085,abstract_fd_search,,0.5745763890445232,0.0030445270240306854,0.962675541639328,,0.028389200568199158,0.11130861937999725,2.1423159688711166,0.6968184858560562,,1.2462910301983356,,,0.20724229142069817,,,,,4,0,0,0,53,,,0,4,vehicle,
transport-sat11-strips,p01.pddl,asp,timed out,1800.173451203853,concrete_asp,,,,,,,,2.144914921373129,,,1.1496108211576939,,,,,,,,,,,,,,,19,,,
transport-sat11-strips,p01.pddl,fd,success,5.592712890356779,total,3.219649,,,,,,,,,3.212949,,,,,,,,unchecked: No available engine supports all the problem features:,,,,,,119,,,,,
transport-sat11-strips,p02.pddl,abs-asp,timed out,1800.1543219350278,abstract_asp,,0.5701655633747578,0.00337214395403862,1.3454370833933353,,0.029612720012664795,0.13859468325972557,2.8458161130547523,0.8799762055277824,,1.640811424702406,0.3540853522717953,,,,,,,4,0,,,19,,20,,4,vehicle,
transport-sat11-strips,p02.pddl,abs-fd,timed out,1800.5023223385215,abstract_fd_search,,0.5611555278301239,0.003149271011352539,1.2713599912822247,,0.02956070378422737,0.13923292979598045,2.746591057628393,0.8262177966535091,,1.589577328413725,,,0.2641986981034279,,,,,4,0,0,0,60,,,0,4,vehicle,
transport-sat11-strips,p02.pddl,asp,timed out,1800.1576105467975,concrete_asp,,,,,,,,2.7435745261609554,,,1.498543780297041,,,,,,,,,,,,,,,20,,,
transport-sat11-strips,p02.pddl,fd,success,6.689914405345917,total,4.293039,,,,,,,,,4.286126,,,,,,,,unchecked: No available engine supports all the problem features:,,,,,,126,,,,,
transport-sat11-strips,p03.pddl,abs-asp,timed out,1800.04637876153,abstract_asp,,0.654865637421608,0.0035262051969766617,1.4563649892807007,,0.0372203066945076,0.18663044273853302,3.454603960737586,0.9407345931977034,,1.9174431059509516,0.3938387669622898,,,,,,,4,0,,,19,,20,,4,vehicle,
transport-sat11-strips,p03.pddl,abs-fd,timed out,1800.5876256078482,abstract_fd_search,,0.6718907430768013,0.003487981855869293,1.462669413536787,,0.037267252802848816,0.1876557469367981,3.409945420920849,0.9668926671147346,,1.8837070018053055,,,0.309759970754385,,,,,4,0,0,0,66,,,0,4,vehicle,
transport-sat11-strips,p03.pddl,asp,timed out,1800.1792367994785,concrete_asp,,,,,,,,3.4350450709462166,,,1.752128578722477,,,,,,,,,,,,,,,18,,,
transport-sat11-strips,p03.pddl,fd,success,10.697982244193554,total,7.898221,,,,,,,,,7.891151,,,,,,,,unchecked: No available engine supports all the problem features:,,,,,,141,,,,,
transport-sat11-strips,p04.pddl,abs-asp,timed out,1800.128737859428,abstract_asp,,0.5279226042330265,0.0027530640363693237,0.6611748598515987,,0.02867453172802925,0.08744540438055992,1.5015386901795864,0.5117803290486336,,0.8532163202762604,0.1898486316204071,,,,,,,4,0,,,17,,18,,4,vehicle,
transport-sat11-strips,p04.pddl,abs-fd,timed out,1800.3412383683026,abstract_fd_search,,0.5458455234766006,0.0027684904634952545,0.6626421436667442,,0.028355754911899567,0.08969935402274132,1.5253399834036827,0.5005294904112816,,0.856822419911623,,,0.1638014055788517,,,,,4,0,0,0,43,,,0,4,vehicle,
transport-sat11-strips,p04.pddl,asp,timed out,1800.146422881633,concrete_asp,,,,,,,,1.5006474368274212,,,0.7985629513859749,,,,,,,,,,,,,,,19,,,
transport-sat11-strips,p04.pddl,fd,success,5.413107946515083,total,2.98424,,,,,,,,,2.97563,,,,,,,,unchecked: No available engine supports all the problem features:,,,,,,148,,,,,
transport-sat11-strips,p05.pddl,abs-asp,timed out,1800.1339248437434,abstract_asp,,0.5065694656223059,0.002861054614186287,0.8824772853404284,,0.026414502412080765,0.11993535980582237,2.009717943146825,0.6125842221081257,,1.1694854479283094,0.23894641175866127,,,,,,,4,0,,,23,,24,,4,vehicle,
transport-sat11-strips,p05.pddl,abs-fd,timed out,1800.4047197811306,abstract_fd_search,,0.5290574319660664,0.002786695957183838,0.9188006222248077,,0.026518046855926514,0.12088407203555107,2.012896779924631,0.6124905534088612,,1.1689712144434452,,,0.20150126516819,,,,,4,0,0,0,52,,,0,4,vehicle,
transport-sat11-strips,p05.pddl,asp,timed out,1800.1643226444721,concrete_asp,,,,,,,,1.991795614361763,,,1.085548996925354,,,,,,,,,,,,,,,26,,,
transport-sat11-strips,p05.pddl,fd,success,11.778326846659184,total,9.224988,,,,,,,,,9.21673,,,,,,,,unchecked: No available engine supports all the problem features:,,,,,,233,,,,,
transport-sat11-strips,p06.pddl,abs-asp,timed out,1800.135885939002,abstract_asp,,0.567556831985712,0.0030767619609832764,1.2202475666999817,,0.031878501176834106,0.1462222896516323,2.749897461384535,0.7967044748365879,,1.5045294985175133,0.3074125833809376,,,,,,,4,0,,,21,,22,,4,vehicle,
transport-sat11-strips,p06.pddl,abs-fd,timed out,1800.4981893710792,abstract_fd_search,,0.5980183184146881,0.003090936690568924,1.1851593255996704,,0.03231259062886238,0.14659103378653526,2.717633381485939,0.8088946975767612,,1.504469908773899,,,0.24798211082816124,,,,,4,0,0,0,62,,,0,4,vehicle,
transport-sat11-strips,p06.pddl,asp,timed out,1800.1656554937363,concrete_asp,,,,,,,,2.736069295555353,,,1.378978420048952,,,,,,,,,,,,,,,23,,,
transport-sat11-strips,p06.pddl,fd,success,31.11010691151023,total,28.246351,,,,,,,,,28.237643,,,,,,,,unchecked: No available engine supports all the problem features:,,,,,,246,,,,,
transport-sat11-strips,p07.pddl,abs-asp,timed out,1800.146863380447,abstract_asp,,0.6377616114914417,0.003221256658434868,1.4637154042720795,,0.036377258598804474,0.18510396219789982,3.5032807141542435,0.9361506775021553,,1.9135186038911343,0.39140124432742596,,,,,,,4,0,,,24,,25,,4,vehicle,
transport-sat11-strips,p07.pddl,abs-fd,timed out,1800.6305406056345,abstract_fd_search,,0.6467459611594677,0.0032468438148498535,1.4339391067624092,,0.035780247300863266,0.18474560230970383,3.4615440405905247,0.941839262843132,,1.8918716721236706,,,0.32020676136016846,,,,,4,0,0,0,70,,,0,4,vehicle,
transport-sat11-strips,p07.pddl,asp,timed out,1800.192316841334,concrete_asp,,,,,,,,3.5558944642543793,,,1.800457201898098,,,,,,,,,,,,,,,22,,,
transport-sat11-strips,p07.pddl,fd,success,40.699537847191095,total,38.156381,,,,,,,,,38.147096,,,,,,,,unchecked: No available engine supports all the problem features:,,,,,,348,,,,,
transport-sat11-strips,p08.pddl,abs-asp,timed out,1800.1428994610906,abstract_asp,,0.6318012401461601,0.003286607563495636,1.4508363157510757,,0.034367240965366364,0.16274380683898926,3.426869858056307,0.9834073856472969,,1.9519944824278355,0.43093806877732277,,,,,,,4,0,,,19,,20,,4,vehicle,
transport-sat11-strips,p08.pddl,abs-fd,timed out,1800.6496564857662,abstract_fd_search,,0.6375154852867126,0.003332231193780899,1.4551126137375832,,0.03431630879640579,0.1642923355102539,3.4102723002433777,0.9759189188480377,,1.9769450463354588,,,0.3434310145676136,,,,,4,0,0,0,70,,,0,4,vehicle,
transport-sat11-strips,p08.pddl,asp,timed out,1800.1742898728698,concrete_asp,,,,,,,,3.559458116069436,,,1.8388188295066357,,,,,,,,,,,,,,,18,,,
transport-sat11-strips,p08.pddl,fd,success,8.401743836700916,total,5.914678,,,,,,,,,5.90748,,,,,,,,unchecked: No available engine supports all the problem features:,,,,,,140,,,,,
transport-sat11-strips,p09.pddl,abs-asp,timed out,1800.080690715462,abstract_asp,,0.6957886181771755,0.0037021785974502563,1.8389616645872593,,0.04144074022769928,0.2268848493695259,4.076007816940546,3.5636245980858803,,2.3952782340347767,1.8975551538169384,,,,,,,2,0,,,17,,18,,4,package,
transport-sat11-strips,p09.pddl,abs-fd,interrupted,178.05215572938323,abstract_fd_search,,0.7126761972904205,0.003698021173477173,1.8194412365555763,,0.041549231857061386,0.22837428003549576,4.157636612653732,3.5933920331299305,,2.3842460215091705,,,2.3017748296260834,,,,,2,0,0,0,134,,,0,4,package,
transport-sat11-strips,p09.pddl,asp,timed out,1800.1864441782236,concrete_asp,,,,,,,,4.232664693146944,,,2.2335304394364357,,,,,,,,,,,,,,,22,,,
transport-sat11-strips,p09.pddl,fd,success,30.710391953587532,total,28.01831,,,,,,,,,28.008526,,,,,,,,unchecked: No available engine supports all the problem features:,,,,,,306,,,,,
transport-sat11-strips,p10.pddl,abs-asp,timed out,1800.1485190205276,abstract_asp,,0.6801421381533146,0.003624226897954941,1.8425010852515697,,0.03768431767821312,0.22818061709403992,4.27835675701499,1.1553750336170197,,2.4030072540044785,0.5016881339251995,,,,,,,4,0,,,19,,20,,4,vehicle,
transport-sat11-strips,p10.pddl,abs-fd,interrupted,214.06610514596105,abstract_fd_search,,0.6858383044600487,0.003661632537841797,1.8446906544268131,,0.03679990768432617,0.23131151124835014,4.243388500064611,1.140624262392521,,2.4179710559546947,,,0.41338611394166946,,,,,4,0,0,0,76,,,0,4,vehicle,
transport-sat11-strips,p10.pddl,asp,timed out,1800.1779554709792,concrete_asp,,,,,,,,4.210401963442564,,,2.193826522678137,,,,,,,,,,,,,,,20,,,
transport-sat11-strips,p10.pddl,fd,success,13.607966873794794,total,11.041345,,,,,,,,,11.033515,,,,,,,,unchecked: No available engine supports all the problem features:,,,,,,211,,,,,
transport-sat11-strips,p11.pddl,abs-asp,timed out,1800.1315039563924,abstract_asp,,0.5634016692638397,0.003492891788482666,1.6926154531538486,,0.0323680080473423,0.16934782080352306,4.021247737109661,1.0248135216534138,,2.1706524826586246,0.4504590854048729,,,,,,,4,0,,,21,,22,,4,vehicle,
transport-sat11-strips,p11.pddl,abs-fd,timed out,1800.6785296350718,abstract_fd_search,,0.6223266609013081,0.003514125943183899,1.7324471920728683,,0.03208339586853981,0.17034965753555298,4.138882335275412,1.042249009013176,,2.185504112392664,,,0.4011046141386032,,,,,4,0,0,0,77,,,0,4,vehicle,
transport-sat11-strips,p11.pddl,asp,timed out,1800.179867286235,concrete_asp,,,,,,,,4.028954587876797,,,2.0086877420544624,,,,,,,,,,,,,,,18,,,
transport-sat11-strips,p11.pddl,fd,success,12.124192751944065,total,9.278053,,,,,,,,,9.266283,,,,,,,,unchecked: No available engine supports all the problem features:,,,,,,181,,,,,
transport-sat11-strips,p12.pddl,abs-asp,timed out,1800.1312183327973,abstract_asp,,0.5644839107990265,0.0036197006702423096,1.6505591198801994,,0.03455296531319618,0.18601463735103607,3.8679294623434544,1.001919262111187,,2.0826903395354748,0.4301278442144394,,,,,,,4,0,,,20,,21,,4,vehicle,
transport-sat11-strips,p12.pddl,abs-fd,timed out,1800.6547283679247,abstract_fd_search,,0.6387303359806538,0.003660067915916443,1.839379083365202,,0.03376341238617897,0.1900893785059452,3.977288454771042,1.0320242308080196,,2.1579758673906326,,,0.3760320208966732,,,,,4,0,0,0,73,,,0,4,vehicle,
transport-sat11-strips,p12.pddl,asp,timed out,1800.1736547984183,concrete_asp,,,,,,,,3.9688805155456066,,,1.9593316614627838,,,,,,,,,,,,,,,18,,,
transport-sat11-strips,p12.pddl,fd,success,10.976552583277225,total,8.485692,,,,,,,,,8.475266,,,,,,,,unchecked: No available engine supports all the problem features:,,,,,,193,,,,,
transport-sat11-strips,p13.pddl,abs-asp,timed out,1800.1451843865216,abstract_asp,,0.6102663204073906,0.0035293474793434143,1.7951956763863564,,0.034621138125658035,0.1969035118818283,4.1803568340837955,1.1123332269489765,,2.3015430457890034,0.5375291667878628,,,,,,,4,0,,,20,,21,,4,vehicle,
transport-sat11-strips,p13.pddl,abs-fd,interrupted,209.35326434113085,abstract_fd_search,,0.6413534041494131,0.003442639485001564,1.8112236801534891,,0.03402189165353775,0.19231978990137577,4.232820888981223,1.1363380998373032,,2.3381131142377853,,,0.4576283935457468,,,,,4,0,0,0,77,,,0,4,vehicle,
transport-sat11-strips,p13.pddl,asp,timed out,1800.223189778626,concrete_asp,,,,,,,,4.2796785198152065,,,2.1238367035984993,,,,,,,,,,,,,,,18,,,
transport-sat11-strips,p13.pddl,fd,success,15.297434993088245,total,12.752905,,,,,,,,,12.743699,,,,,,,,unchecked: No available engine supports all the problem features:,,,,,,237,,,,,
transport-sat11-strips,p14.pddl,abs-asp,timed out,1800.1875439621508,abstract_asp,,1.1719060987234116,0.004142869263887405,4.446597184985876,,0.06663002073764801,0.785593468695879,10.287811655551195,2.703185722231865,,5.195383060723543,1.1322550810873508,,,,,,,4,0,,,27,,28,,4,vehicle,
transport-sat11-strips,p14.pddl,abs-fd,interrupted,200.80615676008165,abstract_fd_search,,1.2366005331277847,0.004335490986704826,4.691126316785812,,0.06633471325039864,0.7939110081642866,10.475591911002994,2.755791947245598,,5.246340356767178,,,1.0562577303498983,,,,,4,0,0,0,104,,,0,4,vehicle,
transport-sat11-strips,p14.pddl,asp,timed out,1800.246870576404,concrete_asp,,,,,,,,9.862670141272247,,,4.7835021410137415,,,,,,,,,,,,,,,28,,,
transport-sat11-strips,p14.pddl,fd,timed out,1800.0989681743085,,,,,,,,,,,,,,,,,,,,,,,,,,,,,,
transport-sat11-strips,p15.pddl,abs-asp,timed out,1800.176496591419,abstract_asp,,1.2270087078213692,0.004063684493303299,4.179724399000406,,0.0688149631023407,0.8420847728848457,9.43017515912652,2.309869449585676,,4.9954595901072025,1.0431840531527996,,,,,,,4,0,,,32,,33,,4,vehicle,
transport-sat11-strips,p15.pddl,abs-fd,interrupted,198.89069309830666,abstract_fd_search,,1.265650685876608,0.004126198589801788,4.8394825384020805,,0.06895161792635918,0.8597069084644318,9.634817242622375,2.378186482936144,,4.979355040937662,,,0.9679800905287266,,,,,4,0,0,0,105,,,0,4,vehicle,
transport-sat11-strips,p15.pddl,asp,timed out,1800.2455515265465,concrete_asp,,,,,,,,9.571224432438612,,,4.580618903040886,,,,,,,,,,,,,,,29,,,
transport-sat11-strips,p15.pddl,fd,success,1173.8385353423655,total,1170.294052,,,,,,,,,1170.284145,,,,,,,,unchecked: No available engine supports all the problem features:,,,,,,415,,,,,
transport-sat11-strips,p16.pddl,abs-asp,timed out,1800.0905789509416,abstract_asp,,1.2173373587429523,0.004155546426773071,4.549139998853207,,0.06852464377880096,0.8490109331905842,10.384418055415154,2.7176714539527893,,5.3752585761249065,1.1397406533360481,,,,,,,4,0,,,29,,30,,4,vehicle,
transport-sat11-strips,p16.pddl,abs-fd,interrupted,198.2831270210445,abstract_fd_search,,1.3089792616665363,0.004301205277442932,4.678642358630896,,0.06817461922764778,0.8354943990707397,10.753062576055527,2.7869562841951847,,5.45618025586009,,,1.080543864518404,,,,,4,0,0,0,103,,,0,4,vehicle,
transport-sat11-strips,p16.pddl,asp,timed out,1800.238382279873,concrete_asp,,,,,,,,10.454558312892914,,,4.948812823742628,,,,,,,,,,,,,,,27,,,
transport-sat11-strips,p16.pddl,fd,timed out,1800.1108103133738,,,,,,,,,,,,,,,,,,,,,,,,,,,,,,
transport-sat11-strips,p17.pddl,abs-asp,timed out,1800.192897245288,abstract_asp,,1.7342345789074898,0.004632484167814255,6.5982596129179,,0.0952957272529602,1.8174741715192795,15.4964698292315,4.434870060533285,,7.83864364400506,1.829745326191187,,,,,,,4,0,,,22,,23,,4,vehicle,
transport-sat11-strips,p17.pddl,abs-fd,interrupted,215.53388617560267,abstract_fd_search,,1.85298141092062,0.005155876278877258,7.636867817491293,,0.09669908881187439,1.936453253030777,15.545645877718925,4.550801482051611,,7.88948230817914,,,1.8573916293680668,,,,,4,0,0,0,112,,,0,4,vehicle,
transport-sat11-strips,p17.pddl,asp,timed out,1800.297989372164,concrete_asp,,,,,,,,15.301542077213526,,,7.140762444585562,,,,,,,,,,,,,,,22,,,
transport-sat11-strips,p17.pddl,fd,success,347.2356796823442,total,342.414446,,,,,,,,,342.404647,,,,,,,,unchecked: No available engine supports all the problem features:,,,,,,339,,,,,
transport-sat11-strips,p18.pddl,abs-asp,timed out,1800.2001565918326,abstract_asp,,1.7642231658101082,0.0046466924250125885,6.557941861450672,,0.09894006326794624,1.9707857593894005,14.61597564816475,3.7751382142305374,,7.388880971819162,1.550062783062458,,,,,,,4,0,,,22,,23,,4,vehicle,
transport-sat11-strips,p18.pddl,abs-fd,interrupted,212.90619937703013,abstract_fd_search,,1.8682403191924095,0.005145322531461716,6.6837432980537415,,0.09926163777709007,2.0694070421159267,14.892537545412779,3.898504301905632,,7.385035078972578,,,1.4902838505804539,,,,,4,0,0,0,103,,,0,4,vehicle,
transport-sat11-strips,p18.pddl,asp,timed out,1800.263903234154,concrete_asp,,,,,,,,14.198345811106265,,,6.806575985625386,,,,,,,,,,,,,,,20,,,
transport-sat11-strips,p18.pddl,fd,success,115.57586258277297,total,110.741769,,,,,,,,,110.732242,,,,,,,,unchecked: No available engine supports all the problem features:,,,,,,322,,,,,
transport-sat11-strips,p19.pddl,abs-asp,timed out,1800.2093100138009,abstract_asp,,1.7726322300732136,0.00476701557636261,7.439892489463091,,0.09806681424379349,1.9843073412775993,15.14048108831048,4.376931995153427,,8.25809095427394,1.867795206606388,,,,,,,4,0,,,23,,24,,4,vehicle,
transport-sat11-strips,p19.pddl,abs-fd,interrupted,203.76593471691012,abstract_fd_search,,1.8929604142904282,0.004971887916326523,7.6333370469510555,,0.09972677007317543,2.0192004553973675,16.079799953848124,4.655871137976646,,8.376566305756569,,,1.9952363148331642,,,,,4,0,0,0,122,,,0,4,vehicle,
transport-sat11-strips,p19.pddl,asp,timed out,1800.295821272768,concrete_asp,,,,,,,,15.531182567588985,,,7.594384075142443,,,,,,,,,,,,,,,22,,,
transport-sat11-strips,p19.pddl,fd,success,315.14017946925014,total,309.764466,,,,,,,,,309.75246,,,,,,,,unchecked: No available engine supports all the problem features:,,,,,,374,,,,,
transport-sat11-strips,p20.pddl,abs-asp,timed out,1800.109231993556,abstract_asp,,1.8962220959365368,0.005386997014284134,7.755679078400135,,0.1085355319082737,2.20517335832119,16.422399919480085,4.5194104090332985,,8.546803340315819,1.850427731871605,,,,,,,4,0,,,21,,22,,4,vehicle,
transport-sat11-strips,p20.pddl,abs-fd,interrupted,212.76535762101412,abstract_fd_search,,1.8677633814513683,0.0053384676575660706,7.529480706900358,,0.10807150602340698,2.202884130179882,16.318803381174803,4.496363241225481,,8.634673498570919,,,1.7880271710455418,,,,,4,0,0,0,117,,,0,4,vehicle,
transport-sat11-strips,p20.pddl,asp,timed out,1800.2895122719929,concrete_asp,,,,,,,,16.098765430040658,,,7.822040667757392,,,,,,,,,,,,,,,21,,,
transport-sat11-strips,p20.pddl,fd,success,94.31321806833148,total,90.655103,,,,,,,,,90.644192,,,,,,,,unchecked: No available engine supports all the problem features:,,,,,,343,,,,,
woodworking-sat08-strips,p03.pddl,abs-asp,timed out,1800.1439402848482,abstract_asp,,0.3995550461113453,0.0072022005915641785,0.22193046286702156,,0.028585471212863922,0.056672897189855576,0.37538085877895355,0.3608071655035019,,0.1042708046734333,0.10850545391440392,,,,,,,2,0,,,15,,16,,4,board,
woodworking-sat08-strips,p03.pddl,abs-fd,success,9.405561529099941,total,6.281783,0.475739,0.013469,0.240334,,0.029022,0.053598,0.41192,0.394416,,0.110817,,,0.434819,3.982211,,,valid,2,0,7,0,32,46,,1,4,board,
woodworking-sat08-strips,p03.pddl,asp,timed out,1800.063932776451,concrete_asp,,,,,,,,0.39086246863007545,,,0.1020963042974472,,,,,,,,,,,,,,,15,,,
woodworking-sat08-strips,p03.pddl,fd,success,2.9724120907485485,total,0.633286,,,,,,,,,0.624632,,,,,,,,valid,,,,,,24,,,,,
woodworking-sat08-strips,p04.pddl,abs-asp,timed out,1800.120455821976,abstract_asp,,0.46967593766748905,0.007630351930856705,0.2782383877784014,,0.0312428567558527,0.05751420743763447,0.48647220246493816,0.4011484459042549,,0.1470349933952093,0.11784980446100235,,,,,,,2,0,,,18,,19,,4,board,
woodworking-sat08-strips,p04.pddl,abs-fd,success,13.194707931950688,total,9.978149,0.481038,0.007834,0.255656,,0.030769,0.05863,0.445073,0.426111,,0.142444,,,0.652384,7.258129,,,valid,2,0,1,0,43,61,,1,4,board,
woodworking-sat08-strips,p04.pddl,asp,timed out,1800.1273701842874,concrete_asp,,,,,,,,0.4737297808751464,,,0.14127160049974918,,,,,,,,,,,,,,,18,,,
woodworking-sat08-strips,p04.pddl,fd,success,3.4990209713578224,total,1.042097,,,,,,,,,1.03477,,,,,,,,valid,,,,,,43,,,,,
woodworking-sat08-strips,p05.pddl,abs-asp,timed out,1800.1237525548786,abstract_asp,,0.5053818896412849,0.008163118734955788,0.28325079940259457,,0.037813158705830574,0.06528617441654205,0.5395938139408827,0.7027598768472672,,0.2168733961880207,0.28483748622238636,,,,,,,2,0,,,15,,16,,6,board,
woodworking-sat08-strips,p05.pddl,abs-fd,timed out,1800.1081018671393,abstract_fd_search,,0.5095677301287651,0.008133728057146072,0.27761557698249817,,0.03787480853497982,0.06584191508591175,0.5338362157344818,0.6970487833023071,,0.21561376564204693,,,0.8669056780636311,,,,,2,0,0,0,51,,,0,6,board,
woodworking-sat08-strips,p05.pddl,asp,timed out,1800.1217167526484,concrete_asp,,,,,,,,0.5476976074278355,,,0.20282595232129097,,,,,,,,,,,,,,,15,,,
woodworking-sat08-strips,p05.pddl,fd,success,3.6787136271595955,total,1.189322,,,,,,,,,1.181372,,,,,,,,valid,,,,,,37,,,,,
woodworking-sat08-strips,p06.pddl,abs-asp,timed out,1800.1305738650262,abstract_asp,,0.5256596021354198,0.008868787437677383,0.3748331069946289,,0.0423450693488121,0.06830969080328941,0.6935737244784832,0.8144848048686981,,0.27769897878170013,0.3471331186592579,,,,,,,2,0,,,14,,15,,7,board,
woodworking-sat08-strips,p06.pddl,abs-fd,timed out,1800.1863921862096,abstract_fd_search,,0.5272406432777643,0.008867934346199036,0.31956118531525135,,0.042549027130007744,0.06842121109366417,0.6351695526391268,0.8173938803374767,,0.2755024880170822,,,1.5087130814790726,,,,,2,0,0,0,45,,,0,7,board,
woodworking-sat08-strips,p06.pddl,asp,timed out,1800.1285703331232,concrete_asp,,,,,,,,0.6277057491242886,,,0.25748441740870476,,,,,,,,,,,,,,,15,,,
woodworking-sat08-strips,p06.pddl,fd,success,4.449641793966293,total,1.986514,,,,,,,,,1.978267,,,,,,,,valid,,,,,,41,,,,,
woodworking-sat08-strips,p07.pddl,abs-asp,timed out,1800.1569891870022,abstract_asp,,0.5679869018495083,0.009381107985973358,0.46872924640774727,,0.051004089415073395,0.09557643532752991,1.0281380750238895,1.2837217450141907,,0.47212760150432587,0.5754055120050907,,,,,,,2,0,,,14,,15,,9,board,
woodworking-sat08-strips,p07.pddl,abs-fd,success,45.893840136006474,total,42.282252,0.555975,0.009547,0.420665,,0.050865,0.07743,0.980003,1.260832,,0.466622,,,2.036747,35.715565,,,valid,2,0,9,0,68,100,,1,9,board,
woodworking-sat08-strips,p07.pddl,asp,timed out,1800.133315499872,concrete_asp,,,,,,,,1.0112424343824387,,,0.4354795143008232,,,,,,,,,,,,,,,14,,,
woodworking-sat08-strips,p07.pddl,fd,success,5.1996719762682915,total,2.639502,,,,,,,,,2.630027,,,,,,,,valid,,,,,,59,,,,,
woodworking-sat08-strips,p08.pddl,abs-asp,timed out,1800.1337377279997,abstract_asp,,0.5557595975697041,0.00935686007142067,0.5079481787979603,,0.05589102581143379,0.0885160081088543,1.0652075447142124,1.4607189819216728,,0.5586535558104515,0.7160879746079445,,,,,,,2,0,,,13,,14,,10,board,
woodworking-sat08-strips,p08.pddl,abs-fd,success,56.604480324313045,total,52.901758,0.577134,0.009555,0.511032,,0.056455,0.090242,1.066558,1.4668,,0.543205,,,5.639049,42.06642,,,valid,2,0,16,0,72,123,,1,10,board,
woodworking-sat08-strips,p08.pddl,asp,timed out,1800.040777362883,concrete_asp,,,,,,,,1.1482675820589066,,,0.5114181041717529,,,,,,,,,,,,,,,14,,,
woodworking-sat08-strips,p08.pddl,fd,success,8.819190889596939,total,6.194682,,,,,,,,,6.186174,,,,,,,,valid,,,,,,60,,,,,
woodworking-sat08-strips,p09.pddl,abs-asp,timed out,1800.1449667792767,abstract_asp,,0.5943594202399254,0.009846767410635948,0.6525979470461607,,0.06349281221628189,0.08810482174158096,1.4623429365456104,1.895566811785102,,0.7039409205317497,0.876941280439496,,,,,,,2,0,,,12,,13,,11,board,
woodworking-sat08-strips,p09.pddl,abs-fd,success,117.16940428689122,total,112.76014,0.613958,0.009743,0.610452,,0.06313,0.086186,1.405643,1.917352,,0.702943,,,10.587945,95.303951,,,valid,2,0,22,0,96,186,,1,11,board,
woodworking-sat08-strips,p09.pddl,asp,timed out,1800.1381693556905,concrete_asp,,,,,,,,1.3979507312178612,,,0.6505100280046463,,,,,,,,,,,,,,,14,,,
woodworking-sat08-strips,p09.pddl,fd,success,12.845619920641184,total,10.155084,,,,,,,,,10.146529,,,,,,,,valid,,,,,,80,,,,,
woodworking-sat08-strips,p10.pddl,abs-asp,timed out,1800.1392458565533,abstract_asp,,0.6265340149402618,0.010901980102062225,0.6748780161142349,,0.0665336474776268,0.09382897615432739,1.5562778562307358,1.6833098381757736,,0.7369899228215218,0.8143954463303089,,,,,,,2,0,,,13,,14,,11,board,
woodworking-sat08-strips,p10.pddl,abs-fd,success,130.5644120760262,total,125.989136,0.646213,0.010916,0.633399,,0.066167,0.094322,1.464137,1.693566,,0.734669,,,5.01207,114.109865,,,valid,2,0,8,0,96,169,,1,11,board,
woodworking-sat08-strips,p10.pddl,asp,timed out,1800.1355335228145,concrete_asp,,,,,,,,1.477488212287426,,,0.693915918469429,,,,,,,,,,,,,,,14,,,
woodworking-sat08-strips,p10.pddl,fd,success,9.628490209579468,total,6.099214,,,,,,,,,6.092456,,,,,,,,valid,,,,,,78,,,,,
woodworking-sat08-strips,p12.pddl,abs-asp,success,88.41815122589469,total,85.164227,0.411748,0.006469,0.197453,,0.022807,0.045956,0.309884,0.285644,,0.045707,0.051234,83.002875,,0.691261,,,valid,2,0,4,0,11,23,12,1,2,board,
woodworking-sat08-strips,p12.pddl,abs-fd,success,5.389791779220104,total,2.331807,0.425334,0.006482,0.198557,,0.022712,0.046144,0.312839,0.28355,,0.046916,,,0.10189,0.812276,,,valid,2,0,4,0,15,23,,1,2,board,
woodworking-sat08-strips,p12.pddl,asp,success,250.86929079145193,total,242.713837,,,,,,,0.265174,,,0.039898,,,,242.377374,,,valid,,,,,,13,,14,,,
woodworking-sat08-strips,p12.pddl,fd,success,3.6761442059651017,total,0.369847,,,,,,,,,0.360064,,,,,,,,valid,,,,,,13,,,,,
woodworking-sat08-strips,p13.pddl,abs-asp,timed out,1800.1221269667149,abstract_asp,,0.44471389055252075,0.00747092068195343,0.25755569711327553,,0.025732535868883133,0.05956011638045311,0.46747931092977524,0.37457871064543724,,0.1292080320417881,0.10631644353270531,,,,,,,2,0,,,16,,17,,3,board,
woodworking-sat08-strips,p13.pddl,abs-fd,success,9.057617004960775,total,5.920873,0.452018,0.007345,0.221717,,0.025527,0.058582,0.396157,0.374179,,0.125877,,,0.390655,3.736416,,,valid,2,0,1,0,25,26,,1,3,board,
woodworking-sat08-strips,p13.pddl,asp,timed out,1800.1174198016524,concrete_asp,,,,,,,,0.43627557530999184,,,0.12271631136536598,,,,,,,,,,,,,,,16,,,
woodworking-sat08-strips,p13.pddl,fd,success,3.8022552924230695,total,0.732303,,,,,,,,,0.723882,,,,,,,,valid,,,,,,25,,,,,
woodworking-sat08-strips,p14.pddl,abs-asp,timed out,1800.1187743619084,abstract_asp,,0.47207360714673996,0.007877811789512634,0.3123503848910332,,0.03361015021800995,0.057086195796728134,0.5216743759810925,0.5456301048398018,,0.19583192095160484,0.20569446682929993,,,,,,,2,0,,,14,,15,,5,board,
woodworking-sat08-strips,p14.pddl,abs-fd,success,32.98906359449029,total,29.746473,0.479354,0.007921,0.257794,,0.033807,0.057099,0.490798,0.527588,,0.19129,,,0.783897,26.697861,,,valid,2,0,4,0,35,68,,1,5,board,
woodworking-sat08-strips,p14.pddl,asp,timed out,1800.1232142122462,concrete_asp,,,,,,,,0.5416440162807703,,,0.18277839291840792,,,,,,,,,,,,,,,15,,,
woodworking-sat08-strips,p14.pddl,fd,success,9.15297831222415,total,1.009291,,,,,,,,,1.00223,,,,,,,,valid,,,,,,30,,,,,
woodworking-sat08-strips,p15.pddl,abs-asp,timed out,1800.1256649419665,abstract_asp,,0.4721635915338993,0.008196864277124405,0.29008055105805397,,0.03484107181429863,0.06440626829862595,0.5323318615555763,0.5084307193756104,,0.19393639639019966,0.1834685504436493,,,,,,,2,0,,,16,,17,,5,board,
woodworking-sat08-strips,p15.pddl,abs-fd,success,15.206625688821077,total,11.852528,0.501857,0.008472,0.268515,,0.03486,0.064768,0.502838,0.510013,,0.192763,,,0.677793,8.843009,,,valid,2,0,4,0,40,50,,1,5,board,
woodworking-sat08-strips,p15.pddl,asp,timed out,1800.1207140386105,concrete_asp,,,,,,,,0.5051969410851598,,,0.18403829634189606,,,,,,,,,,,,,,,17,,,
woodworking-sat08-strips,p15.pddl,fd,success,3.6196703780442476,total,1.135666,,,,,,,,,1.124727,,,,,,,,valid,,,,,,40,,,,,
woodworking-sat08-strips,p16.pddl,abs-asp,timed out,1800.1308600716293,abstract_asp,,0.5193294174969196,0.008304603397846222,0.37396296113729477,,0.04424658045172691,0.07357661798596382,0.7102155722677708,0.8639371916651726,,0.2956365905702114,0.38906221464276314,,,,,,,2,0,,,14,,15,,7,board,
woodworking-sat08-strips,p16.pddl,abs-fd,success,26.333406820893288,total,22.864358,0.529619,0.008249,0.334785,,0.044876,0.072968,0.670172,0.887052,,0.294202,,,1.243646,18.373796,,,valid,2,0,3,0,50,77,,1,7,board,
woodworking-sat08-strips,p16.pddl,asp,timed out,1800.120829748921,concrete_asp,,,,,,,,0.6517236242070794,,,0.2721561025828123,,,,,,,,,,,,,,,15,,,
woodworking-sat08-strips,p16.pddl,fd,success,4.079552251845598,total,1.585261,,,,,,,,,1.578611,,,,,,,,valid,,,,,,43,,,,,
woodworking-sat08-strips,p17.pddl,abs-asp,timed out,1800.1292364932597,abstract_asp,,0.5491531118750572,0.009461123496294022,0.4157588928937912,,0.04955311492085457,0.07404819503426552,0.856388945132494,0.7946681641042233,,0.359293382614851,0.3296222575008869,,,,,,,2,0,,,15,,16,,8,board,
woodworking-sat08-strips,p17.pddl,abs-fd,timed out,1800.1062912009656,abstract_fd_search,,0.5635122880339622,0.00946703553199768,0.37560107186436653,,0.05062199383974075,0.07524139434099197,0.7932807914912701,0.7913103699684143,,0.358230397105217,,,3.853491745889187,,,,,2,0,0,0,64,,,0,8,board,
woodworking-sat08-strips,p17.pddl,asp,timed out,1800.03329725191,concrete_asp,,,,,,,,0.8815832547843456,,,0.3388766869902611,,,,,,,,,,,,,,,15,,,
woodworking-sat08-strips,p17.pddl,fd,success,8.947235368192196,total,5.04642,,,,,,,,,5.037847,,,,,,,,valid,,,,,,64,,,,,
woodworking-sat08-strips,p18.pddl,abs-asp,timed out,1800.1445526964962,abstract_asp,,0.5537200346589088,0.009501209482550621,0.4874084424227476,,0.058474816381931305,0.08296420983970165,0.9871958959847689,1.4171721041202545,,0.47380814142525196,0.6655592266470194,,,,,,,2,0,,,13,,14,,8,board,
woodworking-sat08-strips,p18.pddl,abs-fd,success,61.731892205774784,total,57.960973,0.582514,0.009577,0.480596,,0.058716,0.082686,0.984326,1.431704,,0.475234,,,4.269453,48.736945,,,valid,2,0,20,0,74,132,,1,8,board,
woodworking-sat08-strips,p18.pddl,asp,timed out,1800.1224884316325,concrete_asp,,,,,,,,1.0357717359438539,,,0.4477634308859706,,,,,,,,,,,,,,,15,,,
woodworking-sat08-strips,p18.pddl,fd,success,6.964934556744993,total,4.318448,,,,,,,,,4.311552,,,,,,,,valid,,,,,,65,,,,,
woodworking-sat08-strips,p19.pddl,abs-asp,timed out,1800.1473233401775,abstract_asp,,0.6175865903496742,0.01065642386674881,0.532268475741148,,0.07924758642911911,0.09518902376294136,1.1138074807822704,1.5735316462814808,,0.515621729195118,0.7267337590456009,,,,,,,2,0,,,12,,13,,9,board,
woodworking-sat08-strips,p19.pddl,abs-fd,interrupted,1800.1015770696104,abstract_fd_search,,0.6161938346922398,0.01040889322757721,0.5110909417271614,,0.08052544668316841,0.09413040429353714,1.0551981888711452,1.468132320791483,,0.5270952917635441,,,3.434148732572794,,,,,2,0,0,0,77,,,0,9,board,
woodworking-sat08-strips,p19.pddl,asp,timed out,1800.1252046544105,concrete_asp,,,,,,,,1.0992028266191483,,,0.4812956601381302,,,,,,,,,,,,,,,14,,,
woodworking-sat08-strips,p19.pddl,fd,success,7.840703867375851,total,4.324807,,,,,,,,,4.316184,,,,,,,,valid,,,,,,74,,,,,
woodworking-sat08-strips,p20.pddl,abs-asp,timed out,1800.1576026156545,abstract_asp,,0.5897310972213745,0.01040567085146904,0.6342036500573158,,0.06598447263240814,0.095005102455616,1.3917542770504951,2.032682742923498,,0.7142697237432003,1.009409200400114,,,,,,,2,0,,,11,,12,,11,board,
woodworking-sat08-strips,p20.pddl,abs-fd,success,116.58383192121983,total,111.988701,0.63133,0.010599,0.636142,,0.066082,0.095008,1.468921,2.128656,,0.737983,,,4.519782,100.056856,,,valid,2,0,14,0,101,131,,1,11,board,
woodworking-sat08-strips,p20.pddl,asp,timed out,1800.1340249106288,concrete_asp,,,,,,,,1.5301997661590576,,,0.7106415927410126,,,,,,,,,,,,,,,14,,,
woodworking-sat08-strips,p20.pddl,fd,success,8.413247164338827,total,4.938161,,,,,,,,,4.929689,,,,,,,,valid,,,,,,89,,,,,
woodworking-sat08-strips,p21.pddl,abs-asp,success,3.9007541947066784,total,1.422663,0.341429,0.006306,0.145751,,0.020072,0.038983,0.213977,0.187683,,0.0175,0.017085,0.212408,,0.178932,,,valid,2,0,2,0,8,14,9,1,2,board,
woodworking-sat08-strips,p21.pddl,abs-fd,success,4.552172403782606,total,1.557511,0.395841,0.006594,0.196063,,0.020378,0.040133,0.282026,0.226785,,0.022496,,,0.099065,0.198496,,,valid,2,0,1,0,8,16,,1,2,board,
woodworking-sat08-strips,p21.pddl,asp,success,3.5139883272349834,total,0.517054,,,,,,,0.269959,,,0.020401,,,,0.207513,,,valid,,,,,,8,,9,,,
woodworking-sat08-strips,p21.pddl,fd,success,3.2673613615334034,total,0.296737,,,,,,,,,0.290459,,,,,,,,valid,,,,,,8,,,,,
woodworking-sat08-strips,p22.pddl,abs-asp,success,152.8005460612476,total,150.194501,0.403258,0.006504,0.185494,,0.022367,0.044825,0.299383,0.28137,,0.056362,0.051547,147.765959,,0.97448,,,valid,2,0,1,0,13,15,14,1,2,board,
woodworking-sat08-strips,p22.pddl,abs-fd,success,5.749448921531439,total,2.710719,0.427341,0.006566,0.207478,,0.022401,0.045696,0.325198,0.28231,,0.060218,,,0.175626,1.078144,,,valid,2,0,0,0,15,15,,1,2,board,
woodworking-sat08-strips,p22.pddl,asp,success,265.4094900675118,total,256.894045,,,,,,,0.289015,,,0.052391,,,,256.515329,,,valid,,,,,,13,,14,,,
woodworking-sat08-strips,p22.pddl,fd,success,3.5888656675815582,total,0.460859,,,,,,,,,0.452596,,,,,,,,valid,,,,,,15,,,,,
woodworking-sat08-strips,p23.pddl,abs-asp,timed out,1800.1182072535157,abstract_asp,,0.44429636001586914,0.013547692447900772,0.24728909134864807,,0.024420268833637238,0.050722211599349976,0.3996826149523258,0.3392609916627407,,0.08870846033096313,0.08069217205047607,,,,,,,2,0,,,16,,17,,2,board,
woodworking-sat08-strips,p23.pddl,abs-fd,success,7.613101806491613,total,4.501967,0.452383,0.013612,0.205974,,0.024627,0.051751,0.342305,0.351109,,0.084924,,,0.295288,2.565989,,,valid,2,0,1,0,24,41,,1,2,board,
woodworking-sat08-strips,p23.pddl,asp,timed out,1800.1199715733528,concrete_asp,,,,,,,,0.3960122689604759,,,0.08435540646314621,,,,,,,,,,,,,,,17,,,
woodworking-sat08-strips,p23.pddl,fd,success,3.6835238859057426,total,0.590054,,,,,,,,,0.583909,,,,,,,,valid,,,,,,24,,,,,
woodworking-sat08-strips,p24.pddl,abs-asp,timed out,1800.0854848325253,abstract_asp,,0.48558492213487625,0.007664773613214493,0.27313606813549995,,0.03141535073518753,0.05655214563012123,0.4932388998568058,0.47054339200258255,,0.16439274325966835,0.16349737346172333,,,,,,,2,0,,,14,,15,,4,board,
woodworking-sat08-strips,p24.pddl,abs-fd,success,13.890864249318838,total,10.631423,0.483177,0.007725,0.242447,,0.031353,0.056727,0.457836,0.483924,,0.162912,,,0.779602,7.718461,,,valid,2,0,1,0,40,47,,1,4,board,
woodworking-sat08-strips,p24.pddl,asp,timed out,1800.121166843921,concrete_asp,,,,,,,,0.4963498115539551,,,0.15455679967999458,,,,,,,,,,,,,,,16,,,
woodworking-sat08-strips,p24.pddl,fd,success,4.4493314772844315,total,1.248646,,,,,,,,,1.240924,,,,,,,,valid,,,,,,37,,,,,
woodworking-sat08-strips,p25.pddl,abs-asp,timed out,1800.122632894665,abstract_asp,,0.4961734376847744,0.008278481662273407,0.309396218508482,,0.03543733060359955,0.06485472619533539,0.5835317745804787,0.5966090485453606,,0.22174909338355064,0.2380298674106598,,,,,,,2,0,,,14,,15,,5,board,
woodworking-sat08-strips,p25.pddl,abs-fd,success,24.863395247608423,total,21.459771,0.516234,0.008429,0.286291,,0.035905,0.065746,0.548745,0.597749,,0.220084,,,1.051624,17.800394,,,valid,2,0,2,0,52,78,,1,5,board,
woodworking-sat08-strips,p25.pddl,asp,timed out,1800.124371316284,concrete_asp,,,,,,,,0.5803240351378918,,,0.2260454259812832,,,,,,,,,,,,,,,15,,,
woodworking-sat08-strips,p25.pddl,fd,success,4.5258867256343365,total,1.405967,,,,,,,,,1.397235,,,,,,,,valid,,,,,,45,,,,,
woodworking-sat08-strips,p26.pddl,abs-asp,timed out,1800.1278956793249,abstract_asp,,0.5230501815676689,0.008437521755695343,0.3543035760521889,,0.043642301112413406,0.07367885857820511,0.6038991175591946,0.6495297811925411,,0.25731973350048065,0.2651738189160824,,,,,,,2,0,,,16,,17,,7,board,
woodworking-sat08-strips,p26.pddl,abs-fd,timed out,1800.176643833518,abstract_fd_search,,0.5342858470976353,0.008557476103305817,0.3081596568226814,,0.04381361976265907,0.07432396337389946,0.5962621159851551,0.6393159963190556,,0.25259073451161385,,,1.0723806731402874,,,,,2,0,0,0,60,,,0,7,board,
woodworking-sat08-strips,p26.pddl,asp,timed out,1800.0613807113841,concrete_asp,,,,,,,,0.6814140500500798,,,0.2387719489634037,,,,,,,,,,,,,,,15,,,
woodworking-sat08-strips,p26.pddl,fd,success,4.965785369277,total,1.657749,,,,,,,,,1.650087,,,,,,,,valid,,,,,,60,,,,,
woodworking-sat08-strips,p27.pddl,abs-asp,timed out,1800.1344864740968,abstract_asp,,0.5526461750268936,0.009266011416912079,0.40633736178278923,,0.0437476672232151,0.07359063625335693,0.8531817048788071,0.9567764922976494,,0.3452305383980274,0.44139982759952545,,,,,,,2,0,,,13,,14,,6,board,
woodworking-sat08-strips,p27.pddl,abs-fd,timed out,1800.1968921422958,abstract_fd_search,,0.5893725641071796,0.010018013417720795,0.3666318580508232,,0.043988186866045,0.07479359582066536,0.7850838862359524,0.9544018507003784,,0.3407432325184345,,,1.9213459677994251,,,,,2,0,0,0,54,,,0,6,board,
woodworking-sat08-strips,p27.pddl,asp,timed out,1800.1271580010653,concrete_asp,,,,,,,,0.8251155205070972,,,0.3203418366611004,,,,,,,,,,,,,,,13,,,
woodworking-sat08-strips,p27.pddl,fd,success,6.306410979479551,total,2.425005,,,,,,,,,2.416183,,,,,,,,valid,,,,,,44,,,,,
woodworking-sat08-strips,p28.pddl,abs-asp,timed out,1800.1361586488783,abstract_asp,,0.5604132935404778,0.01603417471051216,0.5010157115757465,,0.05676528997719288,0.08198177441954613,1.019083159044385,1.436971127986908,,0.5035723280161619,0.673936577513814,,,,,,,2,0,,,12,,13,,10,board,
woodworking-sat08-strips,p28.pddl,abs-fd,timed out,1800.2616293244064,abstract_fd_search,,0.5843229554593563,0.015844348818063736,0.4966186210513115,,0.05665484443306923,0.08142983168363571,1.0567223466932774,1.4716003574430943,,0.5040033049881458,,,3.5433921702206135,,,,,2,0,0,0,77,,,0,10,board,
woodworking-sat08-strips,p28.pddl,asp,timed out,1800.1273455359042,concrete_asp,,,,,,,,1.0567870885133743,,,0.4680706076323986,,,,,,,,,,,,,,,16,,,
woodworking-sat08-strips,p28.pddl,fd,success,8.206286750733852,total,4.585266,,,,,,,,,4.578787,,,,,,,,valid,,,,,,76,,,,,
woodworking-sat08-strips,p29.pddl,abs-asp,timed out,1800.1478739604354,abstract_asp,,0.5919936671853065,0.01002933457493782,0.5293306857347488,,0.060377925634384155,0.08565765619277954,1.0063785500824451,1.513714600354433,,0.47668223455548286,0.7241365015506744,,,,,,,2,0,,,13,,14,,10,board,
woodworking-sat08-strips,p29.pddl,abs-fd,timed out,1800.2774304300547,abstract_fd_search,,0.6136516444385052,0.01022658497095108,0.49418318271636963,,0.061366789042949677,0.08747848495841026,1.0187686420977116,1.5174465365707874,,0.4779180772602558,,,6.387630619108677,,,,,2,0,0,0,83,,,0,10,board,
woodworking-sat08-strips,p29.pddl,asp,timed out,1800.1402554698288,concrete_asp,,,,,,,,1.0628496780991554,,,0.44737715646624565,,,,,,,,,,,,,,,15,,,
woodworking-sat08-strips,p29.pddl,fd,success,10.375337481498718,total,6.706843,,,,,,,,,6.699018,,,,,,,,valid,,,,,,75,,,,,
woodworking-sat08-strips,p30.pddl,abs-asp,timed out,1800.1321421973407,abstract_asp,,0.6235960982739925,0.010051542893052101,0.6336708851158619,,0.06116974540054798,0.0909067653119564,1.4210848230868578,1.6755983028560877,,0.645294725894928,0.8310312982648611,,,,,,,2,0,,,13,,14,,10,board,
woodworking-sat08-strips,p30.pddl,abs-fd,timed out,1800.3192736953497,abstract_fd_search,,0.6335645727813244,0.010298196226358414,0.5866878889501095,,0.06197482347488403,0.09184624999761581,1.3503491878509521,1.6907342299818993,,0.6404470354318619,,,15.000734530389309,,,,,2,0,0,0,95,,,0,10,board,
woodworking-sat08-strips,p30.pddl,asp,timed out,1800.133680254221,concrete_asp,,,,,,,,1.332814373075962,,,0.6013741828501225,,,,,,,,,,,,,,,14,,,
woodworking-sat08-strips,p30.pddl,fd,success,18.029421214945614,total,15.327035,,,,,,,,,15.317653,,,,,,,,valid,,,,,,79,,,,,
woodworking-sat11-strips,p02.pddl,abs-asp,timed out,1800.130690652877,abstract_asp,,0.5406750030815601,0.009465739130973816,0.49153123423457146,,0.055918578058481216,0.08848044648766518,1.0345282293856144,1.4103080295026302,,0.5300058573484421,0.7057810202240944,,,,,,,2,0,,,13,,14,,10,board,
woodworking-sat11-strips,p02.pddl,abs-fd,success,56.51835065335035,total,52.810817,0.575564,0.009544,0.510271,,0.056423,0.089692,1.122312,1.455454,,0.552686,,,5.638965,41.930525,,,valid,2,0,16,0,72,123,,1,10,board,
woodworking-sat11-strips,p02.pddl,asp,timed out,1800.1340831294656,concrete_asp,,,,,,,,1.0841653160750866,,,0.5163052193820477,,,,,,,,,,,,,,,14,,,
woodworking-sat11-strips,p02.pddl,fd,success,9.649755887687206,total,6.240892,,,,,,,,,6.23296,,,,,,,,valid,,,,,,60,,,,,
woodworking-sat11-strips,p04.pddl,abs-asp,timed out,1800.1330599226058,abstract_asp,,0.5372067838907242,0.009651537984609604,0.5614366121590137,,0.06275873258709908,0.08640915527939796,1.300174880772829,1.747414991259575,,0.6703055165708065,0.8373819179832935,,,,,,,2,0,,,12,,13,,11,board,
woodworking-sat11-strips,p04.pddl,abs-fd,success,118.4442378282547,total,113.947331,0.609815,0.009856,0.604116,,0.063173,0.08664,1.404317,1.900751,,0.704434,,,10.637412,96.432315,,,valid,2,0,22,0,96,186,,1,11,board,
woodworking-sat11-strips,p04.pddl,asp,timed out,1800.1370100528002,concrete_asp,,,,,,,,1.459985263645649,,,0.6549478806555271,,,,,,,,,,,,,,,14,,,
woodworking-sat11-strips,p04.pddl,fd,success,13.644848570227623,total,10.160536,,,,,,,,,10.152084,,,,,,,,valid,,,,,,80,,,,,
woodworking-sat11-strips,p07.pddl,abs-asp,timed out,1800.1526508629322,abstract_asp,,0.530817449092865,0.014260314404964447,0.500475637614727,,0.056767407804727554,0.08060649782419205,1.0111288167536259,1.336828526109457,,0.4768799729645252,0.632632702589035,,,,,,,2,0,,,12,,13,,10,board,
woodworking-sat11-strips,p07.pddl,abs-fd,timed out,1800.2614805437624,abstract_fd_search,,0.5781523808836937,0.016012907028198242,0.49441853538155556,,0.05788610503077507,0.08222240954637527,1.0845306478440762,1.4540485329926014,,0.5092851258814335,,,3.5504106245934963,,,,,2,0,0,0,77,,,0,10,board,
woodworking-sat11-strips,p07.pddl,asp,timed out,1800.1274570934474,concrete_asp,,,,,,,,1.0447512567043304,,,0.5013071075081825,,,,,,,,,,,,,,,16,,,
woodworking-sat11-strips,p07.pddl,fd,success,7.637870077043772,total,4.567826,,,,,,,,,4.560257,,,,,,,,valid,,,,,,76,,,,,
woodworking-sat11-strips,p12.pddl,abs-asp,timed out,1800.1384695935994,abstract_asp,,0.5998996458947659,0.010752206668257713,0.6856665667146444,,0.06834340281784534,0.09770260378718376,1.59528024867177,2.0467118248343468,,0.8443654458969831,1.03692895360291,,,,,,,2,0,,,12,,13,,11,board,
woodworking-sat11-strips,p12.pddl,abs-fd,success,1525.5916144177318,total,1520.599105,0.656476,0.010839,0.713878,,0.067574,0.098239,1.677659,2.161483,,0.913402,,,5.045186,1506.99035,,,valid,2,0,32,0,108,217,,1,11,board,
woodworking-sat11-strips,p12.pddl,asp,timed out,1800.1496204324067,concrete_asp,,,,,,,,1.765891119837761,,,0.8369236253201962,,,,,,,,,,,,,,,15,,,
woodworking-sat11-strips,p12.pddl,fd,success,10.581652570515871,total,6.357837,,,,,,,,,6.346503,,,,,,,,valid,,,,,,85,,,,,
woodworking-sat11-strips,p13.pddl,abs-asp,timed out,1800.1288459934294,abstract_asp,,0.6300354525446892,0.01132933795452118,0.653037428855896,,0.06767866387963295,0.10191585496068001,1.4731365889310837,1.8909778259694576,,0.7176247537136078,0.8826334960758686,,,,,,,2,0,,,12,,13,,10,board,
woodworking-sat11-strips,p13.pddl,abs-fd,timed out,1800.423379354179,abstract_fd_search,,0.6563091687858105,0.011775299906730652,0.6550202928483486,,0.06790854036808014,0.10493647307157516,1.5119800753891468,2.0161346048116684,,0.7555181048810482,,,15.886603593826294,,,,,2,0,0,0,125,,,0,10,board,
woodworking-sat11-strips,p13.pddl,asp,timed out,1800.1420317776501,concrete_asp,,,,,,,,1.549374669790268,,,0.7042063251137733,,,,,,,,,,,,,,,14,,,
woodworking-sat11-strips,p13.pddl,fd,success,20.7850987277925,total,17.063478,,,,,,,,,17.054979,,,,,,,,valid,,,,,,100,,,,,
woodworking-sat11-strips,p14.pddl,abs-asp,timed out,1800.1629136279225,abstract_asp,,0.657508596777916,0.011524166911840439,0.6145502552390099,,0.07274873182177544,0.10243238881230354,1.387170746922493,1.838421680033207,,0.6591660194098949,0.8077022321522236,,,,,,,2,0,,,12,,13,,10,board,
woodworking-sat11-strips,p14.pddl,abs-fd,timed out,1800.3444990292192,abstract_fd_search,,0.6978203468024731,0.011529378592967987,0.6377025153487921,,0.0728151835501194,0.10273374430835247,1.4407414458692074,1.8845001980662346,,0.6958890724927187,,,19.81267194263637,,,,,2,0,0,0,106,,,0,10,board,
woodworking-sat11-strips,p14.pddl,asp,timed out,1800.13915778324,concrete_asp,,,,,,,,1.4887212254106998,,,0.6559562236070633,,,,,,,,,,,,,,,14,,,
woodworking-sat11-strips,p14.pddl,fd,success,24.881126388907433,total,21.088203,,,,,,,,,21.080789,,,,,,,,valid,,,,,,92,,,,,
woodworking-sat11-strips,p15.pddl,abs-asp,timed out,1800.141436221078,abstract_asp,,0.6648757234215736,0.01194613054394722,0.7534825336188078,,0.08330323919653893,0.13319601118564606,1.852927366271615,2.4946622382849455,,0.9448852837085724,1.188035786151886,,,,,,,2,0,,,12,,13,,13,board,
woodworking-sat11-strips,p15.pddl,abs-fd,success,243.34215002320707,total,237.517882,0.710209,0.012146,0.785652,,0.082963,0.118362,1.949323,2.64384,,0.983057,,,31.976659,195.01237,,,valid,2,0,28,0,153,243,,1,13,board,
woodworking-sat11-strips,p15.pddl,asp,timed out,1800.1441440060735,concrete_asp,,,,,,,,1.9582402892410755,,,0.9248295500874519,,,,,,,,,,,,,,,14,,,
woodworking-sat11-strips,p15.pddl,fd,success,33.93314250186086,total,31.013493,,,,,,,,,31.003561,,,,,,,,valid,,,,,,134,,,,,
woodworking-sat11-strips,p17.pddl,abs-asp,timed out,1800.148618735373,abstract_asp,,0.5008271150290966,0.008666940033435822,0.8416464682668447,,0.048712074756622314,0.07730155810713768,1.965671643614769,2.6015240848064423,,1.0680539216846228,1.3241867758333683,,,,,,,2,0,,,11,,12,,8,board,
woodworking-sat11-strips,p17.pddl,abs-fd,success,462.7813620585948,total,453.988214,0.531968,0.008897,0.82199,,0.049633,0.078972,2.038056,2.783145,,1.131565,,,2.987665,442.521397,,,valid,2,0,12,0,57,115,,1,8,board,
woodworking-sat11-strips,p17.pddl,asp,timed out,1800.1412430303171,concrete_asp,,,,,,,,2.0277546234428883,,,1.057630479335785,,,,,,,,,,,,,,,13,,,
woodworking-sat11-strips,p17.pddl,fd,success,7.065157677978277,total,4.51348,,,,,,,,,4.504516,,,,,,,,valid,,,,,,45,,,,,
woodworking-sat11-strips,p18.pddl,abs-asp,timed out,1800.160653034225,abstract_asp,,0.5395617764443159,0.009391553699970245,0.7112624868750572,,0.044786762446165085,0.07901795767247677,1.6687667220830917,1.6285232454538345,,0.9484395924955606,0.830439368262887,,,,,,,2,0,,,12,,13,,6,board,
woodworking-sat11-strips,p18.pddl,abs-fd,success,76.94777995720506,total,73.151221,0.565845,0.009593,0.73685,,0.044194,0.079251,1.721812,1.633644,,0.952923,,,3.452066,62.799021,,,valid,2,0,10,0,67,122,,1,6,board,
woodworking-sat11-strips,p18.pddl,asp,timed out,1800.1399143077433,concrete_asp,,,,,,,,1.6640503145754337,,,0.8732731491327286,,,,,,,,,,,,,,,13,,,
woodworking-sat11-strips,p18.pddl,fd,success,8.047657776623964,total,5.437885,,,,,,,,,5.428412,,,,,,,,valid,,,,,,67,,,,,
woodworking-sat11-strips,p19.pddl,abs-asp,timed out,1800.1801552064717,abstract_asp,,0.5385795254260302,0.009010465815663338,0.9169210493564606,,0.05473209731280804,0.08790056221187115,2.1724833082407713,3.557438051328063,,1.210837610065937,1.7423692252486944,,,,,,,2,0,,,12,,13,,9,board,
woodworking-sat11-strips,p19.pddl,abs-fd,success,198.40987057425082,total,194.481918,0.583314,0.009316,0.956911,,0.055929,0.091133,2.233575,3.879104,,1.282438,,,5.983053,177.974265,,,valid,2,0,23,0,72,145,,1,9,board,
woodworking-sat11-strips,p19.pddl,asp,timed out,1800.147179685533,concrete_asp,,,,,,,,2.24917908385396,,,1.192943762987852,,,,,,,,,,,,,,,13,,,
woodworking-sat11-strips,p19.pddl,fd,success,8.999526962637901,total,6.439337,,,,,,,,,6.432199,,,,,,,,valid,,,,,,58,,,,,
woodworking-sat11-strips,p20.pddl,abs-asp,timed out,1800.198097679764,abstract_asp,,0.5775306485593319,0.009486939758062363,1.1449715159833431,,0.05698421970009804,0.0932505615055561,2.8934993632137775,4.171574715524912,,1.620877966284752,2.008382923901081,,,,,,,2,0,,,12,,13,,9,board,
woodworking-sat11-strips,p20.pddl,abs-fd,success,136.8348933774978,total,132.842276,0.579114,0.009213,1.116885,,0.055787,0.091203,2.914152,4.07267,,1.610135,,,5.255381,115.359697,,,valid,2,0,19,0,68,135,,1,9,board,
woodworking-sat11-strips,p20.pddl,asp,timed out,1800.1522170454264,concrete_asp,,,,,,,,2.8616669699549675,,,1.4902261197566986,,,,,,,,,,,,,,,12,,,
woodworking-sat11-strips,p20.pddl,fd,success,9.720443431288004,total,7.15573,,,,,,,,,7.147599,,,,,,,,valid,,,,,,57,,,,,
zenotravel,p05.pddl,abs-asp,success,6.135472558438778,total,3.479378,0.168178,0.003115,0.145318,,0.00939,0.037991,0.236139,0.201117,,0.026676,0.022934,0.150203,,2.42042,,,valid,2,0,3,0,6,13,7,1,3,object,
zenotravel,p05.pddl,abs-fd,success,8.938594225794077,total,1.201803,0.159625,0.002674,0.129596,,0.0095,0.043811,0.214738,0.215089,,0.024596,,,0.086704,0.265833,,,valid,2,0,0,0,7,15,,1,3,object,
zenotravel,p05.pddl,asp,success,5.359687298536301,total,2.443558,,,,,,,0.254687,,,0.026115,,,,2.142362,,,valid,,,,,,11,,12,,,
zenotravel,p05.pddl,fd,success,3.20626487955451,total,0.274976,,,,,,,,,0.26851,,,,,,,,valid,,,,,,12,,,,,
zenotravel,p07.pddl,abs-asp,success,5.940602200105786,total,3.344908,0.17092,0.002654,0.140051,,0.009707,0.049605,0.23062,0.213709,,0.025452,0.022658,2.010278,,0.414009,,,valid,2,0,0,0,9,19,10,1,3,object,
zenotravel,p07.pddl,abs-fd,success,4.310797456651926,total,1.503467,0.193305,0.002777,0.161578,,0.010042,0.052879,0.2666,0.224582,,0.030224,,,0.093241,0.39985,,,valid,2,0,1,0,10,20,,1,3,object,
zenotravel,p07.pddl,asp,success,417.092190887779,total,413.862959,,,,,,,0.256914,,,0.025756,,,,413.53751,,,valid,,,,,,15,,16,,,
zenotravel,p07.pddl,fd,success,3.1814287677407265,total,0.276656,,,,,,,,,0.272084,,,,,,,,valid,,,,,,18,,,,,
zenotravel,p08.pddl,abs-asp,success,7.335746355354786,total,4.285969,0.178353,0.007764,0.182018,,0.01046,0.053816,0.311019,0.26354,,0.0545,0.050229,2.455955,,0.6405,,,valid,2,0,0,0,8,16,9,1,3,object,
zenotravel,p08.pddl,abs-fd,success,4.895509127527475,total,2.088852,0.196661,0.00866,0.179968,,0.010897,0.054131,0.286437,0.265378,,0.051721,,,0.090883,0.878572,,,valid,2,0,0,0,12,18,,1,3,object,
zenotravel,p08.pddl,asp,success,23.749921523034573,total,16.573469,,,,,,,0.267493,,,0.049895,,,,16.22601,,,valid,,,,,,11,,12,,,
zenotravel,p08.pddl,fd,success,3.106136929243803,total,0.333412,,,,,,,,,0.32605,,,,,,,,valid,,,,,,15,,,,,
zenotravel,p09.pddl,abs-asp,timed out,1800.146897058934,abstract_asp,,0.1783701665699482,0.0026785992085933685,0.17475436255335808,,0.010493051260709763,0.0576687715947628,0.28912726417183876,0.25264549627900124,,0.05357839912176132,0.05161488428711891,,,,,,,2,0,,,13,,14,,3,object,
zenotravel,p09.pddl,abs-fd,success,5.488086100667715,total,2.644939,0.19816,0.002787,0.174912,,0.010887,0.058761,0.293218,0.27609,,0.053592,,,0.099502,1.394852,,,valid,2,0,0,0,18,37,,1,3,object,
zenotravel,p09.pddl,asp,timed out,1800.0237723253667,concrete_asp,,,,,,,,0.30605386942625046,,,0.05650089681148529,,,,,,,,,,,,,,,15,,,
zenotravel,p09.pddl,fd,success,3.105931356549263,total,0.335171,,,,,,,,,0.329553,,,,,,,,valid,,,,,,25,,,,,
zenotravel,p10.pddl,abs-asp,timed out,1800.1182159483433,abstract_asp,,0.18421923369169235,0.002841353416442871,0.17416692152619362,,0.011662710458040237,0.06412738189101219,0.28552014008164406,0.26034123823046684,,0.0530470572412014,0.054305300116539,,,,,,,2,0,,,13,,14,,3,object,
zenotravel,p10.pddl,abs-fd,success,5.993192192167044,total,3.129423,0.204539,0.002904,0.175349,,0.011909,0.06304,0.296175,0.272613,,0.054623,,,0.097022,1.869614,,,valid,2,0,0,0,26,42,,1,3,object,
zenotravel,p10.pddl,asp,timed out,1800.118217902258,concrete_asp,,,,,,,,0.3149478221312165,,,0.07532295491546392,,,,,,,,,,,,,,,15,,,
zenotravel,p10.pddl,fd,success,3.325531248934567,total,0.345553,,,,,,,,,0.338793,,,,,,,,valid,,,,,,26,,,,,
zenotravel,p11.pddl,abs-asp,success,752.1102916300297,total,744.993747,0.166966,0.002751,0.156551,,0.010807,0.061429,0.281054,0.28986,,0.07122,0.072029,742.693351,,1.077001,,,valid,2,0,0,0,11,23,12,1,3,object,
zenotravel,p11.pddl,abs-fd,success,5.503038331866264,total,2.660715,0.203425,0.002824,0.189113,,0.010878,0.06269,0.308342,0.307873,,0.073412,,,0.100811,1.32265,,,valid,2,0,0,0,13,27,,1,3,object,
zenotravel,p11.pddl,asp,success,549.9440185809508,total,546.6952,,,,,,,0.344693,,,0.07121,,,,546.21724,,,valid,,,,,,14,,15,,,
zenotravel,p11.pddl,fd,success,3.193528961390257,total,0.333284,,,,,,,,,0.32422,,,,,,,,valid,,,,,,16,,,,,
zenotravel,p13.pddl,abs-asp,timed out,1800.1466342508793,abstract_asp,,0.1870863251388073,0.002825547009706497,0.20532304048538208,,0.011463850736618042,0.07534538581967354,0.34656303748488426,0.29712726175785065,,0.07765611633658409,0.07587016373872757,,,,,,,2,0,,,13,,14,,3,object,
zenotravel,p13.pddl,abs-fd,success,11.174153454601765,total,3.778027,0.181116,0.002975,0.169845,,0.011776,0.079513,0.305859,0.313384,,0.076834,,,0.105554,2.429231,,,valid,2,0,0,0,23,46,,1,3,object,
zenotravel,p13.pddl,asp,timed out,1800.1236975938082,concrete_asp,,,,,,,,0.3001341186463833,,,0.078829325735569,,,,,,,,,,,,,,,15,,,
zenotravel,p13.pddl,fd,success,3.244596853852272,total,0.348072,,,,,,,,,0.338843,,,,,,,,valid,,,,,,35,,,,,
zenotravel,p14.pddl,abs-asp,timed out,1800.1476036831737,abstract_asp,,0.1902809552848339,0.0029732510447502136,0.3446003943681717,,0.011803068220615387,0.11464205384254456,0.7082085199654102,0.5586340241134167,,0.3076600506901741,0.2271631695330143,,,,,,,3,0,,,12,,13,,2,object,
zenotravel,p14.pddl,abs-fd,success,16.652463495731354,total,13.576276,0.213202,0.003094,0.371586,,0.012307,0.115789,0.780532,0.596418,,0.330092,,,0.141912,10.772595,,,valid,3,0,2,0,28,53,,1,2,object,
zenotravel,p14.pddl,asp,timed out,1800.140505772084,concrete_asp,,,,,,,,0.7831207886338234,,,0.30692973360419273,,,,,,,,,,,,,,,13,,,
zenotravel,p14.pddl,fd,success,3.671840149909258,total,0.853548,,,,,,,,,0.847648,,,,,,,,valid,,,,,,40,,,,,
zenotravel,p15.pddl,abs-asp,timed out,1800.11675831303,abstract_asp,,0.19957320019602776,0.0030990391969680786,0.46196960285305977,,0.015458736568689346,0.14870323240756989,0.8966540656983852,0.2959439344704151,,0.4430635832250118,0.05703844502568245,,,,,,,6,0,,,17,,18,,5,object,
zenotravel,p15.pddl,abs-fd,timed out,1800.2195143401623,abstract_fd_search,,0.22010737285017967,0.0032661259174346924,0.5046196281909943,,0.015739500522613525,0.22769895941019058,0.943359699100256,0.31817738339304924,,0.4723607785999775,,,0.11175286769866943,,,,,6,0,0,0,30,,,0,5,object,
zenotravel,p15.pddl,asp,timed out,1800.1543857082725,concrete_asp,,,,,,,,1.0043418072164059,,,0.45000869780778885,,,,,,,,,,,,,,,12,,,
zenotravel,p15.pddl,fd,success,3.9776681140065193,total,1.145218,,,,,,,,,1.137508,,,,,,,,valid,,,,,,47,,,,,
zenotravel,p16.pddl,abs-asp,timed out,1800.1344958543777,abstract_asp,,0.20055589452385902,0.0032985955476760864,0.5907741189002991,,0.015843264758586884,0.22915533930063248,1.2423388212919235,0.7866239845752716,,0.6001211442053318,0.34626976773142815,,,,,,,3,0,,,12,,13,,4,object,
zenotravel,p16.pddl,abs-fd,success,38.734743244946,total,35.3802,0.222637,0.00342,0.605738,,0.016519,0.252021,1.263553,0.842667,,0.652396,,,0.183367,30.749838,,,valid,3,0,0,0,40,70,,1,4,object,
zenotravel,p16.pddl,asp,timed out,1800.1575657762587,concrete_asp,,,,,,,,1.2981555201113224,,,0.5980622693896294,,,,,,,,,,,,,,,12,,,
zenotravel,p16.pddl,fd,success,4.286634914577007,total,1.489481,,,,,,,,,1.48406,,,,,,,,valid,,,,,,51,,,,,
zenotravel,p17.pddl,abs-asp,timed out,1800.13797952421,abstract_asp,,0.19080691039562225,0.003917669877409935,0.6820574421435595,,0.016931282356381416,0.2970735114067793,1.4642722178250551,1.214776936918497,,0.786356296390295,0.5688808374106884,,,,,,,3,0,,,11,,12,,3,object,
zenotravel,p17.pddl,abs-fd,success,71.45375346019864,total,67.708754,0.231337,0.004159,0.739092,,0.017056,0.320856,1.616973,1.314129,,0.858351,,,0.291132,61.207722,,,valid,3,0,1,0,60,111,,1,3,object,
zenotravel,p17.pddl,asp,timed out,1800.1446142569184,concrete_asp,,,,,,,,1.6000706814229488,,,0.7906809411942959,,,,,,,,,,,,,,,13,,,
zenotravel,p17.pddl,fd,success,4.77073834463954,total,1.927034,,,,,,,,,1.918821,,,,,,,,valid,,,,,,89,,,,,
zenotravel,p19.pddl,abs-asp,timed out,1800.1378374341875,abstract_asp,,0.20100634545087814,0.0038087666034698486,1.039961114525795,,0.02137375995516777,0.372638463973999,2.3465341608971357,1.5499654952436686,,1.242906516417861,0.7566056977957487,,,,,,,3,0,,,11,,12,,5,object,
zenotravel,p19.pddl,abs-fd,success,437.07930167391896,total,432.568534,0.240844,0.004001,1.108667,,0.021937,0.392464,2.535187,1.608755,,1.315189,,,0.358996,422.836873,,,valid,3,0,7,0,74,149,,1,5,object,
zenotravel,p19.pddl,asp,timed out,1800.1735247410834,concrete_asp,,,,,,,,2.558260053396225,,,1.2424215488135815,,,,,,,,,,,,,,,12,,,
zenotravel,p19.pddl,fd,success,6.104109112173319,total,3.167619,,,,,,,,,3.15877,,,,,,,,valid,,,,,,100,,,,,
zenotravel,p20.pddl,abs-asp,timed out,1800.164305768907,abstract_asp,,0.20120786502957344,0.003804422914981842,1.3015566170215607,,0.024891167879104614,0.3853492997586727,2.881015367805958,1.530552800744772,,1.4800303243100643,0.7546735890209675,,,,,,,3,0,,,11,,12,,7,object,
zenotravel,p20.pddl,abs-fd,success,846.2580124624074,total,841.037256,0.237921,0.003841,1.40616,,0.024841,0.40128,3.070397,1.607535,,1.582074,,,0.391311,829.492961,,,valid,3,0,11,0,78,157,,1,7,object,
zenotravel,p20.pddl,asp,timed out,1800.1635456383228,concrete_asp,,,,,,,,3.0977051369845867,,,1.473197728395462,,,,,,,,,,,,,,,12,,,
zenotravel,p20.pddl,fd,success,7.058463584631681,total,4.141408,,,,,,,,,4.133687,,,,,,,,valid,,,,,,104,,,,,
