domain,problem,mode,status,wall_time_seconds,last_completed_phase,total_seconds,problem_reading_seconds,pnf_translation_seconds,symmetry_discovery_seconds,resource_detection_seconds,abstraction_seconds,abstract_pddl_writing_seconds,concrete_fd_seconds,abstract_fd_seconds,fd_search_seconds,concrete_asp_seconds,abstract_asp_seconds,abstract_solving_seconds,abstract_fd_search_seconds,guided_concrete_solving_seconds,extended_concrete_solving_seconds,verdict,plan_valid,relaxed_deletes,relaxed_inequalities,decrements,increments,abstract_plan_length,plan_length,abstract_solve_calls,concrete_solve_calls,abstracted_object_count,abstracted_object_type,error_message
data-network-sat18-strips,p01.pddl,abs-asp,timed out,1800.1217154562473,abstract_asp,,0.47588642686605453,9.34601217508316,,3.7355001159012318,72.42846534773707,5.217293933033943,0.5320546552538872,0.19596579298377037,,0.2332245260477066,0.023768555372953415,,,,,,,4,0,,,21,,22,,17,numbers,
data-network-sat18-strips,p01.pddl,abs-fd,timed out,1800.0778632834554,abstract_fd_search,,0.5054382123053074,9.472530776634812,,3.8320928011089563,71.83105355873704,5.462869618088007,0.5495029035955667,0.2029549852013588,,0.22691352292895317,,,0.07615716196596622,,,,,4,0,0,0,38,,,0,17,numbers,
data-network-sat18-strips,p01.pddl,asp,timed out,1800.1393115781248,concrete_asp,,,,,,,,0.5825017392635345,,,0.25171934440732,,,,,,,,,,,,,,,20,,,
data-network-sat18-strips,p01.pddl,fd,success,4.867392625659704,total,1.89735,,,,,,,,,1.889484,,,,,,,,unchecked: No available engine supports all the problem features:,,,,,,82,,,,,
data-network-sat18-strips,p02.pddl,abs-asp,timed out,1800.1334214396775,abstract_asp,,0.5435895547270775,22.541592575609684,,5.890446271747351,169.309731785208,13.055069234222174,0.5972477905452251,0.2092563956975937,,0.2836897298693657,0.028936073184013367,,,,,,,4,0,,,21,,22,,17,numbers,
data-network-sat18-strips,p02.pddl,abs-fd,timed out,1800.1864048428833,abstract_fd_search,,0.5399955101311207,22.54912807792425,,5.864057969301939,172.18458600714803,13.068465813994408,0.63394995033741,0.20969903841614723,,0.28201989084482193,,,0.07530022412538528,,,,,4,0,0,0,33,,,0,17,numbers,
data-network-sat18-strips,p02.pddl,asp,timed out,1800.1606431119144,concrete_asp,,,,,,,,0.7558022476732731,,,0.32345617190003395,,,,,,,,,,,,,,,19,,,
data-network-sat18-strips,p02.pddl,fd,success,3.447627555578947,total,0.91529,,,,,,,,,0.906971,,,,,,,,unchecked: No available engine supports all the problem features:,,,,,,55,,,,,
data-network-sat18-strips,p03.pddl,abs-asp,timed out,1800.0511876568198,abstract_asp,,0.5052654817700386,27.245178777724504,,6.897127617150545,212.7904040068388,15.732903394848108,0.6621703952550888,0.2193331979215145,,0.2813790924847126,0.030461490154266357,,,,,,,4,0,,,19,,20,,17,numbers,
data-network-sat18-strips,p03.pddl,abs-fd,timed out,1800.188981499523,abstract_fd_search,,0.5081836432218552,28.41641849093139,,6.893495140597224,215.12077787145972,16.245221668854356,0.6612119805067778,0.21659168787300587,,0.27950576692819595,,,0.07654736377298832,,,,,4,0,0,0,41,,,0,17,numbers,
data-network-sat18-strips,p03.pddl,asp,timed out,1800.136499606073,concrete_asp,,,,,,,,0.7355366460978985,,,0.3127211183309555,,,,,,,,,,,,,,,19,,,
data-network-sat18-strips,p03.pddl,fd,success,3.685838509351015,total,0.963196,,,,,,,,,0.955114,,,,,,,,unchecked: No available engine supports all the problem features:,,,,,,85,,,,,
data-network-sat18-strips,p04.pddl,abs-asp,timed out,1800.1760361716151,abstract_asp,,0.5564811676740646,44.15885366499424,,9.626718495041132,334.32846757769585,24.843644440174103,0.7409346550703049,0.24390257894992828,,0.3111332543194294,0.03401576355099678,,,,,,,4,0,,,22,,23,,17,numbers,
data-network-sat18-strips,p04.pddl,abs-fd,timed out,1800.246107403189,abstract_fd_search,,0.5201850086450577,42.64530520513654,,9.48490533977747,339.2009522020817,24.5641035027802,0.722127802670002,0.23031479865312576,,0.3126271404325962,,,0.08254319429397583,,,,,4,0,0,0,64,,,0,17,numbers,
data-network-sat18-strips,p04.pddl,asp,timed out,1800.139236018993,concrete_asp,,,,,,,,0.8297757236286998,,,0.3516284367069602,,,,,,,,,,,,,,,22,,,
data-network-sat18-strips,p04.pddl,fd,success,4.589358638972044,total,1.50003,,,,,,,,,1.492739,,,,,,,,unchecked: No available engine supports all the problem features:,,,,,,174,,,,,
data-network-sat18-strips,p05.pddl,abs-asp,timed out,1800.1564733795822,abstract_asp,,0.9482324011623859,177.56490705162287,,20.821520745754242,1342.9508297741413,101.0599405169487,0.9736297763884068,0.3067023940384388,,0.49719399213790894,0.05030335113406181,,,,,,,4,0,,,18,,19,,17,numbers,
data-network-sat18-strips,p05.pddl,abs-fd,timed out,1800.3403034619987,abstract_fd_search,,0.9024934358894825,174.9181348271668,,20.615251887589693,1357.7007858119905,99.19705830141902,1.008491363376379,0.2914688065648079,,0.5041151195764542,,,0.08564059808850288,,,,,4,0,0,0,51,,,0,17,numbers,
data-network-sat18-strips,p05.pddl,asp,timed out,1800.1523291021585,concrete_asp,,,,,,,,1.164368774741888,,,0.5602195523679256,,,,,,,,,,,,,,,18,,,
data-network-sat18-strips,p05.pddl,fd,success,7.306171756237745,total,3.529371,,,,,,,,,3.522717,,,,,,,,unchecked: No available engine supports all the problem features:,,,,,,175,,,,,
data-network-sat18-strips,p06.pddl,abs-asp,timed out,1800.3377865590155,pnf_translation,,0.9471339024603367,237.36228217929602,,25.793173763900995,0.0015015751123428345,,,,,,,,,,,,,,,,,,,,,,,
data-network-sat18-strips,p06.pddl,abs-fd,timed out,1800.3321222476661,pnf_translation,,0.9782772548496723,238.97669918462634,,26.20474696904421,0.0015265494585037231,,,,,,,,,,,,,,,,,,,,,,,
data-network-sat18-strips,p06.pddl,asp,timed out,1800.1530773453414,concrete_asp,,,,,,,,1.2036441303789616,,,0.5983482748270035,,,,,,,,,,,,,,,19,,,
data-network-sat18-strips,p06.pddl,fd,timed out,1800.1133987158537,,,,,,,,,,,,,,,,,,,,,,,,,,,,,,
data-network-sat18-strips,p07.pddl,abs-asp,timed out,1800.3180534020066,pnf_translation,,0.8308741524815559,266.5448431484401,,26.62024476751685,0.0013466998934745789,,,,,,,,,,,,,,,,,,,,,,,
data-network-sat18-strips,p07.pddl,abs-fd,timed out,1800.3238782063127,pnf_translation,,0.8430834449827671,272.05949257314205,,26.636373464018106,0.0013525374233722687,,,,,,,,,,,,,,,,,,,,,,,
data-network-sat18-strips,p07.pddl,asp,timed out,1800.0605924725533,concrete_asp,,,,,,,,1.2524664103984833,,,0.5863526053726673,,,,,,,,,,,,,,,22,,,
data-network-sat18-strips,p07.pddl,fd,interrupted,1666.4151982031763,,,,,,,,,,,,,,,,,,,,,,,,,,,,,,
data-network-sat18-strips,p08.pddl,abs-asp,timed out,1800.4760003611445,pnf_translation,,0.9844912551343441,483.97963593900204,,41.3807274736464,0.0015767179429531097,,,,,,,,,,,,,,,,,,,,,,,
data-network-sat18-strips,p08.pddl,abs-fd,timed out,1800.4799642339349,pnf_translation,,1.0301816649734974,482.5611573904753,,41.587553694844246,0.0015925578773021698,,,,,,,,,,,,,,,,,,,,,,,
data-network-sat18-strips,p08.pddl,asp,timed out,1800.1615381874144,concrete_asp,,,,,,,,1.5267858002334833,,,0.7078799158334732,,,,,,,,,,,,,,,19,,,
data-network-sat18-strips,p08.pddl,fd,success,390.4005422219634,total,386.345386,,,,,,,,,386.338346,,,,,,,,unchecked: No available engine supports all the problem features:,,,,,,352,,,,,
data-network-sat18-strips,p09.pddl,abs-asp,timed out,1800.348007567227,pnf_translation,,0.6509083434939384,297.8771641626954,,33.4282647036016,0.0012357160449028015,,,,,,,,,,,,,,,,,,,,,,,
data-network-sat18-strips,p09.pddl,abs-fd,timed out,1800.33491435647,pnf_translation,,0.6445030197501183,303.3633309248835,,33.387326683849096,0.0012395251542329788,,,,,,,,,,,,,,,,,,,,,,,
data-network-sat18-strips,p09.pddl,asp,timed out,1800.1489758826792,concrete_asp,,,,,,,,1.149726115167141,,,0.5610742829740047,,,,,,,,,,,,,,,20,,,
data-network-sat18-strips,p09.pddl,fd,success,219.2082251086831,total,216.01937,,,,,,,,,216.010227,,,,,,,,unchecked: No available engine supports all the problem features:,,,,,,319,,,,,
data-network-sat18-strips,p10.pddl,abs-asp,timed out,1800.5144367739558,pnf_translation,,1.000872541218996,718.0892505906522,,50.132166143506765,0.001623004674911499,,,,,,,,,,,,,,,,,,,,,,,
data-network-sat18-strips,p10.pddl,abs-fd,timed out,1800.5765618160367,pnf_translation,,0.9609762728214264,715.4938213974237,,49.92027535662055,0.0015542060136795044,,,,,,,,,,,,,,,,,,,,,,,
data-network-sat18-strips,p10.pddl,asp,timed out,1800.0818763673306,concrete_asp,,,,,,,,1.5386515632271767,,,0.7252953015267849,,,,,,,,,,,,,,,19,,,
data-network-sat18-strips,p10.pddl,fd,timed out,1800.1138981729746,,,,,,,,,,,,,,,,,,,,,,,,,,,,,,
data-network-sat18-strips,p11.pddl,abs-asp,success,50.081769835203886,total,47.180473,0.615022,1.221348,,4.00674,8.851363,0.612062,0.528837,0.205032,,0.252439,0.028531,26.530878,,4.223851,,,unchecked: No available engine supports all the problem features:,4,0,0,0,15,28,16,1,17,numbers,
data-network-sat18-strips,p11.pddl,abs-fd,success,72.83330572769046,total,69.828854,0.623414,1.271983,,4.110127,9.086566,0.59827,0.53317,0.207831,,0.253236,,,0.07492,52.95419,,,unchecked: No available engine supports all the problem features:,4,0,1,0,18,37,,1,17,numbers,
data-network-sat18-strips,p11.pddl,asp,timed out,1800.135145779699,concrete_asp,,,,,,,,0.5938719715923071,,,0.271696962416172,,,,,,,,,,,,,,,17,,,
data-network-sat18-strips,p11.pddl,fd,success,3.3814587853848934,total,0.878128,,,,,,,,,0.869565,,,,,,,,unchecked: No available engine supports all the problem features:,,,,,,29,,,,,
data-network-sat18-strips,p12.pddl,abs-asp,timed out,1800.1184831932187,abstract_asp,,0.7537863701581955,3.5571920946240425,,8.712021738290787,26.533031318336725,1.961010169237852,0.6934922523796558,0.22042296081781387,,0.35125967115163803,0.03728245943784714,,,,,,,4,0,,,18,,19,,17,numbers,
data-network-sat18-strips,p12.pddl,abs-fd,timed out,1800.061055123806,abstract_fd_search,,0.7474748715758324,3.6419482566416264,,8.722878394648433,26.264160288497806,1.9721726048737764,0.6614452637732029,0.21846677921712399,,0.34724949300289154,,,0.07288050092756748,,,,,4,0,0,0,23,,,0,17,numbers,
data-network-sat18-strips,p12.pddl,asp,timed out,1800.1501237265766,concrete_asp,,,,,,,,0.7544392235577106,,,0.3652667813003063,,,,,,,,,,,,,,,19,,,
data-network-sat18-strips,p12.pddl,fd,success,6.064732942730188,total,2.24599,,,,,,,,,2.237546,,,,,,,,unchecked: No available engine supports all the problem features:,,,,,,31,,,,,
data-network-sat18-strips,p13.pddl,abs-asp,timed out,1800.1229327209294,abstract_asp,,0.8000988364219666,8.64572598040104,,15.601169675588608,65.67345128953457,5.0515691339969635,0.8523804433643818,0.24619632959365845,,0.43280140310525894,0.04651934280991554,,,,,,,4,0,,,18,,19,,17,numbers,
data-network-sat18-strips,p13.pddl,abs-fd,timed out,1800.1893549840897,abstract_fd_search,,0.8110839519649744,8.537716744467616,,15.617194110527635,67.04203972220421,4.997595285996795,0.8828340657055378,0.2446931004524231,,0.43686145544052124,,,0.07716476917266846,,,,,4,0,0,0,30,,,0,17,numbers,
data-network-sat18-strips,p13.pddl,asp,timed out,1800.1485637910664,concrete_asp,,,,,,,,0.9482170380651951,,,0.4675649255514145,,,,,,,,,,,,,,,20,,,
data-network-sat18-strips,p13.pddl,fd,success,30.053546433337033,total,26.850096,,,,,,,,,26.838673,,,,,,,,unchecked: No available engine supports all the problem features:,,,,,,135,,,,,
data-network-sat18-strips,p14.pddl,abs-asp,timed out,1800.037631124258,abstract_asp,,0.8484811671078205,16.477755900472403,,27.058519922196865,122.05310282483697,9.379409555345774,1.005684982985258,0.2799936830997467,,0.5107240341603756,0.05352017283439636,,,,,,,4,0,,,19,,20,,17,numbers,
data-network-sat18-strips,p14.pddl,abs-fd,timed out,1800.2050978429615,abstract_fd_search,,0.8261186294257641,16.317506108433008,,26.8473761677742,122.6653872653842,9.366953324526548,0.9804091155529022,0.26625683531165123,,0.5061279200017452,,,0.08217577263712883,,,,,4,0,0,0,38,,,0,17,numbers,
data-network-sat18-strips,p14.pddl,asp,timed out,1800.160255085677,concrete_asp,,,,,,,,1.070446491241455,,,0.5756443329155445,,,,,,,,,,,,,,,19,,,
data-network-sat18-strips,p14.pddl,fd,success,5.5309924222528934,total,1.470558,,,,,,,,,1.461967,,,,,,,,unchecked: No available engine supports all the problem features:,,,,,,61,,,,,
data-network-sat18-strips,p15.pddl,abs-asp,timed out,1800.1512763760984,abstract_asp,,0.9412727225571871,34.10164236277342,,42.218633096665144,263.4571113064885,19.405217859894037,1.1425242088735104,0.30752006359398365,,0.6025035530328751,0.06401651538908482,,,,,,,4,0,,,19,,20,,17,numbers,
data-network-sat18-strips,p15.pddl,abs-fd,timed out,1800.1818196251988,abstract_fd_search,,0.9627644345164299,36.30075530707836,,42.518699567765,265.62941298261285,20.690564021468163,1.2514735013246536,0.3094790242612362,,0.6069406159222126,,,0.09686029702425003,,,,,4,0,0,0,52,,,0,17,numbers,
data-network-sat18-strips,p15.pddl,asp,timed out,1800.1514638140798,concrete_asp,,,,,,,,1.332009468227625,,,0.6778426729142666,,,,,,,,,,,,,,,19,,,
data-network-sat18-strips,p15.pddl,fd,success,31.344817351549864,total,28.19331,,,,,,,,,28.183713,,,,,,,,unchecked: No available engine supports all the problem features:,,,,,,138,,,,,
elevators-sat08-strips,p01.pddl,abs-asp,success,5.401403034105897,total,3.333898,0.261475,0.002338,,0.246268,0.014138,0.018997,0.197287,0.15041,,0.025702,0.007081,1.961842,,0.408251,,,unchecked: No available engine supports all the problem features:,7,0,0,0,12,24,13,1,4,count,
elevators-sat08-strips,p01.pddl,abs-fd,success,3.4685915149748325,total,1.502964,0.280529,0.002391,,0.263501,0.014383,0.01919,0.210625,0.159337,,0.025533,,,0.068575,0.42123,,,unchecked: No available engine supports all the problem features:,7,0,0,0,12,25,,1,4,count,
elevators-sat08-strips,p01.pddl,asp,success,704.2015605941415,total,701.770144,,,,,,,0.233876,,,0.027585,,,,701.449893,,,unchecked: No available engine supports all the problem features:,,,,,,18,,19,,,
elevators-sat08-strips,p01.pddl,fd,success,3.0056784013286233,total,0.264494,,,,,,,,,0.258671,,,,,,,,unchecked: No available engine supports all the problem features:,,,,,,20,,,,,
elevators-sat08-strips,p02.pddl,abs-asp,success,156.6141851954162,total,155.072904,0.257517,0.002378,,0.243967,0.014532,0.019556,0.182615,0.152044,,0.02915,0.008141,153.365267,,0.744012,,,unchecked: No available engine supports all the problem features:,7,0,1,0,16,32,17,1,4,count,
elevators-sat08-strips,p02.pddl,abs-fd,success,3.8344743214547634,total,1.764682,0.264221,0.002392,,0.271619,0.014559,0.019591,0.206868,0.152766,,0.030762,,,0.06585,0.696727,,,unchecked: No available engine supports all the problem features:,7,0,0,0,16,33,,1,4,count,
elevators-sat08-strips,p02.pddl,asp,timed out,1800.1271640472114,concrete_asp,,,,,,,,0.2944978252053261,,,0.03192828223109245,,,,,,,,,,,,,,,21,,,
elevators-sat08-strips,p02.pddl,fd,success,2.583787969313562,total,0.230035,,,,,,,,,0.226901,,,,,,,,unchecked: No available engine supports all the problem features:,,,,,,28,,,,,
elevators-sat08-strips,p03.pddl,abs-asp,success,613.8818988520652,total,610.61115,0.27013,0.00247,,0.28656,0.014983,0.020068,0.189673,0.156792,,0.033726,0.009285,608.64926,,0.919114,,,unchecked: No available engine supports all the problem features:,7,0,0,0,14,29,15,1,4,count,
elevators-sat08-strips,p03.pddl,abs-fd,success,4.199868842959404,total,1.875549,0.27638,0.002555,,0.323445,0.014894,0.020103,0.201579,0.164539,,0.034041,,,0.088781,0.705882,,,unchecked: No available engine supports all the problem features:,7,0,0,0,14,29,,1,4,count,
elevators-sat08-strips,p03.pddl,asp,timed out,1800.1188348531723,concrete_asp,,,,,,,,0.24741170927882195,,,0.038438580930233,,,,,,,,,,,,,,,16,,,
elevators-sat08-strips,p03.pddl,fd,success,2.7445174269378185,total,0.306943,,,,,,,,,0.299974,,,,,,,,unchecked: No available engine supports all the problem features:,,,,,,23,,,,,
elevators-sat08-strips,p04.pddl,abs-asp,timed out,1800.1131376549602,abstract_asp,,0.27504705265164375,0.0025486908853054047,,0.3428451344370842,0.015235960483551025,0.020510390400886536,0.22853250429034233,0.16441047191619873,,0.04085930436849594,0.010494444519281387,,,,,,,7,0,,,17,,18,,4,count,
elevators-sat08-strips,p04.pddl,abs-fd,success,5.58214994892478,total,3.94664,0.267847,0.002507,,0.332453,0.015412,0.02055,0.209883,0.167703,,0.039049,,,0.07173,2.763359,,,unchecked: No available engine supports all the problem features:,7,0,2,0,22,45,,1,4,count,
elevators-sat08-strips,p04.pddl,asp,timed out,1800.121575344354,concrete_asp,,,,,,,,0.2798396833240986,,,0.046596210449934006,,,,,,,,,,,,,,,22,,,
elevators-sat08-strips,p04.pddl,fd,success,2.3955382127314806,total,0.291682,,,,,,,,,0.284805,,,,,,,,unchecked: No available engine supports all the problem features:,,,,,,40,,,,,
elevators-sat08-strips,p05.pddl,abs-asp,timed out,1800.1153589338064,abstract_asp,,0.2715447209775448,0.002949848771095276,,0.3688761927187443,0.015400104224681854,0.020999211817979813,0.23278596252202988,0.16498061642050743,,0.04487249627709389,0.010361231863498688,,,,,,,7,0,,,16,,17,,4,count,
elevators-sat08-strips,p05.pddl,abs-fd,success,7.035793054848909,total,4.89212,0.26883,0.003003,,0.349349,0.015341,0.021163,0.204216,0.160605,,0.043714,,,0.06713,3.706556,,,unchecked: No available engine supports all the problem features:,7,0,1,0,18,37,,1,4,count,
elevators-sat08-strips,p05.pddl,asp,timed out,1800.1194524690509,concrete_asp,,,,,,,,0.26570653542876244,,,0.04899906739592552,,,,,,,,,,,,,,,20,,,
elevators-sat08-strips,p05.pddl,fd,success,2.1024105213582516,total,0.262384,,,,,,,,,0.257788,,,,,,,,unchecked: No available engine supports all the problem features:,,,,,,36,,,,,
elevators-sat08-strips,p06.pddl,abs-asp,timed out,1800.0179190710187,abstract_asp,,0.2842554561793804,0.0025540590286254883,,0.4519764520227909,0.01535443589091301,0.02134900540113449,0.24766850844025612,0.17120547592639923,,0.05089743807911873,0.012726448476314545,,,,,,,7,0,,,18,,19,,4,count,
elevators-sat08-strips,p06.pddl,abs-fd,success,1592.9164048098028,total,1590.716664,0.270575,0.002506,,0.38577,0.015242,0.021186,0.236571,0.178509,,0.051011,,,0.069396,1589.393177,,,unchecked: No available engine supports all the problem features:,7,0,6,0,26,53,,1,4,count,
elevators-sat08-strips,p06.pddl,asp,timed out,1800.1130796596408,concrete_asp,,,,,,,,0.2970771752297878,,,0.05715968832373619,,,,,,,,,,,,,,,21,,,
elevators-sat08-strips,p06.pddl,fd,success,2.4280358739197254,total,0.303244,,,,,,,,,0.296606,,,,,,,,unchecked: No available engine supports all the problem features:,,,,,,41,,,,,
elevators-sat08-strips,p07.pddl,abs-asp,timed out,1800.1388218291104,abstract_asp,,0.26768383383750916,0.0026047080755233765,,0.4158716946840286,0.015352915972471237,0.0219697467982769,0.24447296932339668,0.16338320821523666,,0.05526409670710564,0.0138016939163208,,,,,,,7,0,,,18,,19,,4,count,
elevators-sat08-strips,p07.pddl,abs-fd,success,745.9505878724158,total,743.703334,0.277904,0.002664,,0.428448,0.015613,0.022547,0.229553,0.172433,,0.053676,,,0.073602,742.322793,,,unchecked: No available engine supports all the problem features:,7,0,5,0,32,65,,1,4,count,
elevators-sat08-strips,p07.pddl,asp,timed out,1800.1129307849333,concrete_asp,,,,,,,,0.26725002471357584,,,0.058659338392317295,,,,,,,,,,,,,,,23,,,
elevators-sat08-strips,p07.pddl,fd,success,2.2370577938854694,total,0.295526,,,,,,,,,0.291015,,,,,,,,unchecked: No available engine supports all the problem features:,,,,,,54,,,,,
elevators-sat08-strips,p08.pddl,abs-asp,timed out,1800.1129305437207,abstract_asp,,0.28023597970604897,0.0032617561519145966,,0.47225578501820564,0.01597539335489273,0.022925931960344315,0.27818261086940765,0.17527538910508156,,0.06083060801029205,0.013955395668745041,,,,,,,7,0,,,19,,20,,4,count,
elevators-sat08-strips,p08.pddl,abs-fd,success,370.6482852511108,total,368.510886,0.288541,0.003021,,0.450037,0.016755,0.023018,0.25236,0.166889,,0.062234,,,0.070556,367.084669,,,unchecked: No available engine supports all the problem features:,7,0,5,0,29,59,,1,4,count,
elevators-sat08-strips,p08.pddl,asp,timed out,1800.091145399958,concrete_asp,,,,,,,,0.2626841329038143,,,0.06230436637997627,,,,,,,,,,,,,,,23,,,
elevators-sat08-strips,p08.pddl,fd,success,2.939105302095413,total,0.363374,,,,,,,,,0.354553,,,,,,,,unchecked: No available engine supports all the problem features:,,,,,,52,,,,,
elevators-sat08-strips,p09.pddl,abs-asp,timed out,1800.1112815625966,abstract_asp,,0.2787077706307173,0.002717074006795883,,0.4815293326973915,0.01590384915471077,0.022954119369387627,0.2573219407349825,0.16665339097380638,,0.06623653694987297,0.012774547562003136,,,,,,,7,0,,,18,,19,,4,count,
elevators-sat08-strips,p09.pddl,abs-fd,timed out,1800.1273146159947,abstract_fd_search,,0.26324447244405746,0.002708878368139267,,0.4526381343603134,0.03194176033139229,0.023162472993135452,0.2326827496290207,0.16685747355222702,,0.06432629376649857,,,0.06865675747394562,,,,,7,0,0,0,23,,,0,4,count,
elevators-sat08-strips,p09.pddl,asp,timed out,1800.1237538978457,concrete_asp,,,,,,,,0.3110341429710388,,,0.07379673793911934,,,,,,,,,,,,,,,21,,,
elevators-sat08-strips,p09.pddl,fd,success,2.088918685913086,total,0.301696,,,,,,,,,0.298146,,,,,,,,unchecked: No available engine supports all the problem features:,,,,,,55,,,,,
elevators-sat08-strips,p10.pddl,abs-asp,timed out,1800.115167722106,abstract_asp,,0.2828030548989773,0.002740677446126938,,0.503495380282402,0.016510210931301117,0.02330036833882332,0.26499780267477036,0.17114605382084846,,0.07056628167629242,0.017343051731586456,,,,,,,7,0,,,19,,20,,4,count,
elevators-sat08-strips,p10.pddl,abs-fd,timed out,1800.139850039035,abstract_fd_search,,0.2666242588311434,0.0027809645980596542,,0.49540230073034763,0.016408825293183327,0.023302044719457626,0.2631720434874296,0.17026285454630852,,0.07078013196587563,,,0.07316339761018753,,,,,7,0,0,0,44,,,0,4,count,
elevators-sat08-strips,p10.pddl,asp,timed out,1800.1216571070254,concrete_asp,,,,,,,,0.30319441109895706,,,0.0768878199160099,,,,,,,,,,,,,,,25,,,
elevators-sat08-strips,p10.pddl,fd,success,3.4204706363379955,total,0.426647,,,,,,,,,0.419379,,,,,,,,unchecked: No available engine supports all the problem features:,,,,,,81,,,,,
elevators-sat08-strips,p11.pddl,abs-asp,timed out,1800.1167537420988,abstract_asp,,0.3871765732765198,0.002759605646133423,,0.5943893603980541,0.03164178505539894,0.03703262656927109,0.282708790153265,0.18329086527228355,,0.08412731066346169,0.01929553598165512,,,,,,,7,0,,,19,,20,,5,count,
elevators-sat08-strips,p11.pddl,abs-fd,success,9.306566711515188,total,6.9689,0.378086,0.002667,,0.605621,0.030745,0.036638,0.291812,0.175162,,0.085046,,,0.07312,5.203722,,,unchecked: No available engine supports all the problem features:,7,0,4,0,30,60,,1,5,count,
elevators-sat08-strips,p11.pddl,asp,timed out,1800.1223848760128,concrete_asp,,,,,,,,0.2855818569660187,,,0.08426503837108612,,,,,,,,,,,,,,,23,,,
elevators-sat08-strips,p11.pddl,fd,success,3.5645728893578053,total,0.420374,,,,,,,,,0.412517,,,,,,,,unchecked: No available engine supports all the problem features:,,,,,,39,,,,,
elevators-sat08-strips,p12.pddl,abs-asp,timed out,1800.1171403117478,abstract_asp,,0.4201294295489788,0.002871911972761154,,0.8371251299977303,0.03226377069950104,0.03844746574759483,0.3256709910929203,0.18760324269533157,,0.10341347008943558,0.02254771813750267,,,,,,,7,0,,,18,,19,,5,count,
elevators-sat08-strips,p12.pddl,abs-fd,timed out,1800.1422837264836,abstract_fd_search,,0.3797406740486622,0.0027862563729286194,,0.7362370677292347,0.03201921656727791,0.03807884454727173,0.2896138094365597,0.18060575798153877,,0.10003331676125526,,,0.07417348399758339,,,,,7,0,0,0,36,,,0,5,count,
elevators-sat08-strips,p12.pddl,asp,timed out,1800.1298924461007,concrete_asp,,,,,,,,0.46247052773833275,,,0.1143505796790123,,,,,,,,,,,,,,,23,,,
elevators-sat08-strips,p12.pddl,fd,success,3.166176225990057,total,0.452351,,,,,,,,,0.445086,,,,,,,,unchecked: No available engine supports all the problem features:,,,,,,58,,,,,
elevators-sat08-strips,p13.pddl,abs-asp,timed out,1800.1136930175126,abstract_asp,,0.37077888660132885,0.002903953194618225,,0.9360931124538183,0.03252756781876087,0.039210036396980286,0.32585926726460457,0.1863214299082756,,0.1187280360609293,0.024364912882447243,,,,,,,7,0,,,19,,20,,5,count,
elevators-sat08-strips,p13.pddl,abs-fd,success,18.003295496106148,total,15.469122,0.394231,0.002964,,1.016219,0.031797,0.039611,0.350659,0.196386,,0.136997,,,0.079547,13.093978,,,unchecked: No available engine supports all the problem features:,7,0,1,0,37,75,,1,5,count,
elevators-sat08-strips,p13.pddl,asp,timed out,1800.1327470131218,concrete_asp,,,,,,,,0.41524095088243484,,,0.1326787956058979,,,,,,,,,,,,,,,24,,,
elevators-sat08-strips,p13.pddl,fd,success,3.1385493390262127,total,0.490161,,,,,,,,,0.482165,,,,,,,,unchecked: No available engine supports all the problem features:,,,,,,56,,,,,
elevators-sat08-strips,p14.pddl,abs-asp,timed out,1800.0190576277673,abstract_asp,,0.394212044775486,0.0031127966940402985,,1.1903790682554245,0.032235026359558105,0.04133518412709236,0.38589322194457054,0.20235297456383705,,0.14100229740142822,0.027792226523160934,,,,,,,7,0,,,22,,23,,5,count,
elevators-sat08-strips,p14.pddl,abs-fd,timed out,1800.068562939763,abstract_fd_search,,0.38418182358145714,0.0030067078769207,,1.1776501908898354,0.03243522718548775,0.04088650643825531,0.37002305313944817,0.19470081105828285,,0.1390080861747265,,,0.07988575845956802,,,,,7,0,0,0,50,,,0,5,count,
elevators-sat08-strips,p14.pddl,asp,timed out,1800.1214743927121,concrete_asp,,,,,,,,0.42153749894350767,,,0.15081056859344244,,,,,,,,,,,,,,,24,,,
elevators-sat08-strips,p14.pddl,fd,success,2.8735842257738113,total,0.561589,,,,,,,,,0.553976,,,,,,,,unchecked: No available engine supports all the problem features:,,,,,,80,,,,,
elevators-sat08-strips,p15.pddl,abs-asp,timed out,1800.0583916939795,abstract_asp,,0.3873867876827717,0.003412112593650818,,1.4314139299094677,0.032950278371572495,0.043498340994119644,0.37972135469317436,0.21015209332108498,,0.15766356140375137,0.0296592116355896,,,,,,,7,0,,,19,,20,,5,count,
elevators-sat08-strips,p15.pddl,abs-fd,success,490.44029783830047,total,488.384131,0.399376,0.003451,,1.467573,0.032562,0.042417,0.381247,0.208406,,0.167701,,,0.084681,485.346594,,,unchecked: No available engine supports all the problem features:,7,0,2,0,54,109,,1,5,count,
elevators-sat08-strips,p15.pddl,asp,timed out,1800.1270204558969,concrete_asp,,,,,,,,0.40232231840491295,,,0.16126707941293716,,,,,,,,,,,,,,,24,,,
elevators-sat08-strips,p15.pddl,fd,success,4.463007980957627,total,0.758742,,,,,,,,,0.749579,,,,,,,,unchecked: No available engine supports all the problem features:,,,,,,107,,,,,
elevators-sat08-strips,p16.pddl,abs-asp,timed out,1800.1113291941583,abstract_asp,,0.3765978589653969,0.003160625696182251,,1.7165339291095734,0.034023962914943695,0.046965088695287704,0.41976092755794525,0.20659589394927025,,0.17850490659475327,0.03272680565714836,,,,,,,7,0,,,19,,20,,5,count,
elevators-sat08-strips,p16.pddl,abs-fd,timed out,1800.186271391809,abstract_fd_search,,0.38569558411836624,0.00321090966463089,,1.7793901413679123,0.033219270408153534,0.047603998333215714,0.39397159218788147,0.20639698579907417,,0.17608972638845444,,,0.08252714946866035,,,,,7,0,0,0,53,,,0,5,count,
elevators-sat08-strips,p16.pddl,asp,timed out,1800.0365011133254,concrete_asp,,,,,,,,0.42610110715031624,,,0.18154315277934074,,,,,,,,,,,,,,,23,,,
elevators-sat08-strips,p16.pddl,fd,success,2.940740991383791,total,0.645494,,,,,,,,,0.639213,,,,,,,,unchecked: No available engine supports all the problem features:,,,,,,83,,,,,
elevators-sat08-strips,p17.pddl,abs-asp,timed out,1800.115572437644,abstract_asp,,0.3852540999650955,0.0032620690762996674,,2.0691662095487118,0.03306259959936142,0.048480015248060226,0.42329514026641846,0.21493728086352348,,0.19435284286737442,0.039982687681913376,,,,,,,7,0,,,20,,21,,5,count,
elevators-sat08-strips,p17.pddl,abs-fd,timed out,1800.194516632706,abstract_fd_search,,0.382973100990057,0.00335824117064476,,2.0668243803083897,0.03378862142562866,0.04914681985974312,0.4324980862438679,0.21259024739265442,,0.19387515261769295,,,0.08997808024287224,,,,,7,0,0,0,64,,,0,5,count,
elevators-sat08-strips,p17.pddl,asp,timed out,1800.1302069611847,concrete_asp,,,,,,,,0.5320870205760002,,,0.21623863652348518,,,,,,,,,,,,,,,24,,,
elevators-sat08-strips,p17.pddl,fd,success,3.0737216901034117,total,0.759395,,,,,,,,,0.75313,,,,,,,,unchecked: No available engine supports all the problem features:,,,,,,105,,,,,
elevators-sat08-strips,p18.pddl,abs-asp,timed out,1800.0467542372644,abstract_asp,,0.41399336233735085,0.003474712371826172,,2.5425420850515366,0.03352153301239014,0.052566319704055786,0.48868633061647415,0.23253120854496956,,0.2200966328382492,0.041628398001194,,,,,,,7,0,,,21,,22,,5,count,
elevators-sat08-strips,p18.pddl,abs-fd,timed out,1800.1934742555022,abstract_fd_search,,0.39099713414907455,0.0033635608851909637,,2.50867909938097,0.03349915146827698,0.050915904343128204,0.47408589720726013,0.2210472635924816,,0.21634336560964584,,,0.09050988033413887,,,,,7,0,0,0,69,,,0,5,count,
elevators-sat08-strips,p18.pddl,asp,timed out,1800.1231820434332,concrete_asp,,,,,,,,0.5316334944218397,,,0.23269846756011248,,,,,,,,,,,,,,,24,,,
elevators-sat08-strips,p18.pddl,fd,success,3.1378678791224957,total,0.832282,,,,,,,,,0.824327,,,,,,,,unchecked: No available engine supports all the problem features:,,,,,,118,,,,,
elevators-sat08-strips,p19.pddl,abs-asp,timed out,1800.1130498498678,abstract_asp,,0.40382275357842445,0.008342765271663666,,3.007724143564701,0.034199878573417664,0.04859457537531853,0.5133326351642609,0.23948848992586136,,0.23330339416861534,0.045213378965854645,,,,,,,7,0,,,20,,21,,5,count,
elevators-sat08-strips,p19.pddl,abs-fd,timed out,1800.2318604923785,abstract_fd_search,,0.399735651910305,0.00835052877664566,,3.075599804520607,0.03490535914897919,0.04902536794543266,0.511139776557684,0.23524688556790352,,0.23305970057845116,,,0.10278547555208206,,,,,7,0,0,0,82,,,0,5,count,
elevators-sat08-strips,p19.pddl,asp,timed out,1800.1266378127038,concrete_asp,,,,,,,,0.5665275380015373,,,0.25384610891342163,,,,,,,,,,,,,,,24,,,
elevators-sat08-strips,p19.pddl,fd,success,2.8578207083046436,total,0.910507,,,,,,,,,0.907113,,,,,,,,unchecked: No available engine supports all the problem features:,,,,,,136,,,,,
elevators-sat08-strips,p20.pddl,abs-asp,timed out,1800.1171628944576,abstract_asp,,0.40853701904416084,0.0036918818950653076,,3.526914209127426,0.03451190143823624,0.052016615867614746,0.5479618012905121,0.24653367325663567,,0.252107709646225,0.04189130663871765,,,,,,,7,0,,,18,,19,,5,count,
elevators-sat08-strips,p20.pddl,abs-fd,timed out,1800.208013996482,abstract_fd_search,,0.4029899314045906,0.0038265399634838104,,3.5387302190065384,0.034704625606536865,0.05103031173348427,0.5376475006341934,0.2410949282348156,,0.25304175168275833,,,0.09430605173110962,,,,,7,0,0,0,65,,,0,5,count,
elevators-sat08-strips,p20.pddl,asp,timed out,1800.1637832038105,concrete_asp,,,,,,,,0.6048847325146198,,,0.28025707975029945,,,,,,,,,,,,,,,24,,,
elevators-sat08-strips,p20.pddl,fd,success,3.004854239523411,total,0.853574,,,,,,,,,0.849765,,,,,,,,unchecked: No available engine supports all the problem features:,,,,,,110,,,,,
elevators-sat08-strips,p21.pddl,abs-asp,timed out,1800.114290036261,abstract_asp,,0.5185573846101761,0.0032738782465457916,,2.6968770548701286,0.06702040135860443,0.062402307987213135,0.4912312366068363,0.21508020162582397,,0.2384117655456066,0.03833765909075737,,,,,,,7,0,,,21,,22,,7,count,
elevators-sat08-strips,p21.pddl,abs-fd,success,40.73120432533324,total,37.584481,0.545994,0.003322,,2.747099,0.066267,0.063175,0.531914,0.225225,,0.240754,,,0.091169,32.766611,,,unchecked: No available engine supports all the problem features:,7,0,0,0,59,118,,1,7,count,
elevators-sat08-strips,p21.pddl,asp,timed out,1800.119115523994,concrete_asp,,,,,,,,0.6589351147413254,,,0.2610238082706928,,,,,,,,,,,,,,,24,,,
elevators-sat08-strips,p21.pddl,fd,success,4.258270867168903,total,0.842762,,,,,,,,,0.836745,,,,,,,,unchecked: No available engine supports all the problem features:,,,,,,82,,,,,
elevators-sat08-strips,p22.pddl,abs-asp,timed out,1800.1194114126265,abstract_asp,,0.5457717776298523,0.0038716308772563934,,4.120856340974569,0.06638268381357193,0.06554622203111649,0.6452851928770542,0.2395358756184578,,0.2982899062335491,0.05589977279305458,,,,,,,7,0,,,20,,21,,7,count,
elevators-sat08-strips,p22.pddl,abs-fd,timed out,1800.2305177338421,abstract_fd_search,,0.5240889713168144,0.0035662539303302765,,4.033320125192404,0.06574798747897148,0.06404383108019829,0.6239829249680042,0.23081884533166885,,0.3007601574063301,,,0.09029091522097588,,,,,7,0,0,0,60,,,0,7,count,
elevators-sat08-strips,p22.pddl,asp,timed out,1800.1248355675489,concrete_asp,,,,,,,,0.73284493945539,,,0.32500825449824333,,,,,,,,,,,,,,,22,,,
elevators-sat08-strips,p22.pddl,fd,success,8.948476543650031,total,1.03085,,,,,,,,,1.02741,,,,,,,,unchecked: No available engine supports all the problem features:,,,,,,96,,,,,
elevators-sat08-strips,p23.pddl,abs-asp,timed out,1800.1144984401762,abstract_asp,,0.5204631872475147,0.0036809369921684265,,5.685382589697838,0.06732743605971336,0.06627818197011948,0.6826400905847549,0.24427465349435806,,0.3537524603307247,0.051459141075611115,,,,,,,7,0,,,21,,22,,7,count,
elevators-sat08-strips,p23.pddl,abs-fd,success,1369.5982882641256,total,1367.460951,0.699374,0.003704,,5.713385,0.066463,0.066329,0.68631,0.246223,,0.354955,,,0.097905,1358.944754,,,unchecked: No available engine supports all the problem features:,7,0,3,0,72,145,,1,7,count,
elevators-sat08-strips,p23.pddl,asp,timed out,1800.136074556969,concrete_asp,,,,,,,,0.756178105250001,,,0.36024169996380806,,,,,,,,,,,,,,,24,,,
elevators-sat08-strips,p23.pddl,fd,success,4.039636716246605,total,1.313258,,,,,,,,,1.307497,,,,,,,,unchecked: No available engine supports all the problem features:,,,,,,107,,,,,
elevators-sat08-strips,p24.pddl,abs-asp,timed out,1800.1194820962846,abstract_asp,,0.5444409362971783,0.0036921799182891846,,7.964877787977457,0.06775964796543121,0.07076788321137428,0.7940211519598961,0.2708480544388294,,0.4136459417641163,0.062446754425764084,,,,,,,7,0,,,19,,20,,7,count,
elevators-sat08-strips,p24.pddl,abs-fd,timed out,1800.322241999209,abstract_fd_search,,0.5521381162106991,0.003999475389719009,,7.8969831094145775,0.06847358122467995,0.0711565837264061,0.8092117235064507,0.28608058765530586,,0.4118448384106159,,,0.11443312838673592,,,,,7,0,0,0,87,,,0,7,count,
elevators-sat08-strips,p24.pddl,asp,timed out,1800.1324199214578,concrete_asp,,,,,,,,0.8973237201571465,,,0.45220737904310226,,,,,,,,,,,,,,,23,,,
elevators-sat08-strips,p24.pddl,fd,success,4.446335647255182,total,1.917304,,,,,,,,,1.910851,,,,,,,,unchecked: No available engine supports all the problem features:,,,,,,146,,,,,
elevators-sat08-strips,p25.pddl,abs-asp,timed out,1800.1154045462608,abstract_asp,,0.5348946284502745,0.00380031019449234,,10.51057693734765,0.06818541884422302,0.07696128822863102,0.858102098107338,0.2733522467315197,,0.473398981615901,0.06230525113642216,,,,,,,7,0,,,20,,21,,7,count,
elevators-sat08-strips,p25.pddl,abs-fd,timed out,1800.2796417325735,abstract_fd_search,,0.5288933850824833,0.0038335882127285004,,10.479527492076159,0.06818678975105286,0.07658171653747559,0.8574250973761082,0.27366767078638077,,0.4720793329179287,,,0.11176963895559311,,,,,7,0,0,0,93,,,0,7,count,
elevators-sat08-strips,p25.pddl,asp,timed out,1800.132327903062,concrete_asp,,,,,,,,0.97400042694062,,,0.49595819413661957,,,,,,,,,,,,,,,24,,,
elevators-sat08-strips,p25.pddl,fd,success,4.247727107256651,total,2.138631,,,,,,,,,2.134554,,,,,,,,unchecked: No available engine supports all the problem features:,,,,,,173,,,,,
elevators-sat08-strips,p26.pddl,abs-asp,timed out,1800.1159786991775,abstract_asp,,0.5627335384488106,0.003981336951255798,,13.856207210570574,0.06827260181307793,0.08138760179281235,1.0215960964560509,0.3011094145476818,,0.5336744338274002,0.07562114670872688,,,,,,,7,0,,,20,,21,,7,count,
elevators-sat08-strips,p26.pddl,abs-fd,timed out,1800.2839562501758,abstract_fd_search,,0.5432907808572054,0.004001729190349579,,13.66788232140243,0.06870507262647152,0.08273014426231384,1.0058719962835312,0.29181464202702045,,0.525795204564929,,,0.1263725496828556,,,,,7,0,0,0,103,,,0,7,count,
elevators-sat08-strips,p26.pddl,asp,timed out,1800.0484591163695,concrete_asp,,,,,,,,1.2007560804486275,,,0.5797402746975422,,,,,,,,,,,,,,,23,,,
elevators-sat08-strips,p26.pddl,fd,success,6.3671665340662,total,2.364764,,,,,,,,,2.356408,,,,,,,,unchecked: No available engine supports all the problem features:,,,,,,149,,,,,
elevators-sat08-strips,p27.pddl,abs-asp,timed out,1800.0451494120061,abstract_asp,,0.5784348174929619,0.0041977278888225555,,17.523426309227943,0.07255681231617928,0.08483842760324478,1.101065319031477,0.3191335052251816,,0.593716200441122,0.0805150680243969,,,,,,,7,0,,,21,,22,,7,count,
elevators-sat08-strips,p27.pddl,abs-fd,timed out,1800.4474346376956,abstract_fd_search,,0.5657629519701004,0.004096962511539459,,17.443718407303095,0.06933162733912468,0.08554244786500931,1.1088201440870762,0.3192993737757206,,0.6043265797197819,,,0.14391018450260162,,,,,7,0,0,0,119,,,0,7,count,
elevators-sat08-strips,p27.pddl,asp,timed out,1800.1406943257898,concrete_asp,,,,,,,,1.2218685625120997,,,0.6200380530208349,,,,,,,,,,,,,,,24,,,
elevators-sat08-strips,p27.pddl,fd,success,5.5321718864142895,total,2.944521,,,,,,,,,2.936055,,,,,,,,unchecked: No available engine supports all the problem features:,,,,,,186,,,,,
elevators-sat08-strips,p28.pddl,abs-asp,timed out,1800.1178962402046,abstract_asp,,0.5594667419791222,0.004300273954868317,,21.745881147682667,0.0705125741660595,0.09083649888634682,1.16154770180583,0.33451420441269875,,0.6480402387678623,0.09076490998268127,,,,,,,7,0,,,19,,20,,7,count,
elevators-sat08-strips,p28.pddl,abs-fd,timed out,1800.3950321227312,abstract_fd_search,,0.5437809452414513,0.004160523414611816,,21.503069180995226,0.07015347108244896,0.08644712343811989,1.131424706429243,0.32473398372530937,,0.6426940560340881,,,0.15026406571269035,,,,,7,0,0,0,119,,,0,7,count,
elevators-sat08-strips,p28.pddl,asp,timed out,1800.147241268307,concrete_asp,,,,,,,,1.4113978259265423,,,0.7060541994869709,,,,,,,,,,,,,,,23,,,
elevators-sat08-strips,p28.pddl,fd,success,7.474226791411638,total,3.459995,,,,,,,,,3.451762,,,,,,,,unchecked: No available engine supports all the problem features:,,,,,,188,,,,,
elevators-sat08-strips,p29.pddl,abs-asp,timed out,1800.1210128627717,abstract_asp,,0.5470206141471863,0.004371020942926407,,26.41987506300211,0.07026120275259018,0.08545387536287308,1.229824349284172,0.3361748568713665,,0.7020472884178162,0.09305118769407272,,,,,,,7,0,,,21,,22,,7,count,
elevators-sat08-strips,p29.pddl,abs-fd,timed out,1800.4423298686743,abstract_fd_search,,0.5520687028765678,0.004235297441482544,,26.60369871929288,0.07049503549933434,0.08428820222616196,1.240426767617464,0.33748095482587814,,0.7195662818849087,,,0.15454848855733871,,,,,7,0,0,0,130,,,0,7,count,
elevators-sat08-strips,p29.pddl,asp,timed out,1800.1570419222116,concrete_asp,,,,,,,,1.467949751764536,,,0.7608398050069809,,,,,,,,,,,,,,,24,,,
elevators-sat08-strips,p29.pddl,fd,success,7.685349099338055,total,4.742949,,,,,,,,,4.734189,,,,,,,,unchecked: No available engine supports all the problem features:,,,,,,203,,,,,
elevators-sat08-strips,p30.pddl,abs-asp,timed out,1800.0234216414392,abstract_asp,,0.572376262396574,0.004555940628051758,,32.61996429041028,0.07302725687623024,0.08952470123767853,1.3389410115778446,0.3738946244120598,,0.7650424093008041,0.11858606338500977,,,,,,,7,0,,,20,,21,,7,count,
elevators-sat08-strips,p30.pddl,abs-fd,timed out,1800.4780423343182,abstract_fd_search,,0.5488573983311653,0.004423212260007858,,32.0052856951952,0.07103190198540688,0.08698924630880356,1.3208350650966167,0.34972091019153595,,0.7516668811440468,,,0.16583159193396568,,,,,7,0,0,0,135,,,0,7,count,
elevators-sat08-strips,p30.pddl,asp,timed out,1800.1458354331553,concrete_asp,,,,,,,,1.6529348408803344,,,0.836586719378829,,,,,,,,,,,,,,,23,,,
elevators-sat08-strips,p30.pddl,fd,success,6.310004971921444,total,3.731428,,,,,,,,,3.724009,,,,,,,,unchecked: No available engine supports all the problem features:,,,,,,207,,,,,
elevators-sat11-strips,p01.pddl,abs-asp,timed out,1800.112404730171,abstract_asp,,0.37426474690437317,0.0030421316623687744,,1.1692986823618412,0.03231177106499672,0.040968433022499084,0.35322534665465355,0.1943170316517353,,0.1374150812625885,0.02784866839647293,,,,,,,7,0,,,22,,23,,5,count,
elevators-sat11-strips,p01.pddl,abs-fd,timed out,1800.165228728205,abstract_fd_search,,0.3753754608333111,0.003019910305738449,,1.1658431515097618,0.032144945114851,0.04087192565202713,0.3597727604210377,0.1927650421857834,,0.13897313550114632,,,0.07941580191254616,,,,,7,0,0,0,50,,,0,5,count,
elevators-sat11-strips,p01.pddl,asp,timed out,1800.041642954573,concrete_asp,,,,,,,,0.50324487965554,,,0.15648427698761225,,,,,,,,,,,,,,,24,,,
elevators-sat11-strips,p01.pddl,fd,success,3.863232132047415,total,0.597331,,,,,,,,,0.59122,,,,,,,,unchecked: No available engine supports all the problem features:,,,,,,80,,,,,
elevators-sat11-strips,p02.pddl,abs-asp,timed out,1800.1135457158089,abstract_asp,,0.532262809574604,0.003610162064433098,,7.844829328358173,0.06778887659311295,0.0698900930583477,0.7785416711121798,0.26144477166235447,,0.41194269992411137,0.062211282551288605,,,,,,,7,0,,,19,,20,,7,count,
elevators-sat11-strips,p02.pddl,abs-fd,timed out,1800.2535396665335,abstract_fd_search,,0.5436572879552841,0.0036225859075784683,,7.971182186156511,0.06718344800174236,0.07030007988214493,0.7943212948739529,0.27014427073299885,,0.4173157177865505,,,0.11198846623301506,,,,,7,0,0,0,87,,,0,7,count,
elevators-sat11-strips,p02.pddl,asp,timed out,1800.1506081223488,concrete_asp,,,,,,,,1.003419890999794,,,0.4539712890982628,,,,,,,,,,,,,,,23,,,
elevators-sat11-strips,p02.pddl,fd,success,5.264362942427397,total,2.024829,,,,,,,,,2.017768,,,,,,,,unchecked: No available engine supports all the problem features:,,,,,,146,,,,,
elevators-sat11-strips,p03.pddl,abs-asp,timed out,1800.1170843988657,abstract_asp,,0.5823119059205055,0.004271354526281357,,13.746904786676168,0.06818818300962448,0.08170605823397636,1.003358718007803,0.28992095962166786,,0.5363048613071442,0.07482343167066574,,,,,,,7,0,,,20,,21,,7,count,
elevators-sat11-strips,p03.pddl,abs-fd,timed out,1800.3349414020777,abstract_fd_search,,0.5374287217855453,0.003941573202610016,,13.628488387912512,0.06797968223690987,0.07969780266284943,0.9940592534840107,0.2888275943696499,,0.5284626744687557,,,0.12504855915904045,,,,,7,0,0,0,103,,,0,7,count,
elevators-sat11-strips,p03.pddl,asp,timed out,1800.1390690915287,concrete_asp,,,,,,,,1.2144858129322529,,,0.576197262853384,,,,,,,,,,,,,,,24,,,
elevators-sat11-strips,p03.pddl,fd,success,5.312055751681328,total,2.320769,,,,,,,,,2.311896,,,,,,,,unchecked: No available engine supports all the problem features:,,,,,,149,,,,,
elevators-sat11-strips,p04.pddl,abs-asp,timed out,1800.1184464804828,abstract_asp,,0.39794180914759636,0.0037871897220611572,,3.4594210870563984,0.034660544246435165,0.050727974623441696,0.5172238275408745,0.24389774724841118,,0.2526974007487297,0.04149189591407776,,,,,,,7,0,,,18,,19,,5,count,
elevators-sat11-strips,p04.pddl,abs-fd,timed out,1800.2220991961658,abstract_fd_search,,0.40386441722512245,0.003747202455997467,,3.5026663914322853,0.03473593667149544,0.05158635601401329,0.5606388859450817,0.2420688383281231,,0.2719544246792793,,,0.09552144259214401,,,,,7,0,0,0,65,,,0,5,count,
elevators-sat11-strips,p04.pddl,asp,timed out,1800.13747324422,concrete_asp,,,,,,,,0.6464754566550255,,,0.2791331969201565,,,,,,,,,,,,,,,24,,,
elevators-sat11-strips,p04.pddl,fd,success,3.2312242090702057,total,0.900003,,,,,,,,,0.893457,,,,,,,,unchecked: No available engine supports all the problem features:,,,,,,110,,,,,
elevators-sat11-strips,p05.pddl,abs-asp,timed out,1800.1131998058408,abstract_asp,,0.3908254113048315,0.0034693926572799683,,2.519263753667474,0.03410591185092926,0.05194883421063423,0.4755181707441807,0.22045527398586273,,0.21660963259637356,0.03812297247350216,,,,,,,7,0,,,21,,22,,5,count,
elevators-sat11-strips,p05.pddl,abs-fd,timed out,1800.186418004334,abstract_fd_search,,0.3815404884517193,0.0033424273133277893,,2.489401027560234,0.033568374812603,0.0501474067568779,0.44812361523509026,0.22115031629800797,,0.22420261427760124,,,0.09009642153978348,,,,,7,0,0,0,69,,,0,5,count,
elevators-sat11-strips,p05.pddl,asp,timed out,1800.126375041902,concrete_asp,,,,,,,,0.5744648491963744,,,0.2343134954571724,,,,,,,,,,,,,,,24,,,
elevators-sat11-strips,p05.pddl,fd,success,3.7027763053774834,total,0.843175,,,,,,,,,0.837129,,,,,,,,unchecked: No available engine supports all the problem features:,,,,,,118,,,,,
elevators-sat11-strips,p06.pddl,abs-asp,timed out,1800.1185476109385,abstract_asp,,0.5450323782861233,0.00401296466588974,,17.35277697071433,0.06975312530994415,0.08315468952059746,1.085378035902977,0.30643052980303764,,0.5878851413726807,0.08028597757220268,,,,,,,7,0,,,21,,22,,7,count,
elevators-sat11-strips,p06.pddl,abs-fd,timed out,1800.436834383756,abstract_fd_search,,0.5644507668912411,0.004172872751951218,,17.426442481577396,0.06881843507289886,0.08734088018536568,1.0802016034722328,0.31660616770386696,,0.5843214392662048,,,0.1426473818719387,,,,,7,0,0,0,119,,,0,7,count,
elevators-sat11-strips,p06.pddl,asp,timed out,1800.1384318796918,concrete_asp,,,,,,,,1.3158593317493796,,,0.6457342719659209,,,,,,,,,,,,,,,24,,,
elevators-sat11-strips,p06.pddl,fd,success,11.05051103234291,total,2.900513,,,,,,,,,2.890261,,,,,,,,unchecked: No available engine supports all the problem features:,,,,,,186,,,,,
elevators-sat11-strips,p07.pddl,abs-asp,timed out,1800.0632636342198,abstract_asp,,0.5340572986751795,0.0037997793406248093,,10.546044716611505,0.06787476688623428,0.07638063840568066,0.8690285887569189,0.27608875930309296,,0.4730983804911375,0.061584992334246635,,,,,,,7,0,,,20,,21,,7,count,
elevators-sat11-strips,p07.pddl,abs-fd,timed out,1800.2826183587313,abstract_fd_search,,0.535338394343853,0.0037457607686519623,,10.571352392435074,0.06721514835953712,0.07682928442955017,0.8606461584568024,0.2760288789868355,,0.47359247505664825,,,0.11275117844343185,,,,,7,0,0,0,93,,,0,7,count,
elevators-sat11-strips,p07.pddl,asp,timed out,1800.1379795307294,concrete_asp,,,,,,,,1.027028737589717,,,0.5153747778385878,,,,,,,,,,,,,,,24,,,
elevators-sat11-strips,p07.pddl,fd,success,5.614614252001047,total,2.319171,,,,,,,,,2.311254,,,,,,,,unchecked: No available engine supports all the problem features:,,,,,,173,,,,,
elevators-sat11-strips,p08.pddl,abs-asp,timed out,1800.1200854107738,abstract_asp,,0.5365045182406902,0.004201218485832214,,21.557552125304937,0.07037555053830147,0.08581012114882469,1.1282183155417442,0.3343377746641636,,0.6438722498714924,0.09079913794994354,,,,,,,7,0,,,19,,20,,7,count,
elevators-sat11-strips,p08.pddl,abs-fd,timed out,1800.3894232064486,abstract_fd_search,,0.5436369255185127,0.0041915737092494965,,21.446664206683636,0.06888230890035629,0.08584925904870033,1.1612574085593224,0.32079656049609184,,0.6459323018789291,,,0.14807813614606857,,,,,7,0,0,0,119,,,0,7,count,
elevators-sat11-strips,p08.pddl,asp,timed out,1800.1438334397972,concrete_asp,,,,,,,,1.3408244103193283,,,0.6927517578005791,,,,,,,,,,,,,,,23,,,
elevators-sat11-strips,p08.pddl,fd,success,6.686998073011637,total,3.507589,,,,,,,,,3.499754,,,,,,,,unchecked: No available engine supports all the problem features:,,,,,,188,,,,,
elevators-sat11-strips,p09.pddl,abs-asp,timed out,1800.1247289553285,abstract_asp,,0.5613467022776604,0.004400279372930527,,26.723534017801285,0.07061619311571121,0.08428840711712837,1.249746885150671,0.34830867499113083,,0.7112765461206436,0.09389949589967728,,,,,,,7,0,,,21,,22,,7,count,
elevators-sat11-strips,p09.pddl,abs-fd,timed out,1800.4414580445737,abstract_fd_search,,0.5395954288542271,0.004343656823039055,,26.553136087954044,0.07051140442490578,0.08359014056622982,1.20456125959754,0.337143138051033,,0.7016248479485512,,,0.1528538018465042,,,,,7,0,0,0,130,,,0,7,count,
elevators-sat11-strips,p09.pddl,asp,timed out,1800.150663740933,concrete_asp,,,,,,,,1.469773955643177,,,0.762242030352354,,,,,,,,,,,,,,,24,,,
elevators-sat11-strips,p09.pddl,fd,success,7.217931501567364,total,4.376216,,,,,,,,,4.368086,,,,,,,,unchecked: No available engine supports all the problem features:,,,,,,203,,,,,
elevators-sat11-strips,p10.pddl,abs-asp,timed out,1800.1226793043315,abstract_asp,,0.5795018374919891,0.004670741036534309,,32.040137361735106,0.07135282643139362,0.08961862325668335,1.345768976956606,0.3621943052858114,,0.7598202433437109,0.10234029218554497,,,,,,,7,0,,,20,,21,,7,count,
elevators-sat11-strips,p10.pddl,abs-fd,timed out,1800.5334722641855,abstract_fd_search,,0.5702253356575966,0.004462521523237228,,32.19568924047053,0.07022224180400372,0.08796841464936733,1.3376196026802063,0.36660117469727993,,0.7726016566157341,,,0.17148017324507236,,,,,7,0,0,0,135,,,0,7,count,
elevators-sat11-strips,p10.pddl,asp,timed out,1800.1036573275924,concrete_asp,,,,,,,,1.521946758031845,,,0.8266137465834618,,,,,,,,,,,,,,,23,,,
elevators-sat11-strips,p10.pddl,fd,success,6.30101927742362,total,3.714081,,,,,,,,,3.705901,,,,,,,,unchecked: No available engine supports all the problem features:,,,,,,207,,,,,
elevators-sat11-strips,p11.pddl,abs-asp,timed out,1800.1656867451966,abstract_asp,,0.5672999136149883,0.004559565335512161,,102.6000233143568,0.07796354964375496,0.09634556993842125,2.291587959975004,0.4574629217386246,,1.3072891347110271,0.158145010471344,,,,,,,7,0,,,19,,20,,7,count,
elevators-sat11-strips,p11.pddl,abs-fd,interrupted,289.68118773028255,abstract_fd_search,,0.5756965447217226,0.0045264046639204025,,102.57651929557323,0.07780609279870987,0.0976280253380537,2.250406017526984,0.45364242792129517,,1.311082961037755,,,0.18465986289083958,,,,,7,0,0,0,140,,,0,7,count,
elevators-sat11-strips,p11.pddl,asp,timed out,1800.1672531962395,concrete_asp,,,,,,,,2.66889451444149,,,1.432880561798811,,,,,,,,,,,,,,,23,,,
elevators-sat11-strips,p11.pddl,fd,success,18.288733936846256,total,15.67797,,,,,,,,,15.668652,,,,,,,,unchecked: No available engine supports all the problem features:,,,,,,254,,,,,
elevators-sat11-strips,p12.pddl,abs-asp,timed out,1800.1235691569746,abstract_asp,,0.6185242794454098,0.004751402884721756,,122.62464832887053,0.07864873483777046,0.10506481677293777,2.6024051420390606,0.48788881301879883,,1.4198666773736477,0.15745063498616219,,,,,,,7,0,,,19,,20,,7,count,
elevators-sat11-strips,p12.pddl,abs-fd,interrupted,278.2702105343342,abstract_fd_search,,0.5794443711638451,0.004736319184303284,,122.43992159515619,0.07833306863904,0.10214467719197273,2.583899710327387,0.47506847977638245,,1.4228805489838123,,,0.1976858451962471,,,,,7,0,0,0,142,,,0,7,count,
elevators-sat11-strips,p12.pddl,asp,timed out,1800.1678696274757,concrete_asp,,,,,,,,3.0535015128552914,,,1.5555554702877998,,,,,,,,,,,,,,,22,,,
elevators-sat11-strips,p12.pddl,fd,success,16.21802543103695,total,13.621458,,,,,,,,,13.614736,,,,,,,,unchecked: No available engine supports all the problem features:,,,,,,253,,,,,
elevators-sat11-strips,p13.pddl,abs-asp,timed out,1800.1332762725651,abstract_asp,,0.6145969778299332,0.004902873188257217,,145.44460114464164,0.0788794495165348,0.11108297482132912,2.7631377018988132,0.515189316123724,,1.5388931445777416,0.16513653844594955,,,,,,,7,0,,,19,,20,,7,count,
elevators-sat11-strips,p13.pddl,abs-fd,interrupted,300.3614175282419,abstract_fd_search,,0.5796796157956123,0.004714801907539368,,144.87659966945648,0.07982617616653442,0.1064615398645401,2.657328210771084,0.4991309493780136,,1.5319534242153168,,,0.21234823018312454,,,,,7,0,0,0,156,,,0,7,count,
elevators-sat11-strips,p13.pddl,asp,timed out,1800.1730573624372,concrete_asp,,,,,,,,3.243513472378254,,,1.6512757278978825,,,,,,,,,,,,,,,23,,,
elevators-sat11-strips,p13.pddl,fd,success,22.4871057709679,total,19.885817,,,,,,,,,19.878554,,,,,,,,unchecked: No available engine supports all the problem features:,,,,,,301,,,,,
elevators-sat11-strips,p16.pddl,abs-asp,timed out,1800.1270335912704,abstract_asp,,1.0395140312612057,0.0054611936211586,,144.0627762787044,0.1666669212281704,0.2003573253750801,2.7712298296391964,0.6351034604012966,,1.57972776517272,0.22912153229117393,,,,,,,7,0,,,20,,21,,7,count,
elevators-sat11-strips,p16.pddl,abs-fd,interrupted,307.8579590283334,abstract_fd_search,,1.1011183522641659,0.005334526300430298,,145.66895943507552,0.16597481071949005,0.19826827943325043,2.85530037432909,0.6620264202356339,,1.6137803383171558,,,0.32460789754986763,,,,,7,0,0,0,177,,,0,7,count,
elevators-sat11-strips,p16.pddl,asp,timed out,1800.1715740393847,concrete_asp,,,,,,,,3.358990402892232,,,1.7157694371417165,,,,,,,,,,,,,,,22,,,
elevators-sat11-strips,p16.pddl,fd,success,23.26447320729494,total,19.917658,,,,,,,,,19.907738,,,,,,,,unchecked: No available engine supports all the problem features:,,,,,,261,,,,,
freecell,p01.pddl,abs-asp,success,3.048510454595089,total,1.491389,0.249918,0.003874,,0.276661,0.020091,0.055535,0.229419,0.161731,,0.037677,0.010958,0.080901,,0.326698,,,valid,18,0,3,0,5,11,6,1,5,object,
freecell,p01.pddl,abs-fd,success,3.3118628822267056,total,1.652791,0.255457,0.003817,,0.340726,0.020102,0.056099,0.238178,0.169759,,0.037774,,,0.068878,0.426339,,,valid,18,0,4,0,5,11,,1,5,object,
freecell,p01.pddl,asp,success,6.445159003138542,total,4.073286,,,,,,,0.27727,,,0.041824,,,,3.731984,,,valid,,,,,,8,,9,,,
freecell,p01.pddl,fd,success,2.792090144008398,total,0.302537,,,,,,,,,0.295544,,,,,,,,valid,,,,,,8,,,,,
freecell,p02.pddl,abs-asp,success,175.62604551762342,total,173.350395,0.27698,0.003914,,0.593608,0.025402,0.077717,0.307074,0.190263,,0.081274,0.019475,0.302855,,171.411521,,,valid,18,0,6,1,6,14,7,2,6,object,
freecell,p02.pddl,abs-fd,success,103.63336136192083,total,101.282207,0.302207,0.003928,,0.551557,0.025982,0.078139,0.30374,0.188691,,0.081341,,,0.071457,99.625234,,,valid,18,0,6,1,6,14,,2,6,object,
freecell,p02.pddl,asp,success,54.291515309363604,total,51.310759,,,,,,,0.373679,,,0.088781,,,,50.807045,,,valid,,,,,,14,,15,,,
freecell,p02.pddl,fd,success,2.549466338008642,total,0.380497,,,,,,,,,0.372117,,,,,,,,valid,,,,,,15,,,,,
freecell,p03.pddl,abs-asp,success,105.6970433332026,total,103.249353,0.28648,0.004039,,0.760492,0.028728,0.103127,0.355521,0.214956,,0.111078,0.031409,7.398386,,93.869013,,,valid,18,0,7,0,11,23,12,1,6,object,
freecell,p03.pddl,abs-fd,success,32.94838333129883,total,31.231379,0.281056,0.003905,,0.75829,0.028357,0.099298,0.352132,0.213495,,0.111317,,,0.074029,29.25093,,,valid,18,0,7,0,11,23,,1,6,object,
freecell,p03.pddl,asp,success,399.2379790674895,total,396.390833,,,,,,,0.407939,,,0.118681,,,,395.792535,,,valid,,,,,,18,,19,,,
freecell,p03.pddl,fd,success,2.6863826904445887,total,0.44455,,,,,,,,,0.436152,,,,,,,,valid,,,,,,18,,,,,
freecell,p04.pddl,abs-asp,timed out,1800.1257330738008,abstract_solving,,0.300638135522604,0.004077572375535965,,0.9975775294005871,0.0325174480676651,0.12013279646635056,0.3994853347539902,0.24454093724489212,,0.14053696021437645,0.044960685074329376,2.6823514737188816,,,,,,18,0,9,4,9,,10,5,6,object,
freecell,p04.pddl,abs-fd,timed out,1800.1251123659313,abstract_fd_search,,0.29494935646653175,0.003986421972513199,,0.9680162221193314,0.03226161748170853,0.11892284825444221,0.3928156942129135,0.2434435486793518,,0.13945379108190536,,,0.0786740891635418,,,,,18,0,9,3,9,,,4,6,object,
freecell,p04.pddl,asp,timed out,1800.1234381096438,concrete_asp,,,,,,,,0.4401133256033063,,,0.15258577652275562,,,,,,,,,,,,,,,24,,,
freecell,p04.pddl,fd,success,2.7258772514760494,total,0.509734,,,,,,,,,0.500277,,,,,,,,valid,,,,,,34,,,,,
freecell,p05.pddl,abs-asp,timed out,1800.1210651248693,abstract_solving,,0.3126596622169018,0.004029624164104462,,1.9684682004153728,0.03806694969534874,0.15495849028229713,0.5228110142052174,0.27677643299102783,,0.22170500084757805,0.06226516142487526,0.5879990831017494,,,,,,18,0,7,9,7,,8,10,7,object,
freecell,p05.pddl,abs-fd,timed out,1800.0333964303136,abstract_fd_search,,0.2986769899725914,0.004071645438671112,,1.8991327844560146,0.037892889231443405,0.1574450246989727,0.5147966966032982,0.2783606946468353,,0.22469739243388176,,,0.08162518590688705,,,,,18,0,7,10,7,,,11,7,object,
freecell,p05.pddl,asp,timed out,1800.1341434046626,concrete_asp,,,,,,,,0.5777899287641048,,,0.23786212131381035,,,,,,,,,,,,,,,26,,,
freecell,p05.pddl,fd,success,2.9522446990013123,total,0.67742,,,,,,,,,0.669631,,,,,,,,valid,,,,,,33,,,,,
freecell,p06.pddl,abs-asp,timed out,1800.1325955875218,abstract_solving,,0.31222306936979294,0.003974186256527901,,3.62699231877923,0.044785572215914726,0.18437864631414413,0.6940955556929111,0.30423297360539436,,0.325181907042861,0.07947257161140442,7.655091568827629,,,,,,18,0,11,4,11,,12,5,8,object,
freecell,p06.pddl,abs-fd,timed out,1800.1367092430592,abstract_fd_search,,0.32047852128744125,0.004069529473781586,,3.6958340518176556,0.04463404789566994,0.1867578886449337,0.7054620012640953,0.3137167766690254,,0.32513346895575523,,,0.08554493263363838,,,,,18,0,11,2,11,,,3,8,object,
freecell,p06.pddl,asp,timed out,1800.1369106546044,concrete_asp,,,,,,,,0.7906605713069439,,,0.35052015259861946,,,,,,,,,,,,,,,28,,,
freecell,p06.pddl,fd,success,3.1899638772010803,total,0.936809,,,,,,,,,0.92803,,,,,,,,valid,,,,,,44,,,,,
freecell,p07.pddl,abs-asp,timed out,1800.1376053672284,abstract_solving,,0.32287154532969,0.004078242927789688,,3.7079414017498493,0.04395899921655655,0.1905397791415453,0.6882736254483461,0.3162220250815153,,0.32709223590791225,0.08067904226481915,1.3844215217977762,,,,,,18,0,8,10,8,,9,11,8,object,
freecell,p07.pddl,abs-fd,timed out,1800.1327311359346,abstract_fd_search,,0.31846908852458,0.0039041228592395782,,3.7582583725452423,0.04407535493373871,0.18430141732096672,0.7116945311427116,0.31678327545523643,,0.3282566927373409,,,0.08589232712984085,,,,,18,0,8,10,8,,,11,8,object,
freecell,p07.pddl,asp,timed out,1800.0413484983146,concrete_asp,,,,,,,,0.80099843069911,,,0.35344791784882545,,,,,,,,,,,,,,,29,,,
freecell,p07.pddl,fd,success,3.4942505434155464,total,1.176268,,,,,,,,,1.169531,,,,,,,,valid,,,,,,53,,,,,
freecell,p08.pddl,abs-asp,timed out,1800.1207356974483,abstract_asp,,0.3116847686469555,0.003954101353883743,,7.018036052584648,0.05033138021826744,0.2212616465985775,0.8682816065847874,0.3472384996712208,,0.46107011660933495,0.10202215984463692,,,,,,,18,0,,,16,,17,,9,object,
freecell,p08.pddl,abs-fd,timed out,1800.1533968746662,abstract_fd_search,,0.3173613101243973,0.0040368810296058655,,7.044363304972649,0.05115339532494545,0.22219491377472878,0.86799281463027,0.34898631647229195,,0.4658164791762829,,,0.08798063173890114,,,,,18,0,0,0,17,,,0,9,object,
freecell,p08.pddl,asp,timed out,1800.138037275523,concrete_asp,,,,,,,,1.0094022788107395,,,0.4984637685120106,,,,,,,,,,,,,,,31,,,
freecell,p08.pddl,fd,success,4.079929426312447,total,1.34457,,,,,,,,,1.335795,,,,,,,,valid,,,,,,52,,,,,
freecell,p09.pddl,abs-asp,timed out,1800.0416215825826,abstract_solving,,0.32976588420569897,0.004046956077218056,,7.1532686948776245,0.05016990378499031,0.21970756351947784,0.9092159047722816,0.35897745564579964,,0.46569505520164967,0.1040270384401083,0.5934789609164,,,,,,18,0,5,15,5,,6,16,9,object,
freecell,p09.pddl,abs-fd,timed out,1800.1352397687733,abstract_fd_search,,0.3303930349647999,0.004049617797136307,,7.147761955857277,0.0505877248942852,0.22250013425946236,0.9038232080638409,0.369671743363142,,0.466951385140419,,,0.09060409292578697,,,,,18,0,5,16,5,,,17,9,object,
freecell,p09.pddl,asp,timed out,1800.1446109591052,concrete_asp,,,,,,,,1.0149688720703125,,,0.5042779054492712,,,,,,,,,,,,,,,27,,,
freecell,p09.pddl,fd,success,4.589479647576809,total,1.328142,,,,,,,,,1.31854,,,,,,,,valid,,,,,,52,,,,,
freecell,p10.pddl,abs-asp,timed out,1800.1378883384168,abstract_solving,,0.33279887586832047,0.004124782979488373,,13.03386776521802,0.05763794109225273,0.2660893686115742,1.2024261727929115,0.39393334463238716,,0.629597682505846,0.12699002027511597,6.735909316688776,,,,,,18,0,10,6,10,,11,7,10,object,
freecell,p10.pddl,abs-fd,timed out,1800.1424659173936,abstract_fd_search,,0.33334795758128166,0.004106491804122925,,13.04417215846479,0.05790726654231548,0.2616624888032675,1.19448178447783,0.4108314346522093,,0.6332076489925385,,,0.0922271329909563,,,,,18,0,10,5,10,,,6,10,object,
freecell,p10.pddl,asp,timed out,1800.151055175811,concrete_asp,,,,,,,,1.376722827553749,,,0.6967014297842979,,,,,,,,,,,,,,,31,,,
freecell,p10.pddl,fd,success,4.268701706081629,total,1.901992,,,,,,,,,1.893764,,,,,,,,valid,,,,,,68,,,,,
freecell,p11.pddl,abs-asp,timed out,1800.1419014930725,abstract_solving,,0.3288966007530689,0.004124201834201813,,13.174329828470945,0.05841260403394699,0.26989443600177765,1.1739598512649536,0.39722539484500885,,0.6434574387967587,0.1267930381000042,1.4904070235788822,,,,,,18,0,8,11,8,,9,12,10,object,
freecell,p11.pddl,abs-fd,timed out,1800.1409552041441,abstract_fd_search,,0.34695311821997166,0.00409630686044693,,13.1780537776649,0.0574979055672884,0.2612454015761614,1.202038962393999,0.39694976061582565,,0.6304747574031353,,,0.09252949804067612,,,,,18,0,8,11,8,,,12,10,object,
freecell,p11.pddl,asp,timed out,1800.1407313868403,concrete_asp,,,,,,,,1.3952329978346825,,,0.6910772547125816,,,,,,,,,,,,,,,29,,,
freecell,p11.pddl,fd,success,5.3342956230044365,total,2.887321,,,,,,,,,2.878079,,,,,,,,valid,,,,,,90,,,,,
freecell,p12.pddl,abs-asp,timed out,1800.087309628725,abstract_solving,,0.3530199006199837,0.004198562353849411,,13.261618003249168,0.05802299827337265,0.2654506266117096,1.1994369216263294,0.4084208123385906,,0.66114317253232,0.1264098919928074,20.20229312032461,,,,,,18,0,11,4,11,,12,5,10,object,
freecell,p12.pddl,abs-fd,timed out,1800.1464674063027,abstract_fd_search,,0.3359018824994564,0.004104986786842346,,13.106779716908932,0.05806276574730873,0.2693602703511715,1.1994318030774593,0.3957812860608101,,0.6413059383630753,,,0.09191511571407318,,,,,18,0,11,4,11,,,5,10,object,
freecell,p12.pddl,asp,timed out,1800.1517551653087,concrete_asp,,,,,,,,1.4207487776875496,,,0.6839176900684834,,,,,,,,,,,,,,,29,,,
freecell,p12.pddl,fd,success,4.034993387758732,total,1.737234,,,,,,,,,1.729562,,,,,,,,valid,,,,,,63,,,,,
freecell,p13.pddl,abs-asp,timed out,1800.21370645985,abstract_solving,,0.3533132001757622,0.004095334559679031,,23.977055583149195,0.0654631182551384,0.331734798848629,1.589999694377184,0.4595469608902931,,0.8498179018497467,0.1521177925169468,4.679907273501158,,,,,,18,0,9,10,9,,10,11,11,object,
freecell,p13.pddl,abs-fd,timed out,1800.1453265957534,abstract_fd_search,,0.3558334745466709,0.004071809351444244,,23.795860569924116,0.06562691181898117,0.3077969662845135,1.5996838249266148,0.4608355686068535,,0.8568071871995926,,,0.10267177224159241,,,,,18,0,9,10,9,,,11,11,object,
freecell,p13.pddl,asp,timed out,1800.1597210913897,concrete_asp,,,,,,,,1.831050269305706,,,0.9021685384213924,,,,,,,,,,,,,,,30,,,
freecell,p13.pddl,fd,success,7.073575042188168,total,4.421053,,,,,,,,,4.411662,,,,,,,,valid,,,,,,83,,,,,
freecell,p14.pddl,abs-asp,timed out,1800.1729971803725,abstract_solving,,0.3436000570654869,0.0040510110557079315,,23.829795762896538,0.06607111915946007,0.30924804508686066,1.6228979043662548,0.4608193673193455,,0.8355630300939083,0.15260275825858116,26.184322338551283,,,,,,18,0,11,4,11,,12,5,11,object,
freecell,p14.pddl,abs-fd,timed out,1800.180253855884,abstract_fd_search,,0.3484296575188637,0.004078075289726257,,23.521275620907545,0.0656045600771904,0.3139724172651768,1.577481035143137,0.4474254995584488,,0.8326663784682751,,,0.09864535555243492,,,,,18,0,11,5,11,,,6,11,object,
freecell,p14.pddl,asp,timed out,1800.1614552550018,concrete_asp,,,,,,,,1.8531185127794743,,,0.9004141502082348,,,,,,,,,,,,,,,32,,,
freecell,p14.pddl,fd,success,4.806153833866119,total,2.406689,,,,,,,,,2.397598,,,,,,,,valid,,,,,,67,,,,,
freecell,p15.pddl,abs-asp,timed out,1800.1711952649057,abstract_solving,,0.3536839373409748,0.004309229552745819,,41.00951924920082,0.07396269589662552,0.35668353363871574,1.90518718957901,0.5045031048357487,,1.0791677050292492,0.18451432138681412,115.44389456510544,,,,,,18,0,12,4,12,,13,5,12,object,
freecell,p15.pddl,abs-fd,timed out,1800.0748147256672,abstract_fd_search,,0.387806449085474,0.004375636577606201,,41.14779968932271,0.07442599907517433,0.356808353215456,1.920773882418871,0.5169024914503098,,1.083664558827877,,,0.10871372371912003,,,,,18,0,12,4,12,,,5,12,object,
freecell,p15.pddl,asp,timed out,1800.1617612950504,concrete_asp,,,,,,,,2.190813548862934,,,1.2013020515441895,,,,,,,,,,,,,,,31,,,
freecell,p15.pddl,fd,success,5.388533186167479,total,3.087418,,,,,,,,,3.0793,,,,,,,,valid,,,,,,99,,,,,
freecell,p16.pddl,abs-asp,timed out,1800.0887940078974,abstract_solving,,0.36382631957530975,0.004245065152645111,,41.32951658964157,0.07290942594408989,0.3573380522429943,1.92451810836792,0.5125215202569962,,1.0745763033628464,0.17842889577150345,10.840581610798836,,,,,,18,0,10,10,10,,11,11,12,object,
freecell,p16.pddl,abs-fd,timed out,1800.19350579381,abstract_fd_search,,0.3538000248372555,0.004281789064407349,,40.866720005869865,0.07282890379428864,0.35153915733098984,1.902176771312952,0.5024666450917721,,1.0694321915507317,,,0.1048351600766182,,,,,18,0,10,10,10,,,11,12,object,
freecell,p16.pddl,asp,timed out,1800.1526716863737,concrete_asp,,,,,,,,2.240261889062822,,,1.1671554651111364,,,,,,,,,,,,,,,30,,,
freecell,p16.pddl,fd,success,5.488621596246958,total,3.103279,,,,,,,,,3.096255,,,,,,,,valid,,,,,,86,,,,,
freecell,p17.pddl,abs-asp,timed out,1800.165039446205,abstract_solving,,0.36770158261060715,0.004131808876991272,,68.90191612765193,0.08165338635444641,0.40487203747034073,2.4061260372400284,0.5799030400812626,,1.3558186143636703,0.20944193378090858,12.15271420031786,,,,,,18,0,11,6,11,,12,7,13,object,
freecell,p17.pddl,abs-fd,timed out,1800.1695015765727,abstract_fd_search,,0.3740717023611069,0.004085071384906769,,69.44602280855179,0.08163654804229736,0.4034358635544777,2.443754494190216,0.5962444581091404,,1.3724751397967339,,,0.1151590533554554,,,,,18,0,11,5,11,,,6,13,object,
freecell,p17.pddl,asp,timed out,1800.1914490573108,concrete_asp,,,,,,,,2.8233184032142162,,,1.50837829336524,,,,,,,,,,,,,,,30,,,
freecell,p17.pddl,fd,success,6.905672911554575,total,4.167835,,,,,,,,,4.161051,,,,,,,,valid,,,,,,95,,,,,
freecell,p18.pddl,abs-asp,timed out,1800.2214483879507,abstract_solving,,0.3750753030180931,0.0041525959968566895,,69.54841320216656,0.08185935020446777,0.4026702046394348,2.449900235980749,0.6127338632941246,,1.3755660615861416,0.21430381760001183,100.62394037097692,,,,,,18,0,13,3,13,,14,4,13,object,
freecell,p18.pddl,abs-fd,timed out,1800.176331344992,abstract_fd_search,,0.3567855954170227,0.004124190658330917,,69.0211116336286,0.08198744431138039,0.4028009660542011,2.412030130624771,0.5985026434063911,,1.3667557947337627,,,0.10999683663249016,,,,,18,0,13,3,13,,,4,13,object,
freecell,p18.pddl,asp,timed out,1800.1810722909868,concrete_asp,,,,,,,,2.795309402048588,,,1.4927759543061256,,,,,,,,,,,,,,,32,,,
freecell,p18.pddl,fd,success,7.373594481498003,total,4.9026,,,,,,,,,4.894839,,,,,,,,valid,,,,,,109,,,,,
freecell,probfreecell-10-1.pddl,abs-asp,timed out,1800.193015769124,abstract_solving,,0.3615516275167465,0.004159864038228989,,61.48001119121909,0.0754542425274849,0.3105633854866028,2.3580135628581047,0.46076952666044235,,1.3296713270246983,0.15202580019831657,23.23534195125103,,,,,,18,0,10,6,10,,11,7,14,object,
freecell,probfreecell-10-1.pddl,abs-fd,timed out,1800.1957320570946,abstract_fd_search,,0.34439362585544586,0.004063554108142853,,61.01689871400595,0.08911314606666565,0.3079912066459656,2.3297597505152225,0.44813110679388046,,1.3053362406790257,,,0.0969296433031559,,,,,18,0,0,0,10,,,0,14,object,
freecell,probfreecell-10-1.pddl,asp,timed out,1800.1858897842467,concrete_asp,,,,,,,,2.704378619790077,,,1.4039266370236874,,,,,,,,,,,,,,,31,,,
freecell,probfreecell-10-1.pddl,fd,success,7.681430235505104,total,5.299586,,,,,,,,,5.291878,,,,,,,,valid,,,,,,81,,,,,
freecell,probfreecell-10-2.pddl,abs-asp,timed out,1800.150466311723,abstract_solving,,0.3496849946677685,0.004056606441736221,,60.646366231143475,0.07498253881931305,0.3066045492887497,2.324036378413439,0.4438310004770756,,1.287857435643673,0.15040025115013123,18.65044290944934,,,,,,18,0,10,2,10,,11,3,14,object,
freecell,probfreecell-10-2.pddl,abs-fd,timed out,1800.1986171603203,abstract_fd_search,,0.33803925663232803,0.004073303192853928,,60.71471391245723,0.07497639209032059,0.31022217497229576,2.335073933005333,0.44626226648688316,,1.28866520896554,,,0.09787401184439659,,,,,18,0,0,0,10,,,0,14,object,
freecell,probfreecell-10-2.pddl,asp,timed out,1800.1627610512078,concrete_asp,,,,,,,,2.7010847479104996,,,1.3913299851119518,,,,,,,,,,,,,,,28,,,
freecell,probfreecell-10-2.pddl,fd,success,6.679505616426468,total,3.656362,,,,,,,,,3.64795,,,,,,,,valid,,,,,,65,,,,,
freecell,probfreecell-10-3.pddl,abs-asp,timed out,1800.1223078630865,abstract_asp,,0.3532679323107004,0.004166692495346069,,61.772970613092184,0.07491246238350868,0.312028419226408,2.3725278470665216,0.45979604683816433,,1.2804976794868708,0.1498469077050686,,,,,,,18,0,,,16,,17,,14,object,
freecell,probfreecell-10-3.pddl,abs-fd,timed out,1800.1313716508448,abstract_fd_search,,0.3561301827430725,0.004109811037778854,,61.67157853767276,0.07606008276343346,0.3058364912867546,2.3985117487609386,0.4615076147019863,,1.3133491091430187,,,0.10276073962450027,,,,,18,0,0,0,17,,,0,14,object,
freecell,probfreecell-10-3.pddl,asp,timed out,1800.2230573780835,concrete_asp,,,,,,,,2.7778364531695843,,,1.387797024101019,,,,,,,,,,,,,,,28,,,
freecell,probfreecell-10-3.pddl,fd,success,6.154410500079393,total,3.721681,,,,,,,,,3.713223,,,,,,,,valid,,,,,,74,,,,,
freecell,probfreecell-10-4.pddl,abs-asp,timed out,1800.1827111169696,abstract_solving,,0.3552792239934206,0.004153532907366753,,61.062388245016336,0.07513648457825184,0.3101796358823776,2.326741909608245,0.45831942185759544,,1.2873987667262554,0.1515485681593418,2.445396490395069,,,,,,18,0,7,12,7,,8,13,14,object,
freecell,probfreecell-10-4.pddl,abs-fd,timed out,1800.153376929462,abstract_fd_search,,0.3376097045838833,0.00407172366976738,,60.74796362966299,0.07450974360108376,0.30538854002952576,2.3102838061749935,0.45722050964832306,,1.291584238409996,,,0.0972762443125248,,,,,18,0,7,9,7,,,10,14,object,
freecell,probfreecell-10-4.pddl,asp,timed out,1800.1466231234372,concrete_asp,,,,,,,,2.7136328108608723,,,1.3860090486705303,,,,,,,,,,,,,,,28,,,
freecell,probfreecell-10-4.pddl,fd,success,6.229196850210428,total,3.792559,,,,,,,,,3.784287,,,,,,,,valid,,,,,,79,,,,,
freecell,probfreecell-10-5.pddl,abs-asp,timed out,1800.174783527851,abstract_solving,,0.35438570752739906,0.0041562095284461975,,61.69758240878582,0.07610384747385979,0.3098379336297512,2.3742791824042797,0.46205834671854973,,1.295737948268652,0.15209243074059486,21.84137472882867,,,,,,18,0,9,7,9,,10,8,14,object,
freecell,probfreecell-10-5.pddl,abs-fd,timed out,1800.1802607364953,abstract_fd_search,,0.3668743893504143,0.00414096936583519,,61.922338146716356,0.07642503455281258,0.3079199492931366,2.375412132591009,0.4675002805888653,,1.2882662639021873,,,0.10216138884425163,,,,,18,0,9,7,9,,,8,14,object,
freecell,probfreecell-10-5.pddl,asp,timed out,1800.167022112757,concrete_asp,,,,,,,,2.7340102568268776,,,1.389113299548626,,,,,,,,,,,,,,,29,,,
freecell,probfreecell-10-5.pddl,fd,success,7.006563495844603,total,4.180108,,,,,,,,,4.170537,,,,,,,,valid,,,,,,92,,,,,
freecell,probfreecell-11-1.pddl,abs-asp,timed out,1800.1327488794923,abstract_asp,,0.36892465874552727,0.004161486402153969,,76.67222955077887,0.08131684921681881,0.36051269993185997,2.699009431526065,0.5189660433679819,,1.4546566735953093,0.18169347010552883,,,,,,,18,0,,,15,,16,,14,object,
freecell,probfreecell-11-1.pddl,abs-fd,timed out,1800.1907828859985,abstract_fd_search,,0.3562586233019829,0.004073541611433029,,76.0804306846112,0.08025706745684147,0.35370101779699326,2.640016531571746,0.5046073328703642,,1.4209618754684925,,,0.10467726178467274,,,,,18,0,0,0,16,,,0,14,object,
freecell,probfreecell-11-1.pddl,asp,timed out,1800.1040801666677,concrete_asp,,,,,,,,3.109890952706337,,,1.5411903895437717,,,,,,,,,,,,,,,33,,,
freecell,probfreecell-11-1.pddl,fd,success,6.880657222121954,total,4.385366,,,,,,,,,4.37593,,,,,,,,valid,,,,,,92,,,,,
freecell,probfreecell-11-2.pddl,abs-asp,timed out,1800.1838950812817,abstract_solving,,0.3726360611617565,0.0041634701192379,,76.66533355042338,0.08069150522351265,0.3535069562494755,2.7075513377785683,0.5207695737481117,,1.4511545337736607,0.18149631097912788,27.36653194949031,,,,,,18,0,0,0,12,,13,0,14,object,
freecell,probfreecell-11-2.pddl,abs-fd,timed out,1800.197171933949,abstract_fd_search,,0.3584135212004185,0.004167452454566956,,76.36177660152316,0.08061322942376137,0.35135189816355705,2.8268898874521255,0.5185213200747967,,1.4199601635336876,,,0.10883423686027527,,,,,18,0,0,0,12,,,0,14,object,
freecell,probfreecell-11-2.pddl,asp,timed out,1800.178846668452,concrete_asp,,,,,,,,3.1017073690891266,,,1.5108085349202156,,,,,,,,,,,,,,,28,,,
freecell,probfreecell-11-2.pddl,fd,success,6.870549228042364,total,4.454268,,,,,,,,,4.445284,,,,,,,,valid,,,,,,89,,,,,
freecell,probfreecell-11-3.pddl,abs-asp,timed out,1800.150067023933,abstract_asp,,0.35340483114123344,0.004058588296175003,,75.698985401541,0.0809406191110611,0.35163189470767975,2.6493344008922577,0.501714039593935,,1.4127542823553085,0.19536685571074486,,,,,,,18,0,,,15,,16,,14,object,
freecell,probfreecell-11-3.pddl,abs-fd,timed out,1800.2018849924207,abstract_fd_search,,0.358476884663105,0.00409085676074028,,76.42682863771915,0.0798802524805069,0.362550713121891,2.6949570551514626,0.5167659670114517,,1.4237499721348286,,,0.10836160555481911,,,,,18,0,0,0,16,,,0,14,object,
freecell,probfreecell-11-3.pddl,asp,timed out,1800.181704312563,concrete_asp,,,,,,,,3.1191263049840927,,,1.546957090497017,,,,,,,,,,,,,,,29,,,
freecell,probfreecell-11-3.pddl,fd,success,7.258054129779339,total,4.594317,,,,,,,,,4.587248,,,,,,,,valid,,,,,,93,,,,,
freecell,probfreecell-11-4.pddl,abs-asp,timed out,1800.2039597555995,abstract_solving,,0.3479883037507534,0.004179110750555992,,75.7968395575881,0.08042228035628796,0.35595132037997246,2.6090034637600183,0.5032318271696568,,1.4036719966679811,0.17992444150149822,43.464643782004714,,,,,,18,0,12,7,12,,13,8,14,object,
freecell,probfreecell-11-4.pddl,abs-fd,timed out,1800.2225256301463,abstract_fd_search,,0.36264387145638466,0.004071120172739029,,76.5170021429658,0.0800347663462162,0.3519337996840477,2.68620977178216,0.5159523002803326,,1.422105636447668,,,0.10772741585969925,,,,,18,0,12,1,12,,,2,14,object,
freecell,probfreecell-11-4.pddl,asp,timed out,1800.1639449186623,concrete_asp,,,,,,,,3.1825010627508163,,,1.5456074252724648,,,,,,,,,,,,,,,29,,,
freecell,probfreecell-11-4.pddl,fd,success,6.9107129499316216,total,4.41205,,,,,,,,,4.40312,,,,,,,,valid,,,,,,92,,,,,
freecell,probfreecell-11-5.pddl,abs-asp,timed out,1800.1791793815792,abstract_solving,,0.3654564544558525,0.004111163318157196,,76.6062141917646,0.08093025162816048,0.35375872626900673,2.7362451143562794,0.5194003544747829,,1.442635901272297,0.18037258088588715,17.634150683879852,,,,,,18,0,9,10,9,,10,11,14,object,
freecell,probfreecell-11-5.pddl,abs-fd,timed out,1800.1664483733475,abstract_fd_search,,0.37935731187462807,0.004220005124807358,,76.84407743439078,0.08073552697896957,0.3624693565070629,2.6758808232843876,0.5168824233114719,,1.4175542555749416,,,0.10663079097867012,,,,,18,0,9,10,9,,,11,14,object,
freecell,probfreecell-11-5.pddl,asp,timed out,1800.185181222856,concrete_asp,,,,,,,,3.1148435287177563,,,1.5402919463813305,,,,,,,,,,,,,,,33,,,
freecell,probfreecell-11-5.pddl,fd,timed out,1800.1111613698304,,,,,,,,,,,,,,,,,,,,,,,,,,,,,,
freecell,probfreecell-12-1.pddl,abs-asp,timed out,1800.1785008832812,abstract_solving,,0.3668815866112709,0.004060123115777969,,93.23052097856998,0.08537008613348007,0.39887451007962227,2.8574541211128235,0.5923715755343437,,1.5444819629192352,0.21158390492200851,5.75595610961318,,,,,,18,0,10,10,10,,11,11,14,object,
freecell,probfreecell-12-1.pddl,abs-fd,timed out,1800.1675003096461,abstract_fd_search,,0.35919850319623947,0.00414150208234787,,93.07799127325416,0.08565410226583481,0.41128066182136536,2.806210782378912,0.597184244543314,,1.5356974080204964,,,0.10972314700484276,,,,,18,0,10,8,10,,,9,14,object,
freecell,probfreecell-12-1.pddl,asp,timed out,1800.1850515715778,concrete_asp,,,,,,,,3.477310001850128,,,1.6433452256023884,,,,,,,,,,,,,,,33,,,
freecell,probfreecell-12-1.pddl,fd,success,26.778846014291048,total,23.26706,,,,,,,,,23.258674,,,,,,,,valid,,,,,,121,,,,,
freecell,probfreecell-12-2.pddl,abs-asp,timed out,1800.1214391291142,abstract_asp,,0.37592194974422455,0.0040756165981292725,,95.2350382655859,0.085014458745718,0.40189173072576523,2.8806422986090183,0.60938436165452,,1.5578455924987793,0.21096280589699745,,,,,,,18,0,,,18,,19,,14,object,
freecell,probfreecell-12-2.pddl,abs-fd,timed out,1800.3709174618125,abstract_fd_search,,0.36023111641407013,0.004101496189832687,,93.25296488776803,0.08502122387290001,0.40075766295194626,2.847582947462797,0.5933212414383888,,1.5602348260581493,,,0.11186787486076355,,,,,18,0,0,0,23,,,0,14,object,
freecell,probfreecell-12-2.pddl,asp,timed out,1800.1615525707603,concrete_asp,,,,,,,,3.3421934507787228,,,1.6883680559694767,,,,,,,,,,,,,,,26,,,
freecell,probfreecell-12-2.pddl,fd,success,8.327653847634792,total,5.233409,,,,,,,,,5.227146,,,,,,,,valid,,,,,,99,,,,,
freecell,probfreecell-12-3.pddl,abs-asp,timed out,1800.126846972853,abstract_asp,,0.3652252107858658,0.004091907292604446,,92.97367253527045,0.08578981459140778,0.39991365745663643,2.815317690372467,0.5893285945057869,,1.5476222150027752,0.21085814386606216,,,,,,,18,0,,,17,,18,,14,object,
freecell,probfreecell-12-3.pddl,abs-fd,timed out,1800.3161331266165,abstract_fd_search,,0.36716626584529877,0.004095356911420822,,93.36159635335207,0.08592110127210617,0.41087034717202187,2.866319503635168,0.5949683599174023,,1.5446406602859497,,,0.11224152520298958,,,,,18,0,0,0,21,,,0,14,object,
freecell,probfreecell-12-3.pddl,asp,timed out,1800.1756857186556,concrete_asp,,,,,,,,3.322406105697155,,,1.691529180854559,,,,,,,,,,,,,,,29,,,
freecell,probfreecell-12-3.pddl,fd,success,7.75098080933094,total,4.642456,,,,,,,,,4.635721,,,,,,,,valid,,,,,,88,,,,,
freecell,probfreecell-12-4.pddl,abs-asp,timed out,1800.201986271888,abstract_solving,,0.3659963011741638,0.0041792504489421844,,94.275520067662,0.08590715378522873,0.4116569608449936,2.813591819256544,0.6116527207195759,,1.541305534541607,0.21144044026732445,168.3902650810778,,,,,,18,0,0,0,15,,16,0,14,object,
freecell,probfreecell-12-4.pddl,abs-fd,timed out,1800.2855717279017,abstract_fd_search,,0.3967026062309742,0.004249829798936844,,94.0760910063982,0.08611965551972389,0.40854284912347794,2.8917906247079372,0.6371938809752464,,1.5690578073263168,,,0.11560452356934547,,,,,18,0,0,0,15,,,0,14,object,
freecell,probfreecell-12-4.pddl,asp,timed out,1800.1845448575914,concrete_asp,,,,,,,,3.3171520233154297,,,1.6923332214355469,,,,,,,,,,,,,,,32,,,
freecell,probfreecell-12-4.pddl,fd,success,9.403928503394127,total,5.531623,,,,,,,,,5.52302,,,,,,,,valid,,,,,,111,,,,,
freecell,probfreecell-12-5.pddl,abs-asp,timed out,1800.1996197588742,abstract_solving,,0.3800407908856869,0.004263073205947876,,94.03039770945907,0.08573735877871513,0.412781547755003,2.8816874846816063,0.6333928257226944,,1.5782293565571308,0.21428801864385605,128.32257775589824,,,,,,18,0,12,8,12,,13,9,14,object,
freecell,probfreecell-12-5.pddl,abs-fd,timed out,1800.1786760874093,abstract_fd_search,,0.38232987746596336,0.004272017627954483,,94.89307046309114,0.08585809171199799,0.4118068255484104,2.8353978767991066,0.6122919768095016,,1.5483840852975845,,,0.11530092731118202,,,,,18,0,12,5,12,,,6,14,object,
freecell,probfreecell-12-5.pddl,asp,timed out,1800.1853779396042,concrete_asp,,,,,,,,3.4232115065678954,,,1.6809775717556477,,,,,,,,,,,,,,,32,,,
freecell,probfreecell-12-5.pddl,fd,success,1123.5259005948901,total,1119.854398,,,,,,,,,1119.845412,,,,,,,,valid,,,,,,158,,,,,
freecell,probfreecell-2-1.pddl,abs-asp,success,17.41403110139072,total,15.061524,0.273446,0.004544,,2.493303,0.034821,0.056751,0.52961,0.170325,,0.236839,0.010673,0.066301,,11.133205,,,valid,18,0,4,0,4,9,5,1,14,object,
freecell,probfreecell-2-1.pddl,abs-fd,success,16.18384064733982,total,13.997356,0.265566,0.004282,,2.478496,0.034434,0.055024,0.49272,0.161194,,0.234029,,,0.065124,10.156322,,,valid,18,0,4,0,4,9,,1,14,object,
freecell,probfreecell-2-1.pddl,asp,success,20.926827762275934,total,17.58336,,,,,,,0.637266,,,0.260044,,,,16.649605,,,valid,,,,,,9,,10,,,
freecell,probfreecell-2-1.pddl,fd,success,2.800393532961607,total,0.661544,,,,,,,,,0.654331,,,,,,,,valid,,,,,,9,,,,,
freecell,probfreecell-2-2.pddl,abs-asp,success,10.174836792051792,total,7.625291,0.272738,0.004566,,2.461306,0.035126,0.055338,0.547793,0.1706,,0.233386,0.010383,0.07969,,3.699613,,,valid,18,0,4,0,5,11,6,1,14,object,
freecell,probfreecell-2-2.pddl,abs-fd,success,8.915639031678438,total,6.623624,0.266762,0.004341,,2.477125,0.034432,0.0555,0.518624,0.163593,,0.233479,,,0.06692,2.753325,,,valid,18,0,4,0,5,11,,1,14,object,
freecell,probfreecell-2-2.pddl,asp,success,12.213594678789377,total,10.006519,,,,,,,0.589401,,,0.253406,,,,9.128413,,,valid,,,,,,8,,9,,,
freecell,probfreecell-2-2.pddl,fd,success,2.896147321909666,total,0.666773,,,,,,,,,0.656901,,,,,,,,valid,,,,,,8,,,,,
freecell,probfreecell-2-3.pddl,abs-asp,success,7.225810509175062,total,5.65367,0.259315,0.003904,,2.423323,0.034627,0.055379,0.490625,0.160895,,0.232962,0.010383,0.0772,,1.858292,,,valid,18,0,3,0,5,11,6,1,14,object,
freecell,probfreecell-2-3.pddl,abs-fd,success,7.373711535707116,total,5.789623,0.261375,0.003919,,2.418954,0.0347,0.055172,0.518978,0.162285,,0.233788,,,0.066423,1.987666,,,valid,18,0,4,0,5,11,,1,14,object,
freecell,probfreecell-2-3.pddl,asp,success,12.952093183994293,total,10.727259,,,,,,,0.614139,,,0.256593,,,,9.818677,,,valid,,,,,,8,,9,,,
freecell,probfreecell-2-3.pddl,fd,success,3.2527113407850266,total,0.692644,,,,,,,,,0.68556,,,,,,,,valid,,,,,,8,,,,,
freecell,probfreecell-2-4.pddl,abs-asp,success,8.136971276253462,total,6.142059,0.263825,0.004363,,2.37892,0.034815,0.05565,0.501819,0.169664,,0.254197,0.010502,0.072413,,2.346572,,,valid,18,0,4,0,5,11,6,1,14,object,
freecell,probfreecell-2-4.pddl,abs-fd,success,7.7040144465863705,total,5.945779,0.265139,0.004578,,2.363282,0.035837,0.055728,0.506458,0.170493,,0.234765,,,0.068965,2.194745,,,valid,18,0,4,0,5,11,,1,14,object,
freecell,probfreecell-2-4.pddl,asp,success,18.641987450420856,total,16.418425,,,,,,,0.592043,,,0.25662,,,,15.533162,,,valid,,,,,,8,,9,,,
freecell,probfreecell-2-4.pddl,fd,success,2.864853024482727,total,0.666102,,,,,,,,,0.657931,,,,,,,,valid,,,,,,8,,,,,
freecell,probfreecell-2-5.pddl,abs-asp,success,20.517284605652094,total,18.387367,0.276641,0.00436,,2.468463,0.034945,0.056277,0.524296,0.164221,,0.235483,0.010433,0.059408,,14.500698,,,valid,18,0,4,0,4,9,5,1,14,object,
freecell,probfreecell-2-5.pddl,abs-fd,success,20.15508098527789,total,17.936469,0.263797,0.004347,,2.459942,0.034331,0.055869,0.492031,0.160028,,0.233601,,,0.064174,14.121221,,,valid,18,0,4,0,4,9,,1,14,object,
freecell,probfreecell-2-5.pddl,asp,success,37.37026720494032,total,34.919995,,,,,,,0.588796,,,0.256503,,,,34.031959,,,valid,,,,,,9,,10,,,
freecell,probfreecell-2-5.pddl,fd,success,2.840406149625778,total,0.667031,,,,,,,,,0.660486,,,,,,,,valid,,,,,,9,,,,,
freecell,probfreecell-3-1.pddl,abs-asp,timed out,1800.123688109219,abstract_solving,,0.26945193111896515,0.003875717520713806,,5.0005576610565186,0.039877887815237045,0.07639775797724724,0.7315494641661644,0.17867594957351685,,0.36157790571451187,0.01908506453037262,0.12029499188065529,,,,,,18,0,4,3,4,,5,4,14,object,
freecell,probfreecell-3-1.pddl,abs-fd,timed out,1800.124670125544,abstract_fd_search,,0.2641650326550007,0.0038137659430503845,,5.013366173952818,0.039720285683870316,0.07654237747192383,0.7344192266464233,0.18038523942232132,,0.3660692498087883,,,0.06843556836247444,,,,,18,0,4,3,4,,,4,14,object,
freecell,probfreecell-3-1.pddl,asp,timed out,1800.0322910547256,concrete_asp,,,,,,,,0.843207560479641,,,0.40007976070046425,,,,,,,,,,,,,,,13,,,
freecell,probfreecell-3-1.pddl,fd,success,3.568839408457279,total,0.987527,,,,,,,,,0.978997,,,,,,,,valid,,,,,,14,,,,,
freecell,probfreecell-3-2.pddl,abs-asp,timed out,1800.0327603593469,abstract_solving,,0.266142051666975,0.0038658156991004944,,4.879464901983738,0.039670608937740326,0.07930146902799606,0.7044404186308384,0.17791448906064034,,0.36181264370679855,0.01906628906726837,0.16512750461697578,,,,,,18,0,0,0,6,,7,0,14,object,
freecell,probfreecell-3-2.pddl,abs-fd,timed out,1800.1416650824249,abstract_fd_search,,0.28193948045372963,0.003954235464334488,,4.922426767647266,0.03976409509778023,0.0784604661166668,0.7400605827569962,0.18756530806422234,,0.36680111661553383,,,0.07080597802996635,,,,,18,0,0,0,6,,,0,14,object,
freecell,probfreecell-3-2.pddl,asp,timed out,1800.1316477023065,concrete_asp,,,,,,,,0.8315490894019604,,,0.39211779087781906,,,,,,,,,,,,,,,13,,,
freecell,probfreecell-3-2.pddl,fd,success,3.1658743442967534,total,0.964518,,,,,,,,,0.953997,,,,,,,,valid,,,,,,13,,,,,
freecell,probfreecell-3-3.pddl,abs-asp,success,959.4748721159995,total,957.856753,0.263748,0.003851,,4.89932,0.039555,0.077077,0.705911,0.181911,,0.363321,0.018596,0.101225,,951.119117,,,valid,18,0,4,3,4,12,5,4,14,object,
freecell,probfreecell-3-3.pddl,abs-fd,success,1087.335954207927,total,1084.953806,0.280512,0.003961,,5.004297,0.039256,0.079374,0.766694,0.189388,,0.364655,,,0.071806,1078.067757,,,valid,18,0,4,3,4,12,,4,14,object,
freecell,probfreecell-3-3.pddl,asp,success,1193.8358838409185,total,1191.561499,,,,,,,0.83912,,,0.397121,,,,1190.24311,,,valid,,,,,,12,,13,,,
freecell,probfreecell-3-3.pddl,fd,success,3.1537791155278683,total,0.969574,,,,,,,,,0.959526,,,,,,,,valid,,,,,,13,,,,,
freecell,probfreecell-3-4.pddl,abs-asp,success,69.59991418756545,total,67.691725,0.277495,0.004026,,4.904443,0.040465,0.078121,0.748091,0.190131,,0.364061,0.01937,0.382139,,60.60592,,,valid,18,0,4,0,7,15,8,1,14,object,
freecell,probfreecell-3-4.pddl,abs-fd,success,31.460638143122196,total,29.184209,0.279673,0.003927,,4.931791,0.040082,0.077564,0.751987,0.191826,,0.368325,,,0.07153,22.396696,,,valid,18,0,4,0,7,15,,1,14,object,
freecell,probfreecell-3-4.pddl,asp,success,1156.1591035276651,total,1153.608333,,,,,,,0.843591,,,0.397226,,,,1152.283148,,,valid,,,,,,12,,13,,,
freecell,probfreecell-3-4.pddl,fd,success,3.1641770247370005,total,0.975978,,,,,,,,,0.965838,,,,,,,,valid,,,,,,12,,,,,
freecell,probfreecell-3-5.pddl,abs-asp,success,1278.9704052172601,total,1276.570412,0.295235,0.003888,,4.965406,0.040938,0.077139,0.74794,0.189894,,0.367601,0.019201,0.313539,,1269.469975,,,valid,18,0,5,0,6,13,7,1,14,object,
freecell,probfreecell-3-5.pddl,abs-fd,timed out,1800.1295913755894,abstract_fd_search,,0.2717947568744421,0.0038806386291980743,,4.911525076255202,0.04015021771192551,0.07894090376794338,0.7279316019266844,0.17877758480608463,,0.36291389912366867,,,0.06621545925736427,,,,,18,0,0,0,6,,,0,14,object,
freecell,probfreecell-3-5.pddl,asp,timed out,1800.1300302483141,concrete_asp,,,,,,,,0.8331129923462868,,,0.3983396030962467,,,,,,,,,,,,,,,13,,,
freecell,probfreecell-3-5.pddl,fd,success,3.1838280903175473,total,0.966501,,,,,,,,,0.956264,,,,,,,,valid,,,,,,14,,,,,
freecell,probfreecell-4-1.pddl,abs-asp,timed out,1800.1319656446576,abstract_solving,,0.27917428873479366,0.0038460101932287216,,8.882595704868436,0.044136129319667816,0.09865770302712917,0.9161805454641581,0.20352928154170513,,0.4941860381513834,0.03069017454981804,0.432795662432909,,,,,,18,0,6,2,6,,7,3,14,object,
freecell,probfreecell-4-1.pddl,abs-fd,timed out,1800.1358533538878,abstract_fd_search,,0.29585811123251915,0.003999568521976471,,8.957456424832344,0.04519286006689072,0.09752015769481659,0.9718114137649536,0.21443787962198257,,0.5055733360350132,,,0.07475591078400612,,,,,18,0,6,2,6,,,3,14,object,
freecell,probfreecell-4-1.pddl,asp,timed out,1800.1375259468332,concrete_asp,,,,,,,,1.065940230153501,,,0.5533090028911829,,,,,,,,,,,,,,,16,,,
freecell,probfreecell-4-1.pddl,fd,success,4.1817413829267025,total,1.303638,,,,,,,,,1.296208,,,,,,,,valid,,,,,,21,,,,,
freecell,probfreecell-4-2.pddl,abs-asp,timed out,1800.1378216035664,abstract_solving,,0.3010326437652111,0.004000909626483917,,8.82752164080739,0.045203596353530884,0.09782133623957634,0.9665350094437599,0.21374788135290146,,0.4997904933989048,0.030304931104183197,0.9853429719805717,,,,,,18,0,0,0,8,,9,0,14,object,
freecell,probfreecell-4-2.pddl,abs-fd,timed out,1800.137781471014,abstract_fd_search,,0.28556154668331146,0.003949351608753204,,8.641487576067448,0.04481250047683716,0.09730340167880058,0.8978869691491127,0.20269114524126053,,0.4942987486720085,,,0.07057948037981987,,,,,18,0,0,0,8,,,0,14,object,
freecell,probfreecell-4-2.pddl,asp,timed out,1800.135162986815,concrete_asp,,,,,,,,1.0700622089207172,,,0.5405550561845303,,,,,,,,,,,,,,,15,,,
freecell,probfreecell-4-2.pddl,fd,success,3.7825709208846092,total,1.272702,,,,,,,,,1.265118,,,,,,,,valid,,,,,,17,,,,,
freecell,probfreecell-4-3.pddl,abs-asp,timed out,1800.1394721064717,abstract_solving,,0.28259134851396084,0.0038991551846265793,,8.469846587628126,0.0482826791703701,0.0954049751162529,0.9047530721873045,0.20258613862097263,,0.5121192447841167,0.029973948374390602,0.33678746223449707,,,,,,18,0,6,1,6,,7,2,14,object,
freecell,probfreecell-4-3.pddl,abs-fd,timed out,1800.0426236316562,abstract_fd_search,,0.292726818472147,0.003888685256242752,,8.602862287312746,0.045543134212493896,0.0951206274330616,0.9382297769188881,0.21089627593755722,,0.49144987761974335,,,0.07400255650281906,,,,,18,0,6,2,6,,,3,14,object,
freecell,probfreecell-4-3.pddl,asp,timed out,1800.1359529197216,concrete_asp,,,,,,,,1.0763158425688744,,,0.5378840453922749,,,,,,,,,,,,,,,16,,,
freecell,probfreecell-4-3.pddl,fd,success,4.349681217223406,total,1.265944,,,,,,,,,1.259425,,,,,,,,valid,,,,,,18,,,,,
freecell,probfreecell-4-4.pddl,abs-asp,timed out,1800.1351340971887,abstract_solving,,0.27749175019562244,0.0038664545863866806,,8.526308860629797,0.04506050422787666,0.0963517278432846,0.9114841893315315,0.2035364080220461,,0.49487229622900486,0.030767716467380524,1.0796792581677437,,,,,,18,0,0,0,8,,9,0,14,object,
freecell,probfreecell-4-4.pddl,abs-fd,timed out,1800.1431930661201,abstract_fd_search,,0.2853502407670021,0.003878958523273468,,8.532657366245985,0.04488001763820648,0.0966409258544445,0.926413357257843,0.22155102714896202,,0.4956842288374901,,,0.07126997783780098,,,,,18,0,0,0,8,,,0,14,object,
freecell,probfreecell-4-4.pddl,asp,timed out,1800.134468127042,concrete_asp,,,,,,,,1.0685169771313667,,,0.5440763644874096,,,,,,,,,,,,,,,15,,,
freecell,probfreecell-4-4.pddl,fd,success,4.325115583837032,total,1.329974,,,,,,,,,1.322569,,,,,,,,valid,,,,,,19,,,,,
freecell,probfreecell-4-5.pddl,abs-asp,timed out,1800.127830967307,abstract_solving,,0.279600590467453,0.003929872065782547,,8.736033026129007,0.045039791613817215,0.09618726000189781,0.9040421731770039,0.2035621516406536,,0.5043084695935249,0.029672443866729736,0.2261229194700718,,,,,,18,0,5,3,5,,6,4,14,object,
freecell,probfreecell-4-5.pddl,abs-fd,timed out,1800.1305665709078,abstract_fd_search,,0.29444596730172634,0.004005685448646545,,8.823482917621732,0.04702857509255409,0.09817562624812126,0.9167897459119558,0.22325132228434086,,0.4938806463032961,,,0.07551980391144753,,,,,18,0,5,3,5,,,4,14,object,
freecell,probfreecell-4-5.pddl,asp,timed out,1800.1295827440917,concrete_asp,,,,,,,,1.091411504894495,,,0.5433059483766556,,,,,,,,,,,,,,,15,,,
freecell,probfreecell-4-5.pddl,fd,success,3.9394781924784184,total,1.284714,,,,,,,,,1.273574,,,,,,,,valid,,,,,,19,,,,,
freecell,probfreecell-5-1.pddl,abs-asp,timed out,1800.1421849168837,abstract_solving,,0.2877541072666645,0.003914576023817062,,13.728838428854942,0.05080007016658783,0.11967504769563675,1.1732683144509792,0.2327248640358448,,0.6257008090615273,0.04436969757080078,1.5229805745184422,,,,,,18,0,0,0,8,,9,0,14,object,
freecell,probfreecell-5-1.pddl,abs-fd,timed out,1800.1395741179585,abstract_fd_search,,0.31843874230980873,0.004059486091136932,,13.80599519982934,0.05051279067993164,0.12212694808840752,1.1963334754109383,0.24184541404247284,,0.6447897590696812,,,0.07668380439281464,,,,,18,0,0,0,8,,,0,14,object,
freecell,probfreecell-5-1.pddl,asp,timed out,1800.1389613449574,concrete_asp,,,,,,,,1.387788563966751,,,0.6773410923779011,,,,,,,,,,,,,,,18,,,
freecell,probfreecell-5-1.pddl,fd,success,4.256748411804438,total,1.712867,,,,,,,,,1.706545,,,,,,,,valid,,,,,,26,,,,,
freecell,probfreecell-5-2.pddl,abs-asp,timed out,1800.03972588107,abstract_solving,,0.311958484351635,0.004002351313829422,,13.553423028439283,0.050351958721876144,0.12164631485939026,1.2427981495857239,0.24314799904823303,,0.6465848721563816,0.04487689211964607,0.8586968071758747,,,,,,18,0,6,3,6,,7,4,14,object,
freecell,probfreecell-5-2.pddl,abs-fd,timed out,1800.141534358263,abstract_fd_search,,0.30711953341960907,0.004008099436759949,,13.48057560250163,0.050289783626794815,0.12043396010994911,1.2386033162474632,0.24418383464217186,,0.631593145430088,,,0.0780997984111309,,,,,18,0,6,1,6,,,2,14,object,
freecell,probfreecell-5-2.pddl,asp,timed out,1800.1422754898667,concrete_asp,,,,,,,,1.4094512574374676,,,0.6860982067883015,,,,,,,,,,,,,,,16,,,
freecell,probfreecell-5-2.pddl,fd,success,4.860740918666124,total,1.678562,,,,,,,,,1.671924,,,,,,,,valid,,,,,,24,,,,,
freecell,probfreecell-5-3.pddl,abs-asp,timed out,1800.1345611810684,abstract_solving,,0.29558076336979866,0.0039693452417850494,,13.275857705622911,0.05129985883831978,0.12087608873844147,1.1551605612039566,0.2325018346309662,,0.6249376498162746,0.043837323784828186,0.34410959482192993,,,,,,18,0,6,3,6,,7,4,14,object,
freecell,probfreecell-5-3.pddl,abs-fd,timed out,1800.1347032785416,abstract_fd_search,,0.28814665600657463,0.003975193947553635,,13.236312655732036,0.05153202265501022,0.12056090496480465,1.1545049771666527,0.22954510897397995,,0.623198127374053,,,0.07237980142235756,,,,,18,0,6,3,6,,,4,14,object,
freecell,probfreecell-5-3.pddl,asp,timed out,1800.1421612463892,concrete_asp,,,,,,,,1.361177172511816,,,0.6835737563669682,,,,,,,,,,,,,,,18,,,
freecell,probfreecell-5-3.pddl,fd,success,4.450353041291237,total,1.668229,,,,,,,,,1.661382,,,,,,,,valid,,,,,,25,,,,,
freecell,probfreecell-5-4.pddl,abs-asp,timed out,1800.140852086246,abstract_solving,,0.2969461679458618,0.003918789327144623,,13.414428777992725,0.05034434422850609,0.11797047033905983,1.15767552703619,0.2330932691693306,,0.6260461024940014,0.044368304312229156,1.4798693396151066,,,,,,18,0,0,0,7,,8,0,14,object,
freecell,probfreecell-5-4.pddl,abs-fd,timed out,1800.1444395929575,abstract_fd_search,,0.2895953804254532,0.003913059830665588,,13.382590651512146,0.06636698171496391,0.11964873224496841,1.1703124977648258,0.23178915679454803,,0.6227719821035862,,,0.0734177678823471,,,,,18,0,0,0,7,,,0,14,object,
freecell,probfreecell-5-4.pddl,asp,timed out,1800.075180184096,concrete_asp,,,,,,,,1.3608370795845985,,,0.6809591762721539,,,,,,,,,,,,,,,17,,,
freecell,probfreecell-5-4.pddl,fd,success,5.56834377720952,total,1.79118,,,,,,,,,1.783298,,,,,,,,valid,,,,,,25,,,,,
freecell,probfreecell-5-5.pddl,abs-asp,timed out,1800.146875590086,abstract_solving,,0.29601822793483734,0.003943491727113724,,13.559450736269355,0.05092066526412964,0.12026131525635719,1.1796414516866207,0.23302734643220901,,0.6256589461117983,0.04428029805421829,0.6066529359668493,,,,,,18,0,7,1,7,,8,2,14,object,
freecell,probfreecell-5-5.pddl,abs-fd,timed out,1800.138713426888,abstract_fd_search,,0.30334395356476307,0.004047079011797905,,13.531434992328286,0.051012855023145676,0.12141773663461208,1.1970012690871954,0.24315465055406094,,0.6410998236387968,,,0.0785315465182066,,,,,18,0,7,1,7,,,2,14,object,
freecell,probfreecell-5-5.pddl,asp,timed out,1800.1538894157857,concrete_asp,,,,,,,,1.4040875006467104,,,0.6875239638611674,,,,,,,,,,,,,,,18,,,
freecell,probfreecell-5-5.pddl,fd,success,5.221270374953747,total,1.710616,,,,,,,,,1.702574,,,,,,,,valid,,,,,,27,,,,,
freecell,probfreecell-6-1.pddl,abs-asp,timed out,1800.1425515208393,abstract_solving,,0.32440351136028767,0.003907728940248489,,20.47556634247303,0.05593063496053219,0.15110796131193638,1.361212182790041,0.2656199261546135,,0.7652161531150341,0.06085137464106083,0.3203310836106539,,,,,,18,0,4,11,4,,5,12,14,object,
freecell,probfreecell-6-1.pddl,abs-fd,timed out,1800.1523128077388,abstract_fd_search,,0.3072343021631241,0.003935709595680237,,20.68413196504116,0.05557367205619812,0.15017494559288025,1.3862790539860725,0.2749891057610512,,0.7573801428079605,,,0.08019454777240753,,,,,18,0,4,11,4,,,12,14,object,
freecell,probfreecell-6-1.pddl,asp,timed out,1800.0815702602267,concrete_asp,,,,,,,,1.596308421343565,,,0.8250123225152493,,,,,,,,,,,,,,,20,,,
freecell,probfreecell-6-1.pddl,fd,success,4.208964552730322,total,1.962797,,,,,,,,,1.954529,,,,,,,,valid,,,,,,35,,,,,
freecell,probfreecell-6-2.pddl,abs-asp,timed out,1800.1719780899584,abstract_solving,,0.30948256701231003,0.003938896581530571,,19.802172303199768,0.058044927194714546,0.15122689865529537,1.3693455941975117,0.26761940494179726,,0.7822490893304348,0.060997096821665764,5.810020640492439,,,,,,18,0,0,0,10,,11,0,14,object,
freecell,probfreecell-6-2.pddl,abs-fd,timed out,1800.155020095408,abstract_fd_search,,0.2966192699968815,0.003948904573917389,,19.75649345293641,0.05533534660935402,0.1532474048435688,1.3537623584270477,0.2637813873589039,,0.75915252789855,,,0.07682453468441963,,,,,18,0,0,0,10,,,0,14,object,
freecell,probfreecell-6-2.pddl,asp,timed out,1800.1454745866358,concrete_asp,,,,,,,,1.581078078597784,,,0.8271701373159885,,,,,,,,,,,,,,,18,,,
freecell,probfreecell-6-2.pddl,fd,success,5.723548509180546,total,2.021509,,,,,,,,,2.013816,,,,,,,,valid,,,,,,29,,,,,
freecell,probfreecell-6-3.pddl,abs-asp,timed out,1800.1396182477474,abstract_solving,,0.3139714077115059,0.004219029098749161,,19.886778812855482,0.056119728833436966,0.15252986550331116,1.3431497775018215,0.2644845172762871,,0.7659243941307068,0.060638099908828735,0.8281867392361164,,,,,,18,0,7,3,7,,8,4,14,object,
freecell,probfreecell-6-3.pddl,abs-fd,timed out,1800.144443264231,abstract_fd_search,,0.3064453639090061,0.0042418986558914185,,19.871190760284662,0.055740270763635635,0.15299896337091923,1.3598838690668344,0.2656915169209242,,0.7594702485948801,,,0.07802229560911655,,,,,18,0,0,0,7,,,0,14,object,
freecell,probfreecell-6-3.pddl,asp,timed out,1800.0523272678256,concrete_asp,,,,,,,,1.5698260255157948,,,0.8369041755795479,,,,,,,,,,,,,,,20,,,
freecell,probfreecell-6-3.pddl,fd,success,4.190613139420748,total,1.921504,,,,,,,,,1.913312,,,,,,,,valid,,,,,,33,,,,,
freecell,probfreecell-6-4.pddl,abs-asp,timed out,1800.1358511261642,abstract_solving,,0.3059607408940792,0.003927014768123627,,19.912053756415844,0.05563809350132942,0.1526401862502098,1.3546784147620201,0.26424385979771614,,0.770333293825388,0.0603221133351326,0.3478202596306801,,,,,,18,0,5,6,5,,6,7,14,object,
freecell,probfreecell-6-4.pddl,abs-fd,timed out,1800.137095529586,abstract_fd_search,,0.3087438680231571,0.003949947655200958,,19.900718834251165,0.05917399004101753,0.1530686914920807,1.3742795065045357,0.264469463378191,,0.7555870302021503,,,0.07742100208997726,,,,,18,0,5,7,5,,,8,14,object,
freecell,probfreecell-6-4.pddl,asp,timed out,1800.0553559623659,concrete_asp,,,,,,,,1.558306910097599,,,0.843313429504633,,,,,,,,,,,,,,,18,,,
freecell,probfreecell-6-4.pddl,fd,success,5.119016166776419,total,1.970401,,,,,,,,,1.963619,,,,,,,,valid,,,,,,33,,,,,
freecell,probfreecell-6-5.pddl,abs-asp,timed out,1800.1401982232928,abstract_solving,,0.315263569355011,0.004376642405986786,,20.063463397324085,0.0554872527718544,0.1543060950934887,1.3728757165372372,0.27551979571580887,,0.7615145333111286,0.06136989966034889,0.5265312977135181,,,,,,18,0,5,8,5,,6,9,14,object,
freecell,probfreecell-6-5.pddl,abs-fd,timed out,1800.1398007720709,abstract_fd_search,,0.3174426071345806,0.004331421107053757,,20.2185512855649,0.055278219282627106,0.1585240177810192,1.3866579420864582,0.2764192633330822,,0.7750554978847504,,,0.07925086468458176,,,,,18,0,5,7,5,,,8,14,object,
freecell,probfreecell-6-5.pddl,asp,timed out,1800.143783815205,concrete_asp,,,,,,,,1.5866666324436665,,,0.8251386396586895,,,,,,,,,,,,,,,20,,,
freecell,probfreecell-6-5.pddl,fd,success,4.099494710564613,total,1.929116,,,,,,,,,1.921316,,,,,,,,valid,,,,,,39,,,,,
freecell,probfreecell-7-1.pddl,abs-asp,timed out,1800.1936441212893,abstract_solving,,0.3248444125056267,0.004153463989496231,,27.715232744812965,0.06056695803999901,0.18834616988897324,1.663678139448166,0.31487032398581505,,0.890780370682478,0.08065367117524147,5.519316595047712,,,,,,18,0,0,0,10,,11,0,14,object,
freecell,probfreecell-7-1.pddl,abs-fd,timed out,1800.1606841646135,abstract_fd_search,,0.31714577972888947,0.004116687923669815,,27.713090367615223,0.060831908136606216,0.18585151433944702,1.6446384973824024,0.31494003534317017,,0.8850272595882416,,,0.08642236515879631,,,,,18,0,0,0,10,,,0,14,object,
freecell,probfreecell-7-1.pddl,asp,timed out,1800.1487617902458,concrete_asp,,,,,,,,1.910719346255064,,,0.9677351973950863,,,,,,,,,,,,,,,23,,,
freecell,probfreecell-7-1.pddl,fd,success,5.6621597949415445,total,2.438358,,,,,,,,,2.430493,,,,,,,,valid,,,,,,43,,,,,
freecell,probfreecell-7-2.pddl,abs-asp,timed out,1800.1582527942955,abstract_solving,,0.3334147185087204,0.004047315567731857,,27.736060597002506,0.06377486512064934,0.18909328430891037,1.6612178981304169,0.31494321301579475,,0.903341319411993,0.08031036704778671,3.9622105546295643,,,,,,18,0,0,0,9,,10,0,14,object,
freecell,probfreecell-7-2.pddl,abs-fd,timed out,1800.153802048415,abstract_fd_search,,0.3245229944586754,0.0041541121900081635,,27.670042611658573,0.061171919107437134,0.18881313875317574,1.6699240878224373,0.33048880845308304,,0.9087108932435513,,,0.08450068533420563,,,,,18,0,0,0,9,,,0,14,object,
freecell,probfreecell-7-2.pddl,asp,timed out,1800.1512573333457,concrete_asp,,,,,,,,1.9140046881511807,,,0.9693269990384579,,,,,,,,,,,,,,,21,,,
freecell,probfreecell-7-2.pddl,fd,success,5.246499597094953,total,2.407303,,,,,,,,,2.400282,,,,,,,,valid,,,,,,36,,,,,
freecell,probfreecell-7-3.pddl,abs-asp,timed out,1800.1827732771635,abstract_solving,,0.30542031675577164,0.003995232284069061,,27.439006604254246,0.060328178107738495,0.18577974662184715,1.6505859270691872,0.30219370499253273,,0.8867988809943199,0.07917280867695808,7.207115106284618,,,,,,18,0,0,0,11,,12,0,14,object,
freecell,probfreecell-7-3.pddl,abs-fd,timed out,1800.126060102135,abstract_fd_search,,0.30761298909783363,0.004033051431179047,,27.49812503159046,0.06132596358656883,0.18816547095775604,1.6256749033927917,0.3034222051501274,,0.8869486264884472,,,0.08197306469082832,,,,,18,0,0,0,11,,,0,14,object,
freecell,probfreecell-7-3.pddl,asp,timed out,1800.0760632157326,concrete_asp,,,,,,,,1.921608466655016,,,0.9714278243482113,,,,,,,,,,,,,,,25,,,
freecell,probfreecell-7-3.pddl,fd,success,4.681602880358696,total,2.40755,,,,,,,,,2.39902,,,,,,,,valid,,,,,,37,,,,,
freecell,probfreecell-7-4.pddl,abs-asp,timed out,1800.14182016626,abstract_solving,,0.31350618600845337,0.0039788708090782166,,27.345373295247555,0.060322355479002,0.1842433214187622,1.629269976168871,0.3010869212448597,,0.8823748603463173,0.07868585735559464,1.1792301200330257,,,,,,18,0,6,8,6,,7,9,14,object,
freecell,probfreecell-7-4.pddl,abs-fd,timed out,1800.1415478680283,abstract_fd_search,,0.3242946770042181,0.004043210297822952,,27.492881443351507,0.06048884429037571,0.1858741883188486,1.6612344719469547,0.3137339577078819,,0.9067823719233274,,,0.08448035828769207,,,,,18,0,6,7,6,,,8,14,object,
freecell,probfreecell-7-4.pddl,asp,timed out,1800.1505723297596,concrete_asp,,,,,,,,1.9112902032211423,,,0.9756272528320551,,,,,,,,,,,,,,,23,,,
freecell,probfreecell-7-4.pddl,fd,success,5.858476344496012,total,2.486408,,,,,,,,,2.478462,,,,,,,,valid,,,,,,47,,,,,
freecell,probfreecell-7-5.pddl,abs-asp,timed out,1800.056760109961,abstract_solving,,0.3251085262745619,0.004100171849131584,,27.565850399434566,0.061248915269970894,0.18991086445748806,1.7166209258139133,0.31422603502869606,,0.8859607987105846,0.08034132607281208,3.570566790178418,,,,,,18,0,7,3,7,,8,4,14,object,
freecell,probfreecell-7-5.pddl,abs-fd,timed out,1800.1477295085788,abstract_fd_search,,0.3135659247636795,0.004105746746063232,,27.601077027618885,0.06098255515098572,0.18927063792943954,1.6694244593381882,0.3167346902191639,,0.8912076391279697,,,0.08525502309203148,,,,,18,0,7,3,7,,,4,14,object,
freecell,probfreecell-7-5.pddl,asp,timed out,1800.1516011804342,concrete_asp,,,,,,,,1.914095863699913,,,0.9715591482818127,,,,,,,,,,,,,,,22,,,
freecell,probfreecell-7-5.pddl,fd,success,4.74388874694705,total,2.410197,,,,,,,,,2.400931,,,,,,,,valid,,,,,,44,,,,,
freecell,probfreecell-8-1.pddl,abs-asp,timed out,1800.0753497760743,abstract_solving,,0.3188992068171501,0.004014395177364349,,36.86991815082729,0.06486253626644611,0.21877428703010082,1.7996337059885263,0.3549348544329405,,1.0230169165879488,0.10160974226891994,1.3658493962138891,,,,,,18,0,6,9,6,,7,10,14,object,
freecell,probfreecell-8-1.pddl,abs-fd,timed out,1800.0615287721157,abstract_fd_search,,0.33521701768040657,0.004077054560184479,,37.30655915290117,0.06557748094201088,0.22109700739383698,1.8790684528648853,0.35833489149808884,,1.029032040387392,,,0.09089437872171402,,,,,18,0,6,12,6,,,13,14,object,
freecell,probfreecell-8-1.pddl,asp,timed out,1800.0708059631288,concrete_asp,,,,,,,,2.1008937433362007,,,1.1223199479281902,,,,,,,,,,,,,,,25,,,
freecell,probfreecell-8-1.pddl,fd,success,5.0851327404379845,total,2.74317,,,,,,,,,2.735667,,,,,,,,valid,,,,,,57,,,,,
freecell,probfreecell-8-2.pddl,abs-asp,timed out,1800.179961334914,abstract_solving,,0.337196197360754,0.004112716764211655,,37.05002176761627,0.06526535376906395,0.2233734168112278,1.8594741746783257,0.355521734803915,,1.022444736212492,0.10125988721847534,21.830071538686752,,,,,,18,0,0,0,10,,11,0,14,object,
freecell,probfreecell-8-2.pddl,abs-fd,timed out,1800.171785876155,abstract_fd_search,,0.325879231095314,0.0040776170790195465,,36.84371452406049,0.06505449488759041,0.22319598495960236,1.7778263837099075,0.34349753335118294,,1.0163084715604782,,,0.08507020771503448,,,,,18,0,0,0,10,,,0,14,object,
freecell,probfreecell-8-2.pddl,asp,timed out,1800.06284378469,concrete_asp,,,,,,,,2.105298701673746,,,1.1064265482127666,,,,,,,,,,,,,,,22,,,
freecell,probfreecell-8-2.pddl,fd,success,5.037784308195114,total,2.666339,,,,,,,,,2.659533,,,,,,,,valid,,,,,,49,,,,,
freecell,probfreecell-8-3.pddl,abs-asp,timed out,1800.1739142611623,abstract_solving,,0.34581609815359116,0.004246212542057037,,37.29213976114988,0.06547573953866959,0.22935109958052635,1.8814458958804607,0.35926607996225357,,1.0308699384331703,0.10078230500221252,3.9953979924321175,,,,,,18,0,0,0,9,,10,0,14,object,
freecell,probfreecell-8-3.pddl,abs-fd,timed out,1800.1506273038685,abstract_fd_search,,0.32005526311695576,0.004016796126961708,,36.95116415992379,0.0665728785097599,0.22052551992237568,1.8184774592518806,0.36029044911265373,,1.0217682104557753,,,0.08600086718797684,,,,,18,0,0,0,9,,,0,14,object,
freecell,probfreecell-8-3.pddl,asp,timed out,1800.149694185704,concrete_asp,,,,,,,,2.084254629909992,,,1.0990350283682346,,,,,,,,,,,,,,,22,,,
freecell,probfreecell-8-3.pddl,fd,success,6.096375122666359,total,2.800203,,,,,,,,,2.793727,,,,,,,,valid,,,,,,49,,,,,
freecell,probfreecell-8-4.pddl,abs-asp,timed out,1800.1523333229125,abstract_solving,,0.32331402227282524,0.004026319831609726,,36.662597853690386,0.06554762274026871,0.22188230603933334,1.7767046801745892,0.3424036540091038,,1.029765922576189,0.11146776750683784,1.5149683691561222,,,,,,18,0,0,0,9,,10,0,14,object,
freecell,probfreecell-8-4.pddl,abs-fd,timed out,1800.1527000144124,abstract_fd_search,,0.33596165105700493,0.004081260412931442,,37.05540296807885,0.06583492457866669,0.22081991285085678,1.8153157234191895,0.35628751665353775,,1.030559055507183,,,0.0889066830277443,,,,,18,0,9,2,9,,,3,14,object,
freecell,probfreecell-8-4.pddl,asp,timed out,1800.153469759971,concrete_asp,,,,,,,,2.1011919155716896,,,1.1121695451438427,,,,,,,,,,,,,,,24,,,
freecell,probfreecell-8-4.pddl,fd,success,4.9979998506605625,total,2.696569,,,,,,,,,2.689957,,,,,,,,valid,,,,,,49,,,,,
freecell,probfreecell-8-5.pddl,abs-asp,timed out,1800.0680433809757,abstract_solving,,0.3280635606497526,0.004009496420621872,,36.69660175777972,0.06519204564392567,0.22094900906085968,1.8062997981905937,0.34503967873752117,,1.0162557382136583,0.1009250096976757,66.97104935720563,,,,,,18,0,0,0,12,,13,0,14,object,
freecell,probfreecell-8-5.pddl,abs-fd,timed out,1800.167326334864,abstract_fd_search,,0.3520401678979397,0.004050359129905701,,37.00923865661025,0.06497915089130402,0.22298189252614975,1.8333355076611042,0.3542238250374794,,1.0230059437453747,,,0.08911890909075737,,,,,18,0,0,0,12,,,0,14,object,
freecell,probfreecell-8-5.pddl,asp,timed out,1800.1524598933756,concrete_asp,,,,,,,,2.090285900980234,,,1.101434700191021,,,,,,,,,,,,,,,24,,,
freecell,probfreecell-8-5.pddl,fd,success,6.232893129810691,total,2.838597,,,,,,,,,2.829466,,,,,,,,valid,,,,,,57,,,,,
freecell,probfreecell-9-1.pddl,abs-asp,timed out,1800.1704559847713,abstract_solving,,0.33358222246170044,0.00410982221364975,,47.83829563856125,0.07101582363247871,0.2624492570757866,2.1527524329721928,0.3977922983467579,,1.172263827174902,0.12509970366954803,1.0772759653627872,,,,,,18,0,7,13,7,,8,14,14,object,
freecell,probfreecell-9-1.pddl,abs-fd,timed out,1800.1718100905418,abstract_fd_search,,0.3483870029449463,0.004241589456796646,,48.08780461922288,0.07188420370221138,0.28468428552150726,2.2007841132581234,0.4115293100476265,,1.1584520526230335,,,0.09663122892379761,,,,,18,0,7,13,7,,,14,14,object,
freecell,probfreecell-9-1.pddl,asp,timed out,1800.1543166907504,concrete_asp,,,,,,,,2.5382936680689454,,,1.2547106062993407,,,,,,,,,,,,,,,27,,,
freecell,probfreecell-9-1.pddl,fd,success,6.2621078584343195,total,3.334286,,,,,,,,,3.325845,,,,,,,,valid,,,,,,61,,,,,
freecell,probfreecell-9-2.pddl,abs-asp,timed out,1800.1723503656685,abstract_solving,,0.3445112220942974,0.00415516272187233,,48.17247623205185,0.07087958604097366,0.26015619933605194,2.1487367749214172,0.4089489281177521,,1.1536369249224663,0.14250541850924492,5.604406528174877,,,,,,18,0,9,4,9,,10,5,14,object,
freecell,probfreecell-9-2.pddl,abs-fd,timed out,1800.1539513096213,abstract_fd_search,,0.33513548970222473,0.004094947129487991,,47.89387325197458,0.07052677497267723,0.2597411423921585,2.092628885060549,0.38879871368408203,,1.1387721449136734,,,0.08883823081851006,,,,,18,0,0,0,9,,,0,14,object,
freecell,probfreecell-9-2.pddl,asp,timed out,1800.1547946743667,concrete_asp,,,,,,,,2.4796504750847816,,,1.2435342567041516,,,,,,,,,,,,,,,26,,,
freecell,probfreecell-9-2.pddl,fd,success,7.135881669819355,total,3.417354,,,,,,,,,3.409453,,,,,,,,valid,,,,,,58,,,,,
freecell,probfreecell-9-3.pddl,abs-asp,timed out,1800.164777688682,abstract_solving,,0.3285863995552063,0.004098925739526749,,48.21260454878211,0.07164311408996582,0.2635421194136143,2.1121643148362637,0.389674574136734,,1.1563872881233692,0.1242130920290947,68.50591945648193,,,,,,18,0,0,0,12,,13,0,14,object,
freecell,probfreecell-9-3.pddl,abs-fd,timed out,1800.20753441751,abstract_fd_search,,0.3340222667902708,0.004068093374371529,,48.119839476421475,0.07048799097537994,0.2618833612650633,2.1244495809078217,0.39239856600761414,,1.1488810740411282,,,0.09164104238152504,,,,,18,0,0,0,12,,,0,14,object,
freecell,probfreecell-9-3.pddl,asp,timed out,1800.1735055446625,concrete_asp,,,,,,,,2.6240364015102386,,,1.2620667293667793,,,,,,,,,,,,,,,24,,,
freecell,probfreecell-9-3.pddl,fd,success,6.535008776932955,total,3.303749,,,,,,,,,3.297529,,,,,,,,valid,,,,,,52,,,,,
freecell,probfreecell-9-4.pddl,abs-asp,timed out,1800.1445228084922,abstract_solving,,0.3528866767883301,0.004040159285068512,,47.861510153859854,0.07053573057055473,0.2576366811990738,2.109788481146097,0.39074938371777534,,1.1440028063952923,0.12471440806984901,2.098883666098118,,,,,,18,0,8,7,8,,9,8,14,object,
freecell,probfreecell-9-4.pddl,abs-fd,timed out,1800.1546194590628,abstract_fd_search,,0.34733370319008827,0.004059456288814545,,48.21002313867211,0.0712873823940754,0.26250672340393066,2.161440137773752,0.4073043167591095,,1.1734286025166512,,,0.09579963609576225,,,,,18,0,8,8,8,,,9,14,object,
freecell,probfreecell-9-4.pddl,asp,timed out,1800.1439389809966,concrete_asp,,,,,,,,2.5364242792129517,,,1.2515185177326202,,,,,,,,,,,,,,,29,,,
freecell,probfreecell-9-4.pddl,fd,success,6.56327747553587,total,3.411141,,,,,,,,,3.402447,,,,,,,,valid,,,,,,64,,,,,
freecell,probfreecell-9-5.pddl,abs-asp,timed out,1800.1806743778288,abstract_solving,,0.3360743001103401,0.004067908972501755,,47.97661666944623,0.07164103537797928,0.26225998625159264,2.122185494750738,0.39369360357522964,,1.1520664766430855,0.12471518665552139,20.17110637575388,,,,,,18,0,10,9,10,,11,10,14,object,
freecell,probfreecell-9-5.pddl,abs-fd,timed out,1800.1656554490328,abstract_fd_search,,0.3362565189599991,0.004076793789863586,,47.93839529901743,0.07190009206533432,0.26079997792840004,2.1020492054522038,0.3932560607790947,,1.1429148726165295,,,0.09070715308189392,,,,,18,0,10,2,10,,,3,14,object,
freecell,probfreecell-9-5.pddl,asp,timed out,1800.0650266297162,concrete_asp,,,,,,,,2.516446653753519,,,1.2443967908620834,,,,,,,,,,,,,,,27,,,
freecell,probfreecell-9-5.pddl,fd,success,6.509128719568253,total,3.379044,,,,,,,,,3.372157,,,,,,,,valid,,,,,,66,,,,,
mprime,prob01.pddl,abs-asp,success,4.448917273432016,total,2.144185,0.163185,0.00233,,0.480796,0.011557,0.067704,0.25134,0.225234,,0.0569,0.055453,0.293634,,0.49596,,,valid,4,1,0,0,5,10,6,1,4,object,
mprime,prob01.pddl,abs-fd,success,3.895069144666195,total,1.799501,0.159809,0.002255,,0.467879,0.011609,0.067576,0.238731,0.213389,,0.055879,,,0.07437,0.475009,,,valid,4,1,0,0,5,10,,1,4,object,
mprime,prob01.pddl,asp,success,2.753022912889719,total,0.690894,,,,,,,0.291651,,,0.061483,,,,0.318977,,,valid,,,,,,5,,6,,,
mprime,prob01.pddl,fd,success,2.676272973418236,total,0.322886,,,,,,,,,0.314319,,,,,,,,valid,,,,,,5,,,,,
mprime,prob02.pddl,abs-asp,success,9.008279584348202,total,7.094627,0.179528,0.002568,,2.831096,0.01785,0.299136,0.465189,0.285443,,0.214983,0.047445,0.404569,,2.284595,,,valid,4,1,0,0,7,14,8,1,4,object,
mprime,prob02.pddl,abs-fd,success,9.610352531075478,total,7.296254,0.185423,0.002504,,2.894752,0.017659,0.309772,0.488034,0.287464,,0.218127,,,0.077832,2.752656,,,valid,4,1,0,0,9,18,,1,4,object,
mprime,prob02.pddl,asp,success,7.476528720930219,total,5.057936,,,,,,,0.544955,,,0.23287,,,,4.241527,,,valid,,,,,,7,,8,,,
mprime,prob02.pddl,fd,success,3.3646236024796963,total,0.637245,,,,,,,,,0.629325,,,,,,,,valid,,,,,,13,,,,,
mprime,prob03.pddl,abs-asp,success,6.218068398535252,total,4.685119,0.168331,0.002352,,1.585793,0.015167,0.209554,0.371499,0.313345,,0.170435,0.090907,0.450267,,1.258827,,,valid,4,1,0,0,4,8,5,1,3,object,
mprime,prob03.pddl,abs-fd,success,6.100065190345049,total,4.368304,0.174371,0.002388,,1.663599,0.015331,0.226094,0.383605,0.325759,,0.1635,,,0.086174,1.284207,,,valid,4,1,0,0,4,8,,1,3,object,
mprime,prob03.pddl,asp,success,3.9497689716517925,total,1.57359,,,,,,,0.475712,,,0.175728,,,,0.894167,,,valid,,,,,,4,,5,,,
mprime,prob03.pddl,fd,success,2.6799182444810867,total,0.519018,,,,,,,,,0.512008,,,,,,,,valid,,,,,,6,,,,,
mprime,prob04.pddl,abs-asp,success,4.449831798672676,total,2.754677,0.167635,0.002338,,0.55234,0.012322,0.109159,0.247329,0.24519,,0.069316,0.062817,0.43074,,0.80267,,,valid,4,1,0,0,8,14,9,1,2,object,
mprime,prob04.pddl,abs-fd,success,3.9100927524268627,total,2.325863,0.162199,0.002298,,0.540788,0.012187,0.109215,0.23742,0.23379,,0.068027,,,0.076026,0.843567,,,valid,4,1,0,0,9,18,,1,2,object,
mprime,prob04.pddl,asp,success,3.274664392694831,total,0.960182,,,,,,,0.335978,,,0.075589,,,,0.519844,,,valid,,,,,,8,,9,,,
mprime,prob04.pddl,fd,success,2.3901342498138547,total,0.32957,,,,,,,,,0.321814,,,,,,,,valid,,,,,,9,,,,,
mprime,prob05.pddl,abs-asp,success,9.934948798269033,total,8.171687,0.173012,0.002433,,2.044985,0.016145,0.253519,0.424753,0.252354,,0.176602,0.033724,2.100054,,2.618505,,,valid,4,1,0,0,11,22,12,1,4,object,
mprime,prob05.pddl,abs-fd,success,8.092411655932665,total,6.271489,0.171638,0.002383,,2.084434,0.015939,0.236155,0.407048,0.253293,,0.178704,,,0.075017,2.780015,,,valid,4,1,0,0,11,22,,1,4,object,
mprime,prob05.pddl,asp,success,16.977320700883865,total,14.994763,,,,,,,0.440073,,,0.194871,,,,14.327224,,,valid,,,,,,11,,12,,,
mprime,prob05.pddl,fd,success,4.150537546724081,total,0.601301,,,,,,,,,0.593579,,,,,,,,valid,,,,,,14,,,,,
mprime,prob06.pddl,abs-asp,success,181.20107720792294,total,178.621268,0.267654,0.002625,,76.909658,0.025321,0.380117,2.2624,1.407678,,1.2222,0.685272,76.732553,,18.343643,,,valid,4,1,0,0,11,20,12,1,4,object,
mprime,prob06.pddl,abs-fd,success,125.94343259558082,total,123.108728,0.267421,0.002486,,76.235341,0.024542,0.37393,2.193473,1.416252,,1.217581,,,0.421711,40.468693,,,valid,4,1,0,0,23,47,,1,4,object,
mprime,prob06.pddl,asp,success,309.2021776512265,total,306.578899,,,,,,,2.582381,,,1.320688,,,,302.480405,,,valid,,,,,,11,,12,,,
mprime,prob06.pddl,fd,success,5.425499029457569,total,3.1986,,,,,,,,,3.190672,,,,,,,,valid,,,,,,22,,,,,
mprime,prob07.pddl,abs-asp,success,5.426748678088188,total,3.086772,0.209361,0.002364,,0.785981,0.015593,0.353073,0.295339,0.25713,,0.086588,0.037643,0.194137,,0.805309,,,valid,4,1,0,0,5,7,6,1,2,object,
mprime,prob07.pddl,abs-fd,success,5.395571775734425,total,2.982822,0.189214,0.002385,,0.791078,0.015546,0.353536,0.309108,0.268524,,0.105011,,,0.075999,0.829615,,,valid,4,1,0,0,5,6,,1,2,object,
mprime,prob07.pddl,asp,success,2.5266966857016087,total,0.847842,,,,,,,0.29592,,,0.088468,,,,0.450754,,,valid,,,,,,5,,6,,,
mprime,prob07.pddl,fd,success,2.384432442486286,total,0.374036,,,,,,,,,0.367245,,,,,,,,valid,,,,,,5,,,,,
mprime,prob08.pddl,abs-asp,success,23.65262808650732,total,22.044246,0.185401,0.002314,,12.711346,0.021176,0.296661,0.886586,0.647333,,0.503805,0.254187,1.498096,,4.929305,,,valid,4,1,0,0,6,12,7,1,4,object,
mprime,prob08.pddl,abs-fd,success,23.293092522770166,total,21.008706,0.19757,0.002357,,12.917938,0.021282,0.30084,0.93296,0.706737,,0.502984,,,0.126659,5.209299,,,valid,4,1,0,0,7,14,,1,4,object,
mprime,prob08.pddl,asp,success,8.438525475561619,total,5.042852,,,,,,,1.101293,,,0.549332,,,,3.345313,,,valid,,,,,,6,,7,,,
mprime,prob08.pddl,fd,success,3.6847583949565887,total,1.188974,,,,,,,,,1.180544,,,,,,,,valid,,,,,,7,,,,,
mprime,prob09.pddl,abs-asp,success,7.307817377150059,total,4.882721,0.184842,0.002458,,1.48258,0.015015,0.216161,0.354242,0.241295,,0.150227,0.042668,0.438034,,1.694488,,,valid,4,1,0,0,8,16,9,1,4,object,
mprime,prob09.pddl,abs-fd,success,7.005901385098696,total,4.594177,0.174969,0.002459,,1.496073,0.015163,0.221953,0.39437,0.252788,,0.151549,,,0.077297,1.756489,,,valid,4,1,0,0,8,16,,1,4,object,
mprime,prob09.pddl,asp,success,4.826601177453995,total,2.535326,,,,,,,0.418443,,,0.15462,,,,1.941199,,,valid,,,,,,8,,9,,,
mprime,prob09.pddl,fd,success,2.0776128247380257,total,0.428031,,,,,,,,,0.425117,,,,,,,,valid,,,,,,11,,,,,
mprime,prob11.pddl,abs-asp,success,4.646106731146574,total,2.866301,0.1671,0.002404,,0.647318,0.012744,0.108523,0.25695,0.249261,,0.075124,0.065422,0.430489,,0.803484,,,valid,4,1,0,0,7,12,8,1,3,object,
mprime,prob11.pddl,abs-fd,success,4.358678102493286,total,2.477412,0.167038,0.002509,,0.637699,0.012696,0.107727,0.28009,0.25065,,0.076644,,,0.101545,0.80077,,,valid,4,1,0,0,7,12,,1,3,object,
mprime,prob11.pddl,asp,success,2.9507096223533154,total,0.926037,,,,,,,0.309461,,,0.083062,,,,0.507545,,,valid,,,,,,7,,8,,,
mprime,prob11.pddl,fd,success,2.358908459544182,total,0.338887,,,,,,,,,0.332249,,,,,,,,valid,,,,,,7,,,,,
mprime,prob12.pddl,abs-asp,success,6.8736159093678,total,4.449811,0.17205,0.002396,,1.20534,0.012936,0.100834,0.356796,0.323554,,0.130084,0.116378,0.716052,,1.255106,,,valid,4,1,0,0,6,10,7,1,3,object,
mprime,prob12.pddl,abs-fd,success,6.205759767442942,total,3.803571,0.170463,0.002371,,1.200324,0.012876,0.100204,0.355689,0.322244,,0.129521,,,0.091038,1.370608,,,valid,4,1,0,0,7,8,,1,3,object,
mprime,prob12.pddl,asp,success,3.8182441629469395,total,1.314332,,,,,,,0.379848,,,0.131653,,,,0.788921,,,valid,,,,,,6,,7,,,
mprime,prob12.pddl,fd,success,2.4442945681512356,total,0.435154,,,,,,,,,0.428429,,,,,,,,valid,,,,,,11,,,,,
mprime,prob16.pddl,abs-asp,success,15.502991270273924,total,13.254256,0.190078,0.002482,,6.484459,0.017663,0.265295,0.730466,0.464189,,0.361286,0.159949,1.003933,,3.493133,,,valid,4,1,0,0,6,12,7,1,4,object,
mprime,prob16.pddl,abs-fd,success,13.869688041508198,total,12.120936,0.177979,0.002458,,6.471536,0.01773,0.278062,0.70228,0.463214,,0.361698,,,0.100529,3.479907,,,valid,4,1,0,0,6,12,,1,4,object,
mprime,prob16.pddl,asp,success,7.086331624537706,total,4.079321,,,,,,,0.865193,,,0.398517,,,,2.77719,,,valid,,,,,,6,,7,,,
mprime,prob16.pddl,fd,success,3.61924946680665,total,0.96237,,,,,,,,,0.954775,,,,,,,,valid,,,,,,7,,,,,
mprime,prob17.pddl,abs-asp,success,104.38874418660998,total,102.700996,0.252982,0.002412,,85.628283,0.024433,0.455052,2.217107,1.060507,,1.217071,0.32828,1.681692,,9.671497,,,valid,4,1,0,0,4,8,5,1,4,object,
mprime,prob17.pddl,abs-fd,success,102.86811842396855,total,101.0999,0.25642,0.002466,,86.130253,0.024581,0.461058,2.185268,1.089481,,1.223738,,,0.132882,9.493081,,,valid,4,1,0,0,4,8,,1,4,object,
mprime,prob17.pddl,asp,success,12.686143580824137,total,10.415031,,,,,,,2.556056,,,1.302806,,,,6.505324,,,valid,,,,,,4,,5,,,
mprime,prob17.pddl,fd,success,5.871995378285646,total,2.891209,,,,,,,,,2.884993,,,,,,,,valid,,,,,,4,,,,,
mprime,prob18.pddl,abs-asp,success,319.0597878918052,total,316.015389,0.268077,0.002577,,118.130235,0.024793,0.38648,2.746,2.056736,,1.507566,1.059082,154.387309,,34.775075,,,valid,4,1,0,0,17,34,18,1,4,object,
mprime,prob18.pddl,abs-fd,success,166.98001517355442,total,164.489774,0.26643,0.002548,,118.178198,0.024839,0.377956,2.733171,2.035103,,1.506315,,,0.384941,38.435983,,,valid,4,1,1,0,23,45,,1,4,object,
mprime,prob18.pddl,asp,success,418.76117669790983,total,415.781256,,,,,,,3.298497,,,1.632046,,,,410.50604,,,valid,,,,,,17,,18,,,
mprime,prob18.pddl,fd,success,6.4053629748523235,total,4.095823,,,,,,,,,4.088296,,,,,,,,valid,,,,,,20,,,,,
mprime,prob19.pddl,abs-asp,success,48.9257989525795,total,46.556523,0.203898,0.002415,,33.14357,0.021998,0.335578,1.40436,0.802638,,0.800304,0.28125,1.746779,,7.6324,,,valid,4,1,0,0,6,12,7,1,4,object,
mprime,prob19.pddl,abs-fd,success,48.705806367099285,total,46.169629,0.202791,0.002499,,33.03039,0.02214,0.329744,1.389054,0.798018,,0.797072,,,0.14187,9.268341,,,valid,4,1,0,0,8,16,,1,4,object,
mprime,prob19.pddl,asp,success,10.874092791229486,total,8.655009,,,,,,,1.598725,,,0.858783,,,,6.129721,,,valid,,,,,,6,,7,,,
mprime,prob19.pddl,fd,success,4.131292641162872,total,1.855399,,,,,,,,,1.845083,,,,,,,,valid,,,,,,8,,,,,
mprime,prob21.pddl,abs-asp,success,58.11013504117727,total,56.446967,0.251979,0.002441,,45.110391,0.023429,0.534579,1.352437,0.492444,,0.782217,0.036564,0.214052,,7.538668,,,valid,4,1,0,0,6,12,7,1,4,object,
mprime,prob21.pddl,abs-fd,success,58.45477821677923,total,56.27185,0.252417,0.002482,,45.015169,0.024328,0.54856,1.367815,0.492863,,0.779961,,,0.073311,7.615546,,,valid,4,1,0,0,6,11,,1,4,object,
mprime,prob21.pddl,asp,success,9.846296798437834,total,7.800692,,,,,,,1.475526,,,0.820348,,,,5.462261,,,valid,,,,,,6,,7,,,
mprime,prob21.pddl,fd,success,4.3915635123848915,total,1.908703,,,,,,,,,1.900547,,,,,,,,valid,,,,,,7,,,,,
mprime,prob23.pddl,abs-asp,success,93.36813730373979,total,90.889856,0.273853,0.002541,,60.781251,0.024209,0.410941,1.877998,1.108518,,1.093945,0.414255,9.744874,,14.885604,,,valid,4,1,0,0,10,20,11,1,4,object,
mprime,prob23.pddl,abs-fd,success,83.64736212044954,total,81.45015,0.268558,0.002556,,60.89307,0.02447,0.416328,1.871195,1.111892,,1.078591,,,0.159764,15.410812,,,valid,4,1,0,0,11,22,,1,4,object,
mprime,prob23.pddl,asp,success,84.9775751940906,total,81.935558,,,,,,,2.228245,,,1.18502,,,,78.361062,,,valid,,,,,,10,,11,,,
mprime,prob23.pddl,fd,success,4.989449789747596,total,2.507748,,,,,,,,,2.498102,,,,,,,,valid,,,,,,11,,,,,
mprime,prob24.pddl,abs-asp,success,128.444970715791,total,125.810803,0.276275,0.002971,,96.803991,0.026683,0.746646,2.331738,1.701381,,1.32682,0.787897,5.802763,,15.708623,,,valid,4,1,0,0,8,16,9,1,4,object,
mprime,prob24.pddl,abs-fd,success,119.53047436662018,total,117.662739,0.260896,0.002872,,96.024762,0.026722,0.773557,2.244848,1.627222,,1.306005,,,0.230509,14.974148,,,valid,4,1,0,0,8,15,,1,4,object,
mprime,prob24.pddl,asp,success,16.069186877459288,total,13.871978,,,,,,,2.526196,,,1.326549,,,,9.941481,,,valid,,,,,,8,,9,,,
mprime,prob24.pddl,fd,success,5.140085022896528,total,2.974242,,,,,,,,,2.966485,,,,,,,,valid,,,,,,13,,,,,
mprime,prob25.pddl,abs-asp,success,3.6301027983427048,total,1.32424,0.156789,0.002346,,0.31279,0.016774,0.051469,0.207452,0.179401,,0.025355,0.0356,0.114803,,0.186672,,,valid,4,1,0,0,4,7,5,1,4,object,
mprime,prob25.pddl,abs-fd,success,2.799243714660406,total,1.152439,0.14796,0.002248,,0.236557,0.015265,0.051276,0.18217,0.179191,,0.023491,,,0.07149,0.212142,,,valid,4,1,0,0,5,9,,1,4,object,
mprime,prob25.pddl,asp,success,3.6017587762326,total,0.514858,,,,,,,0.308593,,,0.042141,,,,0.142037,,,valid,,,,,,4,,5,,,
mprime,prob25.pddl,fd,success,3.003992337733507,total,0.285308,,,,,,,,,0.278878,,,,,,,,valid,,,,,,4,,,,,
mprime,prob26.pddl,abs-asp,success,10.541357472538948,total,8.327875,0.181164,0.002327,,3.114569,0.01723,0.197669,0.517266,0.420977,,0.246777,0.174826,1.070132,,2.318635,,,valid,4,1,0,0,6,12,7,1,4,object,
mprime,prob26.pddl,abs-fd,success,8.64754530414939,total,7.10332,0.172162,0.002368,,3.096185,0.017172,0.197631,0.515795,0.4211,,0.247659,,,0.098431,2.283847,,,valid,4,1,0,0,6,12,,1,4,object,
mprime,prob26.pddl,asp,success,5.171674255281687,total,2.52795,,,,,,,0.595029,,,0.268061,,,,1.63349,,,valid,,,,,,6,,7,,,
mprime,prob26.pddl,fd,success,3.323479302227497,total,0.655887,,,,,,,,,0.646984,,,,,,,,valid,,,,,,6,,,,,
mprime,prob27.pddl,abs-asp,success,16.514021733775735,total,14.279811,0.17481,0.002395,,7.116095,0.01543,0.215753,0.672661,0.651066,,0.360027,0.329605,1.75184,,2.909216,,,valid,4,1,0,0,5,8,6,1,4,object,
mprime,prob27.pddl,abs-fd,success,14.637894857674837,total,12.373925,0.177799,0.002481,,7.19524,0.015381,0.248129,0.684218,0.658354,,0.34527,,,0.135581,2.856743,,,valid,4,1,0,0,5,10,,1,4,object,
mprime,prob27.pddl,asp,success,4.504820331931114,total,2.829296,,,,,,,0.696645,,,0.349304,,,,1.765226,,,valid,,,,,,5,,6,,,
mprime,prob27.pddl,fd,success,2.8697850182652473,total,0.855276,,,,,,,,,0.848031,,,,,,,,valid,,,,,,5,,,,,
mprime,prob28.pddl,abs-asp,success,3.9066667035222054,total,2.251088,0.158314,0.002875,,0.491152,0.011245,0.09557,0.226013,0.22552,,0.054933,0.054857,0.327159,,0.560244,,,valid,4,1,0,0,7,10,8,1,3,object,
mprime,prob28.pddl,abs-fd,success,4.548644099384546,total,2.088748,0.165835,0.003096,,0.48568,0.011575,0.09424,0.252722,0.225666,,0.056986,,,0.07855,0.675101,,,valid,4,1,0,0,9,15,,1,3,object,
mprime,prob28.pddl,asp,success,3.638004817068577,total,0.760867,,,,,,,0.310313,,,0.063899,,,,0.36803,,,valid,,,,,,7,,8,,,
mprime,prob28.pddl,fd,success,3.1580313853919506,total,0.345321,,,,,,,,,0.336668,,,,,,,,valid,,,,,,9,,,,,
mprime,prob29.pddl,abs-asp,success,9.394382935017347,total,7.265401,0.176959,0.002426,,2.887122,0.015441,0.227634,0.484392,0.42628,,0.225145,0.180204,0.874131,,1.712777,,,valid,4,1,0,0,4,7,5,1,4,object,
mprime,prob29.pddl,abs-fd,success,8.76678429916501,total,6.363081,0.177126,0.002507,,2.903781,0.015449,0.232009,0.48354,0.443036,,0.225769,,,0.102591,1.727964,,,valid,4,1,0,0,4,7,,1,4,object,
mprime,prob29.pddl,asp,success,4.212397128343582,total,1.836535,,,,,,,0.53118,,,0.230656,,,,1.06064,,,valid,,,,,,4,,5,,,
mprime,prob29.pddl,fd,success,3.944270007312298,total,0.683624,,,,,,,,,0.676834,,,,,,,,valid,,,,,,4,,,,,
mprime,prob30.pddl,abs-asp,success,151.65343282744288,total,148.967197,0.20067,0.002621,,90.928311,0.020666,0.336195,2.260835,2.039913,,1.292458,1.138486,33.876202,,16.498893,,,valid,4,1,0,0,9,18,10,1,4,object,
mprime,prob30.pddl,abs-fd,success,114.13658732548356,total,112.40938,0.184176,0.002512,,89.582824,0.020461,0.319583,2.190653,1.961631,,1.267298,,,0.299168,16.366457,,,valid,4,1,0,0,10,21,,1,4,object,
mprime,prob30.pddl,asp,success,106.17574929818511,total,102.826412,,,,,,,2.620448,,,1.382343,,,,98.681398,,,valid,,,,,,9,,10,,,
mprime,prob30.pddl,fd,success,4.878522999584675,total,2.80849,,,,,,,,,2.800128,,,,,,,,valid,,,,,,9,,,,,
mprime,prob31.pddl,abs-asp,success,12.355724841356277,total,10.605707,0.178896,0.002429,,6.042886,0.018027,0.257739,0.641155,0.314674,,0.303526,0.038771,0.20917,,2.53496,,,valid,4,1,0,0,4,8,5,1,4,object,
mprime,prob31.pddl,abs-fd,success,11.593034945428371,total,10.045704,0.173473,0.002325,,5.936145,0.018231,0.245359,0.610661,0.30043,,0.302324,,,0.071132,2.336019,,,valid,4,1,0,0,4,8,,1,4,object,
mprime,prob31.pddl,asp,success,4.557758159935474,total,2.624014,,,,,,,0.709082,,,0.322988,,,,1.56959,,,valid,,,,,,4,,5,,,
mprime,prob31.pddl,fd,success,2.8792182318866253,total,0.83178,,,,,,,,,0.825179,,,,,,,,valid,,,,,,5,,,,,
mprime,prob32.pddl,abs-asp,success,5.150569170713425,total,3.067187,0.173207,0.002773,,0.882296,0.015485,0.204091,0.303255,0.197628,,0.096049,0.01753,0.115957,,1.01446,,,valid,4,1,0,0,7,14,8,1,4,object,
mprime,prob32.pddl,abs-fd,success,5.188396167010069,total,3.003582,0.175025,0.002769,,0.884476,0.015645,0.206425,0.307828,0.197771,,0.097469,,,0.067449,1.005234,,,valid,4,1,0,0,7,14,,1,4,object,
mprime,prob32.pddl,asp,success,3.7212929353117943,total,1.200556,,,,,,,0.370761,,,0.10433,,,,0.697719,,,valid,,,,,,7,,8,,,
mprime,prob32.pddl,fd,success,3.632984660565853,total,0.431249,,,,,,,,,0.422742,,,,,,,,valid,,,,,,8,,,,,
mprime,prob33.pddl,abs-asp,success,92.33840228058398,total,90.51843,0.253653,0.002409,,65.164152,0.025585,0.697401,1.75772,0.765165,,1.013713,0.191033,4.825768,,15.55255,,,valid,4,1,0,0,12,24,13,1,4,object,
mprime,prob33.pddl,abs-fd,success,88.2448201738298,total,86.211153,0.263117,0.002497,,63.172812,0.025978,0.721398,1.760198,0.778003,,1.012772,,,0.112974,18.104486,,,valid,4,1,0,0,14,28,,1,4,object,
mprime,prob33.pddl,asp,success,47.039233434945345,total,43.841845,,,,,,,2.118988,,,1.08238,,,,40.472536,,,valid,,,,,,12,,13,,,
mprime,prob33.pddl,fd,success,4.691875830292702,total,2.213318,,,,,,,,,2.209303,,,,,,,,valid,,,,,,14,,,,,
mprime,prob34.pddl,abs-asp,success,11.909785520285368,total,9.770365,0.194663,0.002356,,5.568233,0.018459,0.325378,0.601257,0.278587,,0.288536,0.02206,0.113273,,2.303447,,,valid,4,1,0,0,4,8,5,1,4,object,
mprime,prob34.pddl,abs-fd,success,11.209931820631027,total,9.656202,0.176922,0.002344,,5.542737,0.0184,0.325147,0.615042,0.277427,,0.290076,,,0.066519,2.290837,,,valid,4,1,0,0,4,8,,1,4,object,
mprime,prob34.pddl,asp,success,3.9815989285707474,total,2.296445,,,,,,,0.632248,,,0.291472,,,,1.357382,,,valid,,,,,,4,,5,,,
mprime,prob34.pddl,fd,success,3.2101902291178703,total,0.817618,,,,,,,,,0.811102,,,,,,,,valid,,,,,,4,,,,,
mprime,prob35.pddl,abs-asp,success,3.5999678894877434,total,2.063556,0.155508,0.002289,,0.447272,0.012982,0.073062,0.225833,0.213719,,0.059147,0.048553,0.263206,,0.520876,,,valid,4,1,0,0,5,10,6,1,4,object,
mprime,prob35.pddl,abs-fd,success,3.9077050164341927,total,1.864771,0.159824,0.002279,,0.47276,0.012784,0.073097,0.245833,0.212409,,0.060881,,,0.072214,0.519943,,,valid,4,1,0,0,5,10,,1,4,object,
mprime,prob35.pddl,asp,success,2.7764515802264214,total,0.756381,,,,,,,0.289053,,,0.064964,,,,0.382858,,,valid,,,,,,5,,6,,,
mprime,prob35.pddl,fd,success,2.961117185652256,total,0.297735,,,,,,,,,0.289482,,,,,,,,valid,,,,,,6,,,,,
mystery,prob01.pddl,abs-asp,success,3.2651312723755836,total,0.970467,0.157274,0.002588,,0.200075,0.013314,0.053416,0.188425,0.158547,,0.011913,0.008454,0.050204,,0.094675,,,valid,1,0,0,0,5,5,6,1,7,object,
mystery,prob01.pddl,abs-fd,success,2.6170049980282784,total,0.915255,0.144502,0.002009,,0.187106,0.013377,0.054559,0.158465,0.154069,,0.010227,,,0.067393,0.094493,,,valid,1,0,0,0,5,5,,1,7,object,
mystery,prob01.pddl,asp,success,2.269385155290365,total,0.314339,,,,,,,0.204346,,,0.011746,,,,0.077564,,,valid,,,,,,5,,6,,,
mystery,prob01.pddl,fd,success,2.171365663409233,total,0.223652,,,,,,,,,0.214034,,,,,,,,valid,,,,,,5,,,,,
mystery,prob02.pddl,abs-asp,success,10.240620758384466,total,7.991249,0.173755,0.002051,,2.430026,0.01864,0.283435,0.433626,0.397097,,0.186118,0.174957,1.789362,,2.031972,,,valid,1,0,0,0,7,14,8,1,5,object,
mystery,prob02.pddl,abs-fd,success,9.25538819283247,total,6.912235,0.178168,0.002156,,2.481899,0.018304,0.288659,0.44154,0.404278,,0.204532,,,0.102052,2.726519,,,valid,1,0,2,0,11,22,,1,5,object,
mystery,prob02.pddl,asp,success,6.384553796611726,total,3.843281,,,,,,,0.484976,,,0.191443,,,,3.14295,,,valid,,,,,,7,,8,,,
mystery,prob02.pddl,fd,success,2.6198615692555904,total,0.585908,,,,,,,,,0.57793,,,,,,,,valid,,,,,,14,,,,,
mystery,prob03.pddl,abs-asp,success,4.8868541195988655,total,2.916277,0.166472,0.001988,,0.785184,0.016964,0.151881,0.289177,0.252644,,0.087743,0.071531,0.353928,,0.699891,,,valid,1,0,0,0,4,8,5,1,5,object,
mystery,prob03.pddl,abs-fd,success,5.040963914245367,total,2.661216,0.187652,0.002059,,0.807109,0.017214,0.141599,0.307707,0.267056,,0.088257,,,0.083897,0.720164,,,valid,1,0,0,0,4,8,,1,5,object,
mystery,prob03.pddl,asp,success,2.8749147299677134,total,0.88703,,,,,,,0.329528,,,0.095621,,,,0.446298,,,valid,,,,,,4,,5,,,
mystery,prob03.pddl,fd,success,2.4419089257717133,total,0.387514,,,,,,,,,0.379352,,,,,,,,valid,,,,,,4,,,,,
mystery,prob04.pddl,abs-asp,timed out,1800.1376551762223,abstract_solving,,0.16553338803350925,0.0019189659506082535,,0.20749673806130886,0.014888647943735123,0.08336487412452698,0.1840647030621767,0.15438254922628403,,0.015581192448735237,0.010658424347639084,0.07210417650640011,,,,,,1,0,7,730,7,,8,731,5,object,
mystery,prob04.pddl,abs-fd,timed out,1800.164438970387,abstract_fd_search,,0.15699296072125435,0.001914985477924347,,0.17906667664647102,0.01491839811205864,0.08525539562106133,0.1808638833463192,0.15235260874032974,,0.015006713569164276,,,0.06501415744423866,,,,,1,0,7,853,7,,,854,5,object,
mystery,prob04.pddl,asp,timed out,1800.1522947885096,concrete_asp,,,,,,,,0.21105040982365608,,,0.015261244028806686,,,,,,,,,,,,,,,1123,,,
mystery,prob04.pddl,fd,no plan found,132.39182833209634,total,130.668618,,,,,,,,,130.663286,,,,,,,,,,,,,,,,,,,
mystery,prob05.pddl,abs-asp,timed out,1800.1593302078545,abstract_solving,,0.16700168885290623,0.002017613500356674,,1.2210616990923882,0.01537378877401352,0.23442299850285053,0.3400972727686167,0.35912969149649143,,0.12279280461370945,0.1437215618789196,1.7236895803362131,,,,,,1,0,9,185,9,,10,186,4,object,
mystery,prob05.pddl,abs-fd,timed out,1800.1567352190614,abstract_fd_search,,0.16248444095253944,0.002006184309720993,,1.1920133531093597,0.01538553461432457,0.24788114801049232,0.32760507613420486,0.35813434422016144,,0.12110908702015877,,,0.09219436347484589,,,,,1,0,9,190,9,,,191,4,object,
mystery,prob05.pddl,asp,timed out,1800.1536279059947,concrete_asp,,,,,,,,0.41012075915932655,,,0.13187289983034134,,,,,,,,,,,,,,,205,,,
mystery,prob05.pddl,fd,timed out,1800.1139765679836,,,,,,,,,,,,,,,,,,,,,,,,,,,,,,
mystery,prob06.pddl,abs-asp,success,55.5451570302248,total,53.356234,0.2,0.002122,,19.467635,0.030591,0.328434,0.974467,1.10393,,0.528393,0.541511,22.658245,,7.285735,,,valid,1,0,2,0,10,20,11,1,7,object,
mystery,prob06.pddl,abs-fd,success,156.46424928307533,total,153.866235,0.22363,0.002206,,19.625405,0.030475,0.333407,0.995657,1.19845,,0.538255,,,0.19316,130.418221,,,valid,1,0,16,0,20,41,,1,7,object,
mystery,prob06.pddl,asp,success,64.67615785449743,total,62.166695,,,,,,,1.118548,,,0.573992,,,,60.377139,,,valid,,,,,,11,,12,,,
mystery,prob06.pddl,fd,success,8.650640374980867,total,6.116146,,,,,,,,,6.107866,,,,,,,,valid,,,,,,16,,,,,
mystery,prob08.pddl,abs-asp,timed out,1800.1737248208374,abstract_solving,,0.1860466580837965,0.002021515741944313,,1.985555635765195,0.023771638050675392,0.2795181255787611,0.39283638820052147,0.6001271549612284,,0.15511450543999672,0.26604061387479305,1.4383989330381155,,,,,,3,0,5,32,5,,6,33,6,object,
mystery,prob08.pddl,abs-fd,timed out,1800.1434220988303,abstract_fd_search,,0.1819753535091877,0.0020221080631017685,,1.9365837145596743,0.023802850395441055,0.2859654314815998,0.3650366421788931,0.5987265780568123,,0.1500911470502615,,,0.11650574766099453,,,,,3,0,5,28,5,,,29,6,object,
mystery,prob08.pddl,asp,timed out,1800.1463503986597,concrete_asp,,,,,,,,0.4996502436697483,,,0.17002493143081665,,,,,,,,,,,,,,,39,,,
mystery,prob08.pddl,fd,timed out,1800.11403753981,,,,,,,,,,,,,,,,,,,,,,,,,,,,,,
mystery,prob09.pddl,abs-asp,success,7.291167050600052,total,5.041126,0.16483,0.002025,,1.172988,0.015719,0.151454,0.335261,0.305258,,0.121413,0.109241,1.225839,,1.377213,,,valid,1,0,0,0,8,16,9,1,5,object,
mystery,prob09.pddl,abs-fd,success,6.268460001796484,total,4.161386,0.165736,0.002092,,1.185475,0.015724,0.149312,0.348759,0.319052,,0.122771,,,0.105679,1.693733,,,valid,1,0,3,0,10,18,,1,5,object,
mystery,prob09.pddl,asp,success,4.316958397626877,total,1.818731,,,,,,,0.454639,,,0.132861,,,,1.200933,,,valid,,,,,,8,,9,,,
mystery,prob09.pddl,fd,success,163.72115135379136,total,160.543044,,,,,,,,,160.534657,,,,,,,,valid,,,,,,9,,,,,
mystery,prob11.pddl,abs-asp,success,3.373460840433836,total,1.256062,0.178306,0.00245,,0.229288,0.014959,0.085896,0.188927,0.160657,,0.019834,0.015459,0.101157,,0.225373,,,valid,1,0,0,0,7,7,8,1,6,object,
mystery,prob11.pddl,abs-fd,success,2.6771166138350964,total,1.144253,0.152168,0.002529,,0.202647,0.015023,0.085858,0.194386,0.162802,,0.020035,,,0.0673,0.208628,,,valid,1,0,0,0,7,7,,1,6,object,
mystery,prob11.pddl,asp,success,2.7725069373846054,total,0.457365,,,,,,,0.228639,,,0.020855,,,,0.186159,,,valid,,,,,,7,,8,,,
mystery,prob11.pddl,fd,success,2.2746822983026505,total,0.240412,,,,,,,,,0.232234,,,,,,,,valid,,,,,,7,,,,,
mystery,prob12.pddl,abs-asp,timed out,1800.1224155463278,abstract_solving,,0.17555758357048035,0.0019405968487262726,,0.2739175781607628,0.01681961491703987,0.07344989478588104,0.21490499004721642,0.18976976349949837,,0.02640637755393982,0.022869106382131577,0.12910737097263336,,,,,,1,0,5,101,5,,6,102,7,object,
mystery,prob12.pddl,abs-fd,timed out,1800.1243970766664,abstract_fd_search,,0.16176629066467285,0.001901470124721527,,0.2727578170597553,0.01663075014948845,0.07176405563950539,0.20353403314948082,0.1746528260409832,,0.026634685695171356,,,0.06854785233736038,,,,,1,0,5,102,5,,,103,7,object,
mystery,prob12.pddl,asp,timed out,1800.1355161815882,concrete_asp,,,,,,,,0.30267680436372757,,,0.031810373067855835,,,,,,,,,,,,,,,142,,,
mystery,prob12.pddl,fd,no plan found,17.44977367669344,total,15.995819,,,,,,,,,15.992393,,,,,,,,,,,,,,,,,,,
mystery,prob13.pddl,abs-asp,success,1754.3633598797023,total,1752.384232,0.277159,0.002216,,79.827835,0.03488,1.04756,1.708838,4.445134,,0.9295,2.259153,1644.153285,,17.142269,,,valid,3,0,5,0,11,22,12,1,5,object,
mystery,prob13.pddl,abs-fd,success,112.55777442082763,total,110.723233,0.270537,0.002185,,79.849981,0.03507,1.058839,1.693944,4.424605,,0.916143,,,0.573936,21.66692,,,valid,3,0,8,0,11,23,,1,5,object,
mystery,prob13.pddl,asp,success,149.67297020182014,total,146.976588,,,,,,,1.982792,,,1.018669,,,,143.762654,,,valid,,,,,,15,,16,,,
mystery,prob13.pddl,fd,success,4.035604313015938,total,2.055052,,,,,,,,,2.050169,,,,,,,,valid,,,,,,21,,,,,
mystery,prob15.pddl,abs-asp,success,69.59757427684963,total,67.366852,0.251454,0.002042,,49.709668,0.039057,0.361262,1.575358,1.364105,,0.847913,0.706728,4.079644,,8.270585,,,valid,1,0,0,0,6,12,7,1,11,object,
mystery,prob15.pddl,abs-fd,success,65.99637782946229,total,63.439092,0.279825,0.002172,,50.443046,0.040186,0.373831,1.574231,1.361468,,0.85025,,,0.224533,8.178896,,,valid,1,0,0,0,6,12,,1,11,object,
mystery,prob15.pddl,asp,success,11.02609921246767,total,8.802575,,,,,,,1.842892,,,0.902834,,,,5.996286,,,valid,,,,,,6,,7,,,
mystery,prob15.pddl,fd,success,4.219323319382966,total,2.06489,,,,,,,,,2.05839,,,,,,,,valid,,,,,,6,,,,,
mystery,prob16.pddl,abs-asp,timed out,1800.2598404306918,abstract_solving,,0.17677858844399452,0.0021480005234479904,,1.1984122935682535,0.020242935046553612,0.2411624677479267,0.34799395129084587,0.4870757069438696,,0.11939689517021179,0.2064510341733694,1.121392522007227,,,,,,1,0,5,1050,5,,6,1051,6,object,
mystery,prob16.pddl,abs-fd,timed out,1800.2683698832989,abstract_fd_search,,0.17413759976625443,0.002008780837059021,,1.1779594421386719,0.01995217800140381,0.2315221205353737,0.30868151411414146,0.4633530303835869,,0.11465339362621307,,,0.10255709290504456,,,,,1,0,5,1103,5,,,1104,6,object,
mystery,prob16.pddl,asp,timed out,1800.2872370518744,concrete_asp,,,,,,,,0.415406983345747,,,0.12894251197576523,,,,,,,,,,,,,,,919,,,
mystery,prob16.pddl,fd,timed out,1800.1128581911325,,,,,,,,,,,,,,,,,,,,,,,,,,,,,,
mystery,prob17.pddl,abs-asp,success,70.9500154349953,total,67.556227,0.205258,0.002012,,51.402686,0.028903,0.416237,1.55968,1.613517,,0.849136,0.848281,3.933228,,6.525745,,,valid,1,0,0,0,4,8,5,1,6,object,
mystery,prob17.pddl,abs-fd,success,66.22381875663996,total,63.715334,0.20787,0.002144,,51.68917,0.028711,0.429734,1.595153,1.669663,,0.856647,,,0.243098,6.845327,,,valid,1,0,0,0,4,8,,1,6,object,
mystery,prob17.pddl,asp,success,10.611413970589638,total,7.207152,,,,,,,1.887178,,,0.91233,,,,4.366455,,,valid,,,,,,4,,5,,,
mystery,prob17.pddl,fd,success,5.146469224244356,total,2.054299,,,,,,,,,2.046915,,,,,,,,valid,,,,,,4,,,,,
mystery,prob19.pddl,abs-asp,success,19.795994844287634,total,17.630276,0.1888,0.002042,,8.242089,0.025104,0.359641,0.676626,0.92851,,0.335935,0.490417,3.051909,,3.233635,,,valid,1,0,0,0,6,12,7,1,6,object,
mystery,prob19.pddl,abs-fd,success,17.4262051358819,total,15.001791,0.191623,0.002115,,8.34738,0.025408,0.365239,0.703074,0.946362,,0.33475,,,0.173265,3.836422,,,valid,1,0,5,0,7,14,,1,6,object,
mystery,prob19.pddl,asp,success,5.945505820214748,total,3.495209,,,,,,,0.841054,,,0.365236,,,,2.247829,,,valid,,,,,,6,,7,,,
mystery,prob19.pddl,fd,success,3.196913242340088,total,0.98138,,,,,,,,,0.974645,,,,,,,,valid,,,,,,6,,,,,
mystery,prob20.pddl,abs-asp,success,18.306913822889328,total,15.853941,0.20436,0.002114,,7.247726,0.041508,0.255852,0.753376,0.583976,,0.346857,0.240469,2.133731,,3.936736,,,valid,1,0,0,0,7,9,8,1,12,object,
mystery,prob20.pddl,abs-fd,success,14.982090756297112,total,13.395076,0.191449,0.002003,,7.14477,0.039695,0.245366,0.71217,0.569716,,0.347415,,,0.113372,3.953688,,,valid,1,0,0,0,8,10,,1,12,object,
mystery,prob20.pddl,asp,success,7.3039911314845085,total,5.185252,,,,,,,0.82313,,,0.37654,,,,3.939728,,,valid,,,,,,7,,8,,,
mystery,prob20.pddl,fd,success,3.003955670632422,total,0.911828,,,,,,,,,0.902138,,,,,,,,valid,,,,,,8,,,,,
mystery,prob21.pddl,abs-asp,timed out,1800.1219859719276,abstract_asp,,0.19397049397230148,0.0020035728812217712,,6.597523186355829,0.02287929132580757,0.5742634199559689,0.6138340719044209,0.26603689417243004,,0.28852052241563797,0.006789315491914749,,,,,,,2,0,,,356,,357,,4,object,
mystery,prob21.pddl,abs-fd,no plan found,11.006914045661688,abstract_fd_search,,0.1989370509982109,0.002095526084303856,,6.717032592743635,0.023080511018633842,0.6026030406355858,0.6352188587188721,0.27944777719676495,,0.28889554738998413,,,0.0985471773892641,,,,,2,0,,,,,,,4,object,
mystery,prob21.pddl,asp,timed out,1800.1875311546028,concrete_asp,,,,,,,,0.7554760873317719,,,0.31246909126639366,,,,,,,,,,,,,,,136,,,
mystery,prob21.pddl,fd,timed out,1800.1163426041603,,,,,,,,,,,,,,,,,,,,,,,,,,,,,,
mystery,prob22.pddl,abs-asp,timed out,1800.203711938113,abstract_solving,,0.27157803252339363,0.002168949693441391,,80.1474720351398,0.03629062697291374,0.6160605251789093,1.699465997517109,3.5151813812553883,,0.9633058309555054,1.8141634054481983,18.659602787345648,,,,,,1,0,8,39,8,,9,40,6,object,
mystery,prob22.pddl,abs-fd,timed out,1800.1595812477171,abstract_fd_search,,0.2672138847410679,0.002103898674249649,,80.31086818128824,0.03695331886410713,0.6203946843743324,1.6997076943516731,3.420426793396473,,0.9436683617532253,,,0.4496832937002182,,,,,1,0,8,19,8,,,20,6,object,
mystery,prob22.pddl,asp,timed out,1800.226119760424,concrete_asp,,,,,,,,1.9992401748895645,,,1.0186872519552708,,,,,,,,,,,,,,,78,,,
mystery,prob22.pddl,fd,timed out,1800.1132656782866,,,,,,,,,,,,,,,,,,,,,,,,,,,,,,
mystery,prob23.pddl,abs-asp,timed out,1800.1702988408506,abstract_solving,,0.19913935661315918,0.0020763352513313293,,11.163384035229683,0.028109479695558548,0.3771752640604973,0.7305129766464233,1.1948289349675179,,0.38183898478746414,0.6463492326438427,5.362324450165033,,,,,,1,0,8,86,8,,9,87,6,object,
mystery,prob23.pddl,abs-fd,timed out,1800.171349266544,abstract_fd_search,,0.2002805843949318,0.0019854865968227386,,11.124814132228494,0.028248077258467674,0.3812589515000582,0.7391981370747089,1.1720103453844786,,0.3785223439335823,,,0.2122938521206379,,,,,1,0,8,88,8,,,89,6,object,
mystery,prob23.pddl,asp,timed out,1800.1833290755749,concrete_asp,,,,,,,,0.8550870940089226,,,0.4068797789514065,,,,,,,,,,,,,,,94,,,
mystery,prob23.pddl,fd,timed out,1800.1138290781528,,,,,,,,,,,,,,,,,,,,,,,,,,,,,,
mystery,prob24.pddl,abs-asp,timed out,1800.3580946475267,abstract_solving,,0.2575378119945526,0.00222749263048172,,3.566903304308653,0.03919754922389984,0.6164956800639629,0.47345155477523804,0.9136183001101017,,0.20557360723614693,0.48507342487573624,2.7338785864412785,,,,,,1,0,6,879,6,,7,880,10,object,
mystery,prob24.pddl,abs-fd,timed out,1800.4331481307745,abstract_fd_search,,0.26503467932343483,0.002232145518064499,,3.6218176558613777,0.039280351251363754,0.6149186603724957,0.485820047557354,0.9325774572789669,,0.20576782152056694,,,0.16877231001853943,,,,,1,0,9,889,9,,,890,10,object,
mystery,prob24.pddl,asp,timed out,1800.3668096922338,concrete_asp,,,,,,,,0.6439425498247147,,,0.2225142940878868,,,,,,,,,,,,,,,786,,,
mystery,prob24.pddl,fd,timed out,1800.015758043155,,,,,,,,,,,,,,,,,,,,,,,,,,,,,,
mystery,prob25.pddl,abs-asp,success,2.903945241123438,total,0.86442,0.143921,0.001924,,0.185364,0.011763,0.039637,0.172409,0.146616,,0.011888,0.007833,0.040034,,0.075034,,,valid,1,0,0,0,4,6,5,1,6,object,
mystery,prob25.pddl,abs-fd,success,2.3642919287085533,total,0.849944,0.138191,0.001859,,0.160972,0.011755,0.039392,0.152927,0.149199,,0.010338,,,0.079387,0.076462,,,valid,1,0,0,0,4,6,,1,6,object,
mystery,prob25.pddl,asp,success,2.2906586714088917,total,0.30503,,,,,,,0.204566,,,0.011711,,,,0.068823,,,valid,,,,,,4,,5,,,
mystery,prob25.pddl,fd,success,2.3975329361855984,total,0.22945,,,,,,,,,0.222479,,,,,,,,valid,,,,,,4,,,,,
mystery,prob26.pddl,abs-asp,success,5.058486789464951,total,2.822702,0.17268,0.001978,,0.665261,0.019236,0.127976,0.282649,0.261808,,0.082102,0.076605,0.400033,,0.690945,,,valid,1,0,2,0,5,9,6,1,6,object,
mystery,prob26.pddl,abs-fd,success,4.809624062851071,total,2.666257,0.191211,0.001941,,0.663251,0.019025,0.124036,0.287857,0.259614,,0.080466,,,0.077645,0.921868,,,valid,1,0,6,0,6,13,,1,6,object,
mystery,prob26.pddl,asp,success,3.173117373138666,total,0.959666,,,,,,,0.33754,,,0.090036,,,,0.508558,,,valid,,,,,,6,,7,,,
mystery,prob26.pddl,fd,success,2.3653115620836616,total,0.35296,,,,,,,,,0.343866,,,,,,,,valid,,,,,,6,,,,,
mystery,prob27.pddl,abs-asp,success,3.567287413403392,total,2.036606,0.16236,0.002009,,0.4331,0.025136,0.084813,0.226879,0.199655,,0.058905,0.040209,0.214597,,0.547209,,,valid,1,0,0,0,5,9,6,1,13,object,
mystery,prob27.pddl,abs-fd,success,4.14032256603241,total,1.91237,0.165753,0.002003,,0.464301,0.025411,0.08361,0.252952,0.200615,,0.061256,,,0.071584,0.549031,,,valid,1,0,0,0,5,9,,1,13,object,
mystery,prob27.pddl,asp,success,2.2974012568593025,total,0.643467,,,,,,,0.247181,,,0.060005,,,,0.325737,,,valid,,,,,,5,,6,,,
mystery,prob27.pddl,fd,success,2.0646667033433914,total,0.284997,,,,,,,,,0.280108,,,,,,,,valid,,,,,,5,,,,,
mystery,prob28.pddl,abs-asp,success,3.469173088669777,total,1.1051,0.17106,0.002678,,0.210014,0.015073,0.064578,0.191501,0.161612,,0.014184,0.009937,0.077589,,0.151701,,,valid,1,0,0,0,7,9,8,1,8,object,
mystery,prob28.pddl,abs-fd,success,2.78044505789876,total,0.992623,0.146904,0.002684,,0.179036,0.015021,0.06411,0.164238,0.161092,,0.012471,,,0.068131,0.147391,,,valid,1,0,0,0,7,9,,1,8,object,
mystery,prob28.pddl,asp,success,2.318751636892557,total,0.348557,,,,,,,0.210569,,,0.014582,,,,0.105035,,,valid,,,,,,7,,8,,,
mystery,prob28.pddl,fd,success,2.4444399252533913,total,0.210664,,,,,,,,,0.207514,,,,,,,,valid,,,,,,9,,,,,
mystery,prob29.pddl,abs-asp,success,4.580373428761959,total,2.292482,0.166501,0.001997,,0.537413,0.021013,0.124148,0.261477,0.224364,,0.065955,0.054066,0.267784,,0.527602,,,valid,1,0,0,0,4,8,5,1,9,object,
mystery,prob29.pddl,abs-fd,success,3.8649609982967377,total,2.102846,0.163213,0.002122,,0.568342,0.02131,0.124554,0.268837,0.231905,,0.067155,,,0.077575,0.542307,,,valid,1,0,0,0,4,8,,1,9,object,
mystery,prob29.pddl,asp,success,2.4508001171052456,total,0.678312,,,,,,,0.274761,,,0.06749,,,,0.324076,,,valid,,,,,,4,,5,,,
mystery,prob29.pddl,fd,success,2.16511045768857,total,0.290186,,,,,,,,,0.286645,,,,,,,,valid,,,,,,4,,,,,
mystery,prob30.pddl,abs-asp,success,12.375529527664185,total,9.88669,0.189733,0.002199,,2.341052,0.03403,0.222116,0.482764,0.370064,,0.206074,0.155636,3.135113,,2.658197,,,valid,1,0,0,0,9,18,10,1,13,object,
mystery,prob30.pddl,abs-fd,success,9.170495923608541,total,6.87019,0.198256,0.002226,,2.329862,0.033937,0.247727,0.48563,0.378129,,0.205803,,,0.099397,2.821195,,,valid,1,0,0,0,10,21,,1,13,object,
mystery,prob30.pddl,asp,success,11.487853209488094,total,9.431157,,,,,,,0.533938,,,0.222324,,,,8.62864,,,valid,,,,,,9,,10,,,
mystery,prob30.pddl,fd,success,2.647957794368267,total,0.590509,,,,,,,,,0.580874,,,,,,,,valid,,,,,,10,,,,,
nomystery-sat11-strips,p01.pddl,abs-asp,success,15.832183312624693,total,10.881615,2.787292,0.005856,,1.282596,3.701021,0.016545,0.321222,0.142054,,0.061439,0.005567,1.219604,,1.282189,,,valid,1,0,0,0,18,18,19,1,85,fuellevel,
nomystery-sat11-strips,p01.pddl,abs-fd,success,17.25551942549646,total,10.26818,3.037133,0.006051,,1.346208,3.656155,0.019655,0.339691,0.153227,,0.062367,,,0.070108,1.518248,,,valid,1,0,0,0,20,20,,1,85,fuellevel,
nomystery-sat11-strips,p01.pddl,asp,success,199.8990489318967,total,193.584128,,,,,,,0.378339,,,0.066886,,,,193.092578,,,valid,,,,,,18,,19,,,
nomystery-sat11-strips,p01.pddl,fd,success,6.553048085421324,total,0.403957,,,,,,,,,0.397061,,,,,,,,valid,,,,,,20,,,,,
nomystery-sat11-strips,p02.pddl,abs-asp,success,30.080786176025867,total,22.949522,3.86097,0.008168,,2.263547,5.776292,0.013764,0.359274,0.145107,,0.080371,0.006271,8.400853,,1.959542,,,valid,1,0,0,0,21,21,22,1,100,fuellevel,
nomystery-sat11-strips,p02.pddl,abs-fd,timed out,1800.1413776390254,abstract_fd_search,,3.8267946541309357,0.007993053644895554,,2.30232472717762,5.909202463924885,0.013921309262514114,0.3570403978228569,0.14402224123477936,,0.08114753663539886,,,0.0648290179669857,,,,,1,0,0,0,23,,,0,100,fuellevel,
nomystery-sat11-strips,p02.pddl,asp,timed out,1800.061417400837,concrete_asp,,,,,,,,0.46440598368644714,,,0.08889466896653175,,,,,,,,,,,,,,,21,,,
nomystery-sat11-strips,p02.pddl,fd,success,8.56626246869564,total,0.557032,,,,,,,,,0.549189,,,,,,,,valid,,,,,,22,,,,,
nomystery-sat11-strips,p03.pddl,abs-asp,success,150.52950583025813,total,132.596066,12.873515,0.020667,,20.357637,33.417327,0.015448,0.746849,0.161258,,0.179276,0.007291,59.756557,,4.923574,,,valid,1,0,0,0,25,25,26,1,181,fuellevel,
nomystery-sat11-strips,p03.pddl,abs-fd,success,92.05969221517444,total,73.845657,12.803689,0.02146,,20.041897,34.331403,0.01545,0.759911,0.146407,,0.177614,,,0.066942,5.352494,,,valid,1,0,0,0,27,27,,1,181,fuellevel,
nomystery-sat11-strips,p03.pddl,asp,timed out,1800.1257580546662,concrete_asp,,,,,,,,0.904114156961441,,,0.19579545687884092,,,,,,,,,,,,,,,25,,,
nomystery-sat11-strips,p03.pddl,fd,success,23.447136675938964,total,0.963928,,,,,,,,,0.957888,,,,,,,,valid,,,,,,28,,,,,
nomystery-sat11-strips,p04.pddl,abs-asp,success,353.58372385054827,total,316.64949,24.265308,0.035568,,66.540108,79.886217,0.019851,1.26867,0.157458,,0.271857,0.008311,135.464911,,8.517813,,,valid,1,0,0,0,28,28,29,1,242,fuellevel,
nomystery-sat11-strips,p04.pddl,abs-fd,success,212.65193007141352,total,180.755515,23.276203,0.035784,,66.326188,79.75806,0.018728,1.249774,0.149142,,0.270893,,,0.067586,9.394191,,,valid,1,0,0,0,32,32,,1,242,fuellevel,
nomystery-sat11-strips,p04.pddl,asp,timed out,1800.1428657891229,concrete_asp,,,,,,,,1.4444092269986868,,,0.29698141757398844,,,,,,,,,,,,,,,28,,,
nomystery-sat11-strips,p04.pddl,fd,success,40.511025343090296,total,1.572781,,,,,,,,,1.565206,,,,,,,,valid,,,,,,32,,,,,
nomystery-sat11-strips,p05.pddl,abs-asp,timed out,1800.1325979754329,abstract_asp,,21.011799160391092,0.03225789964199066,,72.95791320875287,65.09485174715519,0.01946089416742325,1.2190449051558971,0.15963433682918549,,0.30182110145688057,0.0097261443734169,,,,,,,1,0,,,31,,32,,226,fuellevel,
nomystery-sat11-strips,p05.pddl,abs-fd,success,204.62880427390337,total,175.738219,20.894487,0.036294,,72.771044,64.941388,0.019422,1.258106,0.174751,,0.305578,,,0.072763,15.015961,,,valid,1,0,0,0,36,36,,1,226,fuellevel,
nomystery-sat11-strips,p05.pddl,asp,timed out,1800.1547964178026,concrete_asp,,,,,,,,1.4424822479486465,,,0.32754016667604446,,,,,,,,,,,,,,,29,,,
nomystery-sat11-strips,p05.pddl,fd,success,35.80810532718897,total,1.571164,,,,,,,,,1.56364,,,,,,,,valid,,,,,,38,,,,,
nomystery-sat11-strips,p06.pddl,abs-asp,timed out,1800.1287472527474,abstract_asp,,20.136298356577754,0.03128065727651119,,81.74642723798752,64.97626231610775,0.02052638866007328,1.2152332440018654,0.1568480022251606,,0.3264714889228344,0.010709377005696297,,,,,,,1,0,,,33,,34,,226,fuellevel,
nomystery-sat11-strips,p06.pddl,abs-fd,success,307.92903059348464,total,275.662416,21.162529,0.033035,,81.546174,66.303892,0.021465,1.298846,0.164798,,0.331794,,,0.073984,104.403658,,,valid,1,0,3,0,40,44,,1,226,fuellevel,
nomystery-sat11-strips,p06.pddl,asp,timed out,1800.149119604379,concrete_asp,,,,,,,,1.4932484291493893,,,0.35129647329449654,,,,,,,,,,,,,,,30,,,
nomystery-sat11-strips,p06.pddl,fd,success,37.9362935423851,total,3.047998,,,,,,,,,3.041256,,,,,,,,valid,,,,,,43,,,,,
nomystery-sat11-strips,p07.pddl,abs-asp,timed out,1800.1406022198498,abstract_asp,,26.27701272815466,0.0405648835003376,,143.2519838064909,91.50855612754822,0.023690439760684967,1.625365536659956,0.16747459396719933,,0.42469580098986626,0.01226908341050148,,,,,,,1,0,,,34,,35,,254,fuellevel,
nomystery-sat11-strips,p07.pddl,abs-fd,success,316.1787143945694,total,280.546108,25.381129,0.045144,,142.759291,90.922262,0.023453,1.619296,0.158789,,0.410358,,,0.06965,18.801679,,,valid,1,0,0,0,43,43,,1,254,fuellevel,
nomystery-sat11-strips,p07.pddl,asp,timed out,1800.158495790325,concrete_asp,,,,,,,,1.9986541382968426,,,0.45000462140887976,,,,,,,,,,,,,,,30,,,
nomystery-sat11-strips,p07.pddl,fd,success,44.08998304978013,total,2.068764,,,,,,,,,2.062579,,,,,,,,valid,,,,,,43,,,,,
nomystery-sat11-strips,p08.pddl,abs-asp,timed out,1800.1244011633098,abstract_asp,,12.73672654852271,0.023227769881486893,,48.89302150532603,33.10254717245698,0.02550332248210907,0.9423399120569229,0.16085874289274216,,0.3065580017864704,0.01365363597869873,,,,,,,1,0,,,33,,34,,179,fuellevel,
nomystery-sat11-strips,p08.pddl,abs-fd,success,129.7391562461853,total,111.081885,12.842556,0.02058,,48.91921,32.635038,0.025657,1.00128,0.162688,,0.306855,,,0.072684,14.837075,,,valid,1,0,0,0,43,43,,1,179,fuellevel,
nomystery-sat11-strips,p08.pddl,asp,timed out,1800.1553900837898,concrete_asp,,,,,,,,1.163272213190794,,,0.33600544184446335,,,,,,,,,,,,,,,30,,,
nomystery-sat11-strips,p08.pddl,fd,success,23.934860695153475,total,1.286019,,,,,,,,,1.280075,,,,,,,,valid,,,,,,43,,,,,
nomystery-sat11-strips,p10.pddl,abs-asp,timed out,1800.139943730086,abstract_asp,,24.552321035414934,0.0355544313788414,,169.354732837528,80.50853611528873,0.033497750759124756,1.7147160209715366,0.1772705540060997,,0.4799332059919834,0.01712651550769806,,,,,,,1,0,,,36,,37,,242,fuellevel,
nomystery-sat11-strips,p10.pddl,abs-fd,timed out,1800.3414933010936,abstract_fd_search,,23.809977930039167,0.04050706885755062,,168.91006647236645,79.77976238168776,0.03277118317782879,1.6752705667167902,0.16799875907599926,,0.48225254006683826,,,0.07453029043972492,,,,,1,0,0,0,54,,,0,242,fuellevel,
nomystery-sat11-strips,p10.pddl,asp,timed out,1800.1097989790142,concrete_asp,,,,,,,,1.98689229413867,,,0.5190483815968037,,,,,,,,,,,,,,,31,,,
nomystery-sat11-strips,p10.pddl,fd,timed out,1800.1129533052444,,,,,,,,,,,,,,,,,,,,,,,,,,,,,,
nomystery-sat11-strips,p11.pddl,abs-asp,success,10.653315387666225,total,6.58804,1.58958,0.004306,,0.650225,1.448565,0.012716,0.277953,0.17165,,0.0434,0.005531,1.317713,,1.012727,,,valid,1,0,1,0,18,19,19,1,62,fuellevel,
nomystery-sat11-strips,p11.pddl,abs-fd,success,808.4399762041867,total,804.274367,1.594914,0.004251,,0.660538,1.457307,0.013167,0.278206,0.152003,,0.042846,,,0.069311,799.934143,,,valid,1,0,8,0,20,30,,1,62,fuellevel,
nomystery-sat11-strips,p11.pddl,asp,success,228.72947929799557,total,223.645605,,,,,,,0.326605,,,0.050023,,,,223.226045,,,valid,,,,,,18,,19,,,
nomystery-sat11-strips,p11.pddl,fd,success,5.17325472459197,total,0.368452,,,,,,,,,0.360073,,,,,,,,valid,,,,,,20,,,,,
nomystery-sat11-strips,p12.pddl,abs-asp,success,19.97931043431163,total,15.874486,2.093805,0.005384,,0.955372,2.380398,0.014023,0.274238,0.144591,,0.054695,0.006369,8.490181,,1.390946,,,valid,1,0,0,0,21,21,22,1,73,fuellevel,
nomystery-sat11-strips,p12.pddl,abs-fd,timed out,1800.1392107903957,abstract_fd_search,,2.180117178708315,0.004981048405170441,,0.9741432666778564,2.3817892856895924,0.014416683465242386,0.3153352029621601,0.1538306549191475,,0.057037048041820526,,,0.06966817751526833,,,,,1,0,0,0,23,,,0,73,fuellevel,
nomystery-sat11-strips,p12.pddl,asp,timed out,1800.1327117457986,concrete_asp,,,,,,,,0.378721933811903,,,0.06440728530287743,,,,,,,,,,,,,,,21,,,
nomystery-sat11-strips,p12.pddl,fd,success,6.294307686388493,total,0.616594,,,,,,,,,0.609145,,,,,,,,valid,,,,,,21,,,,,
nomystery-sat11-strips,p13.pddl,abs-asp,success,112.65081747248769,total,101.543138,7.157156,0.0124,,6.699546,13.395759,0.016178,0.542719,0.154514,,0.12818,0.007265,69.660627,,3.659261,,,valid,1,0,0,0,25,25,26,1,133,fuellevel,
nomystery-sat11-strips,p13.pddl,abs-fd,timed out,1800.1776633206755,abstract_fd_search,,7.161183120682836,0.012043701484799385,,6.716313071548939,13.578694166615605,0.015949692577123642,0.5469262022525072,0.15386024117469788,,0.12880344316363335,,,0.06965984031558037,,,,,1,0,0,0,27,,,0,133,fuellevel,
nomystery-sat11-strips,p13.pddl,asp,timed out,1800.1379737630486,concrete_asp,,,,,,,,0.6704880222678185,,,0.13997893780469894,,,,,,,,,,,,,,,22,,,
nomystery-sat11-strips,p13.pddl,fd,success,14.258164260536432,total,0.737422,,,,,,,,,0.729686,,,,,,,,valid,,,,,,25,,,,,
nomystery-sat11-strips,p14.pddl,abs-asp,success,197.02834141254425,total,179.893547,12.632127,0.025061,,21.690385,31.800406,0.018988,0.758317,0.148149,,0.191109,0.008279,106.264731,,6.18702,,,valid,1,0,0,0,28,28,29,1,178,fuellevel,
nomystery-sat11-strips,p14.pddl,abs-fd,success,868.7515897378325,total,850.425521,12.959473,0.021628,,21.845662,32.023212,0.019528,0.814483,0.157588,,0.192178,,,0.070896,782.118647,,,valid,1,0,3,0,32,48,,1,178,fuellevel,
nomystery-sat11-strips,p14.pddl,asp,timed out,1800.1605040840805,concrete_asp,,,,,,,,0.9781013429164886,,,0.21430695429444313,,,,,,,,,,,,,,,27,,,
nomystery-sat11-strips,p14.pddl,fd,timed out,1800.1140395328403,,,,,,,,,,,,,,,,,,,,,,,,,,,,,,
nomystery-sat11-strips,p15.pddl,abs-asp,timed out,1800.1231300197542,abstract_asp,,10.790402974933386,0.019777514040470123,,25.49007448554039,25.541427984833717,0.01911439746618271,0.808249905705452,0.15215051174163818,,0.21825065463781357,0.00947173684835434,,,,,,,1,0,,,32,,33,,166,fuellevel,
nomystery-sat11-strips,p15.pddl,abs-fd,timed out,1800.177305560559,abstract_fd_search,,10.781459424644709,0.019570287317037582,,25.111789390444756,25.760289885103703,0.018780305981636047,0.8229884915053844,0.1525515280663967,,0.22025783360004425,,,0.06822605058550835,,,,,1,0,0,0,36,,,0,166,fuellevel,
nomystery-sat11-strips,p15.pddl,asp,timed out,1800.052096951753,concrete_asp,,,,,,,,0.9561232626438141,,,0.24106890335679054,,,,,,,,,,,,,,,28,,,
nomystery-sat11-strips,p15.pddl,fd,timed out,1800.1103392653167,,,,,,,,,,,,,,,,,,,,,,,,,,,,,,
nomystery-sat11-strips,p16.pddl,abs-asp,timed out,1800.119474504143,abstract_asp,,11.198307655751705,0.022398177534341812,,29.367350824177265,26.585278026759624,0.021623291075229645,0.842650581151247,0.16398454457521439,,0.23681915551424026,0.01102527603507042,,,,,,,1,0,,,33,,34,,166,fuellevel,
nomystery-sat11-strips,p16.pddl,abs-fd,timed out,1800.2493449933827,abstract_fd_search,,11.229321666061878,0.019129842519760132,,28.829302076250315,25.88042852282524,0.021281640976667404,0.8687499426305294,0.1645653210580349,,0.23907605931162834,,,0.07326279208064079,,,,,1,0,0,0,40,,,0,166,fuellevel,
nomystery-sat11-strips,p16.pddl,asp,timed out,1800.144989438355,concrete_asp,,,,,,,,0.9644689150154591,,,0.26190292462706566,,,,,,,,,,,,,,,31,,,
nomystery-sat11-strips,p16.pddl,fd,timed out,1800.1133657321334,,,,,,,,,,,,,,,,,,,,,,,,,,,,,,
nomystery-sat11-strips,p17.pddl,abs-asp,timed out,1800.1255760788918,abstract_asp,,13.484974417835474,0.022579092532396317,,48.64943441003561,37.55064832046628,0.022795289754867554,1.0178929157555103,0.15730153024196625,,0.29637565091252327,0.012128055095672607,,,,,,,1,0,,,34,,35,,186,fuellevel,
nomystery-sat11-strips,p17.pddl,abs-fd,timed out,1800.2248114347458,abstract_fd_search,,13.392351508140564,0.025283046066761017,,48.630546774715185,37.029864102602005,0.023204930126667023,1.0101459510624409,0.15661895275115967,,0.29730232432484627,,,0.06937961280345917,,,,,1,0,0,0,43,,,0,186,fuellevel,
nomystery-sat11-strips,p17.pddl,asp,timed out,1800.1503580827266,concrete_asp,,,,,,,,1.1579071460291743,,,0.3206467228010297,,,,,,,,,,,,,,,30,,,
nomystery-sat11-strips,p17.pddl,fd,success,24.31180085707456,total,1.281523,,,,,,,,,1.274887,,,,,,,,valid,,,,,,40,,,,,
nomystery-sat11-strips,p18.pddl,abs-asp,timed out,1800.1187915429473,abstract_asp,,6.946932431310415,0.013753313571214676,,17.59507616609335,13.005600713193417,0.025065887719392776,0.6788528114557266,0.1602655127644539,,0.21909786760807037,0.013618521392345428,,,,,,,1,0,,,33,,34,,131,fuellevel,
nomystery-sat11-strips,p18.pddl,abs-fd,timed out,1800.173751566559,abstract_fd_search,,6.814253214746714,0.012148413807153702,,17.918463196605444,12.926704294979572,0.025250110775232315,0.6914295256137848,0.16125411167740822,,0.21904373914003372,,,0.07111925259232521,,,,,1,0,0,0,43,,,0,131,fuellevel,
nomystery-sat11-strips,p18.pddl,asp,timed out,1800.1395483305678,concrete_asp,,,,,,,,0.8476888444274664,,,0.24276154395192862,,,,,,,,,,,,,,,31,,,
nomystery-sat11-strips,p18.pddl,fd,timed out,1800.111685927026,,,,,,,,,,,,,,,,,,,,,,,,,,,,,,
nomystery-sat11-strips,p19.pddl,abs-asp,timed out,1800.1296014264226,abstract_asp,,19.948862981051207,0.03541533835232258,,123.65658299066126,64.00883084721863,0.029838543385267258,1.3712725322693586,0.16442721523344517,,0.4260931946337223,0.015349175781011581,,,,,,,1,0,,,36,,37,,225,fuellevel,
nomystery-sat11-strips,p19.pddl,abs-fd,timed out,1800.3235019482672,abstract_fd_search,,20.89161651954055,0.030333608388900757,,123.54902670159936,64.46699625998735,0.0314713753759861,1.4763903953135014,0.17412368208169937,,0.42963211610913277,,,0.07774455472826958,,,,,1,0,0,0,56,,,0,225,fuellevel,
nomystery-sat11-strips,p19.pddl,asp,timed out,1800.1747486470267,concrete_asp,,,,,,,,1.690853375941515,,,0.4662834629416466,,,,,,,,,,,,,,,31,,,
nomystery-sat11-strips,p19.pddl,fd,timed out,1800.1143353842199,,,,,,,,,,,,,,,,,,,,,,,,,,,,,,
nomystery-sat11-strips,p20.pddl,abs-asp,timed out,1800.123224336654,abstract_asp,,12.662603169679642,0.020461607724428177,,60.0035855807364,31.932195637375116,0.03152645751833916,1.0861638151109219,0.16880841553211212,,0.3493364378809929,0.016996964812278748,,,,,,,1,0,,,37,,38,,178,fuellevel,
nomystery-sat11-strips,p20.pddl,abs-fd,timed out,1800.263787459582,abstract_fd_search,,12.551712568849325,0.021268850192427635,,60.19227081723511,32.30676246993244,0.0315638966858387,1.1373986583203077,0.16754835844039917,,0.3518746867775917,,,0.07331883907318115,,,,,1,0,0,0,54,,,0,178,fuellevel,
nomystery-sat11-strips,p20.pddl,asp,timed out,1800.1605095546693,concrete_asp,,,,,,,,1.3167983666062355,,,0.38120611384510994,,,,,,,,,,,,,,,32,,,
nomystery-sat11-strips,p20.pddl,fd,timed out,1800.0188050866127,,,,,,,,,,,,,,,,,,,,,,,,,,,,,,
openstacks-sat08-strips,p01.pddl,abs-asp,success,3.686801828444004,total,1.350813,0.176806,0.003164,,0.173498,0.01296,0.017759,0.154602,0.146172,,0.005548,0.003251,0.501969,,0.11767,,,valid,7,0,0,0,15,20,16,1,6,count,
openstacks-sat08-strips,p01.pddl,abs-fd,success,3.3081248216331005,total,0.937285,0.175613,0.003113,,0.177657,0.013144,0.017863,0.178182,0.14618,,0.006829,,,0.067815,0.118515,,,valid,7,0,0,0,15,20,,1,6,count,
openstacks-sat08-strips,p01.pddl,asp,success,7.721248980611563,total,5.679556,,,,,,,0.19733,,,0.00635,,,,5.451249,,,valid,,,,,,17,,18,,,
openstacks-sat08-strips,p01.pddl,fd,success,2.2480069398880005,total,0.219547,,,,,,,,,0.210145,,,,,,,,valid,,,,,,18,,,,,
openstacks-sat08-strips,p02.pddl,abs-asp,success,3.085319921374321,total,1.336657,0.166255,0.003119,,0.145415,0.013062,0.01792,0.153297,0.146265,,0.005438,0.003469,0.526669,,0.11816,,,valid,7,0,0,0,15,19,16,1,6,count,
openstacks-sat08-strips,p02.pddl,abs-fd,success,3.242893546819687,total,0.930781,0.173055,0.00314,,0.174023,0.01295,0.018111,0.177466,0.146289,,0.006924,,,0.068147,0.11805,,,valid,7,0,0,0,15,20,,1,6,count,
openstacks-sat08-strips,p02.pddl,asp,success,10.054176170378923,total,8.000999,,,,,,,0.196682,,,0.006299,,,,7.77407,,,valid,,,,,,18,,19,,,
openstacks-sat08-strips,p02.pddl,fd,success,2.2809524200856686,total,0.2171,,,,,,,,,0.207986,,,,,,,,valid,,,,,,18,,,,,
openstacks-sat08-strips,p03.pddl,abs-asp,success,3.255575221031904,total,1.614209,0.163889,0.002967,,0.14389,0.012693,0.017302,0.175869,0.144204,,0.006695,0.00321,0.79668,,0.113466,,,valid,7,0,0,0,15,20,16,1,6,count,
openstacks-sat08-strips,p03.pddl,abs-fd,success,3.008201126009226,total,0.882634,0.169666,0.003033,,0.165197,0.012632,0.017216,0.168133,0.137758,,0.006538,,,0.063764,0.109766,,,valid,7,0,0,0,15,20,,1,6,count,
openstacks-sat08-strips,p03.pddl,asp,success,12.108328752219677,total,10.047725,,,,,,,0.196524,,,0.006435,,,,9.821297,,,valid,,,,,,17,,18,,,
openstacks-sat08-strips,p03.pddl,fd,success,2.230170536786318,total,0.217773,,,,,,,,,0.208341,,,,,,,,valid,,,,,,17,,,,,
openstacks-sat08-strips,p04.pddl,abs-asp,timed out,1800.0152103826404,abstract_asp,,0.2802520729601383,0.005039103329181671,,0.1821247674524784,0.03192248195409775,0.03410445526242256,0.18317820131778717,0.143491979688406,,0.012764330953359604,0.003885846585035324,,,,,,,12,0,,,22,,23,,11,count,
openstacks-sat08-strips,p04.pddl,abs-fd,success,3.060136951506138,total,1.46211,0.268871,0.00503,,0.17583,0.032036,0.034064,0.158632,0.144816,,0.013067,,,0.065167,0.520001,,,valid,12,0,0,0,30,39,,1,11,count,
openstacks-sat08-strips,p04.pddl,asp,timed out,1800.1231412291527,concrete_asp,,,,,,,,0.22655964642763138,,,0.013306699693202972,,,,,,,,,,,,,,,23,,,
openstacks-sat08-strips,p04.pddl,fd,success,2.433195412158966,total,0.242249,,,,,,,,,0.233142,,,,,,,,valid,,,,,,34,,,,,
openstacks-sat08-strips,p05.pddl,abs-asp,timed out,1800.1177522353828,abstract_asp,,0.27501995861530304,0.005080141127109528,,0.18359117582440376,0.03121347352862358,0.0353597067296505,0.1939259059727192,0.1528109423816204,,0.013032451272010803,0.004052929580211639,,,,,,,12,0,,,23,,24,,11,count,
openstacks-sat08-strips,p05.pddl,abs-fd,success,3.7814078368246555,total,1.541118,0.276479,0.004919,,0.196788,0.031115,0.034576,0.190593,0.145564,,0.01314,,,0.065926,0.536801,,,valid,12,0,0,0,30,40,,1,11,count,
openstacks-sat08-strips,p05.pddl,asp,timed out,1800.1201790720224,concrete_asp,,,,,,,,0.2140733189880848,,,0.013068538159132004,,,,,,,,,,,,,,,23,,,
openstacks-sat08-strips,p05.pddl,fd,success,2.478147931396961,total,0.236847,,,,,,,,,0.22892,,,,,,,,valid,,,,,,34,,,,,
openstacks-sat08-strips,p06.pddl,abs-asp,timed out,1800.1131496988237,abstract_asp,,0.2752933241426945,0.005100104957818985,,0.19764911010861397,0.03195473924279213,0.03400416299700737,0.1588132306933403,0.14293012022972107,,0.011440757662057877,0.0038257725536823273,,,,,,,12,0,,,22,,23,,11,count,
openstacks-sat08-strips,p06.pddl,abs-fd,success,3.72454472258687,total,1.5176,0.276584,0.004992,,0.204428,0.031394,0.033909,0.183674,0.144107,,0.013018,,,0.065763,0.5185,,,valid,12,0,0,0,30,40,,1,11,count,
openstacks-sat08-strips,p06.pddl,asp,timed out,1800.0260204821825,concrete_asp,,,,,,,,0.2161007598042488,,,0.013408325612545013,,,,,,,,,,,,,,,24,,,
openstacks-sat08-strips,p06.pddl,fd,success,2.400864467024803,total,0.239262,,,,,,,,,0.230336,,,,,,,,valid,,,,,,36,,,,,
openstacks-sat08-strips,p07.pddl,abs-asp,timed out,1800.1135236024857,abstract_asp,,0.3384510986506939,0.007154889404773712,,0.26895076408982277,0.05808711051940918,0.04519061744213104,0.20726579800248146,0.14851711317896843,,0.023099541664123535,0.004495028406381607,,,,,,,17,0,,,23,,24,,16,count,
openstacks-sat08-strips,p07.pddl,abs-fd,success,5.292108044028282,total,2.859553,0.352111,0.007344,,0.280615,0.058621,0.04556,0.221423,0.165314,,0.024051,,,0.071087,1.567364,,,valid,17,0,0,0,45,50,,1,16,count,
openstacks-sat08-strips,p07.pddl,asp,timed out,1800.120315592736,concrete_asp,,,,,,,,0.23967467993497849,,,0.024445194751024246,,,,,,,,,,,,,,,23,,,
openstacks-sat08-strips,p07.pddl,fd,success,2.5618043430149555,total,0.269134,,,,,,,,,0.261236,,,,,,,,valid,,,,,,53,,,,,
openstacks-sat08-strips,p08.pddl,abs-asp,timed out,1800.1125748883933,abstract_asp,,0.3380365427583456,0.007401779294013977,,0.2691859919577837,0.05710834637284279,0.0448501817882061,0.18231181055307388,0.1480113249272108,,0.021645762026309967,0.004471812397241592,,,,,,,17,0,,,24,,25,,16,count,
openstacks-sat08-strips,p08.pddl,abs-fd,success,5.373154848814011,total,2.862326,0.353389,0.007643,,0.284378,0.058445,0.045538,0.217212,0.158868,,0.023163,,,0.071625,1.575602,,,valid,17,0,0,0,45,50,,1,16,count,
openstacks-sat08-strips,p08.pddl,asp,timed out,1800.0317097268999,concrete_asp,,,,,,,,0.24040589109063148,,,0.024370059370994568,,,,,,,,,,,,,,,23,,,
openstacks-sat08-strips,p08.pddl,fd,success,2.5918817594647408,total,0.267299,,,,,,,,,0.258873,,,,,,,,valid,,,,,,50,,,,,
openstacks-sat08-strips,p09.pddl,abs-asp,timed out,1800.1147667691112,abstract_asp,,0.3506971001625061,0.007290344685316086,,0.2816133499145508,0.057880010455846786,0.04516235366463661,0.2169061414897442,0.1573183797299862,,0.023211181163787842,0.004605058580636978,,,,,,,17,0,,,23,,24,,16,count,
openstacks-sat08-strips,p09.pddl,abs-fd,success,5.302792571485043,total,2.822375,0.344615,0.007193,,0.278005,0.057854,0.045416,0.210324,0.15056,,0.023322,,,0.067473,1.570923,,,valid,17,0,0,0,45,60,,1,16,count,
openstacks-sat08-strips,p09.pddl,asp,timed out,1800.1198369450867,concrete_asp,,,,,,,,0.23976228386163712,,,0.024633556604385376,,,,,,,,,,,,,,,23,,,
openstacks-sat08-strips,p09.pddl,fd,success,2.626500390470028,total,0.273461,,,,,,,,,0.264166,,,,,,,,valid,,,,,,52,,,,,
openstacks-sat08-strips,p10.pddl,abs-asp,timed out,1800.1130171641707,abstract_asp,,0.429068174213171,0.009500760585069656,,0.49362680315971375,0.09117100015282631,0.0614558681845665,0.2505382038652897,0.16384999454021454,,0.03794603422284126,0.005136784166097641,,,,,,,22,0,,,24,,25,,21,count,
openstacks-sat08-strips,p10.pddl,abs-fd,success,7.471509389579296,total,5.451766,0.418977,0.009613,,0.442911,0.092254,0.062344,0.225506,0.164491,,0.036245,,,0.072542,3.81802,,,valid,22,0,0,0,60,80,,1,21,count,
openstacks-sat08-strips,p10.pddl,asp,timed out,1800.1218162178993,concrete_asp,,,,,,,,0.27307142317295074,,,0.03956155478954315,,,,,,,,,,,,,,,24,,,
openstacks-sat08-strips,p10.pddl,fd,success,2.7415559142827988,total,0.311242,,,,,,,,,0.304436,,,,,,,,valid,,,,,,71,,,,,
openstacks-sat08-strips,p11.pddl,abs-asp,timed out,1800.1170188449323,abstract_asp,,0.41853778436779976,0.00938086211681366,,0.4279704689979553,0.09302045777440071,0.061823517084121704,0.22410865500569344,0.1624470129609108,,0.036449141800403595,0.0051607489585876465,,,,,,,22,0,,,24,,25,,21,count,
openstacks-sat08-strips,p11.pddl,abs-fd,success,7.723539121448994,total,5.085139,0.423088,0.009487,,0.423953,0.09325,0.064177,0.26945,0.163746,,0.038693,,,0.072058,3.434847,,,valid,22,0,0,0,60,71,,1,21,count,
openstacks-sat08-strips,p11.pddl,asp,timed out,1800.1193525157869,concrete_asp,,,,,,,,0.2789299227297306,,,0.04048576578497887,,,,,,,,,,,,,,,24,,,
openstacks-sat08-strips,p11.pddl,fd,success,2.776626519858837,total,0.31894,,,,,,,,,0.309621,,,,,,,,valid,,,,,,71,,,,,
openstacks-sat08-strips,p12.pddl,abs-asp,timed out,1800.01369086653,abstract_asp,,0.40984296426177025,0.009530793875455856,,0.40946049615740776,0.09212609753012657,0.061155855655670166,0.23871861770749092,0.15346473827958107,,0.03808828070759773,0.00502951443195343,,,,,,,22,0,,,25,,26,,21,count,
openstacks-sat08-strips,p12.pddl,abs-fd,success,7.885251097381115,total,5.1206,0.425105,0.009552,,0.430768,0.0925,0.062193,0.252921,0.166448,,0.038012,,,0.074652,3.466168,,,valid,22,0,0,0,60,67,,1,21,count,
openstacks-sat08-strips,p12.pddl,asp,timed out,1800.122493389994,concrete_asp,,,,,,,,0.27903223037719727,,,0.039993081241846085,,,,,,,,,,,,,,,24,,,
openstacks-sat08-strips,p12.pddl,fd,success,2.7559638135135174,total,0.313438,,,,,,,,,0.305264,,,,,,,,valid,,,,,,68,,,,,
openstacks-sat08-strips,p13.pddl,abs-asp,timed out,1800.1142947077751,abstract_asp,,0.5260553099215031,0.013496790081262589,,1.069633524864912,0.18336007371544838,0.09745894744992256,0.3310713618993759,0.16373687982559204,,0.08017473295331001,0.006209652870893478,,,,,,,32,0,,,23,,24,,31,count,
openstacks-sat08-strips,p13.pddl,abs-fd,success,16.910087309777737,total,13.937793,0.554413,0.013714,,1.146296,0.183533,0.096772,0.326357,0.172585,,0.077677,,,0.076882,11.086646,,,valid,32,0,0,0,90,120,,1,31,count,
openstacks-sat08-strips,p13.pddl,asp,timed out,1800.1263818070292,concrete_asp,,,,,,,,0.37453486397862434,,,0.0863221175968647,,,,,,,,,,,,,,,23,,,
openstacks-sat08-strips,p13.pddl,fd,success,3.2457659654319286,total,0.55237,,,,,,,,,0.440042,,,,,,,,valid,,,,,,106,,,,,
openstacks-sat08-strips,p14.pddl,abs-asp,timed out,1800.1133647449315,abstract_asp,,0.5561758279800415,0.014062538743019104,,1.1268907561898232,0.18556123599410057,0.0972784198820591,0.35462866351008415,0.17316051572561264,,0.08018932491540909,0.006317224353551865,,,,,,,32,0,,,24,,25,,31,count,
openstacks-sat08-strips,p14.pddl,abs-fd,success,16.084732998162508,total,13.223643,0.567388,0.013959,,1.109425,0.188662,0.09845,0.331474,0.171641,,0.080283,,,0.075702,10.379565,,,valid,32,0,0,0,90,100,,1,31,count,
openstacks-sat08-strips,p14.pddl,asp,timed out,1800.08967557922,concrete_asp,,,,,,,,0.38110171258449554,,,0.08692009747028351,,,,,,,,,,,,,,,24,,,
openstacks-sat08-strips,p14.pddl,fd,success,3.146047465503216,total,0.447246,,,,,,,,,0.439611,,,,,,,,valid,,,,,,105,,,,,
openstacks-sat08-strips,p15.pddl,abs-asp,timed out,1800.0201236493886,abstract_asp,,0.5586298666894436,0.013588029891252518,,1.1389616131782532,0.1815728098154068,0.09726839512586594,0.3441019505262375,0.17525384202599525,,0.08016279339790344,0.006257794797420502,,,,,,,32,0,,,24,,25,,31,count,
openstacks-sat08-strips,p15.pddl,abs-fd,success,16.24681431055069,total,14.121097,0.523523,0.013646,,1.06436,0.201685,0.096513,0.326425,0.162597,,0.079746,,,0.071956,11.384255,,,valid,32,0,0,0,90,120,,1,31,count,
openstacks-sat08-strips,p15.pddl,asp,timed out,1800.1258845329285,concrete_asp,,,,,,,,0.37771889194846153,,,0.08540148660540581,,,,,,,,,,,,,,,23,,,
openstacks-sat08-strips,p15.pddl,fd,success,3.836242936551571,total,0.491648,,,,,,,,,0.484502,,,,,,,,valid,,,,,,104,,,,,
openstacks-sat08-strips,p16.pddl,abs-asp,timed out,1800.1144679673016,abstract_asp,,0.6637222468852997,0.02212793007493019,,3.0902903340756893,0.31055423244833946,0.20945437625050545,0.4277903735637665,0.17309970036149025,,0.13718173652887344,0.007593810558319092,,,,,,,42,0,,,24,,25,,41,count,
openstacks-sat08-strips,p16.pddl,abs-fd,success,35.65869437158108,total,32.443502,0.670835,0.022118,,3.10013,0.31503,0.20954,0.450564,0.17468,,0.150866,,,0.077522,26.867994,,,valid,42,0,0,0,120,160,,1,41,count,
openstacks-sat08-strips,p16.pddl,asp,timed out,1800.126058306545,concrete_asp,,,,,,,,5.763225346803665,,,0.15550093725323677,,,,,,,,,,,,,,,23,,,
openstacks-sat08-strips,p16.pddl,fd,success,3.623148810118437,total,0.628403,,,,,,,,,0.622201,,,,,,,,valid,,,,,,142,,,,,
openstacks-sat08-strips,p17.pddl,abs-asp,timed out,1800.0175508745015,abstract_asp,,0.698352687060833,0.017544560134410858,,3.123681418597698,0.3076220601797104,0.22869303822517395,0.46361419185996056,0.18161915242671967,,0.13808638602495193,0.0073714591562747955,,,,,,,42,0,,,25,,26,,41,count,
openstacks-sat08-strips,p17.pddl,abs-fd,success,33.54148932918906,total,30.174038,0.692185,0.017572,,3.121788,0.309245,0.22247,0.463237,0.202031,,0.138074,,,0.081257,24.492265,,,valid,42,0,0,0,120,138,,1,41,count,
openstacks-sat08-strips,p17.pddl,asp,timed out,1800.1217369996011,concrete_asp,,,,,,,,0.50904580950737,,,0.1488211527466774,,,,,,,,,,,,,,,23,,,
openstacks-sat08-strips,p17.pddl,fd,success,4.723354517482221,total,0.661109,,,,,,,,,0.653986,,,,,,,,valid,,,,,,142,,,,,
openstacks-sat08-strips,p18.pddl,abs-asp,timed out,1800.0574682988226,abstract_asp,,0.685901153832674,0.017523985356092453,,3.126114923506975,0.30520015954971313,0.22167591378092766,0.46261658146977425,0.1824600100517273,,0.13745050504803658,0.007347214967012405,,,,,,,42,0,,,24,,25,,41,count,
openstacks-sat08-strips,p18.pddl,abs-fd,success,35.59736066311598,total,32.40874,0.661764,0.017546,,3.117658,0.320436,0.213615,0.452497,0.174465,,0.149739,,,0.078287,26.820103,,,valid,42,0,0,0,120,160,,1,41,count,
openstacks-sat08-strips,p18.pddl,asp,timed out,1800.1283900924027,concrete_asp,,,,,,,,0.5207984559237957,,,0.1504954732954502,,,,,,,,,,,,,,,23,,,
openstacks-sat08-strips,p18.pddl,fd,success,3.591737501323223,total,0.634319,,,,,,,,,0.626282,,,,,,,,valid,,,,,,143,,,,,
openstacks-sat08-strips,p19.pddl,abs-asp,timed out,1800.1501610837877,abstract_asp,,0.8789126761257648,0.022865738719701767,,7.931843988597393,0.4734509363770485,0.1897968128323555,0.5998890325427055,0.1830371506512165,,0.2187061794102192,0.00868285819888115,,,,,,,52,0,,,25,,26,,51,count,
openstacks-sat08-strips,p19.pddl,abs-fd,success,64.37590721994638,total,61.324963,1.041085,0.022588,,7.888216,0.468563,0.19209,0.611546,0.183081,,0.216643,,,0.08363,49.9074,,,valid,52,0,0,0,150,200,,1,51,count,
openstacks-sat08-strips,p19.pddl,asp,timed out,1800.1290975511074,concrete_asp,,,,,,,,0.7603405155241489,,,0.23734895139932632,,,,,,,,,,,,,,,23,,,
openstacks-sat08-strips,p19.pddl,fd,success,4.702314864844084,total,0.979495,,,,,,,,,0.971149,,,,,,,,valid,,,,,,175,,,,,
openstacks-sat08-strips,p20.pddl,abs-asp,timed out,1800.1177451871336,abstract_asp,,0.9416489899158478,0.02305060252547264,,7.841998912394047,0.4879697486758232,0.18773429840803146,0.6261966191232204,0.1938408687710762,,0.22019942104816437,0.008842378854751587,,,,,,,52,0,,,23,,24,,51,count,
openstacks-sat08-strips,p20.pddl,abs-fd,success,63.827678587287664,total,59.737832,0.955369,0.022744,,7.911421,0.489536,0.187763,0.64937,0.193223,,0.222008,,,0.086725,48.25688,,,valid,52,0,0,0,150,182,,1,51,count,
openstacks-sat08-strips,p20.pddl,asp,timed out,1800.130718678236,concrete_asp,,,,,,,,0.7784399203956127,,,0.24125750735402107,,,,,,,,,,,,,,,23,,,
openstacks-sat08-strips,p20.pddl,fd,success,3.6579531244933605,total,0.844144,,,,,,,,,0.840722,,,,,,,,valid,,,,,,186,,,,,
openstacks-sat08-strips,p21.pddl,abs-asp,timed out,1800.1128734722733,abstract_asp,,0.8796607628464699,0.022440046072006226,,7.891352389007807,0.467872217297554,0.18242020159959793,0.6287757083773613,0.1843186430633068,,0.21759356930851936,0.008579365909099579,,,,,,,52,0,,,22,,23,,51,count,
openstacks-sat08-strips,p21.pddl,abs-fd,success,66.88286402076483,total,63.305972,0.875109,0.022489,,7.889454,0.486275,0.186665,0.620935,0.18066,,0.21554,,,0.081768,52.023639,,,valid,52,0,0,0,150,200,,1,51,count,
openstacks-sat08-strips,p21.pddl,asp,timed out,1800.0348648391664,concrete_asp,,,,,,,,0.7486354410648346,,,0.23324517533183098,,,,,,,,,,,,,,,22,,,
openstacks-sat08-strips,p21.pddl,fd,success,4.2197898253798485,total,0.939481,,,,,,,,,0.930621,,,,,,,,valid,,,,,,178,,,,,
openstacks-sat08-strips,p22.pddl,abs-asp,timed out,1800.0218832865357,abstract_asp,,1.1227891594171524,0.02790907397866249,,17.77113677188754,0.6909740380942822,0.2520427256822586,0.813585489988327,0.20424827560782433,,0.3177179917693138,0.010415636003017426,,,,,,,62,0,,,23,,24,,61,count,
openstacks-sat08-strips,p22.pddl,abs-fd,success,158.22305431962013,total,153.012822,1.080616,0.027066,,17.698204,0.679012,0.251653,0.835729,0.202545,,0.316594,,,0.091457,130.239146,,,valid,62,0,0,0,180,240,,1,61,count,
openstacks-sat08-strips,p22.pddl,asp,timed out,1800.042737815529,concrete_asp,,,,,,,,1.0299730561673641,,,0.34924787282943726,,,,,,,,,,,,,,,23,,,
openstacks-sat08-strips,p22.pddl,fd,success,6.430822104215622,total,1.351048,,,,,,,,,1.342906,,,,,,,,valid,,,,,,219,,,,,
openstacks-sat08-strips,p23.pddl,abs-asp,timed out,1800.116203468293,abstract_asp,,1.0068114809691906,0.02700810506939888,,17.676499918103218,0.6629088334739208,0.2479163520038128,0.8075156919658184,0.19368309155106544,,0.3124772310256958,0.009747445583343506,,,,,,,62,0,,,25,,26,,61,count,
openstacks-sat08-strips,p23.pddl,abs-fd,success,112.72025462985039,total,107.922881,1.068504,0.026985,,18.055885,0.662368,0.244029,0.834082,0.206652,,0.31415,,,0.09372,85.077971,,,valid,62,0,0,0,180,217,,1,61,count,
openstacks-sat08-strips,p23.pddl,asp,timed out,1800.1347169093788,concrete_asp,,,,,,,,0.9859883487224579,,,0.33843057975172997,,,,,,,,,,,,,,,23,,,
openstacks-sat08-strips,p23.pddl,fd,success,4.84353381767869,total,1.265538,,,,,,,,,1.25786,,,,,,,,valid,,,,,,217,,,,,
openstacks-sat08-strips,p24.pddl,abs-asp,timed out,1800.1404669787735,abstract_asp,,1.0074508506804705,0.02694353088736534,,17.685763454064727,0.6602452751249075,0.24150652810931206,0.806975394487381,0.19287621788680553,,0.31036134622991085,0.009778989478945732,,,,,,,62,0,,,21,,22,,61,count,
openstacks-sat08-strips,p24.pddl,abs-fd,success,117.87525924667716,total,113.975666,1.039113,0.026754,,18.071877,0.665574,0.241434,0.797176,0.202142,,0.310501,,,0.090382,91.340486,,,valid,62,0,0,0,180,240,,1,61,count,
openstacks-sat08-strips,p24.pddl,asp,timed out,1800.129336208105,concrete_asp,,,,,,,,0.962901633232832,,,0.3343098871409893,,,,,,,,,,,,,,,23,,,
openstacks-sat08-strips,p24.pddl,fd,success,4.163967289030552,total,1.141096,,,,,,,,,1.137671,,,,,,,,valid,,,,,,218,,,,,
openstacks-sat08-strips,p25.pddl,abs-asp,timed out,1800.1223161816597,abstract_asp,,1.46578848361969,0.036659907549619675,,68.37942020595074,1.1714980900287628,0.37714748457074165,1.4780276007950306,0.2225034348666668,,0.5673981681466103,0.012296821922063828,,,,,,,82,0,,,23,,24,,81,count,
openstacks-sat08-strips,p25.pddl,abs-fd,interrupted,256.3673661965877,abstract_fd_search,,1.4013805408030748,0.036655670031905174,,67.87479181587696,1.1647151857614517,0.3668163027614355,1.400684591382742,0.21392244659364223,,0.562451621517539,,,0.10134534910321236,,,,,82,0,0,0,240,,,0,81,count,
openstacks-sat08-strips,p25.pddl,asp,timed out,1800.1359202750027,concrete_asp,,,,,,,,1.7668964266777039,,,0.6097842082381248,,,,,,,,,,,,,,,22,,,
openstacks-sat08-strips,p25.pddl,fd,success,8.060165528208017,total,2.608717,,,,,,,,,2.600161,,,,,,,,valid,,,,,,298,,,,,
openstacks-sat08-strips,p26.pddl,abs-asp,timed out,1800.117800641805,abstract_asp,,1.4638734571635723,0.043110836297273636,,68.84121096506715,1.156043242663145,0.3616650849580765,1.3840755186975002,0.22401446104049683,,0.5716759413480759,0.01198241114616394,,,,,,,82,0,,,21,,22,,81,count,
openstacks-sat08-strips,p26.pddl,abs-fd,interrupted,256.5004005096853,abstract_fd_search,,1.382039450109005,0.04039508104324341,,68.42295947670937,1.1430292688310146,0.36024095490574837,1.3367187529802322,0.21260540187358856,,0.5570947118103504,,,0.10194385424256325,,,,,82,0,0,0,240,,,0,81,count,
openstacks-sat08-strips,p26.pddl,asp,timed out,1800.12577964738,concrete_asp,,,,,,,,1.5427423678338528,,,0.595728937536478,,,,,,,,,,,,,,,23,,,
openstacks-sat08-strips,p26.pddl,fd,success,5.688807118684053,total,2.056452,,,,,,,,,2.053403,,,,,,,,valid,,,,,,286,,,,,
openstacks-sat08-strips,p27.pddl,abs-asp,timed out,1800.117367129773,abstract_asp,,1.4881677478551865,0.03609131649136543,,68.40820933133364,1.1637265011668205,0.3707950860261917,1.3670740388333797,0.2209831401705742,,0.5628626868128777,0.012280039489269257,,,,,,,82,0,,,23,,24,,81,count,
openstacks-sat08-strips,p27.pddl,abs-fd,interrupted,256.50726192444563,abstract_fd_search,,1.4130515046417713,0.036031920462846756,,68.30390585586429,1.164200782775879,0.35927557200193405,1.3160828314721584,0.21310288831591606,,0.5568825304508209,,,0.10263349860906601,,,,,82,0,0,0,240,,,0,81,count,
openstacks-sat08-strips,p27.pddl,asp,timed out,1800.1397756235674,concrete_asp,,,,,,,,1.6304377121850848,,,0.6099483780562878,,,,,,,,,,,,,,,22,,,
openstacks-sat08-strips,p27.pddl,fd,success,6.511660952121019,total,2.112811,,,,,,,,,2.109062,,,,,,,,valid,,,,,,288,,,,,
openstacks-sat11-strips,p01.pddl,abs-asp,timed out,1800.113878061995,abstract_asp,,0.8707398790866137,0.022948166355490685,,7.903971876949072,0.4843871835619211,0.1826886273920536,0.6224638223648071,0.18156074546277523,,0.2159506268799305,0.008552715182304382,,,,,,,52,0,,,22,,23,,51,count,
openstacks-sat11-strips,p01.pddl,abs-fd,success,68.34207436069846,total,64.286382,0.902705,0.022955,,7.966337,0.483328,0.185603,0.662772,0.191832,,0.215592,,,0.086972,52.824401,,,valid,52,0,0,0,150,200,,1,51,count,
openstacks-sat11-strips,p01.pddl,asp,timed out,1800.1316421590745,concrete_asp,,,,,,,,0.7249698340892792,,,0.23097828030586243,,,,,,,,,,,,,,,22,,,
openstacks-sat11-strips,p01.pddl,fd,success,4.953934408724308,total,0.923566,,,,,,,,,0.917565,,,,,,,,valid,,,,,,178,,,,,
openstacks-sat11-strips,p02.pddl,abs-asp,timed out,1800.1185842044652,abstract_asp,,1.0895538963377476,0.027471091598272324,,17.750422410666943,0.6758226417005062,0.2495376318693161,0.8397272415459156,0.20678174495697021,,0.32606031000614166,0.009894419461488724,,,,,,,62,0,,,23,,24,,61,count,
openstacks-sat11-strips,p02.pddl,abs-fd,success,150.77600726485252,total,145.934624,1.097447,0.027312,,17.708124,0.69987,0.249225,0.839423,0.204759,,0.319344,,,0.092855,123.425888,,,valid,62,0,0,0,180,240,,1,61,count,
openstacks-sat11-strips,p02.pddl,asp,timed out,1800.1327866343781,concrete_asp,,,,,,,,0.9547778116539121,,,0.341313723474741,,,,,,,,,,,,,,,23,,,
openstacks-sat11-strips,p02.pddl,fd,success,4.409895229153335,total,1.178208,,,,,,,,,1.172571,,,,,,,,valid,,,,,,219,,,,,
openstacks-sat11-strips,p03.pddl,abs-asp,timed out,1800.1111090742052,abstract_asp,,1.0120614655315876,0.026715949177742004,,17.744950909167528,0.6556420661509037,0.24406222999095917,0.8040555752813816,0.19289877265691757,,0.31065913289785385,0.009744614362716675,,,,,,,62,0,,,21,,22,,61,count,
openstacks-sat11-strips,p03.pddl,abs-fd,success,119.30111343413591,total,114.797276,1.089311,0.026754,,17.859091,0.666351,0.242092,0.829318,0.203127,,0.314961,,,0.092918,92.259323,,,valid,62,0,0,0,180,240,,1,61,count,
openstacks-sat11-strips,p03.pddl,asp,timed out,1800.1317413002253,concrete_asp,,,,,,,,0.9417424090206623,,,0.33740516006946564,,,,,,,,,,,,,,,23,,,
openstacks-sat11-strips,p03.pddl,fd,success,5.568451564759016,total,1.285507,,,,,,,,,1.279008,,,,,,,,valid,,,,,,218,,,,,
openstacks-sat11-strips,p04.pddl,abs-asp,timed out,1800.118372656405,abstract_asp,,1.487168999388814,0.03676082752645016,,68.38614407740533,1.1632034126669168,0.36939663998782635,1.4654860775917768,0.22414479590952396,,0.5660578906536102,0.01278030313551426,,,,,,,82,0,,,23,,24,,81,count,
openstacks-sat11-strips,p04.pddl,abs-fd,interrupted,258.9345328770578,abstract_fd_search,,1.495589055120945,0.03691081330180168,,68.32167229801416,1.1664962023496628,0.36964092403650284,1.427935902029276,0.22382209822535515,,0.558075550943613,,,0.10607245191931725,,,,,82,0,0,0,240,,,0,81,count,
openstacks-sat11-strips,p04.pddl,asp,timed out,1800.1565060950816,concrete_asp,,,,,,,,1.746701616793871,,,0.615787360817194,,,,,,,,,,,,,,,22,,,
openstacks-sat11-strips,p04.pddl,fd,success,7.425312802195549,total,2.570534,,,,,,,,,2.560525,,,,,,,,valid,,,,,,298,,,,,
openstacks-sat11-strips,p05.pddl,abs-asp,timed out,1800.0354269370437,abstract_asp,,1.398030374199152,0.04069594666361809,,68.54606638103724,1.1467959620058537,0.35912923514842987,1.329641692340374,0.21121866255998611,,0.5628275088965893,0.01216891035437584,,,,,,,82,0,,,22,,23,,81,count,
openstacks-sat11-strips,p05.pddl,abs-fd,interrupted,255.7248527519405,abstract_fd_search,,1.380691573023796,0.03551044687628746,,69.0338362455368,1.1482308581471443,0.36455903202295303,1.388833176344633,0.21197691187262535,,0.5561894252896309,,,0.10240834951400757,,,,,82,0,0,0,240,,,0,81,count,
openstacks-sat11-strips,p05.pddl,asp,timed out,1800.1304347291589,concrete_asp,,,,,,,,1.5589323677122593,,,0.5954983346164227,,,,,,,,,,,,,,,23,,,
openstacks-sat11-strips,p05.pddl,fd,success,6.585267264395952,total,2.288233,,,,,,,,,2.280791,,,,,,,,valid,,,,,,286,,,,,
openstacks-sat11-strips,p06.pddl,abs-asp,timed out,1800.11900453642,abstract_asp,,1.6639871262013912,0.036959994584321976,,68.54671606794,1.166125848889351,0.36379849165678024,1.3898572847247124,0.2256653942167759,,0.5692392438650131,0.012281794100999832,,,,,,,82,0,,,23,,24,,81,count,
openstacks-sat11-strips,p06.pddl,abs-fd,interrupted,257.9956713207066,abstract_fd_search,,1.4211515672504902,0.03579862043261528,,68.73136788606644,1.2187888734042645,0.36258722469210625,1.319129966199398,0.22360069304704666,,0.5630544535815716,,,0.10200292617082596,,,,,82,0,0,0,240,,,0,81,count,
openstacks-sat11-strips,p06.pddl,asp,timed out,1800.134980221279,concrete_asp,,,,,,,,1.587112401612103,,,0.6078196298331022,,,,,,,,,,,,,,,22,,,
openstacks-sat11-strips,p06.pddl,fd,success,6.376834660768509,total,2.292918,,,,,,,,,2.286585,,,,,,,,valid,,,,,,288,,,,,
openstacks-sat11-strips,p07.pddl,abs-asp,timed out,1800.1102714426816,abstract_asp,,0.918561264872551,0.022745288908481598,,7.796762801706791,0.49140456318855286,0.1876746118068695,0.6163143813610077,0.18443481996655464,,0.23091664910316467,0.008852150291204453,,,,,,,52,0,,,23,,24,,51,count,
openstacks-sat11-strips,p07.pddl,abs-fd,success,63.31122964993119,total,59.396242,0.934529,0.022824,,7.904194,0.515277,0.190136,0.651055,0.192971,,0.222875,,,0.085857,47.902055,,,valid,52,0,0,0,150,182,,1,51,count,
openstacks-sat11-strips,p07.pddl,asp,timed out,1800.1275126375258,concrete_asp,,,,,,,,0.784527599811554,,,0.23945202678442,,,,,,,,,,,,,,,23,,,
openstacks-sat11-strips,p07.pddl,fd,success,3.6982104666531086,total,0.846632,,,,,,,,,0.843026,,,,,,,,valid,,,,,,186,,,,,
thoughtful-sat14-strips,bootstrap-typed-01.pddl,abs-asp,timed out,1800.121177304536,abstract_asp,,0.43436115607619286,0.00793479010462761,,0.681584183126688,0.0485227145254612,0.09603447839617729,0.3661700151860714,0.3124121204018593,,0.09174078702926636,0.06459368020296097,,,,,,,8,0,,,25,,26,,5,colnum,
thoughtful-sat14-strips,bootstrap-typed-01.pddl,abs-fd,success,7.787864428013563,total,5.879534,0.404851,0.007749,,0.632623,0.047808,0.095307,0.32954,0.297867,,0.085568,,,0.09673,3.781563,,,valid,8,0,5,0,31,43,,1,5,colnum,
thoughtful-sat14-strips,bootstrap-typed-01.pddl,asp,timed out,1800.1328187398612,concrete_asp,,,,,,,,0.47412949055433273,,,0.09763797745108604,,,,,,,,,,,,,,,27,,,
thoughtful-sat14-strips,bootstrap-typed-01.pddl,fd,success,4.410900741815567,total,0.52933,,,,,,,,,0.519517,,,,,,,,valid,,,,,,30,,,,,
thoughtful-sat14-strips,bootstrap-typed-02.pddl,abs-asp,timed out,1800.0524579547346,abstract_asp,,0.4318421445786953,0.008008215576410294,,0.6873500719666481,0.048170194029808044,0.0960061326622963,0.3398231267929077,0.3134532533586025,,0.08572746440768242,0.08091520890593529,,,,,,,8,0,,,24,,25,,5,colnum,
thoughtful-sat14-strips,bootstrap-typed-02.pddl,abs-fd,success,7.710026271641254,total,5.056969,0.425829,0.00778,,0.719098,0.048011,0.095424,0.369608,0.314658,,0.086827,,,0.10005,2.794855,,,valid,8,0,0,0,27,35,,1,5,colnum,
thoughtful-sat14-strips,bootstrap-typed-02.pddl,asp,timed out,1800.1273638121784,concrete_asp,,,,,,,,0.45457378029823303,,,0.09623512625694275,,,,,,,,,,,,,,,25,,,
thoughtful-sat14-strips,bootstrap-typed-02.pddl,fd,success,4.112139718607068,total,0.518981,,,,,,,,,0.510608,,,,,,,,valid,,,,,,27,,,,,
thoughtful-sat14-strips,bootstrap-typed-03.pddl,abs-asp,success,1063.0065510049462,total,1060.046549,0.44396,0.007868,,0.67305,0.047547,0.096437,0.365974,0.321176,,0.08512,0.061831,1054.932633,,2.865463,,,valid,8,0,4,0,25,44,26,1,5,colnum,
thoughtful-sat14-strips,bootstrap-typed-03.pddl,abs-fd,success,8.093630395829678,total,5.581997,0.410355,0.007766,,0.638808,0.047691,0.094795,0.352005,0.294773,,0.085313,,,0.093293,3.451114,,,valid,8,0,5,0,33,58,,1,5,colnum,
thoughtful-sat14-strips,bootstrap-typed-03.pddl,asp,timed out,1800.123462812975,concrete_asp,,,,,,,,0.4510972099378705,,,0.09276627562940121,,,,,,,,,,,,,,,27,,,
thoughtful-sat14-strips,bootstrap-typed-03.pddl,fd,success,4.047408416867256,total,0.507542,,,,,,,,,0.499967,,,,,,,,valid,,,,,,33,,,,,
thoughtful-sat14-strips,bootstrap-typed-04.pddl,abs-asp,timed out,1800.1277926824987,abstract_asp,,0.4406816363334656,0.007958836853504181,,0.73286147788167,0.048743218183517456,0.09858697280287743,0.35587606206536293,0.31475919857621193,,0.08943713828921318,0.06495944410562515,,,,,,,8,0,,,25,,26,,5,colnum,
thoughtful-sat14-strips,bootstrap-typed-04.pddl,abs-fd,success,7.7000690177083015,total,5.239895,0.409653,0.007836,,0.662866,0.047746,0.094939,0.356262,0.299363,,0.08817,,,0.095398,3.080758,,,valid,8,0,1,0,29,41,,1,5,colnum,
thoughtful-sat14-strips,bootstrap-typed-04.pddl,asp,timed out,1800.13994628191,concrete_asp,,,,,,,,0.47293947637081146,,,0.09779563546180725,,,,,,,,,,,,,,,27,,,
thoughtful-sat14-strips,bootstrap-typed-04.pddl,fd,success,3.990469679236412,total,0.513504,,,,,,,,,0.504507,,,,,,,,valid,,,,,,27,,,,,
thoughtful-sat14-strips,bootstrap-typed-05.pddl,abs-asp,timed out,1800.1197524890304,abstract_asp,,0.413134241476655,0.0077565573155879974,,0.599751153960824,0.0476050041615963,0.09571418538689613,0.3405271153897047,0.28970604948699474,,0.07874342799186707,0.05789399705827236,,,,,,,8,0,,,27,,28,,5,colnum,
thoughtful-sat14-strips,bootstrap-typed-05.pddl,abs-fd,success,7.664856081828475,total,5.414129,0.419889,0.007827,,0.580229,0.048352,0.095938,0.326291,0.300602,,0.077258,,,0.098518,3.351293,,,valid,8,0,2,0,34,46,,1,5,colnum,
thoughtful-sat14-strips,bootstrap-typed-05.pddl,asp,timed out,1800.141078043729,concrete_asp,,,,,,,,0.4089101105928421,,,0.08436360955238342,,,,,,,,,,,,,,,27,,,
thoughtful-sat14-strips,bootstrap-typed-05.pddl,fd,success,4.000889856368303,total,0.493483,,,,,,,,,0.485542,,,,,,,,valid,,,,,,34,,,,,
thoughtful-sat14-strips,p11_6_53-typed.pddl,abs-asp,timed out,1800.0946152731776,abstract_asp,,0.491922777146101,0.007990255951881409,,85.27811808884144,0.08101621642708778,0.24369989335536957,1.7146244160830975,1.3596434518694878,,0.7869901694357395,0.5864490196108818,,,,,,,8,0,,,47,,48,,7,colnum,
thoughtful-sat14-strips,p11_6_53-typed.pddl,abs-fd,timed out,1800.3793938849121,abstract_fd_search,,0.4746233429759741,0.007867423817515373,,82.90632301568985,0.07555547915399075,0.24383628368377686,1.6941008735448122,1.3280389234423637,,0.7764365095645189,,,0.7280470747500658,,,,,8,0,0,0,93,,,0,7,colnum,
thoughtful-sat14-strips,p11_6_53-typed.pddl,asp,timed out,1800.1637655366212,concrete_asp,,,,,,,,1.9725339943543077,,,0.8417258756235242,,,,,,,,,,,,,,,53,,,
thoughtful-sat14-strips,p11_6_53-typed.pddl,fd,timed out,1800.1142327357084,,,,,,,,,,,,,,,,,,,,,,,,,,,,,,
thoughtful-sat14-strips,p11_6_59-typed.pddl,abs-asp,timed out,1800.1515273600817,abstract_asp,,0.4718678407371044,0.007763922214508057,,62.32862427085638,0.0785859003663063,0.23942657560110092,1.5195283256471157,1.3303681500256062,,0.7247336246073246,0.5697760656476021,,,,,,,8,0,,,48,,49,,7,colnum,
thoughtful-sat14-strips,p11_6_59-typed.pddl,abs-fd,timed out,1800.40519708395,abstract_fd_search,,0.4682219810783863,0.007870234549045563,,62.45205617696047,0.07904297485947609,0.2431894764304161,1.4897111393511295,1.324807584285736,,0.7099902890622616,,,0.6669355742633343,,,,,8,0,0,0,97,,,0,7,colnum,
thoughtful-sat14-strips,p11_6_59-typed.pddl,asp,timed out,1800.1756629310548,concrete_asp,,,,,,,,1.7431416995823383,,,0.7885543927550316,,,,,,,,,,,,,,,46,,,
thoughtful-sat14-strips,p11_6_59-typed.pddl,fd,timed out,1800.0150295812637,,,,,,,,,,,,,,,,,,,,,,,,,,,,,,
thoughtful-sat14-strips,p11_6_62-typed.pddl,abs-asp,timed out,1800.1433822102845,abstract_asp,,0.5024507530033588,0.008011139929294586,,64.23029202967882,0.0812104120850563,0.24964499846100807,1.7165501303970814,1.362900547683239,,0.776437696069479,0.580520037561655,,,,,,,8,0,,,51,,52,,7,colnum,
thoughtful-sat14-strips,p11_6_62-typed.pddl,abs-fd,timed out,1800.1115199103951,concrete_asp,,0.46628417633473873,0.007829446345567703,,62.573215475305915,0.07877259328961372,0.24155330285429955,1.6792550683021545,1.3438373673707247,,0.7736251875758171,,,,,,,,8,0,,,,,,,7,colnum,
thoughtful-sat14-strips,p11_6_62-typed.pddl,asp,timed out,1800.1559991305694,concrete_asp,,,,,,,,1.9730502618476748,,,0.8642144408077002,,,,,,,,,,,,,,,49,,,
thoughtful-sat14-strips,p11_6_62-typed.pddl,fd,timed out,1800.1136471433565,,,,,,,,,,,,,,,,,,,,,,,,,,,,,,
thoughtful-sat14-strips,p13_7_78-typed.pddl,abs-asp,timed out,1800.1569594740868,abstract_asp,,0.5004538595676422,0.008020766079425812,,108.63292678445578,0.0881989412009716,0.3100343495607376,1.8666172213852406,1.5117742232978344,,0.879027470946312,0.6777338124811649,,,,,,,8,0,,,51,,52,,8,colnum,
thoughtful-sat14-strips,p13_7_78-typed.pddl,abs-fd,timed out,1800.1129165701568,concrete_asp,,0.5043534059077501,0.00834970735013485,,108.37739265523851,0.08753140456974506,0.30835685692727566,1.8387201726436615,1.5092617310583591,,0.8794326689094305,,,,,,,,8,0,,,,,,,8,colnum,
thoughtful-sat14-strips,p13_7_78-typed.pddl,asp,timed out,1800.1680987663567,concrete_asp,,,,,,,,2.1876361668109894,,,0.9734158776700497,,,,,,,,,,,,,,,52,,,
thoughtful-sat14-strips,p13_7_78-typed.pddl,fd,timed out,1800.1139929182827,,,,,,,,,,,,,,,,,,,,,,,,,,,,,,
thoughtful-sat14-strips,p13_7_79-typed.pddl,abs-asp,timed out,1800.0636754855514,abstract_asp,,0.51619952917099,0.007951442152261734,,91.5887948833406,0.08775793015956879,0.30948662757873535,1.8398875370621681,1.5455520302057266,,0.8667861483991146,0.6824866272509098,,,,,,,8,0,,,53,,54,,8,colnum,
thoughtful-sat14-strips,p13_7_79-typed.pddl,abs-fd,success,304.95518470183015,total,301.152744,0.518406,0.008118,,92.181477,0.089542,0.312037,1.919418,1.555379,,0.863083,,,0.950344,201.169291,,,valid,8,0,4,0,110,151,,1,8,colnum,
thoughtful-sat14-strips,p13_7_79-typed.pddl,asp,timed out,1800.178341199644,concrete_asp,,,,,,,,2.193934057839215,,,0.917935942299664,,,,,,,,,,,,,,,50,,,
thoughtful-sat14-strips,p13_7_79-typed.pddl,fd,success,6.192067349329591,total,3.475408,,,,,,,,,3.467693,,,,,,,,valid,,,,,,114,,,,,
thoughtful-sat14-strips,p13_7_86-typed.pddl,abs-asp,timed out,1800.1496760435402,abstract_asp,,0.5052367746829987,0.007886059582233429,,97.90176897868514,0.08736671879887581,0.3125830926001072,1.8850703984498978,1.4701790027320385,,0.8676137924194336,0.6427939683198929,,,,,,,8,0,,,54,,55,,8,colnum,
thoughtful-sat14-strips,p13_7_86-typed.pddl,abs-fd,success,294.6239839680493,total,290.861938,0.506886,0.007862,,97.539988,0.088092,0.311923,1.860239,1.46868,,0.866228,,,0.860944,185.496367,,,valid,8,0,11,0,126,211,,1,8,colnum,
thoughtful-sat14-strips,p13_7_86-typed.pddl,asp,timed out,1800.1670255577192,concrete_asp,,,,,,,,2.1442503556609154,,,0.9425943428650498,,,,,,,,,,,,,,,53,,,
thoughtful-sat14-strips,p13_7_86-typed.pddl,fd,success,6.747597206383944,total,4.069371,,,,,,,,,4.060569,,,,,,,,valid,,,,,,128,,,,,
thoughtful-sat14-strips,target-typed-20.pddl,abs-asp,timed out,1800.1546703651547,abstract_asp,,0.5153661742806435,0.00796501338481903,,92.34541073068976,0.08942195028066635,0.3094708025455475,1.813680425286293,1.4721410274505615,,0.8387717790901661,0.6443703733384609,,,,,,,8,0,,,51,,52,,8,colnum,
thoughtful-sat14-strips,target-typed-20.pddl,abs-fd,timed out,1800.3830993492156,abstract_fd_search,,0.5247008837759495,0.008123127743601799,,94.44380016066134,0.08842995762825012,0.32497907243669033,1.8712147735059261,1.5345630422234535,,0.8362488299608231,,,1.0005894117057323,,,,,8,0,0,0,119,,,0,8,colnum,
thoughtful-sat14-strips,target-typed-20.pddl,asp,timed out,1800.1637533530593,concrete_asp,,,,,,,,2.1028541699051857,,,0.917107492685318,,,,,,,,,,,,,,,50,,,
thoughtful-sat14-strips,target-typed-20.pddl,fd,success,6.087176725268364,total,3.414273,,,,,,,,,3.406034,,,,,,,,valid,,,,,,126,,,,,
thoughtful-sat14-strips,target-typed-21.pddl,abs-asp,timed out,1800.157503593713,abstract_asp,,0.5030180290341377,0.007888942956924438,,108.37238260731101,0.08934861421585083,0.30929645523428917,1.8410927169024944,1.4748727157711983,,0.9037309363484383,0.6524180695414543,,,,,,,8,0,,,61,,62,,8,colnum,
thoughtful-sat14-strips,target-typed-21.pddl,abs-fd,timed out,1800.7782134227455,abstract_fd_search,,0.5167882367968559,0.008488599210977554,,111.71063240244985,0.08836925774812698,0.31131160259246826,1.981278132647276,1.5579531714320183,,0.8924561962485313,,,1.5541703589260578,,,,,8,0,0,0,154,,,0,8,colnum,
thoughtful-sat14-strips,target-typed-21.pddl,asp,timed out,1800.182111684233,concrete_asp,,,,,,,,2.1856024488806725,,,0.9848159290850163,,,,,,,,,,,,,,,60,,,
thoughtful-sat14-strips,target-typed-21.pddl,fd,success,7.2640830390155315,total,4.503037,,,,,,,,,4.49419,,,,,,,,valid,,,,,,164,,,,,
thoughtful-sat14-strips,target-typed-22.pddl,abs-asp,timed out,1800.1606191173196,abstract_asp,,0.5118079409003258,0.007974304258823395,,104.83829282596707,0.08825289830565453,0.30930376052856445,1.7969582006335258,1.5487848930060863,,0.8202445581555367,0.6813759952783585,,,,,,,8,0,,,54,,55,,8,colnum,
thoughtful-sat14-strips,target-typed-22.pddl,abs-fd,timed out,1800.3358000591397,abstract_fd_search,,0.5215273685753345,0.00811828300356865,,98.38524662703276,0.08855687081813812,0.3129161521792412,1.801884163171053,1.534985464066267,,0.8035226799547672,,,1.6288300603628159,,,,,8,0,0,0,126,,,0,8,colnum,
thoughtful-sat14-strips,target-typed-22.pddl,asp,timed out,1800.1726112999022,concrete_asp,,,,,,,,2.0443584360182285,,,0.8806923031806946,,,,,,,,,,,,,,,53,,,
thoughtful-sat14-strips,target-typed-22.pddl,fd,success,5.974316079169512,total,3.287295,,,,,,,,,3.278772,,,,,,,,valid,,,,,,130,,,,,
thoughtful-sat14-strips,target-typed-23.pddl,abs-asp,timed out,1800.0780565068126,abstract_asp,,0.5277964435517788,0.007957719266414642,,94.69578689336777,0.08728493005037308,0.3113221377134323,1.856408230960369,1.5020537562668324,,0.8341074027121067,0.6839896701276302,,,,,,,8,0,,,53,,54,,8,colnum,
thoughtful-sat14-strips,target-typed-23.pddl,abs-fd,timed out,1800.405581124127,abstract_fd_search,,0.5491885505616665,0.008147981017827988,,94.48775890097022,0.09043224900960922,0.32101622596383095,1.8544534035027027,1.505260244011879,,0.8426780104637146,,,0.9922781102359295,,,,,8,0,0,0,122,,,0,8,colnum,
thoughtful-sat14-strips,target-typed-23.pddl,asp,timed out,1800.1774374730885,concrete_asp,,,,,,,,2.155276618897915,,,0.9115602225065231,,,,,,,,,,,,,,,57,,,
thoughtful-sat14-strips,target-typed-23.pddl,fd,success,6.281605515629053,total,3.57343,,,,,,,,,3.564698,,,,,,,,valid,,,,,,123,,,,,
thoughtful-sat14-strips,target-typed-24.pddl,abs-asp,timed out,1800.1594100780785,abstract_asp,,0.5063923224806786,0.007872994989156723,,85.27993718907237,0.0879708081483841,0.31025706231594086,1.64475866407156,1.5016609393060207,,0.7607681937515736,0.6650248505175114,,,,,,,8,0,,,62,,63,,8,colnum,
thoughtful-sat14-strips,target-typed-24.pddl,abs-fd,timed out,1800.113479219377,concrete_asp,,0.5025236904621124,0.008017219603061676,,85.47369318455458,0.08832025155425072,0.3207516744732857,1.6372907795011997,1.5032521449029446,,0.7565844841301441,,,,,,,,8,0,,,,,,,8,colnum,
thoughtful-sat14-strips,target-typed-24.pddl,asp,timed out,1800.1059942953289,concrete_asp,,,,,,,,2.0024659521877766,,,0.8316140063107014,,,,,,,,,,,,,,,60,,,
thoughtful-sat14-strips,target-typed-24.pddl,fd,timed out,1800.0600358527154,,,,,,,,,,,,,,,,,,,,,,,,,,,,,,
thoughtful-sat14-strips,target-typed-25.pddl,abs-asp,timed out,1800.1686993725598,abstract_asp,,0.5209860391914845,0.00801778957247734,,97.01332988962531,0.08746536448597908,0.30988241359591484,2.051695004105568,1.5080425180494785,,0.9371614046394825,0.6437378190457821,,,,,,,8,0,,,44,,45,,8,colnum,
thoughtful-sat14-strips,target-typed-25.pddl,abs-fd,interrupted,1745.4849821664393,abstract_fd_search,,0.515479102730751,0.008115600794553757,,97.33722625672817,0.08871149644255638,0.3117618001997471,1.9698722511529922,1.467491291463375,,0.9177926816046238,,,1.141917772591114,,,,,8,0,0,0,130,,,0,8,colnum,
thoughtful-sat14-strips,target-typed-25.pddl,asp,timed out,1800.1792866773903,concrete_asp,,,,,,,,2.233339723199606,,,1.0048367753624916,,,,,,,,,,,,,,,44,,,
thoughtful-sat14-strips,target-typed-25.pddl,fd,success,7.650576047599316,total,4.625453,,,,,,,,,4.617488,,,,,,,,valid,,,,,,121,,,,,
thoughtful-sat14-strips,target-typed-26.pddl,abs-asp,timed out,1800.1533994711936,abstract_asp,,0.49431370943784714,0.007922627031803131,,76.85446046292782,0.0874745324254036,0.3105379231274128,1.6863618195056915,1.4708178415894508,,0.7824951149523258,0.6420341581106186,,,,,,,8,0,,,43,,44,,8,colnum,
thoughtful-sat14-strips,target-typed-26.pddl,abs-fd,timed out,1800.4183272980154,abstract_fd_search,,0.6841232106089592,0.00797460600733757,,76.77923864126205,0.08733228594064713,0.3224720358848572,1.7121348343789577,1.4590431451797485,,0.781556461006403,,,0.8138906508684158,,,,,8,0,0,0,114,,,0,8,colnum,
thoughtful-sat14-strips,target-typed-26.pddl,asp,timed out,1800.1734374985099,concrete_asp,,,,,,,,2.031677782535553,,,0.8483742959797382,,,,,,,,,,,,,,,55,,,
thoughtful-sat14-strips,target-typed-26.pddl,fd,success,5.843999046832323,total,3.136187,,,,,,,,,3.126837,,,,,,,,valid,,,,,,126,,,,,
thoughtful-sat14-strips,target-typed-27.pddl,abs-asp,timed out,1800.11348005943,abstract_asp,,0.5189772360026836,0.00802941620349884,,72.16682021133602,0.08800350688397884,0.3135150708258152,1.7835748922079802,1.5460391901433468,,0.809806713834405,0.6965624429285526,,,,,,,8,0,,,52,,53,,8,colnum,
thoughtful-sat14-strips,target-typed-27.pddl,abs-fd,success,448.96752792038023,total,445.261335,0.500894,0.00808,,70.653511,0.087753,0.320598,1.755129,1.52579,,0.814716,,,1.116195,366.574014,,,valid,8,0,5,0,134,168,,1,8,colnum,
thoughtful-sat14-strips,target-typed-27.pddl,asp,timed out,1800.2024752125144,concrete_asp,,,,,,,,2.030366823077202,,,0.8730953484773636,,,,,,,,,,,,,,,53,,,
thoughtful-sat14-strips,target-typed-27.pddl,fd,success,6.113684691488743,total,3.402689,,,,,,,,,3.392426,,,,,,,,valid,,,,,,143,,,,,
thoughtful-sat14-strips,target-typed-28.pddl,abs-asp,timed out,1800.1613713037223,abstract_asp,,0.5036059021949768,0.008072635158896446,,74.67971739545465,0.0880559142678976,0.32276833802461624,1.7280373256653547,1.4456416312605143,,0.7748148385435343,0.6368482820689678,,,,,,,8,0,,,56,,57,,8,colnum,
thoughtful-sat14-strips,target-typed-28.pddl,abs-fd,timed out,1800.5079399570823,abstract_fd_search,,0.5212993398308754,0.00803619995713234,,76.13324511051178,0.08950556442141533,0.31546949222683907,1.7234067283570766,1.4711549617350101,,0.7817953936755657,,,1.081108931452036,,,,,8,0,0,0,127,,,0,8,colnum,
thoughtful-sat14-strips,target-typed-28.pddl,asp,timed out,1800.1627783207223,concrete_asp,,,,,,,,1.9805821720510721,,,0.8417455926537514,,,,,,,,,,,,,,,56,,,
thoughtful-sat14-strips,target-typed-28.pddl,fd,success,6.022794462740421,total,3.285779,,,,,,,,,3.277255,,,,,,,,valid,,,,,,133,,,,,
tpp,p01.pddl,abs-asp,success,2.1101665422320366,total,0.629377,0.128,0.001862,,0.138201,0.0046,0.010297,0.141881,0.145346,,0.003548,0.002855,0.004199,,0.017673,,,valid,6,0,0,4,0,5,1,5,2,level,
tpp,p01.pddl,abs-fd,success,2.8198259696364403,total,0.729015,0.136811,0.001791,,0.160872,0.004563,0.010259,0.162567,0.136949,,0.004798,,,0.063735,0.017905,,,valid,6,0,0,4,0,5,,5,2,level,
tpp,p01.pddl,asp,success,3.1935501331463456,total,0.278249,,,,,,,0.230708,,,0.006395,,,,0.026906,,,valid,,,,,,5,,6,,,
tpp,p01.pddl,fd,success,3.1730548040941358,total,0.247813,,,,,,,,,0.240223,,,,,,,,valid,,,,,,5,,,,,
tpp,p02.pddl,abs-asp,success,3.0938744582235813,total,0.722761,0.144024,0.002003,,0.169447,0.005402,0.011237,0.173315,0.143095,,0.004989,0.002659,0.004814,,0.031277,,,valid,6,0,0,7,0,8,1,8,2,level,
tpp,p02.pddl,abs-fd,success,2.301640447229147,total,0.704916,0.132866,0.001996,,0.136373,0.005288,0.011123,0.145493,0.142653,,0.00351,,,0.066219,0.030978,,,valid,6,0,0,7,0,8,,8,2,level,
tpp,p02.pddl,asp,success,2.99506073910743,total,0.271725,,,,,,,0.212151,,,0.006357,,,,0.040197,,,valid,,,,,,8,,9,,,
tpp,p02.pddl,fd,success,2.966590187512338,total,0.230607,,,,,,,,,0.222257,,,,,,,,valid,,,,,,8,,,,,
tpp,p03.pddl,abs-asp,success,2.310152068734169,total,0.684445,0.135942,0.002038,,0.140434,0.00589,0.011426,0.148031,0.149167,,0.003877,0.002711,0.004174,,0.048453,,,valid,6,0,0,10,0,11,1,11,2,level,
tpp,p03.pddl,abs-fd,success,3.0354847703129053,total,0.809569,0.143825,0.002082,,0.172637,0.005915,0.011472,0.17503,0.145836,,0.005076,,,0.067682,0.048503,,,valid,6,0,0,10,0,11,,11,2,level,
tpp,p03.pddl,asp,success,3.015555914491415,total,0.291719,,,,,,,0.212719,,,0.006412,,,,0.059308,,,valid,,,,,,11,,12,,,
tpp,p03.pddl,fd,success,2.9695528335869312,total,0.229584,,,,,,,,,0.222416,,,,,,,,valid,,,,,,11,,,,,
tpp,p04.pddl,abs-asp,success,2.507071051746607,total,0.791386,0.137342,0.002186,,0.146126,0.006639,0.011684,0.174277,0.144244,,0.005746,0.00299,0.004484,,0.121488,,,valid,6,0,0,13,0,14,1,14,2,level,
tpp,p04.pddl,abs-fd,success,3.136918395757675,total,0.879554,0.145883,0.002106,,0.171637,0.006499,0.011645,0.174687,0.145123,,0.005567,,,0.067648,0.117993,,,valid,6,0,0,13,0,14,,14,2,level,
tpp,p04.pddl,asp,success,3.085991619154811,total,0.358035,,,,,,,0.213525,,,0.005689,,,,0.124492,,,valid,,,,,,14,,15,,,
tpp,p04.pddl,fd,success,2.9748690528795123,total,0.23024,,,,,,,,,0.222569,,,,,,,,valid,,,,,,14,,,,,
tpp,p05.pddl,abs-asp,success,42.98626891896129,total,40.86523,0.154317,0.002124,,0.170742,0.00902,0.016175,0.170534,0.139537,,0.007106,0.002806,0.004026,,40.154317,,,valid,6,0,0,18,0,19,1,19,2,level,
tpp,p05.pddl,abs-fd,success,45.538916513323784,total,43.294859,0.155309,0.002067,,0.174955,0.008952,0.01608,0.174658,0.141264,,0.006827,,,0.064527,42.5152,,,valid,6,0,0,18,0,19,,19,2,level,
tpp,p05.pddl,asp,success,41.843257158994675,total,38.980851,,,,,,,0.22875,,,0.009629,,,,38.612903,,,valid,,,,,,19,,20,,,
tpp,p05.pddl,fd,success,3.0520272739231586,total,0.247174,,,,,,,,,0.240144,,,,,,,,valid,,,,,,19,,,,,
tpp,p06.pddl,abs-asp,timed out,1800.1126089282334,abstract_solving,,0.15873679518699646,0.002156045287847519,,0.18584942445158958,0.010739818215370178,0.013137634843587875,0.15611393004655838,0.1398996226489544,,0.011881966143846512,0.002835288643836975,0.004130743443965912,,,,,,6,0,0,21,0,,1,22,3,level,
tpp,p06.pddl,abs-fd,timed out,1800.1109514571726,abstract_fd_search,,0.16305580362677574,0.0022062063217163086,,0.20367707684636116,0.010915502905845642,0.013316065073013306,0.1565733700990677,0.14088325202465057,,0.01197868213057518,,,0.06330818682909012,,,,,6,0,0,21,0,,,22,3,level,
tpp,p06.pddl,asp,timed out,1800.1148852407932,concrete_asp,,,,,,,,0.2407265156507492,,,0.013379838317632675,,,,,,,,,,,,,,,22,,,
tpp,p06.pddl,fd,success,3.066895678639412,total,0.259263,,,,,,,,,0.253407,,,,,,,,valid,,,,,,29,,,,,
tpp,p07.pddl,abs-asp,timed out,1800.1126072481275,abstract_solving,,0.17553258687257767,0.00227409228682518,,0.2072560414671898,0.012133091688156128,0.013167787343263626,0.18091337755322456,0.139543779194355,,0.014928698539733887,0.00279858335852623,0.004005488008260727,,,,,,6,0,0,22,0,,1,23,3,level,
tpp,p07.pddl,abs-fd,timed out,1800.1129315197468,abstract_fd_search,,0.16318749636411667,0.002221282571554184,,0.2128625027835369,0.012181505560874939,0.013287734240293503,0.18563997745513916,0.1420491635799408,,0.015088602900505066,,,0.06441463157534599,,,,,6,0,0,22,0,,,23,3,level,
tpp,p07.pddl,asp,timed out,1800.0227265767753,concrete_asp,,,,,,,,0.24386056512594223,,,0.014816772192716599,,,,,,,,,,,,,,,24,,,
tpp,p07.pddl,fd,success,3.0785757824778557,total,0.2645,,,,,,,,,0.258507,,,,,,,,valid,,,,,,46,,,,,
tpp,p08.pddl,abs-asp,timed out,1800.1153873242438,abstract_solving,,0.1744970716536045,0.002322722226381302,,0.2454066127538681,0.012772880494594574,0.014158293604850769,0.18923940882086754,0.14978951588273048,,0.01604149490594864,0.0028513409197330475,0.003838125616312027,,,,,,6,0,0,22,0,,1,23,3,level,
tpp,p08.pddl,abs-fd,timed out,1800.0295255854726,abstract_fd_search,,0.17430099844932556,0.0022941306233406067,,0.2747221440076828,0.012736856937408447,0.01435847207903862,0.18211884796619415,0.153139628469944,,0.01522323489189148,,,0.06699563562870026,,,,,6,0,0,22,0,,,23,3,level,
tpp,p08.pddl,asp,timed out,1800.1159542389214,concrete_asp,,,,,,,,0.24345522746443748,,,0.019342981278896332,,,,,,,,,,,,,,,24,,,
tpp,p08.pddl,fd,success,3.27355345338583,total,0.275133,,,,,,,,,0.267793,,,,,,,,valid,,,,,,56,,,,,
tpp,p09.pddl,abs-asp,timed out,1800.0437197238207,abstract_solving,,0.19554203003644943,0.00246628001332283,,0.2971189543604851,0.018191728740930557,0.02107122540473938,0.18592358753085136,0.1576460301876068,,0.02376597747206688,0.0030434168875217438,0.004212617874145508,,,,,,6,0,0,21,0,,1,22,3,level,
tpp,p09.pddl,abs-fd,timed out,1800.112704705447,abstract_fd_search,,0.18344320356845856,0.002360813319683075,,0.2491956651210785,0.017868049442768097,0.019481003284454346,0.17573323100805283,0.14807284995913506,,0.023672763258218765,,,0.0617978610098362,,,,,6,0,0,21,0,,,22,3,level,
tpp,p09.pddl,asp,timed out,1800.1148804016411,concrete_asp,,,,,,,,0.2625284157693386,,,0.026331041008234024,,,,,,,,,,,,,,,23,,,
tpp,p09.pddl,fd,success,3.324373748153448,total,0.287708,,,,,,,,,0.281239,,,,,,,,valid,,,,,,58,,,,,
tpp,p10.pddl,abs-asp,timed out,1800.1100880615413,abstract_solving,,0.20371249318122864,0.0024690255522727966,,0.38548514246940613,0.019332528114318848,0.016504690051078796,0.21893911808729172,0.15975186601281166,,0.0284404419362545,0.003041505813598633,0.0044517479836940765,,,,,,6,0,0,21,0,,1,22,3,level,
tpp,p10.pddl,abs-fd,timed out,1800.111295234412,abstract_fd_search,,0.20082930475473404,0.0023796185851097107,,0.3465155214071274,0.019284389913082123,0.016140609979629517,0.1921643279492855,0.15164204314351082,,0.027505747973918915,,,0.06312420219182968,,,,,6,0,0,22,0,,,23,3,level,
tpp,p10.pddl,asp,timed out,1800.118197478354,concrete_asp,,,,,,,,0.26659468933939934,,,0.029971793293952942,,,,,,,,,,,,,,,23,,,
tpp,p10.pddl,fd,success,3.4381550326943398,total,0.300159,,,,,,,,,0.293605,,,,,,,,valid,,,,,,74,,,,,
tpp,p11.pddl,abs-asp,timed out,1800.1147715114057,abstract_solving,,0.17766565084457397,0.0022027678787708282,,0.4267307333648205,0.01502714678645134,0.014344513416290283,0.2342894971370697,0.15645115077495575,,0.046414006501436234,0.0028929561376571655,0.003979012370109558,,,,,,6,0,0,22,0,,1,23,4,level,
tpp,p11.pddl,abs-fd,timed out,1800.1120763756335,abstract_fd_search,,0.1675892435014248,0.002196379005908966,,0.35722750052809715,0.014969803392887115,0.014477066695690155,0.2043568640947342,0.14885012805461884,,0.04481824114918709,,,0.07206234708428383,,,,,6,0,0,22,0,,,23,4,level,
tpp,p11.pddl,asp,timed out,1800.1194179579616,concrete_asp,,,,,,,,0.294288482517004,,,0.051495619118213654,,,,,,,,,,,,,,,24,,,
tpp,p11.pddl,fd,success,3.1912904419004917,total,0.33366,,,,,,,,,0.326061,,,,,,,,valid,,,,,,103,,,,,
tpp,p12.pddl,abs-asp,timed out,1800.1127031631768,abstract_solving,,0.18709178268909454,0.002249043434858322,,0.45218464359641075,0.01662464439868927,0.014793086796998978,0.21398364752531052,0.14760679006576538,,0.05275488272309303,0.0028984136879444122,0.0040250010788440704,,,,,,6,0,0,22,0,,1,23,4,level,
tpp,p12.pddl,abs-fd,timed out,1800.0777658745646,abstract_fd_search,,0.182040274143219,0.002273891121149063,,0.47248245030641556,0.016513586044311523,0.015023045241832733,0.22634361684322357,0.158514603972435,,0.053194139152765274,,,0.0671292208135128,,,,,6,0,0,22,0,,,23,4,level,
tpp,p12.pddl,asp,timed out,1800.115915145725,concrete_asp,,,,,,,,0.30757440626621246,,,0.058152392506599426,,,,,,,,,,,,,,,24,,,
tpp,p12.pddl,fd,success,3.2082674875855446,total,0.350759,,,,,,,,,0.343965,,,,,,,,valid,,,,,,91,,,,,
tpp,p13.pddl,abs-asp,timed out,1800.120043873787,abstract_solving,,0.2870118208229542,0.0024557746946811676,,0.899323370307684,0.023222539573907852,0.016591493040323257,0.27741672843694687,0.16665907576680183,,0.08808883279561996,0.003096010535955429,0.004236314445734024,,,,,,6,0,0,18,0,,1,19,4,level,
tpp,p13.pddl,abs-fd,timed out,1800.1152457259595,abstract_fd_search,,0.27427349984645844,0.0024650022387504578,,0.8818532079458237,0.023111697286367416,0.016597528010606766,0.3027483783662319,0.16512514278292656,,0.08868047222495079,,,0.06523913517594337,,,,,6,0,0,18,0,,,19,4,level,
tpp,p13.pddl,asp,timed out,1800.1197029873729,concrete_asp,,,,,,,,0.3672197312116623,,,0.09604015573859215,,,,,,,,,,,,,,,20,,,
tpp,p13.pddl,fd,success,3.360739454627037,total,0.414262,,,,,,,,,0.406485,,,,,,,,valid,,,,,,59,,,,,
tpp,p14.pddl,abs-asp,timed out,1800.116616398096,abstract_solving,,0.2607881501317024,0.0023906901478767395,,1.0550497807562351,0.024404507130384445,0.01696058362722397,0.30320028588175774,0.1600726656615734,,0.09723344445228577,0.0030371621251106262,0.0042352378368377686,,,,,,6,0,0,19,0,,1,20,4,level,
tpp,p14.pddl,abs-fd,timed out,1800.1193990875036,abstract_fd_search,,0.26838389597833157,0.0024249721318483353,,1.1321800537407398,0.024699658155441284,0.017167380079627037,0.3168093338608742,0.16678053326904774,,0.09940916299819946,,,0.06604043021798134,,,,,6,0,0,19,0,,,20,4,level,
tpp,p14.pddl,asp,timed out,1800.1249401047826,concrete_asp,,,,,,,,0.3867134377360344,,,0.12125861272215843,,,,,,,,,,,,,,,21,,,
tpp,p14.pddl,fd,success,3.4844972901046276,total,0.452889,,,,,,,,,0.445364,,,,,,,,valid,,,,,,89,,,,,
tpp,p15.pddl,abs-asp,timed out,1800.0212217196822,abstract_solving,,0.3010212816298008,0.0026324428617954254,,1.3093806765973568,0.02716079354286194,0.0183759406208992,0.3365769051015377,0.17225896939635277,,0.11041834764182568,0.0029080677777528763,0.004147864878177643,,,,,,6,0,0,19,0,,1,20,4,level,
tpp,p15.pddl,abs-fd,timed out,1800.1200063861907,abstract_fd_search,,0.27962751500308514,0.002508975565433502,,1.316539315506816,0.02682320959866047,0.017939254641532898,0.33696139603853226,0.17008780501782894,,0.11133779771625996,,,0.066694226115942,,,,,6,0,0,19,0,,,20,4,level,
tpp,p15.pddl,asp,timed out,1800.1236337199807,concrete_asp,,,,,,,,0.40470532700419426,,,0.11879824101924896,,,,,,,,,,,,,,,20,,,
tpp,p15.pddl,fd,success,3.5172222033143044,total,0.490487,,,,,,,,,0.482903,,,,,,,,valid,,,,,,105,,,,,
tpp,p16.pddl,abs-asp,timed out,1800.1210560537875,abstract_solving,,0.27923204377293587,0.00250886008143425,,4.771371975541115,0.03157332167029381,0.02181258052587509,0.4850943125784397,0.1645265854895115,,0.2274111583828926,0.0029074177145957947,0.004165921360254288,,,,,,6,0,0,20,0,,1,21,5,level,
tpp,p16.pddl,abs-fd,timed out,1800.1201291903853,abstract_fd_search,,0.28635211288928986,0.002626486122608185,,4.791712798178196,0.03160560876131058,0.022839315235614777,0.4945441260933876,0.1714201606810093,,0.22546007856726646,,,0.06636867299675941,,,,,6,0,0,20,0,,,21,5,level,
tpp,p16.pddl,asp,timed out,1800.0405724942684,concrete_asp,,,,,,,,0.5563649274408817,,,0.24596038460731506,,,,,,,,,,,,,,,23,,,
tpp,p16.pddl,fd,success,3.850264709442854,total,0.760223,,,,,,,,,0.752047,,,,,,,,valid,,,,,,128,,,,,
tpp,p17.pddl,abs-asp,timed out,1800.1202153898776,abstract_solving,,0.32103148475289345,0.0027768798172473907,,9.409624699503183,0.0395481251180172,0.02137279510498047,0.6218843683600426,0.17665579542517662,,0.30213896930217743,0.0030105188488960266,0.0039105601608753204,,,,,,6,0,0,18,0,,1,19,5,level,
tpp,p17.pddl,abs-fd,timed out,1800.1198193468153,abstract_fd_search,,0.30522722005844116,0.0027414411306381226,,9.378329414874315,0.039368920028209686,0.020789429545402527,0.6232672221958637,0.1774577870965004,,0.3107866570353508,,,0.06315166130661964,,,,,6,0,0,18,0,,,19,5,level,
tpp,p17.pddl,asp,timed out,1800.1276643835008,concrete_asp,,,,,,,,0.7601472176611423,,,0.3340795300900936,,,,,,,,,,,,,,,19,,,
tpp,p17.pddl,fd,success,4.092293120920658,total,0.997569,,,,,,,,,0.989314,,,,,,,,valid,,,,,,121,,,,,
tpp,p18.pddl,abs-asp,timed out,1800.1200760211796,abstract_solving,,0.31826210394501686,0.002676893025636673,,11.757228881120682,0.04227585345506668,0.021617352962493896,0.66632822714746,0.18364336527884007,,0.3357337825000286,0.002988731488585472,0.004298249259591103,,,,,,6,0,0,16,0,,1,17,5,level,
tpp,p18.pddl,abs-fd,timed out,1800.1194398626685,abstract_fd_search,,0.3283461779356003,0.0027285199612379074,,11.822277309373021,0.04208156280219555,0.02189716137945652,0.6560490783303976,0.19068629294633865,,0.3297065645456314,,,0.06819179095327854,,,,,6,0,0,16,0,,,17,5,level,
tpp,p18.pddl,asp,timed out,1800.1268074922264,concrete_asp,,,,,,,,0.7944627404212952,,,0.3587300255894661,,,,,,,,,,,,,,,19,,,
tpp,p18.pddl,fd,success,4.083674594759941,total,0.97316,,,,,,,,,0.964611,,,,,,,,valid,,,,,,106,,,,,
tpp,p19.pddl,abs-asp,timed out,1800.121932644397,abstract_solving,,0.337557353079319,0.0030295737087726593,,15.314254488795996,0.045902520418167114,0.023204181343317032,0.7234942726790905,0.19298207759857178,,0.3644171208143234,0.0028910376131534576,0.0043790265917778015,,,,,,6,0,0,16,0,,1,17,5,level,
tpp,p19.pddl,abs-fd,timed out,1800.1207942664623,abstract_fd_search,,0.3431146517395973,0.002838496118783951,,15.404792040586472,0.045181334018707275,0.022847600281238556,0.7216546460986137,0.19341140985488892,,0.3782757520675659,,,0.06651809439063072,,,,,6,0,0,16,0,,,17,5,level,
tpp,p19.pddl,asp,timed out,1800.1282984502614,concrete_asp,,,,,,,,0.8532296568155289,,,0.398328747600317,,,,,,,,,,,,,,,18,,,
tpp,p19.pddl,fd,success,4.46470233052969,total,1.255992,,,,,,,,,1.248034,,,,,,,,valid,,,,,,163,,,,,
tpp,p20.pddl,abs-asp,timed out,1800.0658521410078,abstract_solving,,0.3534744046628475,0.0029363390058279037,,18.53915491141379,0.04767546057701111,0.023388255387544632,0.7436684053391218,0.19734997861087322,,0.3917519971728325,0.0029041003435850143,0.004262570291757584,,,,,,6,0,0,17,0,,1,18,5,level,
tpp,p20.pddl,abs-fd,timed out,1800.1200657077134,abstract_fd_search,,0.3373261168599129,0.002825159579515457,,18.415741611272097,0.04825988784432411,0.022748567163944244,0.7494271509349346,0.18681100010871887,,0.39228325709700584,,,0.06319259852170944,,,,,6,0,0,17,0,,,18,5,level,
tpp,p20.pddl,asp,timed out,1800.1270093191415,concrete_asp,,,,,,,,0.8937693918123841,,,0.42707895021885633,,,,,,,,,,,,,,,18,,,
tpp,p20.pddl,fd,success,4.974058826453984,total,1.402845,,,,,,,,,1.395304,,,,,,,,valid,,,,,,208,,,,,
tpp,p21.pddl,abs-asp,timed out,1800.1393812149763,abstract_solving,,0.3515091761946678,0.0028237737715244293,,42.00483187288046,0.047924891114234924,0.023414291441440582,1.159179363399744,0.20180286839604378,,0.6550061590969563,0.003084953874349594,0.004308983683586121,,,,,,6,0,0,18,0,,1,19,6,level,
tpp,p21.pddl,abs-fd,timed out,1800.1291324682534,abstract_fd_search,,0.32584329321980476,0.002659536898136139,,41.907283429056406,0.047534603625535965,0.02284352108836174,1.13790887221694,0.1932128369808197,,0.6438582874834538,,,0.0628400556743145,,,,,6,0,0,18,0,,,19,6,level,
tpp,p21.pddl,asp,timed out,1800.1390950530767,concrete_asp,,,,,,,,1.3938985578715801,,,0.7027480266988277,,,,,,,,,,,,,,,19,,,
tpp,p21.pddl,fd,success,5.342817276716232,total,1.915458,,,,,,,,,1.90773,,,,,,,,valid,,,,,,195,,,,,
tpp,p22.pddl,abs-asp,timed out,1800.129466978833,abstract_solving,,0.33775324933230877,0.0027646105736494064,,53.605938479304314,0.0503107625991106,0.023591317236423492,1.2131754774600267,0.19868901371955872,,0.7106107585132122,0.002916049212217331,0.004193250089883804,,,,,,6,0,0,17,0,,1,18,6,level,
tpp,p22.pddl,abs-fd,timed out,1800.1345175616443,abstract_fd_search,,0.36138537526130676,0.00282943993806839,,53.74881845712662,0.05125464126467705,0.023716479539871216,1.228676900267601,0.20837874338030815,,0.7118004932999611,,,0.06828705966472626,,,,,6,0,0,17,0,,,18,6,level,
tpp,p22.pddl,asp,timed out,1800.1325762607157,concrete_asp,,,,,,,,1.4359808079898357,,,0.7644436545670033,,,,,,,,,,,,,,,19,,,
tpp,p22.pddl,fd,success,5.961674182675779,total,1.915223,,,,,,,,,1.903904,,,,,,,,valid,,,,,,136,,,,,
tpp,p23.pddl,abs-asp,timed out,1800.1323809027672,abstract_solving,,0.34928807616233826,0.0027582012116909027,,64.12010617181659,0.053905922919511795,0.024337701499462128,1.2993532754480839,0.2003418616950512,,0.7692922353744507,0.003023594617843628,0.003975432366132736,,,,,,6,0,0,17,0,,1,18,6,level,
tpp,p23.pddl,abs-fd,timed out,1800.0411082282662,abstract_fd_search,,0.3651018962264061,0.0029112212359905243,,64.43293216452003,0.05441507697105408,0.02479923516511917,1.3299587480723858,0.21245396882295609,,0.7533655650913715,,,0.06771551445126534,,,,,6,0,0,17,0,,,18,6,level,
tpp,p23.pddl,asp,timed out,1800.1435208879411,concrete_asp,,,,,,,,1.5283058285713196,,,0.8250944130122662,,,,,,,,,,,,,,,19,,,
tpp,p23.pddl,fd,success,6.0732876025140285,total,2.264648,,,,,,,,,2.253867,,,,,,,,valid,,,,,,171,,,,,
tpp,p24.pddl,abs-asp,timed out,1800.1343728154898,abstract_solving,,0.3566399198025465,0.002795003354549408,,76.31783944554627,0.05741106905043125,0.025027329102158546,1.3582863565534353,0.20699696987867355,,0.7951440364122391,0.002951905131340027,0.004152614623308182,,,,,,6,0,0,17,0,,1,18,6,level,
tpp,p24.pddl,abs-fd,timed out,1800.1328578852117,abstract_fd_search,,0.35496998578310013,0.0029258504509925842,,76.38435716181993,0.058284882456064224,0.02602766454219818,1.3500445894896984,0.20721585676074028,,0.7963301241397858,,,0.0639355331659317,,,,,6,0,0,17,0,,,18,6,level,
tpp,p24.pddl,asp,timed out,1800.1383552961051,concrete_asp,,,,,,,,1.6431012153625488,,,0.8739124350249767,,,,,,,,,,,,,,,17,,,
tpp,p24.pddl,fd,success,5.687585350126028,total,3.119635,,,,,,,,,3.110049,,,,,,,,valid,,,,,,173,,,,,
transport-sat08-strips,p01.pddl,abs-asp,success,3.252826903015375,total,0.907524,0.150159,0.002271,,0.198692,0.006496,0.010188,0.187631,0.147114,,0.013419,0.004873,0.041,,0.112332,,,unchecked: No available engine supports all the problem features:,2,0,0,0,6,10,7,1,5,capacity-number,
transport-sat08-strips,p01.pddl,abs-fd,success,2.5518297646194696,total,0.905617,0.142396,0.002065,,0.188312,0.006345,0.009891,0.187442,0.146731,,0.013282,,,0.068426,0.108594,,,unchecked: No available engine supports all the problem features:,2,0,0,0,6,10,,1,5,capacity-number,
transport-sat08-strips,p01.pddl,asp,success,2.3267479613423347,total,0.342487,,,,,,,0.205691,,,0.01315,,,,0.104238,,,unchecked: No available engine supports all the problem features:,,,,,,6,,7,,,
transport-sat08-strips,p01.pddl,fd,success,2.1784192137420177,total,0.227358,,,,,,,,,0.219872,,,,,,,,unchecked: No available engine supports all the problem features:,,,,,,6,,,,,
transport-sat08-strips,p02.pddl,abs-asp,success,85.81928858533502,total,83.43879,0.178729,0.001676,,0.309109,0.008674,0.015369,0.225488,0.160607,,0.038199,0.010187,81.512219,,0.912939,,,unchecked: No available engine supports all the problem features:,2,0,0,0,19,36,20,1,5,capacity-number,
transport-sat08-strips,p02.pddl,abs-fd,success,4.347124055027962,total,2.041464,0.177914,0.001681,,0.358828,0.008807,0.015392,0.198289,0.158964,,0.036127,,,0.069715,0.969318,,,unchecked: No available engine supports all the problem features:,2,0,0,0,20,34,,1,5,capacity-number,
transport-sat08-strips,p02.pddl,asp,success,489.25062526389956,total,486.075189,,,,,,,0.281632,,,0.039558,,,,485.709445,,,unchecked: No available engine supports all the problem features:,,,,,,19,,20,,,
transport-sat08-strips,p02.pddl,fd,success,2.0713477097451687,total,0.243356,,,,,,,,,0.238088,,,,,,,,unchecked: No available engine supports all the problem features:,,,,,,23,,,,,
transport-sat08-strips,p03.pddl,abs-asp,timed out,1800.0983015708625,abstract_asp,,0.30596504732966423,0.0018764287233352661,,0.9090633355081081,0.014396250247955322,0.023526296019554138,0.33815932646393776,0.1897987462580204,,0.12056886032223701,0.025612723082304,,,,,,,2,0,,,18,,19,,5,capacity-number,
transport-sat08-strips,p03.pddl,abs-fd,success,12.911886222660542,total,10.271773,0.28466,0.001867,,0.881981,0.014018,0.023759,0.363815,0.187331,,0.117694,,,0.075787,8.199231,,,unchecked: No available engine supports all the problem features:,2,0,0,0,35,67,,1,5,capacity-number,
transport-sat08-strips,p03.pddl,asp,timed out,1800.125295843929,concrete_asp,,,,,,,,0.38343577831983566,,,0.12845481932163239,,,,,,,,,,,,,,,18,,,
transport-sat08-strips,p03.pddl,fd,success,2.511620338074863,total,0.437124,,,,,,,,,0.428357,,,,,,,,unchecked: No available engine supports all the problem features:,,,,,,35,,,,,
transport-sat08-strips,p04.pddl,abs-asp,timed out,1800.1172687672079,abstract_asp,,0.3014455959200859,0.0020740367472171783,,1.8522923029959202,0.015801317989826202,0.034367118030786514,0.46507109329104424,0.2204248085618019,,0.21246017888188362,0.041064344346523285,,,,,,,2,0,,,20,,21,,5,capacity-number,
transport-sat08-strips,p04.pddl,abs-fd,success,34.54092825576663,total,32.027685,0.305576,0.002033,,1.884795,0.015456,0.033971,0.474487,0.224272,,0.210805,,,0.08457,28.559038,,,unchecked: No available engine supports all the problem features:,2,0,0,0,54,106,,1,5,capacity-number,
transport-sat08-strips,p04.pddl,asp,timed out,1800.1225136825815,concrete_asp,,,,,,,,0.5523243136703968,,,0.2173931421712041,,,,,,,,,,,,,,,19,,,
transport-sat08-strips,p04.pddl,fd,success,2.5669839810580015,total,0.599655,,,,,,,,,0.592922,,,,,,,,unchecked: No available engine supports all the problem features:,,,,,,48,,,,,
transport-sat08-strips,p05.pddl,abs-asp,timed out,1800.1153988279402,abstract_asp,,0.32775241881608963,0.0024195685982704163,,3.774966474622488,0.018085476011037827,0.04676975682377815,0.6381416246294975,0.2469671443104744,,0.32138755545020103,0.05945087596774101,,,,,,,2,0,,,21,,22,,5,capacity-number,
transport-sat08-strips,p05.pddl,abs-fd,success,687.3052200898528,total,683.401604,0.339115,0.002642,,3.81636,0.018185,0.048219,0.643303,0.255809,,0.321701,,,0.115012,677.307665,,,unchecked: No available engine supports all the problem features:,2,0,0,0,77,150,,1,5,capacity-number,
transport-sat08-strips,p05.pddl,asp,timed out,1800.1265576444566,concrete_asp,,,,,,,,0.7818438857793808,,,0.34727564454078674,,,,,,,,,,,,,,,20,,,
transport-sat08-strips,p05.pddl,fd,success,3.174671125598252,total,0.921315,,,,,,,,,0.913143,,,,,,,,unchecked: No available engine supports all the problem features:,,,,,,75,,,,,
transport-sat08-strips,p06.pddl,abs-asp,timed out,1800.1219828613102,abstract_asp,,0.414917204529047,0.0024550966918468475,,12.643522594124079,0.024732373654842377,0.06589486077427864,1.147933904081583,0.358160138130188,,0.6205932311713696,0.11219362169504166,,,,,,,2,0,,,19,,20,,5,capacity-number,
transport-sat08-strips,p06.pddl,abs-fd,timed out,1800.3171398416162,abstract_fd_search,,0.40096829645335674,0.002355925738811493,,12.480984622612596,0.024437550455331802,0.06336953304708004,1.1096687205135822,0.3457569982856512,,0.620131004601717,,,0.1474242266267538,,,,,2,0,0,0,94,,,0,5,capacity-number,
transport-sat08-strips,p06.pddl,asp,timed out,1800.1373681481928,concrete_asp,,,,,,,,1.370905346237123,,,0.656508375890553,,,,,,,,,,,,,,,18,,,
transport-sat08-strips,p06.pddl,fd,success,4.6933571845293045,total,1.803283,,,,,,,,,1.794427,,,,,,,,unchecked: No available engine supports all the problem features:,,,,,,99,,,,,
transport-sat08-strips,p07.pddl,abs-asp,timed out,1800.122962847352,abstract_asp,,0.4096798673272133,0.0026306435465812683,,22.998010151088238,0.025054916739463806,0.10162319988012314,1.490755531936884,0.42733708769083023,,0.8454822525382042,0.14905662834644318,,,,,,,2,0,,,17,,18,,5,capacity-number,
transport-sat08-strips,p07.pddl,abs-fd,timed out,1800.474532481283,abstract_fd_search,,0.4393671825528145,0.002540726214647293,,22.874555807560682,0.024942029267549515,0.08833625167608261,1.5278622955083847,0.4421458765864372,,0.8371682316064835,,,0.16136831417679787,,,,,2,0,0,0,98,,,0,5,capacity-number,
transport-sat08-strips,p07.pddl,asp,timed out,1800.1444345116615,concrete_asp,,,,,,,,1.8185014948248863,,,0.8991512842476368,,,,,,,,,,,,,,,17,,,
transport-sat08-strips,p07.pddl,fd,success,5.668489370495081,total,2.448792,,,,,,,,,2.440923,,,,,,,,unchecked: No available engine supports all the problem features:,,,,,,101,,,,,
transport-sat08-strips,p08.pddl,abs-asp,timed out,1800.1196686252952,abstract_asp,,0.43699394166469574,0.0026140809059143066,,39.19185945391655,0.02855490893125534,0.10527973622083664,1.795240730047226,0.4908798038959503,,1.0653985179960728,0.18972761929035187,,,,,,,2,0,,,20,,21,,5,capacity-number,
transport-sat08-strips,p08.pddl,abs-fd,timed out,1800.3535324893892,abstract_fd_search,,0.4464094080030918,0.0026002228260040283,,39.18681224808097,0.028832707554101944,0.10235153511166573,1.7924302034080029,0.4894349128007889,,1.0721036083996296,,,0.18934381380677223,,,,,2,0,0,0,89,,,0,5,capacity-number,
transport-sat08-strips,p08.pddl,asp,timed out,1800.1503886803985,concrete_asp,,,,,,,,2.210620317608118,,,1.1640168093144894,,,,,,,,,,,,,,,19,,,
transport-sat08-strips,p08.pddl,fd,success,6.647440828382969,total,3.233204,,,,,,,,,3.225086,,,,,,,,unchecked: No available engine supports all the problem features:,,,,,,119,,,,,
transport-sat08-strips,p09.pddl,abs-asp,timed out,1800.1260302700102,abstract_asp,,0.4552171006798744,0.002716571092605591,,63.90288684517145,0.029689185321331024,0.12753552570939064,2.328833982348442,0.6021530814468861,,1.3690281175076962,0.23343940451741219,,,,,,,2,0,,,21,,22,,5,capacity-number,
transport-sat08-strips,p09.pddl,abs-fd,interrupted,230.77952986210585,abstract_fd_search,,0.4723978154361248,0.002863973379135132,,64.34532656893134,0.030512195080518723,0.1289660967886448,2.3794787600636482,0.6183686479926109,,1.3769533708691597,,,0.27159733697772026,,,,,2,0,0,0,110,,,0,5,capacity-number,
transport-sat08-strips,p09.pddl,asp,timed out,1800.1292593814433,concrete_asp,,,,,,,,2.9127688026055694,,,1.4758639223873615,,,,,,,,,,,,,,,20,,,
transport-sat08-strips,p09.pddl,fd,success,7.529139779508114,total,4.319273,,,,,,,,,4.309987,,,,,,,,unchecked: No available engine supports all the problem features:,,,,,,126,,,,,
transport-sat08-strips,p10.pddl,abs-asp,timed out,1800.136083137244,abstract_asp,,0.5554293245077133,0.0029940642416477203,,100.8002016171813,0.03498246520757675,0.15249793231487274,2.9381519332528114,0.7352262735366821,,1.7038530372083187,0.31109004840254784,,,,,,,2,0,,,18,,19,,5,capacity-number,
transport-sat08-strips,p10.pddl,abs-fd,interrupted,241.6267178878188,abstract_fd_search,,0.5117706283926964,0.00298381969332695,,99.9016352519393,0.035164643079042435,0.15271803364157677,2.837388798594475,0.7045513279736042,,1.6737831085920334,,,0.38408826291561127,,,,,2,0,0,0,129,,,0,5,capacity-number,
transport-sat08-strips,p10.pddl,asp,timed out,1800.1788928098977,concrete_asp,,,,,,,,3.416680298745632,,,1.79556305706501,,,,,,,,,,,,,,,18,,,
transport-sat08-strips,p10.pddl,fd,success,9.408491477370262,total,6.118458,,,,,,,,,6.112079,,,,,,,,unchecked: No available engine supports all the problem features:,,,,,,140,,,,,
transport-sat08-strips,p11.pddl,abs-asp,success,2.807033870369196,total,1.091139,0.157606,0.002254,,0.221801,0.006958,0.011567,0.197673,0.155072,,0.014751,0.005624,0.069257,,0.214257,,,unchecked: No available engine supports all the problem features:,2,0,0,0,11,19,12,1,5,capacity-number,
transport-sat08-strips,p11.pddl,abs-fd,success,3.3560902401804924,total,1.054844,0.150007,0.002081,,0.213477,0.006368,0.010566,0.192108,0.149239,,0.014908,,,0.069373,0.214451,,,unchecked: No available engine supports all the problem features:,2,0,0,0,11,19,,1,5,capacity-number,
transport-sat08-strips,p11.pddl,asp,success,8.17462071403861,total,0.413216,,,,,,,0.2055,,,0.014772,,,,0.172071,,,unchecked: No available engine supports all the problem features:,,,,,,11,,12,,,
transport-sat08-strips,p11.pddl,fd,success,3.251209896057844,total,0.283063,,,,,,,,,0.274264,,,,,,,,unchecked: No available engine supports all the problem features:,,,,,,11,,,,,
transport-sat08-strips,p12.pddl,abs-asp,success,35.582423182204366,total,33.084637,0.197322,0.001796,,0.353093,0.009468,0.019704,0.249741,0.172191,,0.045898,0.011476,30.590271,,1.370177,,,unchecked: No available engine supports all the problem features:,2,0,0,0,19,36,20,1,5,capacity-number,
transport-sat08-strips,p12.pddl,abs-fd,success,4.80511699616909,total,2.616441,0.180254,0.001632,,0.331063,0.009119,0.017182,0.225873,0.155124,,0.044795,,,0.067917,1.535137,,,unchecked: No available engine supports all the problem features:,2,0,0,0,22,41,,1,5,capacity-number,
transport-sat08-strips,p12.pddl,asp,timed out,1800.1210429370403,concrete_asp,,,,,,,,0.311550535261631,,,0.05057821795344353,,,,,,,,,,,,,,,22,,,
transport-sat08-strips,p12.pddl,fd,success,2.889573350548744,total,0.329929,,,,,,,,,0.324433,,,,,,,,unchecked: No available engine supports all the problem features:,,,,,,37,,,,,
transport-sat08-strips,p13.pddl,abs-asp,timed out,1800.1147193275392,abstract_asp,,0.2779330238699913,0.0018702410161495209,,1.1358923465013504,0.013024859130382538,0.02838164195418358,0.3735911175608635,0.1964224986732006,,0.14272676780819893,0.029141221195459366,,,,,,,2,0,,,26,,27,,5,capacity-number,
transport-sat08-strips,p13.pddl,abs-fd,success,96.34756991639733,total,94.112973,0.270913,0.00181,,1.055827,0.01294,0.028114,0.361497,0.187968,,0.143164,,,0.074005,91.856531,,,unchecked: No available engine supports all the problem features:,2,0,0,0,34,69,,1,5,capacity-number,
transport-sat08-strips,p13.pddl,asp,timed out,1800.129881389439,concrete_asp,,,,,,,,0.4766601398587227,,,0.1592044234275818,,,,,,,,,,,,,,,25,,,
transport-sat08-strips,p13.pddl,fd,success,2.502967607229948,total,0.470234,,,,,,,,,0.462581,,,,,,,,unchecked: No available engine supports all the problem features:,,,,,,52,,,,,
transport-sat08-strips,p14.pddl,abs-asp,timed out,1800.1226542368531,abstract_asp,,0.3380299489945173,0.0020044557750225067,,2.512069322168827,0.01714012399315834,0.04819817468523979,0.5214332658797503,0.23204471357166767,,0.24686545506119728,0.04780354164540768,,,,,,,2,0,,,23,,24,,5,capacity-number,
transport-sat08-strips,p14.pddl,abs-fd,timed out,1800.0587871745229,abstract_fd_search,,0.33339202776551247,0.002116180956363678,,2.4990449212491512,0.01726902648806572,0.049230486154556274,0.5479777976870537,0.23517422378063202,,0.24730011820793152,,,0.10411237180233002,,,,,2,0,0,0,47,,,0,5,capacity-number,
transport-sat08-strips,p14.pddl,asp,timed out,1800.1463773362339,concrete_asp,,,,,,,,0.5973062142729759,,,0.27062324807047844,,,,,,,,,,,,,,,23,,,
transport-sat08-strips,p14.pddl,fd,success,2.930082257837057,total,0.724256,,,,,,,,,0.715123,,,,,,,,unchecked: No available engine supports all the problem features:,,,,,,77,,,,,
transport-sat08-strips,p15.pddl,abs-asp,timed out,1800.1215899772942,abstract_asp,,0.37691739574074745,0.002266261726617813,,5.073833227157593,0.023395005613565445,0.0644090585410595,0.7043728791177273,0.27138570696115494,,0.40060388669371605,0.07282004505395889,,,,,,,2,0,,,26,,27,,5,capacity-number,
transport-sat08-strips,p15.pddl,abs-fd,timed out,1800.201986424625,abstract_fd_search,,0.380386795848608,0.0021420158445835114,,5.081783793866634,0.0230417400598526,0.06167233735322952,0.7032525539398193,0.27088209986686707,,0.38371259719133377,,,0.09315308555960655,,,,,2,0,0,0,57,,,0,5,capacity-number,
transport-sat08-strips,p15.pddl,asp,timed out,1800.1304308362305,concrete_asp,,,,,,,,0.8423570543527603,,,0.41767650842666626,,,,,,,,,,,,,,,25,,,
transport-sat08-strips,p15.pddl,fd,success,3.439741536974907,total,1.187227,,,,,,,,,1.181125,,,,,,,,unchecked: No available engine supports all the problem features:,,,,,,132,,,,,
transport-sat08-strips,p16.pddl,abs-asp,timed out,1800.1210280433297,abstract_asp,,0.4386357069015503,0.0023635216057300568,,17.51973992213607,0.027838628739118576,0.0824025347828865,1.247611578553915,0.38559676334261894,,0.7367120645940304,0.14676477015018463,,,,,,,2,0,,,21,,22,,5,capacity-number,
transport-sat08-strips,p16.pddl,abs-fd,timed out,1800.3469109497964,abstract_fd_search,,0.46374231576919556,0.002572331577539444,,17.536519400775433,0.02839130163192749,0.08696981519460678,1.2823444716632366,0.3975999802350998,,0.7337229698896408,,,0.12511568889021873,,,,,2,0,0,0,66,,,0,5,capacity-number,
transport-sat08-strips,p16.pddl,asp,timed out,1800.1429128050804,concrete_asp,,,,,,,,1.4989846870303154,,,0.7930333353579044,,,,,,,,,,,,,,,19,,,
transport-sat08-strips,p16.pddl,fd,success,5.424044571816921,total,3.023513,,,,,,,,,3.017847,,,,,,,,unchecked: No available engine supports all the problem features:,,,,,,148,,,,,
transport-sat08-strips,p17.pddl,abs-asp,timed out,1800.1231692060828,abstract_asp,,0.4164470247924328,0.0024726390838623047,,32.102424804121256,0.02716178447008133,0.11054687574505806,1.682921301573515,0.46063144505023956,,1.0144855007529259,0.17571133002638817,,,,,,,2,0,,,27,,28,,5,capacity-number,
transport-sat08-strips,p17.pddl,abs-fd,timed out,1800.345914259553,abstract_fd_search,,0.42573925107717514,0.0025092344731092453,,32.22224325872958,0.02747596986591816,0.11243107542395592,1.7095119804143906,0.46333142556250095,,0.9969352930784225,,,0.14139137975871563,,,,,2,0,0,0,74,,,0,5,capacity-number,
transport-sat08-strips,p17.pddl,asp,timed out,1800.082139475271,concrete_asp,,,,,,,,2.0010705664753914,,,1.0748940156772733,,,,,,,,,,,,,,,26,,,
transport-sat08-strips,p17.pddl,fd,success,10.652598928660154,total,8.295265,,,,,,,,,8.28772,,,,,,,,unchecked: No available engine supports all the problem features:,,,,,,233,,,,,
transport-sat08-strips,p18.pddl,abs-asp,timed out,1800.0406590811908,abstract_asp,,0.5175066981464624,0.002833288162946701,,55.92897269129753,0.032358286902308464,0.1410075780004263,2.3249133732169867,0.6221277564764023,,1.3001740630716085,0.22727943398058414,,,,,,,2,0,,,26,,27,,5,capacity-number,
transport-sat08-strips,p18.pddl,abs-fd,timed out,1800.5547448471189,abstract_fd_search,,0.4856625087559223,0.0026744119822978973,,55.32387566938996,0.03212995454668999,0.15179019048810005,2.252460528165102,0.5985292457044125,,1.292328167706728,,,0.19069143012166023,,,,,2,0,0,0,105,,,0,5,capacity-number,
transport-sat08-strips,p18.pddl,asp,timed out,1800.1609454192221,concrete_asp,,,,,,,,2.677529715001583,,,1.3696807511150837,,,,,,,,,,,,,,,23,,,
transport-sat08-strips,p18.pddl,fd,success,28.69336412474513,total,26.214673,,,,,,,,,26.205321,,,,,,,,unchecked: No available engine supports all the problem features:,,,,,,246,,,,,
transport-sat08-strips,p19.pddl,abs-asp,timed out,1800.1361528728157,abstract_asp,,0.5220625214278698,0.0028974637389183044,,91.19722130335867,0.03696233406662941,0.16911347024142742,2.8662871289998293,0.6927889175713062,,1.6391567029058933,0.2851946949958801,,,,,,,2,0,,,28,,29,,5,capacity-number,
transport-sat08-strips,p19.pddl,abs-fd,interrupted,269.11784441024065,abstract_fd_search,,0.5310633853077888,0.0028766505420207977,,91.38199604302645,0.03648862615227699,0.17198144644498825,2.8618345074355602,0.6968200728297234,,1.6314596608281136,,,0.2483251355588436,,,,,2,0,0,0,120,,,0,5,capacity-number,
transport-sat08-strips,p19.pddl,asp,timed out,1800.1814435012639,concrete_asp,,,,,,,,3.468446407467127,,,1.7567223533988,,,,,,,,,,,,,,,22,,,
transport-sat08-strips,p19.pddl,fd,success,41.47854532301426,total,38.930881,,,,,,,,,38.921507,,,,,,,,unchecked: No available engine supports all the problem features:,,,,,,348,,,,,
transport-sat08-strips,p20.pddl,abs-asp,timed out,1800.144788902253,abstract_asp,,0.5990939140319824,0.0030730925500392914,,143.77375208958983,0.04119238629937172,0.21622013300657272,3.5223271064460278,0.8408951088786125,,2.0522513389587402,0.3591309003531933,,,,,,,2,0,,,25,,26,,5,capacity-number,
transport-sat08-strips,p20.pddl,abs-fd,interrupted,283.8981163892895,abstract_fd_search,,0.5792066231369972,0.003034815192222595,,142.37755521573126,0.040940117090940475,0.22939235344529152,3.509217232465744,0.8163841795176268,,2.0463736038655043,,,0.28434108942747116,,,,,2,0,0,0,115,,,0,5,capacity-number,
transport-sat08-strips,p20.pddl,asp,timed out,1800.1783412583172,concrete_asp,,,,,,,,4.1065588146448135,,,2.2130439653992653,,,,,,,,,,,,,,,22,,,
transport-sat08-strips,p20.pddl,fd,success,30.818275440484285,total,28.207963,,,,,,,,,28.198256,,,,,,,,unchecked: No available engine supports all the problem features:,,,,,,306,,,,,
transport-sat08-strips,p21.pddl,abs-asp,success,2.3561116978526115,total,0.866492,0.139642,0.002077,,0.167308,0.006325,0.010442,0.154988,0.139977,,0.013196,0.005032,0.05009,,0.144818,,,unchecked: No available engine supports all the problem features:,2,0,0,0,8,13,9,1,5,capacity-number,
transport-sat08-strips,p21.pddl,abs-fd,success,3.2105455547571182,total,0.99244,0.150135,0.002236,,0.224412,0.006505,0.010679,0.188277,0.145457,,0.014684,,,0.067649,0.151218,,,unchecked: No available engine supports all the problem features:,2,0,0,0,8,13,,1,5,capacity-number,
transport-sat08-strips,p21.pddl,asp,success,2.5208343751728535,total,0.378424,,,,,,,0.218905,,,0.015084,,,,0.130634,,,unchecked: No available engine supports all the problem features:,,,,,,8,,9,,,
transport-sat08-strips,p21.pddl,fd,success,2.1345595493912697,total,0.217208,,,,,,,,,0.211312,,,,,,,,unchecked: No available engine supports all the problem features:,,,,,,8,,,,,
transport-sat08-strips,p22.pddl,abs-asp,success,12.136998128145933,total,9.689147,0.183341,0.001734,,0.342408,0.009009,0.017547,0.234233,0.16258,,0.04491,0.010981,7.129176,,1.498311,,,unchecked: No available engine supports all the problem features:,2,0,1,0,16,31,17,1,5,capacity-number,
transport-sat08-strips,p22.pddl,abs-fd,success,3.867489457130432,total,2.135996,0.172494,0.001712,,0.336085,0.008966,0.017628,0.206469,0.161348,,0.04333,,,0.070079,1.072743,,,unchecked: No available engine supports all the problem features:,2,0,0,0,18,34,,1,5,capacity-number,
transport-sat08-strips,p22.pddl,asp,success,141.50021600164473,total,138.210757,,,,,,,0.30294,,,0.05071,,,,137.813144,,,unchecked: No available engine supports all the problem features:,,,,,,18,,19,,,
transport-sat08-strips,p22.pddl,fd,success,2.2771306708455086,total,0.282453,,,,,,,,,0.27559,,,,,,,,unchecked: No available engine supports all the problem features:,,,,,,18,,,,,
transport-sat08-strips,p23.pddl,abs-asp,timed out,1800.1126703694463,abstract_asp,,0.2729983665049076,0.0018280968070030212,,1.0385884791612625,0.013758786022663116,0.03192877396941185,0.33610889315605164,0.18758132308721542,,0.13912314921617508,0.02908465266227722,,,,,,,2,0,,,21,,22,,5,capacity-number,
transport-sat08-strips,p23.pddl,abs-fd,success,11.233536582440138,total,8.970889,0.276211,0.001828,,1.059888,0.013592,0.031729,0.363814,0.188661,,0.141469,,,0.075016,6.700903,,,unchecked: No available engine supports all the problem features:,2,0,0,0,35,70,,1,5,capacity-number,
transport-sat08-strips,p23.pddl,asp,timed out,1800.127831619233,concrete_asp,,,,,,,,0.4449288621544838,,,0.15231261029839516,,,,,,,,,,,,,,,20,,,
transport-sat08-strips,p23.pddl,fd,success,2.5573821738362312,total,0.460893,,,,,,,,,0.453571,,,,,,,,unchecked: No available engine supports all the problem features:,,,,,,31,,,,,
transport-sat08-strips,p24.pddl,abs-asp,timed out,1800.1196606606245,abstract_asp,,0.308107141405344,0.002092372626066208,,2.4481453113257885,0.01556422933936119,0.04306545853614807,0.5258773602545261,0.23235094547271729,,0.24862248077988625,0.04813627898693085,,,,,,,2,0,,,20,,21,,5,capacity-number,
transport-sat08-strips,p24.pddl,abs-fd,success,61.73498886823654,total,59.428884,0.30289,0.002054,,2.426431,0.015491,0.043339,0.532458,0.223846,,0.246795,,,0.087823,55.306415,,,unchecked: No available engine supports all the problem features:,2,0,0,0,51,101,,1,5,capacity-number,
transport-sat08-strips,p24.pddl,asp,timed out,1800.1290911063552,concrete_asp,,,,,,,,0.5902061238884926,,,0.26906736195087433,,,,,,,,,,,,,,,20,,,
transport-sat08-strips,p24.pddl,fd,success,2.8687219507992268,total,0.721277,,,,,,,,,0.712304,,,,,,,,unchecked: No available engine supports all the problem features:,,,,,,55,,,,,
transport-sat08-strips,p25.pddl,abs-asp,timed out,1800.1222969219089,abstract_asp,,0.3787025921046734,0.002211909741163254,,5.21184690669179,0.021087173372507095,0.06012052297592163,0.7412411943078041,0.27720219269394875,,0.3838350363075733,0.07149050384759903,,,,,,,2,0,,,23,,24,,5,capacity-number,
transport-sat08-strips,p25.pddl,abs-fd,success,289.4257316738367,total,286.825181,0.358867,0.002172,,5.134289,0.02079,0.06053,0.732973,0.271127,,0.384326,,,0.10038,279.255314,,,unchecked: No available engine supports all the problem features:,2,0,0,0,70,135,,1,5,capacity-number,
transport-sat08-strips,p25.pddl,asp,timed out,1800.1324202679098,concrete_asp,,,,,,,,0.8438658006489277,,,0.41291844099760056,,,,,,,,,,,,,,,22,,,
transport-sat08-strips,p25.pddl,fd,success,3.2635806761682034,total,1.018756,,,,,,,,,1.010904,,,,,,,,unchecked: No available engine supports all the problem features:,,,,,,69,,,,,
transport-sat08-strips,p26.pddl,abs-asp,timed out,1800.1227508634329,abstract_asp,,0.44708311930298805,0.00259949266910553,,17.588257286697626,0.028292138129472733,0.08531815558671951,1.2666826955974102,0.4001843072474003,,0.7421095035970211,0.13557856529951096,,,,,,,2,0,,,21,,22,,5,capacity-number,
transport-sat08-strips,p26.pddl,abs-fd,timed out,1800.289815697819,abstract_fd_search,,0.46134981885552406,0.0025622062385082245,,17.896387830376625,0.028230886906385422,0.08614974096417427,1.2989650666713715,0.40763168036937714,,0.7366216704249382,,,0.1612643264234066,,,,,2,0,0,0,65,,,0,5,capacity-number,
transport-sat08-strips,p26.pddl,asp,timed out,1800.1416276171803,concrete_asp,,,,,,,,1.4757547564804554,,,0.7898770868778229,,,,,,,,,,,,,,,20,,,
transport-sat08-strips,p26.pddl,fd,success,4.347135905176401,total,1.962708,,,,,,,,,1.955608,,,,,,,,unchecked: No available engine supports all the problem features:,,,,,,82,,,,,
transport-sat08-strips,p27.pddl,abs-asp,timed out,1800.037217039615,abstract_asp,,0.4597269929945469,0.0027487091720104218,,32.55393811687827,0.029271040111780167,0.10798484086990356,1.7477111630141735,0.484173484146595,,0.99777477607131,0.1788025014102459,,,,,,,2,0,,,21,,22,,5,capacity-number,
transport-sat08-strips,p27.pddl,abs-fd,timed out,1800.4769301749766,abstract_fd_search,,0.4775657616555691,0.0026415400207042694,,32.26218595355749,0.02916194126009941,0.10751352831721306,1.7284704484045506,0.47760970145463943,,1.0004571229219437,,,0.1794915460050106,,,,,2,0,0,0,104,,,0,5,capacity-number,
transport-sat08-strips,p27.pddl,asp,timed out,1800.1459910720587,concrete_asp,,,,,,,,1.8438129238784313,,,1.0052254162728786,,,,,,,,,,,,,,,20,,,
transport-sat08-strips,p27.pddl,fd,success,5.125661041587591,total,2.736708,,,,,,,,,2.727526,,,,,,,,unchecked: No available engine supports all the problem features:,,,,,,113,,,,,
transport-sat08-strips,p28.pddl,abs-asp,timed out,1800.136353816837,abstract_asp,,0.6000682972371578,0.0031964145600795746,,56.23751952499151,0.03979642316699028,0.14337371662259102,2.3395804949104786,0.6285593323409557,,1.334021095186472,0.230999656021595,,,,,,,2,0,,,19,,20,,5,capacity-number,
transport-sat08-strips,p28.pddl,abs-fd,interrupted,233.78590392693877,abstract_fd_search,,0.5862460732460022,0.0029074102640151978,,55.88098369911313,0.03935982659459114,0.1438390426337719,2.3014332689344883,0.6108518093824387,,1.294106125831604,,,0.34866588190197945,,,,,2,0,0,0,122,,,0,5,capacity-number,
transport-sat08-strips,p28.pddl,asp,timed out,1800.1560078971088,concrete_asp,,,,,,,,2.781653255224228,,,1.390776988118887,,,,,,,,,,,,,,,16,,,
transport-sat08-strips,p28.pddl,fd,success,6.647104870527983,total,4.169769,,,,,,,,,4.162048,,,,,,,,unchecked: No available engine supports all the problem features:,,,,,,125,,,,,
transport-sat08-strips,p29.pddl,abs-asp,timed out,1800.1316935867071,abstract_asp,,0.5789317786693573,0.003002617508172989,,93.23244497179985,0.038388557732105255,0.18058311566710472,3.0509389899671078,0.7172816805541515,,1.6793336793780327,0.29127679392695427,,,,,,,2,0,,,19,,20,,5,capacity-number,
transport-sat08-strips,p29.pddl,abs-fd,interrupted,237.96927601844072,abstract_fd_search,,0.5590435825288296,0.0029012002050876617,,91.77102804929018,0.03743438050150871,0.17106646299362183,2.940226286649704,0.7147496789693832,,1.6482507660984993,,,0.3325323387980461,,,,,2,0,0,0,127,,,0,5,capacity-number,
transport-sat08-strips,p29.pddl,asp,timed out,1800.191688541323,concrete_asp,,,,,,,,3.516225751489401,,,1.7466577664017677,,,,,,,,,,,,,,,18,,,
transport-sat08-strips,p29.pddl,fd,success,9.270974092185497,total,6.721275,,,,,,,,,6.712832,,,,,,,,unchecked: No available engine supports all the problem features:,,,,,,141,,,,,
transport-sat08-strips,p30.pddl,abs-asp,timed out,1800.1326858624816,abstract_asp,,0.5376509390771389,0.0031991079449653625,,142.51834616437554,0.03772547468543053,0.21982769668102264,3.6205689162015915,0.8166984617710114,,2.0403336696326733,0.34770944342017174,,,,,,,2,0,,,21,,22,,5,capacity-number,
transport-sat08-strips,p30.pddl,abs-fd,interrupted,284.60164860635996,abstract_fd_search,,0.5412490218877792,0.0030452385544776917,,142.43788175657392,0.03706539794802666,0.20474772155284882,3.5049251280725002,0.8144087977707386,,2.0393823459744453,,,0.4427631162106991,,,,,2,0,0,0,142,,,0,5,capacity-number,
transport-sat08-strips,p30.pddl,asp,timed out,1800.2093651778996,concrete_asp,,,,,,,,3.8384528420865536,,,2.0808255560696125,,,,,,,,,,,,,,,20,,,
transport-sat08-strips,p30.pddl,fd,success,13.492124683223665,total,10.907679,,,,,,,,,10.898917,,,,,,,,unchecked: No available engine supports all the problem features:,,,,,,211,,,,,
transport-sat11-strips,p01.pddl,abs-asp,timed out,1800.0493687037379,abstract_asp,,0.47212192229926586,0.0028253216296434402,,39.66393078491092,0.029002387076616287,0.10618353635072708,1.9086809922009706,0.5065517202019691,,1.0956153590232134,0.1939205378293991,,,,,,,2,0,,,20,,21,,5,capacity-number,
transport-sat11-strips,p01.pddl,abs-fd,timed out,1800.5086203701794,abstract_fd_search,,0.46568431332707405,0.0026817843317985535,,39.61311958357692,0.02922249585390091,0.10615390539169312,1.8558808043599129,0.5056454241275787,,1.0802912637591362,,,0.1989338994026184,,,,,2,0,0,0,89,,,0,5,capacity-number,
transport-sat11-strips,p01.pddl,asp,timed out,1800.173451203853,concrete_asp,,,,,,,,2.144914921373129,,,1.1496108211576939,,,,,,,,,,,,,,,19,,,
transport-sat11-strips,p01.pddl,fd,success,5.592712890356779,total,3.219649,,,,,,,,,3.212949,,,,,,,,unchecked: No available engine supports all the problem features:,,,,,,119,,,,,
transport-sat11-strips,p02.pddl,abs-asp,timed out,1800.1298672817647,abstract_asp,,0.4665214270353317,0.0027453936636447906,,64.50062391161919,0.029928550124168396,0.12842226028442383,2.3614696823060513,0.6188921295106411,,1.3681946136057377,0.23965486139059067,,,,,,,2,0,,,21,,22,,5,capacity-number,
transport-sat11-strips,p02.pddl,abs-fd,interrupted,230.33746185526252,abstract_fd_search,,0.4770178571343422,0.0029338859021663666,,64.36118084192276,0.030019015073776245,0.13305558264255524,2.344465594738722,0.6162844374775887,,1.3830541335046291,,,0.27102910354733467,,,,,2,0,0,0,110,,,0,5,capacity-number,
transport-sat11-strips,p02.pddl,asp,timed out,1800.1576105467975,concrete_asp,,,,,,,,2.7435745261609554,,,1.498543780297041,,,,,,,,,,,,,,,20,,,
transport-sat11-strips,p02.pddl,fd,success,6.689914405345917,total,4.293039,,,,,,,,,4.286126,,,,,,,,unchecked: No available engine supports all the problem features:,,,,,,126,,,,,
transport-sat11-strips,p03.pddl,abs-asp,timed out,1800.1284557245672,abstract_asp,,0.5453488044440746,0.00297614187002182,,91.06612399220467,0.03794354572892189,0.1781173199415207,2.8480759523808956,0.6951541677117348,,1.6256285645067692,0.2838805504143238,,,,,,,2,0,,,19,,20,,5,capacity-number,
transport-sat11-strips,p03.pddl,abs-fd,interrupted,238.2415139861405,abstract_fd_search,,0.5665562525391579,0.002967432141304016,,91.85817103460431,0.03829195722937584,0.17914851382374763,2.9239468164741993,0.7116151861846447,,1.6244854144752026,,,0.33112891763448715,,,,,2,0,0,0,127,,,0,5,capacity-number,
transport-sat11-strips,p03.pddl,asp,timed out,1800.1792367994785,concrete_asp,,,,,,,,3.4350450709462166,,,1.752128578722477,,,,,,,,,,,,,,,18,,,
transport-sat11-strips,p03.pddl,fd,success,10.697982244193554,total,7.898221,,,,,,,,,7.891151,,,,,,,,unchecked: No available engine supports all the problem features:,,,,,,141,,,,,
transport-sat11-strips,p04.pddl,abs-asp,timed out,1800.1199318170547,abstract_asp,,0.44651877507567406,0.002428058534860611,,17.522918846458197,0.027863390743732452,0.0826583281159401,1.2413447946310043,0.3839866556227207,,0.7330155372619629,0.13443032652139664,,,,,,,2,0,,,21,,22,,5,capacity-number,
transport-sat11-strips,p04.pddl,abs-fd,timed out,1800.2720160260797,abstract_fd_search,,0.44444965198636055,0.002396814525127411,,17.493750922381878,0.028561972081661224,0.08277863264083862,1.265095453709364,0.38422030583024025,,0.7351283207535744,,,0.12160586938261986,,,,,2,0,0,0,66,,,0,5,capacity-number,
transport-sat11-strips,p04.pddl,asp,timed out,1800.146422881633,concrete_asp,,,,,,,,1.5006474368274212,,,0.7985629513859749,,,,,,,,,,,,,,,19,,,
transport-sat11-strips,p04.pddl,fd,success,5.413107946515083,total,2.98424,,,,,,,,,2.97563,,,,,,,,unchecked: No available engine supports all the problem features:,,,,,,148,,,,,
transport-sat11-strips,p05.pddl,abs-asp,timed out,1800.123827688396,abstract_asp,,0.42524559795856476,0.0024716705083847046,,31.994484294205904,0.02730943262577057,0.11148203909397125,1.6884228400886059,0.4617026783525944,,1.0151424668729305,0.1727011874318123,,,,,,,2,0,,,27,,28,,5,capacity-number,
transport-sat11-strips,p05.pddl,abs-fd,timed out,1800.4372321218252,abstract_fd_search,,0.44084085151553154,0.002498060464859009,,32.558764796704054,0.04210003837943077,0.11562959104776382,1.7499626949429512,0.4893903285264969,,1.008259356021881,,,0.14636164158582687,,,,,2,0,0,0,74,,,0,5,capacity-number,
transport-sat11-strips,p05.pddl,asp,timed out,1800.1643226444721,concrete_asp,,,,,,,,1.991795614361763,,,1.085548996925354,,,,,,,,,,,,,,,26,,,
transport-sat11-strips,p05.pddl,fd,success,11.778326846659184,total,9.224988,,,,,,,,,9.21673,,,,,,,,unchecked: No available engine supports all the problem features:,,,,,,233,,,,,
transport-sat11-strips,p06.pddl,abs-asp,timed out,1800.1298848316073,abstract_asp,,0.48770427145063877,0.0026402119547128677,,55.39747500419617,0.031560732051730156,0.1338432990014553,2.245584672316909,0.5904450416564941,,1.280927699059248,0.22605497762560844,,,,,,,2,0,,,26,,27,,5,capacity-number,
transport-sat11-strips,p06.pddl,abs-fd,timed out,1800.5069690868258,abstract_fd_search,,0.4856753647327423,0.002686798572540283,,55.28899633511901,0.03179053217172623,0.13633957132697105,2.2803477011621,0.6011552549898624,,1.2931398637592793,,,0.1919972337782383,,,,,2,0,0,0,105,,,0,5,capacity-number,
transport-sat11-strips,p06.pddl,asp,timed out,1800.1656554937363,concrete_asp,,,,,,,,2.736069295555353,,,1.378978420048952,,,,,,,,,,,,,,,23,,,
transport-sat11-strips,p06.pddl,fd,success,31.11010691151023,total,28.246351,,,,,,,,,28.237643,,,,,,,,unchecked: No available engine supports all the problem features:,,,,,,246,,,,,
transport-sat11-strips,p07.pddl,abs-asp,timed out,1800.135950608179,abstract_asp,,0.5383269693702459,0.002854837104678154,,90.99389492534101,0.03622736968100071,0.17055299505591393,2.8973357789218426,0.713627627119422,,1.6251461803913116,0.2825935035943985,,,,,,,2,0,,,28,,29,,5,capacity-number,
transport-sat11-strips,p07.pddl,abs-fd,interrupted,274.9500999674201,abstract_fd_search,,0.5518019199371338,0.0029410123825073242,,91.75694726780057,0.03605767711997032,0.1719776690006256,2.9225110076367855,0.7356212884187698,,1.652632623910904,,,0.2764299511909485,,,,,2,0,0,0,120,,,0,5,capacity-number,
transport-sat11-strips,p07.pddl,asp,timed out,1800.192316841334,concrete_asp,,,,,,,,3.5558944642543793,,,1.800457201898098,,,,,,,,,,,,,,,22,,,
transport-sat11-strips,p07.pddl,fd,success,40.699537847191095,total,38.156381,,,,,,,,,38.147096,,,,,,,,unchecked: No available engine supports all the problem features:,,,,,,348,,,,,
transport-sat11-strips,p08.pddl,abs-asp,timed out,1800.0448515154421,abstract_asp,,0.5176906697452068,0.002930503338575363,,99.71205054968596,0.035012438893318176,0.1518392600119114,2.9209137931466103,0.7048242278397083,,1.6886147893965244,0.29033276438713074,,,,,,,2,0,,,19,,20,,5,capacity-number,
transport-sat11-strips,p08.pddl,abs-fd,interrupted,247.18660360574722,abstract_fd_search,,0.5408591404557228,0.0030442513525485992,,100.2914003431797,0.0350479818880558,0.1521134302020073,2.957521829754114,0.7252971976995468,,1.7079892121255398,,,0.39607488736510277,,,,,2,0,0,0,129,,,0,5,capacity-number,
transport-sat11-strips,p08.pddl,asp,timed out,1800.1742898728698,concrete_asp,,,,,,,,3.559458116069436,,,1.8388188295066357,,,,,,,,,,,,,,,18,,,
transport-sat11-strips,p08.pddl,fd,success,8.401743836700916,total,5.914678,,,,,,,,,5.90748,,,,,,,,unchecked: No available engine supports all the problem features:,,,,,,140,,,,,
transport-sat11-strips,p09.pddl,abs-asp,timed out,1800.138061068952,abstract_asp,,0.6938435547053814,0.003037113696336746,,142.9917490184307,0.041341833770275116,0.21535494551062584,3.5092112086713314,0.8251925148069859,,2.0518020689487457,0.351823341101408,,,,,,,2,0,,,25,,26,,5,capacity-number,
transport-sat11-strips,p09.pddl,abs-fd,interrupted,289.8153969794512,abstract_fd_search,,0.6238211244344711,0.0031059421598911285,,143.53011365421116,0.04076608829200268,0.21208530478179455,3.4830483198165894,0.8323382940143347,,2.067333633080125,,,0.2933243438601494,,,,,2,0,0,0,115,,,0,5,capacity-number,
transport-sat11-strips,p09.pddl,asp,timed out,1800.1864441782236,concrete_asp,,,,,,,,4.232664693146944,,,2.2335304394364357,,,,,,,,,,,,,,,22,,,
transport-sat11-strips,p09.pddl,fd,success,30.710391953587532,total,28.01831,,,,,,,,,28.008526,,,,,,,,unchecked: No available engine supports all the problem features:,,,,,,306,,,,,
transport-sat11-strips,p10.pddl,abs-asp,timed out,1800.1347864754498,abstract_asp,,0.5600720047950745,0.0032370053231716156,,143.11597605794668,0.037387311458587646,0.2164422944188118,3.5466780066490173,0.8347579464316368,,2.032272756099701,0.351103700697422,,,,,,,2,0,,,21,,22,,5,capacity-number,
transport-sat11-strips,p10.pddl,abs-fd,interrupted,289.2063769772649,abstract_fd_search,,0.5628629587590694,0.0032122358679771423,,142.56615890562534,0.03749950975179672,0.21790936961770058,3.53366956114769,0.8412910029292107,,2.052003975957632,,,0.4588884338736534,,,,,2,0,0,0,142,,,0,5,capacity-number,
transport-sat11-strips,p10.pddl,asp,timed out,1800.1779554709792,concrete_asp,,,,,,,,4.210401963442564,,,2.193826522678137,,,,,,,,,,,,,,,20,,,
transport-sat11-strips,p10.pddl,fd,success,13.607966873794794,total,11.041345,,,,,,,,,11.033515,,,,,,,,unchecked: No available engine supports all the problem features:,,,,,,211,,,,,
transport-sat11-strips,p11.pddl,abs-asp,timed out,1800.1282656807452,abstract_asp,,0.49132535606622696,0.003132026642560959,,125.56220433861017,0.03276887349784374,0.15371736697852612,3.2797359954565763,0.7578164059668779,,1.8480473831295967,0.31669281981885433,,,,,,,2,0,,,19,,20,,5,capacity-number,
transport-sat11-strips,p11.pddl,abs-fd,interrupted,268.71237355843186,abstract_fd_search,,0.4912300780415535,0.0032937154173851013,,125.85970233753324,0.03332492709159851,0.16005951911211014,3.346007317304611,0.7603445686399937,,1.870634213089943,,,0.44966207817196846,,,,,2,0,0,0,153,,,0,5,capacity-number,
transport-sat11-strips,p11.pddl,asp,timed out,1800.179867286235,concrete_asp,,,,,,,,4.028954587876797,,,2.0086877420544624,,,,,,,,,,,,,,,18,,,
transport-sat11-strips,p11.pddl,fd,success,12.124192751944065,total,9.278053,,,,,,,,,9.266283,,,,,,,,unchecked: No available engine supports all the problem features:,,,,,,181,,,,,
transport-sat11-strips,p12.pddl,abs-asp,timed out,1800.1355747766793,abstract_asp,,0.5209114998579025,0.0029998570680618286,,112.80527401342988,0.034272268414497375,0.1709696538746357,3.2840431071817875,0.7514752000570297,,1.808099940419197,0.3187477383762598,,,,,,,2,0,,,20,,21,,5,capacity-number,
transport-sat11-strips,p12.pddl,abs-fd,interrupted,258.0977126918733,abstract_fd_search,,0.5242257975041866,0.003082718700170517,,113.1138833835721,0.03435002639889717,0.17778310179710388,3.2285724356770515,0.7545924298465252,,1.8048782274127007,,,0.481441717594862,,,,,2,0,0,0,168,,,0,5,capacity-number,
transport-sat11-strips,p12.pddl,asp,timed out,1800.1736547984183,concrete_asp,,,,,,,,3.9688805155456066,,,1.9593316614627838,,,,,,,,,,,,,,,18,,,
transport-sat11-strips,p12.pddl,fd,success,10.976552583277225,total,8.485692,,,,,,,,,8.475266,,,,,,,,unchecked: No available engine supports all the problem features:,,,,,,193,,,,,
transport-sat11-strips,p13.pddl,abs-asp,timed out,1800.1277430132031,abstract_asp,,0.5078476294875145,0.0030599310994148254,,140.60036293789744,0.03471224382519722,0.18291570246219635,3.479813750833273,0.7914456576108932,,1.9644061885774136,0.3428412936627865,,,,,,,2,0,,,19,,20,,5,capacity-number,
transport-sat11-strips,p13.pddl,abs-fd,interrupted,284.3532089870423,abstract_fd_search,,0.5077127367258072,0.003028934821486473,,140.85310564003885,0.034695178270339966,0.18016102351248264,3.5068073607981205,0.7922500129789114,,1.977603329345584,,,0.6641104556620121,,,,,2,0,0,0,174,,,0,5,capacity-number,
transport-sat11-strips,p13.pddl,asp,timed out,1800.223189778626,concrete_asp,,,,,,,,4.2796785198152065,,,2.1238367035984993,,,,,,,,,,,,,,,18,,,
transport-sat11-strips,p13.pddl,fd,success,15.297434993088245,total,12.752905,,,,,,,,,12.743699,,,,,,,,unchecked: No available engine supports all the problem features:,,,,,,237,,,,,
transport-sat14-strips,p01.pddl,abs-asp,timed out,1800.130618788302,abstract_asp,,0.5060573630034924,0.0031157173216342926,,172.19923365861177,0.034834325313568115,0.16602706164121628,3.7781307213008404,0.8388635851442814,,2.12087831646204,0.3551006503403187,,,,,,,2,0,,,19,,20,,5,capacity-number,
transport-sat14-strips,p01.pddl,abs-fd,interrupted,318.17665607482195,abstract_fd_search,,0.5282654315233231,0.0032812468707561493,,173.0834528543055,0.035030562430620193,0.1736462041735649,3.8951699770987034,0.8572646901011467,,2.141943570226431,,,0.5196214914321899,,,,,2,0,0,0,162,,,0,5,capacity-number,
transport-sat14-strips,p01.pddl,asp,timed out,1800.179490081966,concrete_asp,,,,,,,,4.690208841115236,,,2.2799000330269337,,,,,,,,,,,,,,,18,,,
transport-sat14-strips,p01.pddl,fd,success,25.655754767358303,total,22.148643,,,,,,,,,22.138718,,,,,,,,unchecked: No available engine supports all the problem features:,,,,,,185,,,,,
transport-sat14-strips,p03.pddl,abs-asp,timed out,1800.1295580100268,abstract_asp,,0.5268231015652418,0.0032680947333574295,,193.2142140045762,0.03663311153650284,0.17511837370693684,4.051298009231687,0.880119401961565,,2.246952436864376,0.3856786973774433,,,,,,,2,0,,,18,,19,,5,capacity-number,
transport-sat14-strips,p03.pddl,abs-fd,interrupted,339.5149254798889,abstract_fd_search,,0.5574372336268425,0.0035194456577301025,,194.17058949917555,0.036928147077560425,0.18453910946846008,4.093502901494503,0.9018210470676422,,2.2548871152102947,,,1.0497954227030277,,,,,2,0,0,0,187,,,0,5,capacity-number,
transport-sat14-strips,p03.pddl,asp,timed out,1800.1861809939146,concrete_asp,,,,,,,,4.9167711064219475,,,2.3972323201596737,,,,,,,,,,,,,,,17,,,
transport-sat14-strips,p03.pddl,fd,success,13.23641762509942,total,9.592968,,,,,,,,,9.58349,,,,,,,,unchecked: No available engine supports all the problem features:,,,,,,203,,,,,
transport-sat14-strips,p13.pddl,abs-asp,timed out,1800.0317793898284,abstract_asp,,0.5831843018531799,0.0032563507556915283,,149.73390600457788,0.04124259576201439,0.22981145232915878,3.6092746034264565,0.828169047832489,,1.9867183193564415,0.34915168955922127,,,,,,,2,0,,,20,,21,,5,capacity-number,
transport-sat14-strips,p13.pddl,abs-fd,interrupted,292.6018877401948,abstract_fd_search,,0.5832003764808178,0.0032985173165798187,,148.84816701710224,0.04117151349782944,0.23350383341312408,3.471842832863331,0.809218056499958,,1.98896911367774,,,0.5501246340572834,,,,,2,0,0,0,174,,,0,5,capacity-number,
transport-sat14-strips,p13.pddl,asp,timed out,1800.0805670768023,concrete_asp,,,,,,,,4.2429054863750935,,,2.1478049270808697,,,,,,,,,,,,,,,18,,,
transport-sat14-strips,p13.pddl,fd,success,16.54800645262003,total,12.845383,,,,,,,,,12.836854,,,,,,,,unchecked: No available engine supports all the problem features:,,,,,,228,,,,,
