domain,problem,mode,status,wall_time_seconds,last_completed_phase,total_seconds,problem_reading_seconds,pnf_translation_seconds,symmetry_discovery_seconds,resource_detection_seconds,abstraction_seconds,abstract_pddl_writing_seconds,concrete_fd_seconds,abstract_fd_seconds,fd_search_seconds,concrete_asp_seconds,abstract_asp_seconds,abstract_solving_seconds,abstract_fd_search_seconds,guided_concrete_solving_seconds,extended_concrete_solving_seconds,verdict,plan_valid,relaxed_deletes,relaxed_inequalities,decrements,increments,abstract_plan_length,plan_length,abstract_solve_calls,concrete_solve_calls,abstracted_object_count,abstracted_object_type,error_message
agricola-sat18-strips,p01.pddl,abs-asp,interrupted,183.7497708685696,abstract_asp,,0.6012071184813976,0.46294914558529854,13.064178220927715,,2.6296245716512203,0.3142189811915159,36.293202145025134,31.16436961852014,,23.382652623578906,20.869909336790442,,,,,,,1,0,,,,,,,10,room,
agricola-sat18-strips,p01.pddl,abs-fd,interrupted,174.931554146111,abstract_fd_search,,0.6103667914867401,0.45576583221554756,13.151857003569603,,2.7146346643567085,0.3114451505243778,36.2466790266335,31.267039112746716,,23.42498068884015,,,11.33471092954278,,,,,1,0,0,0,53,,,0,10,room,
agricola-sat18-strips,p01.pddl,fd-lmcut,timed out,1800.1121035404503,,,,,,,,,,,,,,,,,,,,,,,,,,,,,,
agricola-sat18-strips,p02.pddl,abs-asp,interrupted,204.92856991663575,abstract_asp,,0.613686416298151,0.4735501892864704,15.85419287532568,,2.6712063029408455,0.3288511037826538,43.02953611686826,37.80092499777675,,28.007522486150265,24.66783944517374,,,,,,,1,0,,,,,,,10,room,
agricola-sat18-strips,p02.pddl,abs-fd,interrupted,202.6577031351626,abstract_fd_search,,0.6516252160072327,0.46102067455649376,15.8534503467381,,2.734116308391094,0.31932486593723297,43.36196315661073,38.747276309877634,,27.885896258056164,,,21.10152467340231,,,,,1,0,0,0,66,,,0,10,room,
agricola-sat18-strips,p02.pddl,fd-lmcut,timed out,1800.1096326857805,,,,,,,,,,,,,,,,,,,,,,,,,,,,,,
agricola-sat18-strips,p03.pddl,abs-asp,interrupted,228.51453248411417,abstract_asp,,0.6156663596630096,0.46421830728650093,18.54273283109069,,2.688815038651228,0.3998452313244343,50.47672578319907,44.49558923766017,,33.86248145997524,30.184888690710068,,,,,,,1,0,,,,,,,10,room,
agricola-sat18-strips,p03.pddl,abs-fd,interrupted,215.79079512879252,abstract_fd_search,,0.6142399683594704,0.4572390578687191,18.67979569733143,,2.680288579314947,0.3970032036304474,50.63658130541444,44.594079967588186,,33.70297087356448,,,16.855653952807188,,,,,1,0,0,0,83,,,0,10,room,
agricola-sat18-strips,p03.pddl,fd-lmcut,timed out,1800.1100596003234,,,,,,,,,,,,,,,,,,,,,,,,,,,,,,
agricola-sat18-strips,p04.pddl,abs-asp,interrupted,240.24404680728912,abstract_asp,,0.6189508140087128,0.47262732684612274,20.52213839814067,,2.700036071240902,0.40573932975530624,53.43538239225745,49.72752075269818,,35.43618065491319,31.550896033644676,,,,,,,1,0,,,,,,,10,room,
agricola-sat18-strips,p04.pddl,abs-fd,interrupted,230.08782232925296,abstract_fd_search,,0.620323896408081,0.4616248905658722,20.726500056684017,,2.7117642872035503,0.39618542045354843,53.6883008480072,49.97193992882967,,35.4287395067513,,,20.7085301540792,,,,,1,0,0,0,88,,,0,10,room,
agricola-sat18-strips,p04.pddl,fd-lmcut,timed out,1800.1110398508608,,,,,,,,,,,,,,,,,,,,,,,,,,,,,,
agricola-sat18-strips,p05.pddl,abs-asp,interrupted,248.0407544784248,abstract_asp,,0.6386863440275192,0.4825257360935211,21.425999775528908,,2.8577357567846775,0.3177909776568413,58.23436289653182,51.35239423438907,,38.78074186295271,34.70743987709284,,,,,,,1,0,,,,,,,10,room,
agricola-sat18-strips,p05.pddl,abs-fd,interrupted,254.02467699348927,abstract_fd_search,,0.6160366088151932,0.4718523360788822,21.70466598123312,,2.8049998059868813,0.32318882644176483,59.2559153996408,53.588720824569464,,39.11540208756924,,,33.20538315176964,,,,,1,0,0,0,98,,,0,10,room,
agricola-sat18-strips,p05.pddl,fd-lmcut,timed out,1800.109854143113,,,,,,,,,,,,,,,,,,,,,,,,,,,,,,
agricola-sat18-strips,p06.pddl,abs-asp,interrupted,266.7218802534044,abstract_asp,,0.6153043657541275,0.5488696172833443,22.835030544549227,,2.735865466296673,0.32413870096206665,62.568759478628635,57.89129903540015,,41.556117098778486,37.1208112873137,,,,,,,1,0,,,,,,,10,room,
agricola-sat18-strips,p06.pddl,abs-fd,interrupted,269.15279968455434,abstract_fd_search,,0.6190069317817688,0.5442014262080193,22.858879163861275,,2.726170290261507,0.3196256048977375,62.5032517015934,57.76066119968891,,40.908502738922834,,,42.28568056225777,,,,,1,0,0,0,103,,,0,10,room,
agricola-sat18-strips,p06.pddl,fd-lmcut,timed out,1800.0148069113493,,,,,,,,,,,,,,,,,,,,,,,,,,,,,,
agricola-sat18-strips,p07.pddl,abs-asp,interrupted,275.2701697126031,abstract_asp,,0.6195246055722237,0.5614075064659119,25.218591660261154,,2.7523174844682217,0.33519983291625977,65.92238149419427,59.70170949026942,,44.646930146962404,39.91398674622178,,,,,,,1,0,,,,,,,10,room,
agricola-sat18-strips,p07.pddl,abs-fd,interrupted,272.6585490703583,abstract_fd_search,,0.6217857897281647,0.5424235947430134,25.259097009897232,,2.762607328593731,0.32524678111076355,66.0119625851512,59.52024296671152,,44.45419383794069,,,35.155955888330936,,,,,1,0,0,0,116,,,0,10,room,
agricola-sat18-strips,p07.pddl,fd-lmcut,timed out,1800.110030066222,,,,,,,,,,,,,,,,,,,,,,,,,,,,,,
agricola-sat18-strips,p08.pddl,abs-asp,interrupted,289.8451570942998,abstract_asp,,0.6173524130135775,0.5536470208317041,25.904801052063704,,2.7698674704879522,0.32723313942551613,71.10919205658138,63.24554838612676,,47.174359088763595,43.02835855074227,,,,,,,1,0,,,,,,,10,room,
agricola-sat18-strips,p08.pddl,abs-fd,interrupted,286.5044023171067,abstract_fd_search,,0.6194539964199066,0.549433134496212,26.185762152075768,,2.8039603643119335,0.32346657663583755,71.28329525887966,62.959690403193235,,47.518592830747366,,,41.02378257736564,,,,,1,0,0,0,125,,,0,10,room,
agricola-sat18-strips,p08.pddl,fd-lmcut,timed out,1800.1089585386217,,,,,,,,,,,,,,,,,,,,,,,,,,,,,,
agricola-sat18-strips,p09.pddl,abs-asp,interrupted,305.81172451004386,abstract_asp,,0.6569365113973618,0.6059054546058178,28.778372775763273,,2.8230829872190952,0.33278658613562584,74.82942670956254,70.78860710561275,,50.59306047484279,45.471548177301884,,,,,,,1,0,,,,,,,10,room,
agricola-sat18-strips,p09.pddl,abs-fd,interrupted,325.8176262229681,abstract_fd_search,,0.6204903833568096,0.571121096611023,28.592836495488882,,2.7831761352717876,0.34423303231596947,74.96927948668599,70.39461722970009,,50.527785301208496,,,65.97894848138094,,,,,1,0,0,0,133,,,0,10,room,
agricola-sat18-strips,p09.pddl,fd-lmcut,timed out,1800.1083467826247,,,,,,,,,,,,,,,,,,,,,,,,,,,,,,
agricola-sat18-strips,p10.pddl,abs-asp,interrupted,316.844033440575,abstract_asp,,0.6504480615258217,0.6164605394005775,30.80202146805823,,2.821825249120593,0.33489243127405643,80.03062111325562,72.53964322432876,,52.327782303094864,46.87268412485719,,,,,,,1,0,,,,,,,10,room,
agricola-sat18-strips,p10.pddl,abs-fd,interrupted,394.6398951895535,abstract_fd_search,,0.6267232559621334,0.5726699754595757,30.45045079663396,,2.8141369558870792,0.3423355892300606,79.89983712136745,71.7858626358211,,52.52004062011838,,,125.87824515998363,,,,,1,0,0,0,141,,,0,10,room,
agricola-sat18-strips,p10.pddl,fd-lmcut,timed out,1800.092779416591,,,,,,,,,,,,,,,,,,,,,,,,,,,,,,
agricola-sat18-strips,p11.pddl,abs-asp,timed out,1800.26611495018,abstract_asp,,0.5132780335843563,0.21994292736053467,2.099688310176134,,0.8137018494307995,0.17173272743821144,5.554772324860096,5.265333097428083,,3.616618126630783,3.4836937561631203,,,,,,,1,0,,,60,,61,,5,room,
agricola-sat18-strips,p11.pddl,abs-fd,timed out,1800.1212906185538,concrete_asp,,0.5138342566788197,0.2202859502285719,2.092048542574048,,0.8099312260746956,0.1708684302866459,5.497684679925442,5.243841964751482,,3.624065726995468,,,,,,,,1,0,,,,,,,5,room,
agricola-sat18-strips,p11.pddl,fd-lmcut,timed out,1800.1115287132561,,,,,,,,,,,,,,,,,,,,,,,,,,,,,,
agricola-sat18-strips,p12.pddl,abs-asp,timed out,1800.2799648456275,abstract_asp,,0.5610487144440413,0.22290753573179245,2.4364039581269026,,0.8259199559688568,0.1701032556593418,6.789673177525401,6.5620412938296795,,4.476091135293245,4.3407470770180225,,,,,,,1,0,,,69,,70,,5,room,
agricola-sat18-strips,p12.pddl,abs-fd,interrupted,165.2200451940298,abstract_fd_search,,0.5425444170832634,0.22246991097927094,2.514545328915119,,0.8219459094107151,0.18703043088316917,6.791449885815382,6.696154531091452,,4.484923455864191,,,7.7090620547533035,,,,,1,0,0,0,78,,,0,5,room,
agricola-sat18-strips,p12.pddl,fd-lmcut,timed out,1800.1068412549794,,,,,,,,,,,,,,,,,,,,,,,,,,,,,,
agricola-sat18-strips,p13.pddl,abs-asp,timed out,1800.2582926601171,abstract_asp,,0.5159672684967518,0.22658394277095795,2.936218462884426,,0.8602547533810139,0.1742328740656376,8.26135540381074,7.9159410782158375,,5.439365442842245,5.2453826405107975,,,,,,,1,0,,,61,,62,,5,room,
agricola-sat18-strips,p13.pddl,abs-fd,interrupted,314.9373462535441,abstract_fd_search,,0.5336192883551121,0.22446748241782188,3.039912287145853,,0.844109334051609,0.17492002248764038,8.340227670967579,7.979364950209856,,5.457658153027296,,,145.45008006319404,,,,,1,0,0,0,95,,,0,5,room,
agricola-sat18-strips,p13.pddl,fd-lmcut,timed out,1800.1084285788238,,,,,,,,,,,,,,,,,,,,,,,,,,,,,,
agricola-sat18-strips,p14.pddl,abs-asp,timed out,1800.3446785956621,abstract_asp,,0.5233384445309639,0.2325061708688736,4.9857895858585835,,0.9346657805144787,0.17918755486607552,13.117003213614225,12.409222148358822,,8.877442497760057,8.487764216959476,,,,,,,1,0,,,52,,53,,6,room,
agricola-sat18-strips,p14.pddl,abs-fd,timed out,1800.1408719792962,concrete_asp,,0.529371939599514,0.22637412697076797,5.0099836476147175,,0.934830229729414,0.17559149488806725,13.363631248474121,12.56968804821372,,8.876186151057482,,,,,,,,1,0,,,,,,,6,room,
agricola-sat18-strips,p14.pddl,fd-lmcut,timed out,1800.0220878347754,,,,,,,,,,,,,,,,,,,,,,,,,,,,,,
agricola-sat18-strips,p15.pddl,abs-asp,timed out,1800.3895835187286,abstract_asp,,0.5327471662312746,0.2281647752970457,5.360850915312767,,0.9379482213407755,0.18556281179189682,14.812644392251968,13.453092264011502,,9.832187669351697,9.150688963010907,,,,,,,1,0,,,75,,76,,6,room,
agricola-sat18-strips,p15.pddl,abs-fd,timed out,1800.140766043216,concrete_asp,,0.518546562641859,0.22787677869200706,5.294464200735092,,0.9450550712645054,0.1829465888440609,14.642426371574402,13.35481447353959,,9.690062381327152,,,,,,,,1,0,,,,,,,6,room,
agricola-sat18-strips,p15.pddl,fd-lmcut,timed out,1800.1092524453998,,,,,,,,,,,,,,,,,,,,,,,,,,,,,,
agricola-sat18-strips,p16.pddl,abs-asp,timed out,1800.4361634403467,abstract_asp,,0.5542523637413979,0.23435119166970253,6.284269247204065,,0.9723045341670513,0.1878579892218113,15.628442976623774,14.947312656790018,,10.5428495593369,9.998657822608948,,,,,,,1,0,,,60,,61,,6,room,
agricola-sat18-strips,p16.pddl,abs-fd,timed out,1800.0663824230433,concrete_asp,,0.5299999341368675,0.2260541468858719,6.0273604318499565,,0.9502833746373653,0.18093040958046913,15.599018976092339,14.867478556931019,,10.43439830467105,,,,,,,,1,0,,,,,,,6,room,
agricola-sat18-strips,p16.pddl,fd-lmcut,timed out,1800.0144463926554,,,,,,,,,,,,,,,,,,,,,,,,,,,,,,
agricola-sat18-strips,p17.pddl,abs-asp,timed out,1800.520269740373,abstract_asp,,0.5376080200076103,0.2420201078057289,8.865006785839796,,1.0600242912769318,0.18770777434110641,23.35982945933938,21.730531197041273,,15.633670009672642,14.616355441510677,,,,,,,1,0,,,56,,57,,7,room,
agricola-sat18-strips,p17.pddl,abs-fd,timed out,1800.1560642048717,concrete_asp,,0.5354520790278912,0.23317115753889084,8.840304087847471,,1.0470652133226395,0.18133726343512535,23.158521953970194,23.243580974638462,,16.984993144869804,,,,,,,,1,0,,,,,,,7,room,
agricola-sat18-strips,p17.pddl,fd-lmcut,timed out,1800.1120886951685,,,,,,,,,,,,,,,,,,,,,,,,,,,,,,
agricola-sat18-strips,p18.pddl,abs-asp,timed out,1800.5311266332865,abstract_asp,,0.5305393040180206,0.23570997640490532,9.293911669403315,,1.0558732151985168,0.1838224045932293,25.412694167345762,22.858321227133274,,16.753167152404785,15.529375277459621,,,,,,,1,0,,,59,,60,,7,room,
agricola-sat18-strips,p18.pddl,abs-fd,timed out,1800.1879922784865,concrete_asp,,0.5520633906126022,0.237994022667408,9.440563648939133,,1.0588326640427113,0.18376559391617775,25.44456098601222,23.03835255280137,,17.16070791706443,,,,,,,,1,0,,,,,,,7,room,
agricola-sat18-strips,p18.pddl,fd-lmcut,timed out,1800.109480086714,,,,,,,,,,,,,,,,,,,,,,,,,,,,,,
agricola-sat18-strips,p19.pddl,abs-asp,interrupted,983.7474983073771,abstract_asp,,0.5724159926176071,0.24795730412006378,9.83890612795949,,1.072013258934021,0.191383209079504,27.083324745297432,25.869024585932493,,17.887637805193663,16.604474738240242,,,,,,,1,0,,,61,,62,,7,room,
agricola-sat18-strips,p19.pddl,abs-fd,timed out,1800.1518740840256,concrete_asp,,0.5388780534267426,0.2475793920457363,9.735659219324589,,1.0624352246522903,0.19070402532815933,26.757378101348877,25.412782441824675,,17.734702344983816,,,,,,,,1,0,,,,,,,7,room,
agricola-sat18-strips,p19.pddl,fd-lmcut,timed out,1800.1077486947179,,,,,,,,,,,,,,,,,,,,,,,,,,,,,,
agricola-sat18-strips,p20.pddl,abs-asp,interrupted,650.3923389986157,abstract_asp,,0.5350877232849598,0.24286818504333496,10.703473880887032,,1.0894811190664768,0.18640374392271042,28.33410545811057,26.380547512322664,,18.92728592455387,17.571895487606525,,,,,,,1,0,,,60,,61,,7,room,
agricola-sat18-strips,p20.pddl,abs-fd,timed out,1800.1661151759326,concrete_asp,,0.5801942199468613,0.24791219830513,11.043713297694921,,1.0935677364468575,0.18927055597305298,28.826765958219767,26.852904081344604,,18.9627488553524,,,,,,,,1,0,,,,,,,7,room,
agricola-sat18-strips,p20.pddl,fd-lmcut,timed out,1800.1071722842753,,,,,,,,,,,,,,,,,,,,,,,,,,,,,,
airport,p01-airport1-p1.pddl,abs-asp,success,3.4323933459818363,total,1.262639,0.500882,0.012015,0.132507,,0.050847,0.070644,0.175601,0.165519,,0.005303,0.004672,0.042509,,0.059206,,,valid,0,0,0,0,8,8,9,1,2,segment,
airport,p01-airport1-p1.pddl,abs-fd,success,3.8753467798233032,total,1.300349,0.504103,0.011959,0.140087,,0.050683,0.06933,0.186736,0.165785,,0.005766,,,0.064013,0.060517,,,valid,0,0,0,0,8,8,,1,2,segment,
airport,p01-airport1-p1.pddl,fd-lmcut,success,2.905722465366125,total,0.226068,,,,,,,,,0.22245,,,,,,,,valid,,,,,,8,,,,,
airport,p02-airport1-p1.pddl,abs-asp,success,4.191118251532316,total,1.45319,0.546054,0.012364,0.153834,,0.053607,0.073585,0.224181,0.18133,,0.007281,0.005384,0.060596,,0.085545,,,valid,0,0,0,0,9,9,10,1,2,segment,
airport,p02-airport1-p1.pddl,abs-fd,success,3.649483524262905,total,1.340678,0.532096,0.012544,0.128277,,0.053475,0.073331,0.172369,0.17164,,0.006228,,,0.065091,0.080112,,,valid,0,0,0,0,9,9,,1,2,segment,
airport,p02-airport1-p1.pddl,fd-lmcut,success,3.0235043056309223,total,0.216998,,,,,,,,,0.21414,,,,,,,,valid,,,,,,9,,,,,
airport,p03-airport1-p2.pddl,abs-asp,success,4.4456884525716305,total,1.772974,0.551936,0.013728,0.131205,,0.057353,0.079472,0.175262,0.175338,,0.008856,0.007183,0.27917,,0.2347,,,valid,0,0,0,0,17,17,18,1,2,segment,
airport,p03-airport1-p2.pddl,abs-fd,success,3.5823544561862946,total,1.545316,0.545788,0.018259,0.12948,,0.057741,0.082589,0.174943,0.17421,,0.007438,,,0.06725,0.238059,,,valid,0,0,0,0,17,17,,1,2,segment,
airport,p03-airport1-p2.pddl,fd-lmcut,success,3.1113445684313774,total,0.242846,,,,,,,,,0.239335,,,,,,,,valid,,,,,,17,,,,,
airport,p04-airport2-p1.pddl,abs-asp,success,6.735835775732994,total,3.167664,1.374321,0.033849,0.207819,,0.143525,0.193601,0.233493,0.231572,,0.008025,0.007875,0.194573,,0.441541,,,valid,0,0,0,0,20,20,21,1,2,segment,
airport,p04-airport2-p1.pddl,abs-fd,success,6.581964608281851,total,2.964428,1.337248,0.033188,0.218025,,0.142397,0.192568,0.258096,0.233204,,0.010016,,,0.069519,0.386818,,,valid,0,0,0,0,20,20,,1,2,segment,
airport,p04-airport2-p1.pddl,fd-lmcut,success,3.5976538732647896,total,0.242506,,,,,,,,,0.239309,,,,,,,,valid,,,,,,20,,,,,
airport,p05-airport2-p1.pddl,abs-asp,success,7.73493730276823,total,3.487339,1.415515,0.034689,0.23739,,0.148036,0.199561,0.268883,0.24103,,0.012053,0.010471,0.262683,,0.556051,,,valid,0,0,0,0,21,21,22,1,2,segment,
airport,p05-airport2-p1.pddl,abs-fd,success,7.240195266902447,total,3.361358,1.456611,0.034528,0.235832,,0.147494,0.200852,0.287621,0.241302,,0.012243,,,0.07686,0.576256,,,valid,0,0,0,0,23,23,,1,2,segment,
airport,p05-airport2-p1.pddl,fd-lmcut,success,4.382344871759415,total,0.282193,,,,,,,,,0.279244,,,,,,,,valid,,,,,,21,,,,,
airport,p06-airport2-p2.pddl,abs-asp,success,133.41727813333273,total,129.397363,1.457932,0.036267,0.234665,,0.153492,0.21069,0.284801,0.258059,,0.016798,0.015002,124.504278,,2.073009,,,valid,0,0,0,0,41,41,42,1,2,segment,
airport,p06-airport2-p2.pddl,abs-fd,success,8.501808706671,total,4.69232,1.461504,0.037352,0.207193,,0.153211,0.233222,0.248858,0.24773,,0.01557,,,0.083893,1.888544,,,valid,0,0,0,0,43,43,,1,2,segment,
airport,p06-airport2-p2.pddl,fd-lmcut,success,4.408703256398439,total,0.320522,,,,,,,,,0.3173,,,,,,,,valid,,,,,,41,,,,,
airport,p07-airport2-p2.pddl,abs-asp,success,118.0221813954413,total,114.10321,1.416001,0.037053,0.228228,,0.152893,0.214821,0.277627,0.250415,,0.01694,0.015086,109.395695,,1.946601,,,valid,0,0,0,0,41,41,42,1,2,segment,
airport,p07-airport2-p2.pddl,abs-fd,success,8.54201252385974,total,4.671435,1.410639,0.036708,0.226552,,0.152198,0.215663,0.272312,0.248829,,0.016727,,,0.083857,1.892511,,,valid,0,0,0,0,43,43,,1,2,segment,
airport,p07-airport2-p2.pddl,fd-lmcut,success,3.5238574743270874,total,0.278854,,,,,,,,,0.275674,,,,,,,,valid,,,,,,41,,,,,
airport,p08-airport2-p3.pddl,abs-asp,timed out,1800.1298637576401,abstract_solving,,1.493855133652687,0.038242802023887634,0.2431262992322445,,0.15269828960299492,0.183587197214365,0.29002002999186516,0.20829778164625168,,0.02399974688887596,0.010347604751586914,8.11822571605444,,,,,,334,0,30,0,41,,42,31,2,airplane,
airport,p08-airport2-p3.pddl,abs-fd,timed out,1800.1304935589433,abstract_fd_search,,1.490086566656828,0.038088731467723846,0.2365172989666462,,0.15256186947226524,0.18198752030730247,0.28272515162825584,0.20944145694375038,,0.023375272750854492,,,0.07552652806043625,,,,,334,0,43,0,43,,,44,2,airplane,
airport,p08-airport2-p3.pddl,fd-lmcut,success,4.63446407020092,total,0.4432,,,,,,,,,0.440027,,,,,,,,valid,,,,,,62,,,,,
airport,p09-airport2-p4.pddl,abs-asp,timed out,1800.0268727727234,abstract_asp,,1.5868880078196526,0.039789315313100815,0.2580588757991791,,0.16575321927666664,0.2066642865538597,0.320596806704998,0.2349274381995201,,0.03052763268351555,0.01267605647444725,,,,,,,334,0,,,47,,48,,2,airplane,
airport,p09-airport2-p4.pddl,abs-fd,timed out,1800.143049230799,abstract_fd_search,,1.5322192925959826,0.03962387517094612,0.24467267654836178,,0.1645051222294569,0.20054984092712402,0.30763740092515945,0.22332371957600117,,0.02900511585175991,,,0.07914873398840427,,,,,334,0,55,0,55,,,56,2,airplane,
airport,p09-airport2-p4.pddl,fd-lmcut,success,5.2892152816057205,total,0.847348,,,,,,,,,0.843709,,,,,,,,valid,,,,,,71,,,,,
airport,p10-airport3-p1.pddl,abs-asp,success,6.776230867952108,total,3.335249,1.536089,0.039672,0.224484,,0.169929,0.228531,0.237668,0.236192,,0.00901,0.008866,0.156025,,0.395973,,,valid,0,0,0,0,18,18,19,1,2,segment,
airport,p10-airport3-p1.pddl,abs-fd,success,7.242172796279192,total,3.256777,1.526996,0.039164,0.240675,,0.169789,0.230814,0.263449,0.235948,,0.01043,,,0.069288,0.382735,,,valid,0,0,0,0,18,18,,1,2,segment,
airport,p10-airport3-p1.pddl,fd-lmcut,success,3.8701882287859917,total,0.263518,,,,,,,,,0.259363,,,,,,,,valid,,,,,,18,,,,,
airport,p11-airport3-p1.pddl,abs-asp,success,7.21616680175066,total,3.704975,1.567322,0.040919,0.231713,,0.177005,0.23431,0.246461,0.246393,,0.012029,0.011783,0.267187,,0.567857,,,valid,0,0,0,0,21,21,22,1,2,segment,
airport,p11-airport3-p1.pddl,abs-fd,success,7.524231040850282,total,3.764445,1.721506,0.040887,0.24345,,0.176552,0.233277,0.258209,0.257542,,0.011872,,,0.076115,0.648008,,,valid,0,0,0,0,23,23,,1,2,segment,
airport,p11-airport3-p1.pddl,fd-lmcut,success,4.083871901035309,total,0.278394,,,,,,,,,0.273898,,,,,,,,valid,,,,,,21,,,,,
airport,p12-airport3-p2.pddl,abs-asp,success,113.47664779424667,total,109.762316,1.62082,0.046455,0.239396,,0.182344,0.249767,0.270394,0.267966,,0.017699,0.017454,104.644684,,2.045443,,,valid,0,0,0,0,39,39,40,1,2,segment,
airport,p12-airport3-p2.pddl,abs-fd,success,10.286195505410433,total,5.608575,1.813775,0.050318,0.283501,,0.183392,0.273057,0.294642,0.287414,,0.01768,,,0.09799,2.171494,,,valid,0,0,0,0,41,41,,1,2,segment,
airport,p12-airport3-p2.pddl,fd-lmcut,success,4.525376837700605,total,0.331287,,,,,,,,,0.327695,,,,,,,,valid,,,,,,39,,,,,
airport,p13-airport3-p2.pddl,abs-asp,success,90.59324381500483,total,86.855191,1.631103,0.041763,0.240795,,0.187057,0.247202,0.283588,0.269327,,0.01777,0.017482,81.840306,,1.916925,,,valid,0,0,0,0,37,37,38,1,2,segment,
airport,p13-airport3-p2.pddl,abs-fd,success,9.20254984498024,total,4.925083,1.642342,0.046539,0.25989,,0.181172,0.248454,0.296059,0.269195,,0.019471,,,0.085525,1.75469,,,valid,0,0,0,0,37,37,,1,2,segment,
airport,p13-airport3-p2.pddl,fd-lmcut,success,4.491778910160065,total,0.32772,,,,,,,,,0.323455,,,,,,,,valid,,,,,,37,,,,,
airport,p14-airport3-p3.pddl,abs-asp,timed out,1800.1278809010983,abstract_solving,,1.7937054261565208,0.044648777693510056,0.2657480388879776,,0.18451852723956108,0.21266088634729385,0.312267005443573,0.2226237840950489,,0.027137409895658493,0.011417150497436523,7.532256867736578,,,,,,406,0,28,0,39,,40,29,2,airplane,
airport,p14-airport3-p3.pddl,abs-fd,timed out,1800.1330287829041,abstract_fd_search,,1.8211024105548859,0.0452839732170105,0.2673058733344078,,0.18562128394842148,0.21363607048988342,0.3154863826930523,0.22467579692602158,,0.02733394131064415,,,0.07536763697862625,,,,,406,0,39,0,39,,,40,2,airplane,
airport,p14-airport3-p3.pddl,fd-lmcut,success,5.13590769842267,total,0.420468,,,,,,,,,0.416783,,,,,,,,valid,,,,,,60,,,,,
airport,p15-airport3-p3.pddl,abs-asp,timed out,1800.1270262934268,abstract_solving,,1.8388326428830624,0.04543241858482361,0.26531612128019333,,0.1870383284986019,0.22163885086774826,0.3113898076117039,0.2230549268424511,,0.027665123343467712,0.01149250939488411,5.334296468645334,,,,,,409,0,35,0,37,,38,36,2,airplane,
airport,p15-airport3-p3.pddl,abs-fd,timed out,1800.1304012201726,abstract_fd_search,,1.955538034439087,0.04626272991299629,0.2938699424266815,,0.18720408156514168,0.22452948987483978,0.34680701419711113,0.23144882544875145,,0.02884168177843094,,,0.07657598331570625,,,,,409,0,39,0,39,,,40,2,airplane,
airport,p15-airport3-p3.pddl,fd-lmcut,success,4.497026938945055,total,0.463831,,,,,,,,,0.460607,,,,,,,,valid,,,,,,58,,,,,
airport,p16-airport3-p4.pddl,abs-asp,timed out,1800.1450226847082,abstract_solving,,2.0045053139328957,0.05026775039732456,0.3213415276259184,,0.22183360531926155,0.2316149938851595,0.39400583505630493,0.23083779402077198,,0.03998192213475704,0.011629261076450348,5.0357492826879025,,,,,,416,0,16,0,37,,38,17,3,airplane,
airport,p16-airport3-p4.pddl,abs-fd,timed out,1800.1326415613294,abstract_fd_search,,1.9089362025260925,0.04970649629831314,0.28948795795440674,,0.21899067610502243,0.22817378863692284,0.3578362315893173,0.22432345524430275,,0.03886186704039574,,,0.07583364471793175,,,,,416,0,39,0,39,,,40,3,airplane,
airport,p16-airport3-p4.pddl,fd-lmcut,success,5.137265281751752,total,1.133101,,,,,,,,,1.129642,,,,,,,,valid,,,,,,79,,,,,
airport,p18-airport3-p6.pddl,abs-asp,timed out,1800.1172977332026,abstract_asp,,2.063464380800724,0.053927721455693245,0.3403725903481245,,0.26989306695759296,0.24778678826987743,0.47494315169751644,0.24258770793676376,,0.05982600152492523,0.014685232192277908,,,,,,,423,0,,,45,,46,,4,airplane,
airport,p18-airport3-p6.pddl,abs-fd,timed out,1800.1450376175344,abstract_fd_search,,2.108112271875143,0.0525972954928875,0.33072711527347565,,0.26954853907227516,0.24657949060201645,0.46252331882715225,0.2515300177037716,,0.05915120616555214,,,0.08406616002321243,,,,,423,0,56,0,56,,,57,4,airplane,
airport,p18-airport3-p6.pddl,fd-lmcut,success,72.6844139546156,total,67.312784,,,,,,,,,67.30811,,,,,,,,valid,,,,,,107,,,,,
airport,p19-airport3-p6.pddl,abs-asp,timed out,1800.1171950176358,abstract_asp,,1.969328835606575,0.052262578159570694,0.32217857986688614,,0.2439291775226593,0.2554291896522045,0.42320922017097473,0.24341028183698654,,0.046077270060777664,0.013186458498239517,,,,,,,406,0,,,45,,46,,3,airplane,
airport,p19-airport3-p6.pddl,abs-fd,timed out,1800.1035084947944,abstract_fd_search,,2.02119130641222,0.0522119402885437,0.32099829986691475,,0.24584876745939255,0.2542007379233837,0.42275506630539894,0.24347934499382973,,0.046413034200668335,,,0.08095041289925575,,,,,406,0,54,0,55,,,55,3,airplane,
airport,p19-airport3-p6.pddl,fd-lmcut,success,14.791291609406471,total,10.199323,,,,,,,,,10.196214,,,,,,,,valid,,,,,,90,,,,,
airport,p20-airport3-p7.pddl,abs-asp,timed out,1800.1160161085427,abstract_asp,,2.111450955271721,0.05466516688466072,0.3601270876824856,,0.28507160767912865,0.25168751552700996,0.5103109776973724,0.2617735452950001,,0.07043735682964325,0.018379557877779007,,,,,,,423,0,,,47,,48,,4,airplane,
airport,p20-airport3-p7.pddl,abs-fd,timed out,1800.1823074892163,abstract_fd_search,,2.1294257007539272,0.05700661987066269,0.32917824015021324,,0.28723880648612976,0.2598847262561321,0.4958653785288334,0.26163300126791,,0.06891074031591415,,,0.09151793271303177,,,,,423,0,79,0,79,,,80,4,airplane,
airport,p20-airport3-p7.pddl,fd-lmcut,success,194.9173431955278,total,190.035199,,,,,,,,,190.031332,,,,,,,,valid,,,,,,115,,,,,
barman-sat11-strips,pfile06-021.pddl,abs-asp,timed out,1800.1177155897021,abstract_asp,,0.275478333234787,0.004452697932720184,0.17059557139873505,,0.01611725613474846,0.03641103208065033,0.3089511767029762,0.22841129079461098,,0.10869748517870903,0.055892445147037506,,,,,,,2,0,,,40,,41,,2,hand,
barman-sat11-strips,pfile06-021.pddl,abs-fd,timed out,1800.1871157288551,abstract_fd_search,,0.27877526357769966,0.0044619739055633545,0.15981238707900047,,0.01642080768942833,0.036030691117048264,0.316559761762619,0.23883254453539848,,0.1076970063149929,,,0.12140178307890892,,,,,2,0,72,0,81,,,73,2,hand,
barman-sat11-strips,pfile06-021.pddl,fd-lmcut,timed out,1800.1056496575475,,,,,,,,,,,,,,,,,,,,,,,,,,,,,,
barman-sat11-strips,pfile06-022.pddl,abs-asp,timed out,1800.1212081201375,abstract_asp,,0.29645077511668205,0.004522331058979034,0.15853486582636833,,0.016514688730239868,0.03960859775543213,0.3209776170551777,0.2548370808362961,,0.11747140437364578,0.05535532534122467,,,,,,,2,0,,,38,,39,,2,hand,
barman-sat11-strips,pfile06-022.pddl,abs-fd,timed out,1800.1571309491992,abstract_fd_search,,0.2738296166062355,0.00441400334239006,0.17080563679337502,,0.016206998378038406,0.03583497926592827,0.32449839264154434,0.227649237960577,,0.10985434055328369,,,0.11830731108784676,,,,,2,0,75,0,84,,,76,2,hand,
barman-sat11-strips,pfile06-022.pddl,fd-lmcut,timed out,1800.1093220487237,,,,,,,,,,,,,,,,,,,,,,,,,,,,,,
barman-sat11-strips,pfile06-023.pddl,abs-asp,timed out,1800.1172040961683,abstract_asp,,0.269585445523262,0.004424050450325012,0.15348346531391144,,0.016124911606311798,0.036480970680713654,0.3062301501631737,0.22685792669653893,,0.10749797523021698,0.05505586043000221,,,,,,,2,0,,,39,,40,,2,hand,
barman-sat11-strips,pfile06-023.pddl,abs-fd,timed out,1800.1676682047546,abstract_fd_search,,0.27290724217891693,0.00436604768037796,0.16863257065415382,,0.016018599271774292,0.03584672883152962,0.3076343238353729,0.22780206054449081,,0.1087612546980381,,,0.10232793539762497,,,,,2,0,70,0,79,,,71,2,hand,
barman-sat11-strips,pfile06-023.pddl,fd-lmcut,timed out,1800.1063513346016,,,,,,,,,,,,,,,,,,,,,,,,,,,,,,
barman-sat11-strips,pfile06-024.pddl,abs-asp,timed out,1800.115580007434,abstract_asp,,0.27621790766716003,0.004466481506824493,0.17401905357837677,,0.016048680990934372,0.0363028459250927,0.33456603437662125,0.2300650253891945,,0.10919156670570374,0.0561305470764637,,,,,,,2,0,,,34,,35,,2,hand,
barman-sat11-strips,pfile06-024.pddl,abs-fd,timed out,1800.1675646305084,abstract_fd_search,,0.28412531688809395,0.004537258297204971,0.1792439352720976,,0.016347413882613182,0.036845361813902855,0.34309985861182213,0.23870161175727844,,0.109151067212224,,,0.12320134788751602,,,,,2,0,70,0,82,,,71,2,hand,
barman-sat11-strips,pfile06-024.pddl,fd-lmcut,timed out,1800.109331626445,,,,,,,,,,,,,,,,,,,,,,,,,,,,,,
barman-sat11-strips,pfile07-025.pddl,abs-asp,timed out,1800.1182032711804,abstract_asp,,0.27831441909074783,0.004431787878274918,0.18326308578252792,,0.016664549708366394,0.03771129250526428,0.3571096546947956,0.243050217628479,,0.12547606229782104,0.0634123831987381,,,,,,,2,0,,,38,,39,,2,hand,
barman-sat11-strips,pfile07-025.pddl,abs-fd,timed out,1800.173548385501,abstract_fd_search,,0.2763386331498623,0.004458200186491013,0.17854059487581253,,0.016615472733974457,0.03799772262573242,0.35361770167946815,0.24113261699676514,,0.12558872252702713,,,0.14596740156412125,,,,,2,0,91,0,97,,,92,2,hand,
barman-sat11-strips,pfile07-025.pddl,fd-lmcut,timed out,1800.106737434864,,,,,,,,,,,,,,,,,,,,,,,,,,,,,,
barman-sat11-strips,pfile07-026.pddl,abs-asp,timed out,1800.1187166161835,abstract_asp,,0.2811626121401787,0.004552379250526428,0.18290705606341362,,0.016750190407037735,0.03931282460689545,0.3623387888073921,0.2574276961386204,,0.12464165687561035,0.06241834536194801,,,,,,,2,0,,,39,,40,,2,hand,
barman-sat11-strips,pfile07-026.pddl,abs-fd,timed out,1800.1748668253422,abstract_fd_search,,0.2703137695789337,0.00452505424618721,0.1617027074098587,,0.016679439693689346,0.038667209446430206,0.33259857818484306,0.24256647378206253,,0.12213173881173134,,,0.11755965650081635,,,,,2,0,75,0,84,,,76,2,hand,
barman-sat11-strips,pfile07-026.pddl,fd-lmcut,timed out,1800.1091900300235,,,,,,,,,,,,,,,,,,,,,,,,,,,,,,
barman-sat11-strips,pfile07-027.pddl,abs-asp,timed out,1800.121990967542,abstract_asp,,0.2856600023806095,0.004554033279418945,0.18786847591400146,,0.01666897162795067,0.038222189992666245,0.36751863732934,0.25274471566081047,,0.12433210387825966,0.06343290954828262,,,,,,,2,0,,,39,,40,,2,hand,
barman-sat11-strips,pfile07-027.pddl,abs-fd,timed out,1800.1804273203015,abstract_fd_search,,0.2705027163028717,0.004421602934598923,0.16100864857435226,,0.016431957483291626,0.03824951872229576,0.33164142444729805,0.24149445071816444,,0.12248535081744194,,,0.12793541699647903,,,,,2,0,85,0,94,,,86,2,hand,
barman-sat11-strips,pfile07-027.pddl,fd-lmcut,timed out,1800.0620266087353,,,,,,,,,,,,,,,,,,,,,,,,,,,,,,
barman-sat11-strips,pfile07-028.pddl,abs-asp,timed out,1800.0189522653818,abstract_asp,,0.2817026227712631,0.004466850310564041,0.1801629438996315,,0.016728710383176804,0.03805626928806305,0.35639192163944244,0.24319248273968697,,0.12429406121373177,0.06302275508642197,,,,,,,2,0,,,34,,35,,2,hand,
barman-sat11-strips,pfile07-028.pddl,abs-fd,timed out,1800.1750921718776,abstract_fd_search,,0.27188900485634804,0.004528708755970001,0.1616365872323513,,0.016665343195199966,0.038653600960969925,0.3326023630797863,0.24319780990481377,,0.1215800866484642,,,0.140587966889143,,,,,2,0,85,0,91,,,86,2,hand,
barman-sat11-strips,pfile07-028.pddl,fd-lmcut,timed out,1800.1079570576549,,,,,,,,,,,,,,,,,,,,,,,,,,,,,,
barman-sat11-strips,pfile08-029.pddl,abs-asp,timed out,1800.0973231084645,abstract_asp,,0.2862836364656687,0.0046195220202207565,0.19460617750883102,,0.016781369224190712,0.04496762529015541,0.3952611871063709,0.2643713392317295,,0.15300852991640568,0.07699230313301086,,,,,,,2,0,,,33,,34,,2,hand,
barman-sat11-strips,pfile08-029.pddl,abs-fd,timed out,1800.2104125991464,abstract_fd_search,,0.28981195017695427,0.004602152854204178,0.19949235394597054,,0.01683805137872696,0.04585254192352295,0.4059217572212219,0.2660302221775055,,0.152191624045372,,,0.2930346950888634,,,,,2,0,106,0,115,,,107,2,hand,
barman-sat11-strips,pfile08-029.pddl,fd-lmcut,timed out,1800.111829701811,,,,,,,,,,,,,,,,,,,,,,,,,,,,,,
barman-sat11-strips,pfile08-030.pddl,abs-asp,timed out,1800.023161061108,abstract_asp,,0.30023010075092316,0.00475020706653595,0.19934002682566643,,0.01714373752474785,0.04797150939702988,0.3941012769937515,0.27162716537714005,,0.1506396159529686,0.07799693569540977,,,,,,,2,0,,,35,,36,,2,hand,
barman-sat11-strips,pfile08-030.pddl,abs-fd,timed out,1800.20126189664,abstract_fd_search,,0.28301894292235374,0.0045587457716465,0.19496100582182407,,0.016769880428910255,0.04518800601363182,0.3959115892648697,0.2634882312268019,,0.15120219998061657,,,0.21226749196648598,,,,,2,0,101,0,107,,,102,2,hand,
barman-sat11-strips,pfile08-030.pddl,fd-lmcut,timed out,1800.1097471751273,,,,,,,,,,,,,,,,,,,,,,,,,,,,,,
barman-sat11-strips,pfile08-031.pddl,abs-asp,timed out,1800.0598200969398,abstract_asp,,0.29038162901997566,0.004603959619998932,0.20326919853687286,,0.017086844891309738,0.046443354338407516,0.4100107066333294,0.2914665602147579,,0.15272032096982002,0.07758786156773567,,,,,,,2,0,,,39,,40,,2,hand,
barman-sat11-strips,pfile08-031.pddl,abs-fd,timed out,1800.199051629752,abstract_fd_search,,0.27706310525536537,0.004654761403799057,0.19791768491268158,,0.016885586082935333,0.045839644968509674,0.38747769221663475,0.26452622190117836,,0.1512087807059288,,,0.18644580617547035,,,,,2,0,103,0,112,,,104,2,hand,
barman-sat11-strips,pfile08-031.pddl,fd-lmcut,timed out,1800.1087752878666,,,,,,,,,,,,,,,,,,,,,,,,,,,,,,
barman-sat11-strips,pfile08-032.pddl,abs-asp,timed out,1800.1188270635903,abstract_asp,,0.2739183269441128,0.0045542046427726746,0.17791877314448357,,0.01663227751851082,0.04519130289554596,0.38437653705477715,0.2650829143822193,,0.15190629288554192,0.0773070715367794,,,,,,,2,0,,,36,,37,,2,hand,
barman-sat11-strips,pfile08-032.pddl,abs-fd,timed out,1800.2067251950502,abstract_fd_search,,0.2780787795782089,0.0045782774686813354,0.19993241503834724,,0.016766902059316635,0.04500650241971016,0.3820425495505333,0.2669678181409836,,0.1518070362508297,,,0.22521347925066948,,,,,2,0,101,0,110,,,102,2,hand,
barman-sat11-strips,pfile08-032.pddl,fd-lmcut,timed out,1800.0286820828915,,,,,,,,,,,,,,,,,,,,,,,,,,,,,,
barman-sat11-strips,pfile09-033.pddl,abs-asp,timed out,1800.1194160357118,abstract_asp,,0.30110063031315804,0.004669252783060074,0.2134811133146286,,0.017403166741132736,0.044045817106962204,0.4444735571742058,0.2936633639037609,,0.16844850406050682,0.08746957778930664,,,,,,,2,0,,,38,,39,,2,hand,
barman-sat11-strips,pfile09-033.pddl,abs-fd,timed out,1800.1902964487672,abstract_fd_search,,0.3262655436992645,0.005085531622171402,0.21190131455659866,,0.01755841076374054,0.045214828103780746,0.41818588227033615,0.29271258413791656,,0.16883573308587074,,,0.2841118574142456,,,,,2,0,108,0,120,,,109,2,hand,
barman-sat11-strips,pfile09-033.pddl,fd-lmcut,timed out,1800.110139850527,,,,,,,,,,,,,,,,,,,,,,,,,,,,,,
barman-sat11-strips,pfile09-034.pddl,abs-asp,timed out,1800.116770748049,abstract_asp,,0.27811751514673233,0.004660569131374359,0.186490498483181,,0.017392843961715698,0.04460027441382408,0.4058779142796993,0.28270385414361954,,0.16756286844611168,0.0873161219060421,,,,,,,2,0,,,37,,38,,2,hand,
barman-sat11-strips,pfile09-034.pddl,abs-fd,timed out,1800.2471440173686,abstract_fd_search,,0.3045322261750698,0.004695005714893341,0.2138039581477642,,0.017487552016973495,0.04408751428127289,0.4184115640819073,0.2917148172855377,,0.16904033347964287,,,0.17004060745239258,,,,,2,0,108,0,117,,,109,2,hand,
barman-sat11-strips,pfile09-034.pddl,fd-lmcut,timed out,1800.109391687438,,,,,,,,,,,,,,,,,,,,,,,,,,,,,,
barman-sat11-strips,pfile09-035.pddl,abs-asp,timed out,1800.1192384846509,abstract_asp,,0.27655505016446114,0.004573836922645569,0.18580501899123192,,0.017284121364355087,0.043611615896224976,0.40313274413347244,0.2800913229584694,,0.16713707894086838,0.08698201179504395,,,,,,,2,0,,,33,,34,,2,hand,
barman-sat11-strips,pfile09-035.pddl,abs-fd,timed out,1800.2506353259087,abstract_fd_search,,0.2879984937608242,0.0046008434146642685,0.20459858886897564,,0.0172123983502388,0.04352683760225773,0.43305624835193157,0.2816027421504259,,0.16759640164673328,,,0.14328509010374546,,,,,2,0,100,0,109,,,101,2,hand,
barman-sat11-strips,pfile09-035.pddl,fd-lmcut,timed out,1800.1095832586288,,,,,,,,,,,,,,,,,,,,,,,,,,,,,,
barman-sat11-strips,pfile09-036.pddl,abs-asp,timed out,1800.0187156945467,abstract_asp,,0.2847371883690357,0.004636019468307495,0.2040727213025093,,0.017274580895900726,0.04413639381527901,0.4285493530333042,0.2795993983745575,,0.1681344397366047,0.08629077300429344,,,,,,,2,0,,,40,,41,,2,hand,
barman-sat11-strips,pfile09-036.pddl,abs-fd,timed out,1800.1974111385643,abstract_fd_search,,0.283829502761364,0.004734724760055542,0.20794356241822243,,0.0173494853079319,0.044695161283016205,0.4324103444814682,0.2820371054112911,,0.17167288810014725,,,0.15977446734905243,,,,,2,0,112,0,121,,,113,2,hand,
barman-sat11-strips,pfile09-036.pddl,fd-lmcut,timed out,1800.1093561835587,,,,,,,,,,,,,,,,,,,,,,,,,,,,,,
barman-sat11-strips,pfile10-037.pddl,abs-asp,timed out,1800.11888808012,abstract_asp,,0.2900915667414665,0.0047158896923065186,0.2146640457212925,,0.018172185868024826,0.044636063277721405,0.45041609928011894,0.2930542714893818,,0.1806166134774685,0.09125294908881187,,,,,,,2,0,,,35,,36,,2,hand,
barman-sat11-strips,pfile10-037.pddl,abs-fd,timed out,1800.2105257213116,abstract_fd_search,,0.29142261669039726,0.004627734422683716,0.212502870708704,,0.017999473959207535,0.04430851712822914,0.44834060221910477,0.2922424413263798,,0.18078989535570145,,,0.16164491325616837,,,,,2,0,96,0,105,,,97,2,hand,
barman-sat11-strips,pfile10-037.pddl,fd-lmcut,timed out,1800.0376308448613,,,,,,,,,,,,,,,,,,,,,,,,,,,,,,
barman-sat11-strips,pfile10-038.pddl,abs-asp,timed out,1800.0214630924165,abstract_asp,,0.29436418414115906,0.0047102272510528564,0.19464384391903877,,0.018351830542087555,0.044867780059576035,0.4490179792046547,0.2903894893825054,,0.181147962808609,0.09156764298677444,,,,,,,2,0,,,32,,33,,2,hand,
barman-sat11-strips,pfile10-038.pddl,abs-fd,timed out,1800.212825652212,abstract_fd_search,,0.2904173769056797,0.004773348569869995,0.21471594274044037,,0.02185448259115219,0.04519978538155556,0.4464469365775585,0.29063787311315536,,0.1808614581823349,,,0.20709937438368797,,,,,2,0,113,0,122,,,114,2,hand,
barman-sat11-strips,pfile10-038.pddl,fd-lmcut,timed out,1800.1087405793369,,,,,,,,,,,,,,,,,,,,,,,,,,,,,,
barman-sat11-strips,pfile10-039.pddl,abs-asp,timed out,1800.0398247465491,abstract_asp,,0.3020302392542362,0.004759613424539566,0.22130806371569633,,0.018546145409345627,0.044974252581596375,0.4739723205566406,0.3030126541852951,,0.18063347414135933,0.09179099276661873,,,,,,,2,0,,,38,,39,,2,hand,
barman-sat11-strips,pfile10-039.pddl,abs-fd,timed out,1800.1287807933986,abstract_fd_search,,0.32850857079029083,0.004784703254699707,0.22357874736189842,,0.01824500784277916,0.04548245668411255,0.46465685591101646,0.3043462969362736,,0.18224290758371353,,,0.14958732575178146,,,,,2,0,88,0,99,,,89,2,hand,
barman-sat11-strips,pfile10-039.pddl,fd-lmcut,timed out,1800.011938944459,,,,,,,,,,,,,,,,,,,,,,,,,,,,,,
barman-sat11-strips,pfile10-040.pddl,abs-asp,timed out,1800.1207445524633,abstract_asp,,0.45984360575675964,0.0046294741332530975,0.21685556694865227,,0.018398500978946686,0.04467881843447685,0.436942882835865,0.292966827750206,,0.18185100704431534,0.09150313213467598,,,,,,,2,0,,,37,,38,,2,hand,
barman-sat11-strips,pfile10-040.pddl,abs-fd,timed out,1800.223957400769,abstract_fd_search,,0.30932896584272385,0.004814755171537399,0.22534208744764328,,0.0188932903110981,0.045800674706697464,0.48049261048436165,0.30112580209970474,,0.18058549240231514,,,0.23216401413083076,,,,,2,0,115,0,121,,,116,2,hand,
barman-sat11-strips,pfile10-040.pddl,fd-lmcut,timed out,1800.110724946484,,,,,,,,,,,,,,,,,,,,,,,,,,,,,,
barman-sat14-strips,p1-11-4-15.pddl,abs-asp,timed out,1800.0210541039705,abstract_asp,,0.26923174411058426,0.00505993515253067,0.19985398650169373,,0.017783481627702713,0.04543420672416687,0.43057434633374214,0.2901880703866482,,0.18092110008001328,0.10666892677545547,,,,,,,2,0,,,35,,36,,2,hand,
barman-sat14-strips,p1-11-4-15.pddl,abs-fd,timed out,1800.217316094786,abstract_fd_search,,0.27362341061234474,0.004969768226146698,0.21151761710643768,,0.017633263021707535,0.0442083515226841,0.44299907609820366,0.30906711891293526,,0.18243449181318283,,,0.16915235668420792,,,,,2,0,108,0,117,,,109,2,hand,
barman-sat14-strips,p1-11-4-15.pddl,fd-lmcut,timed out,1800.1112786568701,,,,,,,,,,,,,,,,,,,,,,,,,,,,,,
barman-sat14-strips,p1-11-5-15.pddl,abs-asp,timed out,1800.1205131523311,abstract_asp,,0.27970123663544655,0.0049845874309539795,0.22653135284781456,,0.01778736338019371,0.04563669487833977,0.48656924441456795,0.31130608543753624,,0.20485428348183632,0.10410463809967041,,,,,,,2,0,,,33,,34,,2,hand,
barman-sat14-strips,p1-11-5-15.pddl,abs-fd,timed out,1800.2338084615767,abstract_fd_search,,0.2773243300616741,0.0050819553434848785,0.2169443517923355,,0.017877928912639618,0.046921130269765854,0.45754342526197433,0.3098036013543606,,0.2026337906718254,,,0.20313327759504318,,,,,2,0,108,0,119,,,109,2,hand,
barman-sat14-strips,p1-11-5-15.pddl,fd-lmcut,timed out,1800.0144821107388,,,,,,,,,,,,,,,,,,,,,,,,,,,,,,
barman-sat14-strips,p1-11-5-16.pddl,abs-asp,timed out,1800.1188927069306,abstract_asp,,0.28746920451521873,0.00488290935754776,0.21899791806936264,,0.01872152090072632,0.052555304020643234,0.4927677921950817,0.33268963918089867,,0.21340441703796387,0.10875127837061882,,,,,,,2,0,,,36,,37,,2,hand,
barman-sat14-strips,p1-11-5-16.pddl,abs-fd,timed out,1800.2263451069593,abstract_fd_search,,0.2710508555173874,0.0048270635306835175,0.21055684611201286,,0.018697649240493774,0.05127285048365593,0.47852127254009247,0.3218236193060875,,0.2155645154416561,,,0.2850995548069477,,,,,2,0,110,0,119,,,111,2,hand,
barman-sat14-strips,p1-11-5-16.pddl,fd-lmcut,timed out,1800.1100052632391,,,,,,,,,,,,,,,,,,,,,,,,,,,,,,
barman-sat14-strips,p2-10-4-13.pddl,abs-asp,timed out,1800.1228520274162,abstract_asp,,0.2779160477221012,0.0046977996826171875,0.18404429033398628,,0.016969017684459686,0.04202665761113167,0.38486916199326515,0.2746047265827656,,0.1487363539636135,0.07900995761156082,,,,,,,2,0,,,37,,38,,2,hand,
barman-sat14-strips,p2-10-4-13.pddl,abs-fd,timed out,1800.2428584173322,abstract_fd_search,,0.2694016508758068,0.004533398896455765,0.19860775396227837,,0.01669188216328621,0.041483666747808456,0.400645162910223,0.2665371038019657,,0.15198958665132523,,,0.17842477560043335,,,,,2,0,102,0,111,,,103,2,hand,
barman-sat14-strips,p2-10-4-13.pddl,fd-lmcut,timed out,1800.109925094992,,,,,,,,,,,,,,,,,,,,,,,,,,,,,,
barman-sat14-strips,p2-11-4-15.pddl,abs-asp,timed out,1800.0654604770243,abstract_asp,,0.284113522619009,0.0051346346735954285,0.202452652156353,,0.017982378602027893,0.04564850404858589,0.4330339655280113,0.30280978977680206,,0.18196707218885422,0.09252418205142021,,,,,,,2,0,,,35,,36,,2,hand,
barman-sat14-strips,p2-11-4-15.pddl,abs-fd,timed out,1800.14348237589,abstract_fd_search,,0.2734720781445503,0.0048778727650642395,0.22725385800004005,,0.017652392387390137,0.04420144483447075,0.44639815762639046,0.29456841573119164,,0.18214241787791252,,,0.1726101040840149,,,,,2,0,105,0,114,,,106,2,hand,
barman-sat14-strips,p2-11-4-15.pddl,fd-lmcut,timed out,1800.0142352618277,,,,,,,,,,,,,,,,,,,,,,,,,,,,,,
barman-sat14-strips,p2-11-5-15.pddl,abs-asp,timed out,1800.1209748722613,abstract_asp,,0.27715769596397877,0.0050595346838235855,0.20657161064445972,,0.017825165763497353,0.046130912378430367,0.4615550544112921,0.30949092097580433,,0.2011425942182541,0.10424846969544888,,,,,,,2,0,,,35,,36,,2,hand,
barman-sat14-strips,p2-11-5-15.pddl,abs-fd,timed out,1800.2284283004701,abstract_fd_search,,0.2740827836096287,0.005082637071609497,0.22361155971884727,,0.017585191875696182,0.04655687138438225,0.4808165282011032,0.30870814248919487,,0.20420387759804726,,,0.28612353652715683,,,,,2,0,115,0,124,,,116,2,hand,
barman-sat14-strips,p2-11-5-15.pddl,fd-lmcut,timed out,1800.1095753610134,,,,,,,,,,,,,,,,,,,,,,,,,,,,,,
barman-sat14-strips,p2-11-5-16.pddl,abs-asp,timed out,1800.1205246560276,abstract_asp,,0.27611326426267624,0.0047590360045433044,0.2319662608206272,,0.01856565847992897,0.05056865140795708,0.5048445388674736,0.32169025018811226,,0.2197764739394188,0.10978303849697113,,,,,,,2,0,,,32,,33,,2,hand,
barman-sat14-strips,p2-11-5-16.pddl,abs-fd,timed out,1800.2622091211379,abstract_fd_search,,0.28722139820456505,0.004848578944802284,0.23927785642445087,,0.01915525458753109,0.05158434621989727,0.5385749563574791,0.3324051909148693,,0.21749995090067387,,,0.4020790830254555,,,,,2,0,126,0,135,,,127,2,hand,
barman-sat14-strips,p2-11-5-16.pddl,fd-lmcut,timed out,1800.1072201803327,,,,,,,,,,,,,,,,,,,,,,,,,,,,,,
barman-sat14-strips,p2-11-5-17.pddl,abs-asp,timed out,1800.1237590238452,abstract_asp,,0.27230018377304077,0.00482158362865448,0.21958866715431213,,0.019180074334144592,0.05006081610918045,0.49953117966651917,0.3918115645647049,,0.22682154551148415,0.1360960565507412,,,,,,,11,0,,,35,,36,,3,shot,
barman-sat14-strips,p2-11-5-17.pddl,abs-fd,timed out,1800.213223259896,abstract_fd_search,,0.27087122946977615,0.004832025617361069,0.23838768899440765,,0.019015822559595108,0.04963807761669159,0.4994847699999809,0.3902553804218769,,0.23871373012661934,,,0.1359967701137066,,,,,11,0,70,0,74,,,71,3,shot,
barman-sat14-strips,p2-11-5-17.pddl,fd-lmcut,timed out,1800.1099335961044,,,,,,,,,,,,,,,,,,,,,,,,,,,,,,
barman-sat14-strips,p3-10-4-13.pddl,abs-asp,timed out,1800.1209016665816,abstract_asp,,0.29416172578930855,0.004601877182722092,0.2050371617078781,,0.017065513879060745,0.04147129878401756,0.41241898015141487,0.27517665177583694,,0.1513994038105011,0.07803752645850182,,,,,,,2,0,,,34,,35,,2,hand,
barman-sat14-strips,p3-10-4-13.pddl,abs-fd,timed out,1800.196327118203,abstract_fd_search,,0.28774818405508995,0.004703536629676819,0.20094677060842514,,0.016967089846730232,0.04168563336133957,0.3848164211958647,0.2730644941329956,,0.15216171368956566,,,0.24973700195550919,,,,,2,0,101,0,110,,,102,2,hand,
barman-sat14-strips,p3-10-4-13.pddl,fd-lmcut,timed out,1800.1090628430247,,,,,,,,,,,,,,,,,,,,,,,,,,,,,,
barman-sat14-strips,p3-11-4-15.pddl,abs-asp,timed out,1800.1197626609355,abstract_asp,,0.275242792442441,0.0049663446843624115,0.2137771025300026,,0.01752782240509987,0.044891390949487686,0.42121932469308376,0.29097731597721577,,0.18206257559359074,0.08956518210470676,,,,,,,2,0,,,37,,38,,2,hand,
barman-sat14-strips,p3-11-4-15.pddl,abs-fd,timed out,1800.2205368727446,abstract_fd_search,,0.27399156242609024,0.0048943087458610535,0.2124323844909668,,0.017467331141233444,0.04384817183017731,0.4464268125593662,0.293321929872036,,0.18310973048210144,,,0.16981521993875504,,,,,2,0,108,0,117,,,109,2,hand,
barman-sat14-strips,p3-11-4-15.pddl,fd-lmcut,timed out,1800.1093295179307,,,,,,,,,,,,,,,,,,,,,,,,,,,,,,
barman-sat14-strips,p3-11-5-15.pddl,abs-asp,timed out,1800.1173744052649,abstract_asp,,0.2696848399937153,0.005371421575546265,0.20564554631710052,,0.017792638391256332,0.047035831958055496,0.4594845324754715,0.30971619859337807,,0.201678778976202,0.10306759178638458,,,,,,,2,0,,,33,,34,,2,hand,
barman-sat14-strips,p3-11-5-15.pddl,abs-fd,timed out,1800.224365197122,abstract_fd_search,,0.3016560226678848,0.0050230324268341064,0.20445532724261284,,0.017931561917066574,0.04599713906645775,0.45731452107429504,0.30907007679343224,,0.2127019353210926,,,0.1905507594347,,,,,2,0,99,0,110,,,100,2,hand,
barman-sat14-strips,p3-11-5-15.pddl,fd-lmcut,timed out,1800.1102070771158,,,,,,,,,,,,,,,,,,,,,,,,,,,,,,
barman-sat14-strips,p3-11-5-16.pddl,abs-asp,timed out,1800.1196001246572,abstract_asp,,0.27585605904459953,0.004715234041213989,0.23023757711052895,,0.01918293908238411,0.0484015978872776,0.5021784380078316,0.3751481808722019,,0.21504655107855797,0.12805859744548798,,,,,,,11,0,,,34,,35,,3,shot,
barman-sat14-strips,p3-11-5-16.pddl,abs-fd,timed out,1800.193506397307,abstract_fd_search,,0.2767392359673977,0.004768626764416695,0.22905989363789558,,0.019099976867437363,0.04807332903146744,0.5029526297003031,0.3737589418888092,,0.21597037464380264,,,0.13392063789069653,,,,,11,0,70,0,74,,,71,3,shot,
barman-sat14-strips,p3-11-5-16.pddl,fd-lmcut,timed out,1800.0323902331293,,,,,,,,,,,,,,,,,,,,,,,,,,,,,,
barman-sat14-strips,p3-11-5-17.pddl,abs-asp,timed out,1800.117477439344,abstract_asp,,0.27314676344394684,0.004864439368247986,0.23851383104920387,,0.01922972872853279,0.05008700117468834,0.5002724938094616,0.3919047452509403,,0.24137911573052406,0.137043084949255,,,,,,,11,0,,,32,,33,,3,shot,
barman-sat14-strips,p3-11-5-17.pddl,abs-fd,timed out,1800.2001307979226,abstract_fd_search,,0.2789839096367359,0.004859592765569687,0.23556415736675262,,0.019345860928297043,0.04990521818399429,0.49686527252197266,0.3903680071234703,,0.22757713869214058,,,0.14178131520748138,,,,,11,0,70,0,74,,,71,3,shot,
barman-sat14-strips,p3-11-5-17.pddl,fd-lmcut,timed out,1800.1092578098178,,,,,,,,,,,,,,,,,,,,,,,,,,,,,,
barman-sat14-strips,p4-11-4-14.pddl,abs-asp,timed out,1800.1175756044686,abstract_asp,,0.27352065220475197,0.004631295800209045,0.2043827921152115,,0.01722656935453415,0.04330877587199211,0.4261743389070034,0.2825562246143818,,0.16898014396429062,0.0867469534277916,,,,,,,2,0,,,33,,34,,2,hand,
barman-sat14-strips,p4-11-4-14.pddl,abs-fd,timed out,1800.2077291049063,abstract_fd_search,,0.27713800966739655,0.004662731662392616,0.21144051477313042,,0.017268354073166847,0.04439593106508255,0.43454641848802567,0.2844549994915724,,0.16987846978008747,,,0.17032160982489586,,,,,2,0,102,0,111,,,103,2,hand,
barman-sat14-strips,p4-11-4-14.pddl,fd-lmcut,timed out,1800.0332963727415,,,,,,,,,,,,,,,,,,,,,,,,,,,,,,
barman-sat14-strips,p4-11-4-15.pddl,abs-asp,timed out,1800.1195487640798,abstract_asp,,0.2750532999634743,0.004946555942296982,0.2131868340075016,,0.01809365302324295,0.04461807757616043,0.4463016018271446,0.2939757741987705,,0.18260442093014717,0.08996652066707611,,,,,,,2,0,,,33,,34,,2,hand,
barman-sat14-strips,p4-11-4-15.pddl,abs-fd,timed out,1800.2828099764884,abstract_fd_search,,0.2905537597835064,0.004678633064031601,0.22605452686548233,,0.018045615404844284,0.044596053659915924,0.4331049993634224,0.30169617012143135,,0.18292958289384842,,,0.37545863911509514,,,,,2,0,121,0,133,,,122,2,hand,
barman-sat14-strips,p4-11-4-15.pddl,fd-lmcut,timed out,1800.1070635654032,,,,,,,,,,,,,,,,,,,,,,,,,,,,,,
barman-sat14-strips,p4-11-5-15.pddl,abs-asp,timed out,1800.0637241341174,abstract_asp,,0.28775180503726006,0.005042716860771179,0.21124272048473358,,0.017979811877012253,0.04586901143193245,0.4707901403307915,0.3205253593623638,,0.20107341930270195,0.10342113301157951,,,,,,,2,0,,,36,,37,,2,hand,
barman-sat14-strips,p4-11-5-15.pddl,abs-fd,timed out,1800.25393198058,abstract_fd_search,,0.27669598162174225,0.004981968551874161,0.22446908801794052,,0.017715569585561752,0.04557526856660843,0.4580741450190544,0.3090387172996998,,0.20355717837810516,,,0.3845641389489174,,,,,2,0,123,0,132,,,124,2,hand,
barman-sat14-strips,p4-11-5-15.pddl,fd-lmcut,timed out,1800.0116106495261,,,,,,,,,,,,,,,,,,,,,,,,,,,,,,
barman-sat14-strips,p5-10-4-13.pddl,abs-asp,timed out,1800.1184271387756,abstract_asp,,0.2893922030925751,0.0045614466071128845,0.1972195766866207,,0.016656965017318726,0.04154716059565544,0.3955904059112072,0.2655128873884678,,0.15090682730078697,0.077497947961092,,,,,,,2,0,,,39,,40,,2,hand,
barman-sat14-strips,p5-10-4-13.pddl,abs-fd,timed out,1800.1986457258463,abstract_fd_search,,0.27071649208664894,0.0045469980686903,0.1982016433030367,,0.016891103237867355,0.04125968925654888,0.4005678743124008,0.26623732037842274,,0.15171676687896252,,,0.14383996091783047,,,,,2,0,95,0,104,,,96,2,hand,
barman-sat14-strips,p5-10-4-13.pddl,fd-lmcut,timed out,1800.1104235947132,,,,,,,,,,,,,,,,,,,,,,,,,,,,,,
barman-sat14-strips,p5-11-4-15.pddl,abs-asp,timed out,1800.1185716874897,abstract_asp,,0.27903101593255997,0.004962809383869171,0.2159874066710472,,0.017717532813549042,0.04407867044210434,0.4558253772556782,0.3019697442650795,,0.1816004365682602,0.08926435932517052,,,,,,,2,0,,,36,,37,,2,hand,
barman-sat14-strips,p5-11-4-15.pddl,abs-fd,timed out,1800.2645965665579,abstract_fd_search,,0.27870671451091766,0.00504973903298378,0.21819737553596497,,0.017553366720676422,0.044372666627168655,0.4570119194686413,0.30178970843553543,,0.18164654821157455,,,0.16647404432296753,,,,,2,0,99,0,108,,,100,2,hand,
barman-sat14-strips,p5-11-4-15.pddl,fd-lmcut,timed out,1800.1100134961307,,,,,,,,,,,,,,,,,,,,,,,,,,,,,,
barman-sat14-strips,p5-11-5-15.pddl,abs-asp,timed out,1800.066086947918,abstract_asp,,0.31290051713585854,0.005179833620786667,0.21293259039521217,,0.018046841025352478,0.05054103583097458,0.47783683612942696,0.3220352530479431,,0.22576115652918816,0.10382996872067451,,,,,,,2,0,,,35,,36,,2,hand,
barman-sat14-strips,p5-11-5-15.pddl,abs-fd,timed out,1800.109780214727,abstract_fd_search,,0.2758838050067425,0.00507715716958046,0.22535905987024307,,0.01772000640630722,0.04636068269610405,0.4840209297835827,0.3110129162669182,,0.20453186705708504,,,0.289919838309288,,,,,2,0,118,0,130,,,119,2,hand,
barman-sat14-strips,p5-11-5-15.pddl,fd-lmcut,timed out,1800.1104821786284,,,,,,,,,,,,,,,,,,,,,,,,,,,,,,
barman-sat14-strips,p5-11-5-16.pddl,abs-asp,timed out,1800.0238081421703,abstract_asp,,0.30408963561058044,0.00481831468641758,0.23323026672005653,,0.018914420157670975,0.05300720036029816,0.5158720817416906,0.32983761094510555,,0.21486657299101353,0.10898623801767826,,,,,,,2,0,,,34,,35,,2,hand,
barman-sat14-strips,p5-11-5-16.pddl,abs-fd,timed out,1800.3129724897444,abstract_fd_search,,0.2918483316898346,0.004831712692975998,0.2179560363292694,,0.0188276469707489,0.051658764481544495,0.4914596676826477,0.3322726748883724,,0.21638204902410507,,,0.34567658230662346,,,,,2,0,107,0,116,,,108,2,hand,
barman-sat14-strips,p5-11-5-16.pddl,fd-lmcut,timed out,1800.1062466166914,,,,,,,,,,,,,,,,,,,,,,,,,,,,,,
childsnack-sat14-strips,child-snack_pfile05-2.pddl,abs-asp,timed out,1800.1198257543147,abstract_solving,,0.17393012717366219,0.002401381731033325,0.16772163659334183,,0.02045448124408722,0.016995929181575775,0.32633989304304123,0.1610625684261322,,0.09845840930938721,0.010160576552152634,15.01849589496851,,,,,,5,0,0,0,15,,16,1,13,sandwich,
childsnack-sat14-strips,child-snack_pfile05-2.pddl,abs-fd,timed out,1800.1189928464592,abstract_fd_search,,0.17254183441400528,0.0023124366998672485,0.16107765212655067,,0.020366989076137543,0.016646672040224075,0.2879282906651497,0.15094537287950516,,0.09806692600250244,,,0.06667282432317734,,,,,5,0,0,0,16,,,1,13,sandwich,
childsnack-sat14-strips,child-snack_pfile05-2.pddl,fd-lmcut,timed out,1800.039700154215,,,,,,,,,,,,,,,,,,,,,,,,,,,,,,
childsnack-sat14-strips,child-snack_pfile05.pddl,abs-asp,timed out,1800.1368940025568,abstract_solving,,0.1627688705921173,0.002299834042787552,0.14311902970075607,,0.020279664546251297,0.016688965260982513,0.28984134271740913,0.16850173473358154,,0.09570687264204025,0.01011822372674942,21.859309300780296,,,,,,5,0,10,0,15,,16,11,13,sandwich,
childsnack-sat14-strips,child-snack_pfile05.pddl,abs-fd,timed out,1800.1170941628516,abstract_fd_search,,0.1675320751965046,0.002305828034877777,0.16308294236660004,,0.020372990518808365,0.01655634492635727,0.3169601038098335,0.15170921385288239,,0.09962593019008636,,,0.06793388724327087,,,,,5,0,0,0,16,,,1,13,sandwich,
childsnack-sat14-strips,child-snack_pfile05.pddl,fd-lmcut,timed out,1800.1068598143756,,,,,,,,,,,,,,,,,,,,,,,,,,,,,,
childsnack-sat14-strips,child-snack_pfile06-2.pddl,abs-asp,timed out,1800.151803612709,abstract_solving,,0.17400965094566345,0.0023704208433628082,0.18306396529078484,,0.023721463978290558,0.01721823588013649,0.37290826439857483,0.15480617433786392,,0.1289660818874836,0.010984495282173157,81.6126802302897,,,,,,5,0,11,0,16,,17,12,15,sandwich,
childsnack-sat14-strips,child-snack_pfile06-2.pddl,abs-fd,timed out,1800.1224722601473,abstract_fd_search,,0.1733684204518795,0.0023918375372886658,0.18110835924744606,,0.02345416322350502,0.017338700592517853,0.36636119708418846,0.1542631760239601,,0.1298374943435192,,,0.06813850626349449,,,,,5,0,0,0,17,,,1,15,sandwich,
childsnack-sat14-strips,child-snack_pfile06-2.pddl,fd-lmcut,timed out,1800.1117659956217,,,,,,,,,,,,,,,,,,,,,,,,,,,,,,
childsnack-sat14-strips,child-snack_pfile07-2.pddl,abs-asp,timed out,1800.166891336441,abstract_solving,,0.16636820510029793,0.0025322325527668,0.1731335148215294,,0.025966614484786987,0.01778106763958931,0.38077232241630554,0.15536577999591827,,0.1560923308134079,0.01203245297074318,421.6282195150852,,,,,,5,0,12,0,17,,18,13,16,sandwich,
childsnack-sat14-strips,child-snack_pfile07-2.pddl,abs-fd,timed out,1800.1540201976895,abstract_fd_search,,0.17773375660181046,0.002410057932138443,0.20017443969845772,,0.025918494910001755,0.017819896340370178,0.4204862490296364,0.1656731516122818,,0.15706951171159744,,,0.07218930870294571,,,,,5,0,0,0,18,,,1,16,sandwich,
childsnack-sat14-strips,child-snack_pfile07-2.pddl,fd-lmcut,timed out,1800.1066951863468,,,,,,,,,,,,,,,,,,,,,,,,,,,,,,
childsnack-sat14-strips,child-snack_pfile08-2.pddl,abs-asp,timed out,1800.1158316470683,abstract_asp,,0.17405584454536438,0.0024816207587718964,0.20087485760450363,,0.02874118834733963,0.018552403897047043,0.4548775851726532,0.1655288301408291,,0.1937665082514286,0.013661660254001617,,,,,,,5,0,,,17,,18,,17,sandwich,
childsnack-sat14-strips,child-snack_pfile08-2.pddl,abs-fd,timed out,1800.1320133134723,abstract_fd_search,,0.17070549353957176,0.002453271299600601,0.1959296576678753,,0.02888840064406395,0.018519334495067596,0.4495648629963398,0.15820202231407166,,0.19504770636558533,,,0.0696544200181961,,,,,5,0,0,0,19,,,1,17,sandwich,
childsnack-sat14-strips,child-snack_pfile08-2.pddl,fd-lmcut,timed out,1800.1077687833458,,,,,,,,,,,,,,,,,,,,,,,,,,,,,,
childsnack-sat14-strips,child-snack_pfile08.pddl,abs-asp,timed out,1800.1166548505425,abstract_asp,,0.17681406810879707,0.0025133565068244934,0.20060332864522934,,0.02901855856180191,0.01860034465789795,0.45584533363580704,0.166203361004591,,0.2013012282550335,0.013854991644620895,,,,,,,5,0,,,17,,18,,17,sandwich,
childsnack-sat14-strips,child-snack_pfile08.pddl,abs-fd,timed out,1800.1359445154667,abstract_fd_search,,0.18594663217663765,0.0024927034974098206,0.22106755524873734,,0.02892301417887211,0.019159888848662376,0.48555309139192104,0.18232293240725994,,0.19690748304128647,,,0.07465111091732979,,,,,5,0,0,0,19,,,1,17,sandwich,
childsnack-sat14-strips,child-snack_pfile08.pddl,fd-lmcut,timed out,1800.1099348813295,,,,,,,,,,,,,,,,,,,,,,,,,,,,,,
childsnack-sat14-strips,child-snack_pfile09-2.pddl,abs-asp,timed out,1800.1107336059213,abstract_asp,,0.1809680387377739,0.0024877823889255524,0.24265694618225098,,0.03237729147076607,0.018895838409662247,0.5562323592603207,0.1606362648308277,,0.2452072910964489,0.014784049242734909,,,,,,,5,0,,,17,,18,,19,sandwich,
childsnack-sat14-strips,child-snack_pfile09-2.pddl,abs-fd,timed out,1800.1571275051683,abstract_fd_search,,0.20270764827728271,0.002612026408314705,0.2456215489655733,,0.03322790935635567,0.019071001559495926,0.56438890658319,0.17074899934232235,,0.24385842494666576,,,0.07432960905134678,,,,,5,0,0,0,20,,,1,19,sandwich,
childsnack-sat14-strips,child-snack_pfile09-2.pddl,fd-lmcut,timed out,1800.1092813163996,,,,,,,,,,,,,,,,,,,,,,,,,,,,,,
childsnack-sat14-strips,child-snack_pfile09.pddl,abs-asp,timed out,1800.0161004252732,abstract_asp,,0.17154964804649353,0.0024960190057754517,0.22214530780911446,,0.03265776112675667,0.019008908420801163,0.5264399275183678,0.16100632026791573,,0.24734485149383545,0.01499999687075615,,,,,,,5,0,,,18,,19,,19,sandwich,
childsnack-sat14-strips,child-snack_pfile09.pddl,abs-fd,timed out,1800.1523184999824,abstract_fd_search,,0.17176136374473572,0.002504408359527588,0.2228502407670021,,0.03342331200838089,0.018943440169095993,0.5244876444339752,0.16119121760129929,,0.24379011243581772,,,0.0711149349808693,,,,,5,0,0,0,20,,,1,19,sandwich,
childsnack-sat14-strips,child-snack_pfile09.pddl,fd-lmcut,timed out,1800.1120128110051,,,,,,,,,,,,,,,,,,,,,,,,,,,,,,
childsnack-sat14-strips,child-snack_pfile10-2.pddl,abs-asp,timed out,1800.10952296108,abstract_asp,,0.18301384523510933,0.002555474638938904,0.2708575166761875,,0.03605329617857933,0.019721098244190216,0.6591559983789921,0.16376491636037827,,0.2988116778433323,0.016672763973474503,,,,,,,5,0,,,18,,19,,20,sandwich,
childsnack-sat14-strips,child-snack_pfile10-2.pddl,abs-fd,timed out,1800.1584655418992,abstract_fd_search,,0.1845553033053875,0.0025621019303798676,0.27047139406204224,,0.036420196294784546,0.019831348210573196,0.6632112376391888,0.16423309594392776,,0.3029412813484669,,,0.07172612100839615,,,,,5,0,0,0,21,,,1,20,sandwich,
childsnack-sat14-strips,child-snack_pfile10-2.pddl,fd-lmcut,timed out,1800.0114874355495,,,,,,,,,,,,,,,,,,,,,,,,,,,,,,
childsnack-sat14-strips,child-snack_pfile10.pddl,abs-asp,timed out,1800.0139454249293,abstract_asp,,0.18417203798890114,0.002560483291745186,0.27477106638252735,,0.03660266846418381,0.01970631070435047,0.6727314870804548,0.16940257884562016,,0.2994368299841881,0.01663943938910961,,,,,,,5,0,,,17,,18,,20,sandwich,
childsnack-sat14-strips,child-snack_pfile10.pddl,abs-fd,timed out,1800.1646030843258,abstract_fd_search,,0.18182116746902466,0.0026164688169956207,0.25923217460513115,,0.036689918488264084,0.019882410764694214,0.6526628024876118,0.17254341766238213,,0.29988032579421997,,,0.07673508673906326,,,,,5,0,0,0,21,,,1,20,sandwich,
childsnack-sat14-strips,child-snack_pfile10.pddl,fd-lmcut,timed out,1800.1097333170474,,,,,,,,,,,,,,,,,,,,,,,,,,,,,,
childsnack-sat14-strips,child-snack_pfile11-2.pddl,abs-asp,timed out,1800.1093403380364,abstract_asp,,0.18566924333572388,0.0030747484415769577,0.29538432881236076,,0.03957319259643555,0.02049345336854458,0.7443276010453701,0.16731857880949974,,0.3507265280932188,0.01805429719388485,,,,,,,5,0,,,18,,19,,21,sandwich,
childsnack-sat14-strips,child-snack_pfile11-2.pddl,abs-fd,timed out,1800.149264588952,abstract_fd_search,,0.18695833906531334,0.0030252672731876373,0.29438134655356407,,0.039135608822107315,0.02055976912379265,0.7244862616062164,0.16721686348319054,,0.35192329436540604,,,0.0731264278292656,,,,,5,0,0,0,22,,,1,21,sandwich,
childsnack-sat14-strips,child-snack_pfile11-2.pddl,fd-lmcut,timed out,1800.1098862923682,,,,,,,,,,,,,,,,,,,,,,,,,,,,,,
childsnack-sat14-strips,child-snack_pfile11.pddl,abs-asp,timed out,1800.1127788126469,abstract_asp,,0.1866801604628563,0.003052283078432083,0.29481661692261696,,0.039072778075933456,0.020332664251327515,0.738547720015049,0.16716715320944786,,0.34685400128364563,0.017919931560754776,,,,,,,5,0,,,17,,18,,21,sandwich,
childsnack-sat14-strips,child-snack_pfile11.pddl,abs-fd,timed out,1800.1394046731293,abstract_fd_search,,0.19503632560372353,0.0029834136366844177,0.30430152639746666,,0.039305344223976135,0.020385950803756714,0.7153166644275188,0.16870302334427834,,0.3503764681518078,,,0.07372802123427391,,,,,5,0,0,0,22,,,1,21,sandwich,
childsnack-sat14-strips,child-snack_pfile11.pddl,fd-lmcut,timed out,1800.0208614245057,,,,,,,,,,,,,,,,,,,,,,,,,,,,,,
childsnack-sat14-strips,child-snack_pfile12.pddl,abs-asp,timed out,1800.1130070351064,abstract_asp,,0.19342096894979477,0.003124278038740158,0.3652978911995888,,0.04430871084332466,0.02155519649386406,0.8598133139312267,0.17648407071828842,,0.4385843835771084,0.02044764906167984,,,,,,,5,0,,,17,,18,,23,sandwich,
childsnack-sat14-strips,child-snack_pfile12.pddl,abs-fd,timed out,1800.1717397794127,abstract_fd_search,,0.18037915974855423,0.0031005628407001495,0.3409484140574932,,0.04452495276927948,0.021356135606765747,0.8508394733071327,0.17118161544203758,,0.4399263858795166,,,0.0736825205385685,,,,,5,0,0,0,23,,,1,23,sandwich,
childsnack-sat14-strips,child-snack_pfile12.pddl,fd-lmcut,timed out,1800.1088986992836,,,,,,,,,,,,,,,,,,,,,,,,,,,,,,
childsnack-sat14-strips,child-snack_pfile13-2.pddl,abs-asp,timed out,1800.1140857040882,abstract_asp,,0.19426096230745316,0.002704557031393051,0.4027993008494377,,0.047306329011917114,0.021968819200992584,1.0337275974452496,0.17504645884037018,,0.5218785330653191,0.022703047841787338,,,,,,,5,0,,,17,,18,,24,sandwich,
childsnack-sat14-strips,child-snack_pfile13-2.pddl,abs-fd,timed out,1800.1660055480897,abstract_fd_search,,0.19254061579704285,0.002679441124200821,0.40105516090989113,,0.047438688576221466,0.021998398005962372,1.057376068085432,0.17392846569418907,,0.5271792858839035,,,0.07507802918553352,,,,,5,0,0,0,24,,,1,24,sandwich,
childsnack-sat14-strips,child-snack_pfile13-2.pddl,fd-lmcut,timed out,1800.1095258146524,,,,,,,,,,,,,,,,,,,,,,,,,,,,,,
childsnack-sat14-strips,child-snack_pfile13.pddl,abs-asp,timed out,1800.0318032056093,abstract_asp,,0.1966375596821308,0.0028492286801338196,0.4031492583453655,,0.04879850521683693,0.02252275124192238,1.0577581189572811,0.18326907604932785,,0.5148680247366428,0.02316296473145485,,,,,,,5,0,,,18,,19,,24,sandwich,
childsnack-sat14-strips,child-snack_pfile13.pddl,abs-fd,timed out,1800.177486822009,abstract_fd_search,,0.18632609397172928,0.0027789920568466187,0.3827327750623226,,0.047884684056043625,0.022291332483291626,1.0330473743379116,0.17470089346170425,,0.5142410025000572,,,0.07622445002198219,,,,,5,0,0,0,24,,,1,24,sandwich,
childsnack-sat14-strips,child-snack_pfile13.pddl,fd-lmcut,timed out,1800.1095350738615,,,,,,,,,,,,,,,,,,,,,,,,,,,,,,
childsnack-sat14-strips,child-snack_pfile14.pddl,abs-asp,timed out,1800.1167567316443,abstract_asp,,0.19943072274327278,0.0031946059316396713,0.44379517436027527,,0.05160686932504177,0.027079269289970398,1.1798808965831995,0.18549660965800285,,0.5915031246840954,0.024310020729899406,,,,,,,5,0,,,17,,18,,25,sandwich,
childsnack-sat14-strips,child-snack_pfile14.pddl,abs-fd,timed out,1800.1750177070498,abstract_fd_search,,0.19569948688149452,0.0031037554144859314,0.4366866871714592,,0.05122604966163635,0.026568207889795303,1.1462519764900208,0.17686185613274574,,0.5923178009688854,,,0.07719852775335312,,,,,5,0,0,0,25,,,1,25,sandwich,
childsnack-sat14-strips,child-snack_pfile14.pddl,fd-lmcut,timed out,1800.1091575697064,,,,,,,,,,,,,,,,,,,,,,,,,,,,,,
childsnack-sat14-strips,child-snack_pfile15-2.pddl,abs-asp,timed out,1800.1112782508135,abstract_asp,,0.21489524096250534,0.006489545106887817,0.48526836186647415,,0.055895447731018066,0.07309894263744354,1.3050295487046242,0.18017684295773506,,0.6918903142213821,0.026591945439577103,,,,,,,5,0,,,17,,18,,26,sandwich,
childsnack-sat14-strips,child-snack_pfile15-2.pddl,abs-fd,timed out,1800.0877724066377,abstract_fd_search,,0.19919079169631004,0.006490211933851242,0.4829873815178871,,0.055104438215494156,0.0726984478533268,1.2878033593297005,0.18001403659582138,,0.6970637813210487,,,0.07833123952150345,,,,,5,0,0,0,26,,,1,26,sandwich,
childsnack-sat14-strips,child-snack_pfile15-2.pddl,fd-lmcut,timed out,1800.1099517308176,,,,,,,,,,,,,,,,,,,,,,,,,,,,,,
childsnack-sat14-strips,child-snack_pfile16-2.pddl,abs-asp,timed out,1800.1148980520666,abstract_asp,,0.20962213724851608,0.007086481899023056,0.5532904900610447,,0.06075518950819969,0.07620324194431305,1.5889290571212769,0.1937495432794094,,0.807827927172184,0.0288572795689106,,,,,,,5,0,,,17,,18,,28,sandwich,
childsnack-sat14-strips,child-snack_pfile16-2.pddl,abs-fd,timed out,1800.1987838335335,abstract_fd_search,,0.20339545607566833,0.0029315799474716187,0.6019968204200268,,0.0598696805536747,0.024606354534626007,1.559638973325491,0.19140757247805595,,0.795875295996666,,,0.08336880058050156,,,,,5,0,0,0,27,,,1,28,sandwich,
childsnack-sat14-strips,child-snack_pfile16-2.pddl,fd-lmcut,timed out,1800.1103924140334,,,,,,,,,,,,,,,,,,,,,,,,,,,,,,
childsnack-sat14-strips,child-snack_pfile19-2.pddl,abs-asp,timed out,1800.1145331822336,abstract_asp,,0.2749079503118992,0.0031201615929603577,0.7805128581821918,,0.07597390934824944,0.027049526572227478,2.2849769219756126,0.20606842264533043,,1.1642653495073318,0.03539229556918144,,,,,,,5,0,,,17,,18,,32,sandwich,
childsnack-sat14-strips,child-snack_pfile19-2.pddl,abs-fd,timed out,1800.2485355455428,abstract_fd_search,,0.2702477555721998,0.0031111259013414383,0.7863936480134726,,0.07509645260870457,0.027100367471575737,2.2554799430072308,0.20598061382770538,,1.1851924005895853,,,0.09003171883523464,,,,,5,0,0,0,30,,,1,32,sandwich,
childsnack-sat14-strips,child-snack_pfile19-2.pddl,fd-lmcut,timed out,1800.1094562709332,,,,,,,,,,,,,,,,,,,,,,,,,,,,,,
childsnack-sat14-strips,child-snack_pfile19.pddl,abs-asp,timed out,1800.1150986552238,abstract_asp,,0.25908708944916725,0.0029958151280879974,0.767699558287859,,0.07434268295764923,0.026455994695425034,2.2260504625737667,0.19758948683738708,,1.1686137802898884,0.03510900214314461,,,,,,,5,0,,,17,,18,,32,sandwich,
childsnack-sat14-strips,child-snack_pfile19.pddl,abs-fd,timed out,1800.2555349767208,abstract_fd_search,,0.2706635445356369,0.0030912309885025024,0.7858597487211227,,0.07548937946557999,0.026744049042463303,2.254165153950453,0.20642561092972755,,1.1648079305887222,,,0.09138839319348335,,,,,5,0,0,0,30,,,1,32,sandwich,
childsnack-sat14-strips,child-snack_pfile19.pddl,fd-lmcut,timed out,1800.0461852028966,,,,,,,,,,,,,,,,,,,,,,,,,,,,,,
depot,p02.pddl,abs-asp,success,5.868794906884432,total,3.798059,0.160194,0.003007,0.117385,,0.010771,0.032823,0.189108,0.16153,,0.01576,0.012961,0.083811,,2.974685,,,valid,2,0,6,2,6,15,7,9,3,object,
depot,p02.pddl,abs-fd,success,5.149338319897652,total,3.614132,0.156246,0.002984,0.105547,,0.010662,0.033459,0.164571,0.162614,,0.014137,,,0.064962,2.86477,,,valid,2,0,6,2,6,15,,9,3,object,
depot,p02.pddl,fd-lmcut,success,2.3828731775283813,total,0.233694,,,,,,,,,0.229857,,,,,,,,valid,,,,,,15,,,,,
depot,p04.pddl,abs-asp,timed out,1800.1176247037947,abstract_solving,,0.17245322465896606,0.0025419071316719055,0.13885672390460968,,0.012532081454992294,0.045047953724861145,0.2440771386027336,0.2120601087808609,,0.03982195630669594,0.03321778029203415,48.8290207721293,,,,,,2,0,14,0,15,,16,15,3,object,
depot,p04.pddl,abs-fd,timed out,1800.118800677359,abstract_fd_search,,0.16088047251105309,0.0025065243244171143,0.1170262061059475,,0.012451857328414917,0.04481469839811325,0.21229317784309387,0.20622172579169273,,0.038198474794626236,,,0.07447599992156029,,,,,2,0,16,0,16,,,17,3,object,
depot,p04.pddl,fd-lmcut,success,99.84266823530197,total,97.868573,,,,,,,,,97.865172,,,,,,,,valid,,,,,,30,,,,,
depot,p08.pddl,abs-asp,timed out,1800.1121675241739,abstract_asp,,0.17240050621330738,0.0026116743683815002,0.14056609384715557,,0.013889806345105171,0.06382964923977852,0.2686474807560444,0.21521943993866444,,0.06446237489581108,0.03530496917665005,,,,,,,7,0,,,20,,21,,3,object,
depot,p08.pddl,abs-fd,timed out,1800.1316318027675,abstract_fd_search,,0.17576538398861885,0.0026607774198055267,0.15418250858783722,,0.013812147080898285,0.06348354369401932,0.25970790907740593,0.20640431344509125,,0.06645241752266884,,,0.08359220996499062,,,,,7,0,35,0,38,,,36,3,object,
depot,p08.pddl,fd-lmcut,timed out,1800.1110567823052,,,,,,,,,,,,,,,,,,,,,,,,,,,,,,
depot,p09.pddl,abs-asp,timed out,1800.1298929229379,abstract_asp,,0.18784543871879578,0.002895765006542206,0.19741132855415344,,0.01732584461569786,0.14465802907943726,0.39919763430953026,0.3605710081756115,,0.12764986604452133,0.11197107285261154,,,,,,,2,0,,,20,,21,,3,object,
depot,p09.pddl,abs-fd,timed out,1800.1367152109742,abstract_fd_search,,0.18463443964719772,0.0029594898223876953,0.17855734005570412,,0.017405260354280472,0.14398880675435066,0.3746155984699726,0.3612179160118103,,0.1268823929131031,,,0.11915316432714462,,,,,2,0,39,0,40,,,40,3,object,
depot,p09.pddl,fd-lmcut,timed out,1800.1077157631516,,,,,,,,,,,,,,,,,,,,,,,,,,,,,,
depot,p16.pddl,abs-asp,timed out,1800.1234359033406,abstract_solving,,0.1845952533185482,0.0025870874524116516,0.17588983848690987,,0.02170848473906517,0.07222302630543709,0.33600734919309616,0.2320055179297924,,0.09080077335238457,0.04576234892010689,4.324197866022587,,,,,,4,0,8,0,11,,12,9,8,object,
depot,p16.pddl,abs-fd,timed out,1800.1193505488336,abstract_fd_search,,0.1738165244460106,0.002561427652835846,0.15311022102832794,,0.021843254566192627,0.07244520261883736,0.30386193096637726,0.22407860681414604,,0.08834438398480415,,,0.07971324399113655,,,,,4,0,5,0,11,,,6,8,object,
depot,p16.pddl,fd-lmcut,success,1546.0258036367595,total,1543.680544,,,,,,,,,1543.676752,,,,,,,,valid,,,,,,25,,,,,
depot,p17.pddl,abs-asp,timed out,1800.127947423607,abstract_solving,,0.20549803227186203,0.0027035996317863464,0.2378929667174816,,0.024997074156999588,0.1415073499083519,0.5115190334618092,0.3212936259806156,,0.19066528230905533,0.09231169521808624,55.70957852527499,,,,,,4,0,8,0,12,,13,9,8,object,
depot,p17.pddl,abs-fd,timed out,1800.0531825199723,abstract_fd_search,,0.21483268961310387,0.00274001806974411,0.2402525171637535,,0.025273550301790237,0.16985735297203064,0.5235226638615131,0.330793559551239,,0.20132626593112946,,,0.10108030587434769,,,,,4,0,5,0,12,,,6,8,object,
depot,p17.pddl,fd-lmcut,timed out,1800.1107669249177,,,,,,,,,,,,,,,,,,,,,,,,,,,,,,
depot,p18.pddl,abs-asp,timed out,1800.1197732910514,abstract_asp,,0.2698402553796768,0.003457155078649521,0.35104478523135185,,0.044275913387537,0.13985352963209152,0.8472299203276634,0.5060143172740936,,0.36608166992664337,0.1851496510207653,,,,,,,4,0,,,17,,18,,8,object,
depot,p18.pddl,abs-fd,timed out,1800.1694678273052,abstract_fd_search,,0.26182811334729195,0.0030614547431468964,0.3477319199591875,,0.027997279539704323,0.11860711127519608,0.8661336228251457,0.5039003193378448,,0.36580012924969196,,,0.17596542090177536,,,,,4,0,4,0,30,,,5,8,object,
depot,p18.pddl,fd-lmcut,timed out,1800.1092839762568,,,,,,,,,,,,,,,,,,,,,,,,,,,,,,
depot,p21.pddl,abs-asp,timed out,1800.1247922107577,abstract_asp,,0.26773463003337383,0.002864394336938858,0.49004065059125423,,0.05472348630428314,0.2585618644952774,1.190813809633255,0.9615837298333645,,0.5372437760233879,0.3939713127911091,,,,,,,4,0,,,13,,14,,15,object,
depot,p21.pddl,abs-fd,timed out,1800.1615657098591,abstract_fd_search,,0.27315621450543404,0.002839270979166031,0.4861222803592682,,0.053992848843336105,0.2558480091392994,1.2068064957857132,0.9635763205587864,,0.5181208848953247,,,0.212112158536911,,,,,4,0,4,0,14,,,5,15,object,
depot,p21.pddl,fd-lmcut,timed out,1800.1102791950107,,,,,,,,,,,,,,,,,,,,,,,,,,,,,,
depot,p22.pddl,abs-asp,timed out,1800.1423079930246,abstract_asp,,0.29992271214723587,0.0033975988626480103,1.1692455150187016,,0.0639999583363533,0.3574852980673313,3.1851051189005375,2.6426270231604576,,1.4247823096811771,1.0791179202497005,,,,,,,4,0,,,15,,16,,15,object,
depot,p22.pddl,abs-fd,timed out,1800.299479842186,abstract_fd_search,,0.29750120267271996,0.0033597536385059357,1.164736796170473,,0.06346801668405533,0.3584112673997879,3.1873192563652992,2.6446770280599594,,1.4296869598329067,,,0.8230136893689632,,,,,4,0,15,0,39,,,16,15,object,
depot,p22.pddl,fd-lmcut,timed out,1800.1095300130546,,,,,,,,,,,,,,,,,,,,,,,,,,,,,,
driverlog,p01.pddl,abs-asp,success,2.431261669844389,total,0.725835,0.145014,0.002351,0.088817,,0.008056,0.031187,0.152737,0.150792,,0.005858,0.00514,0.043458,,0.059697,,,valid,2,0,0,0,7,7,8,1,2,object,
driverlog,p01.pddl,abs-fd,success,2.9654557444155216,total,0.790101,0.150388,0.002303,0.106947,,0.007925,0.02955,0.177975,0.150452,,0.007373,,,0.065636,0.059376,,,valid,2,0,0,0,7,7,,1,2,object,
driverlog,p01.pddl,fd-lmcut,success,2.444076795130968,total,0.192366,,,,,,,,,0.189239,,,,,,,,valid,,,,,,7,,,,,
driverlog,p02.pddl,abs-asp,success,3.785203767940402,total,2.22662,0.150122,0.002389,0.088429,,0.008652,0.035029,0.150132,0.146263,,0.006316,0.005583,0.849426,,0.740953,,,valid,3,0,3,0,13,22,14,4,2,object,
driverlog,p02.pddl,abs-fd,success,2.988815803080797,total,0.904711,0.15699,0.002401,0.105825,,0.008535,0.03459,0.17185,0.146432,,0.00779,,,0.065285,0.170316,,,valid,3,0,2,0,16,22,,3,2,object,
driverlog,p02.pddl,fd-lmcut,success,2.063665311783552,total,0.505781,,,,,,,,,0.502824,,,,,,,,valid,,,,,,19,,,,,
driverlog,p03.pddl,abs-asp,success,2.9665046110749245,total,0.899766,0.157003,0.002335,0.104764,,0.008826,0.034103,0.157511,0.147369,,0.006947,0.006172,0.137064,,0.089446,,,valid,2,0,0,0,10,12,11,1,2,object,
driverlog,p03.pddl,abs-fd,success,3.002988640218973,total,0.836243,0.158186,0.002404,0.106925,,0.009036,0.034738,0.175413,0.145041,,0.006187,,,0.06364,0.09994,,,valid,2,0,0,0,11,13,,1,2,object,
driverlog,p03.pddl,fd-lmcut,success,1.7264387272298336,total,0.165061,,,,,,,,,0.16104,,,,,,,,valid,,,,,,12,,,,,
driverlog,p05.pddl,abs-asp,success,3.206781415268779,total,1.66864,0.153053,0.00248,0.091951,,0.010714,0.034845,0.151109,0.148787,,0.008194,0.00707,0.670275,,0.349859,,,valid,2,0,2,0,11,18,12,3,4,object,
driverlog,p05.pddl,abs-fd,success,2.481160283088684,total,0.937929,0.152376,0.002427,0.092464,,0.010724,0.03489,0.152471,0.149395,,0.008217,,,0.065987,0.229679,,,valid,2,0,0,0,13,25,,1,4,object,
driverlog,p05.pddl,fd-lmcut,success,2.46257670968771,total,0.329294,,,,,,,,,0.325827,,,,,,,,valid,,,,,,18,,,,,
driverlog,p06.pddl,abs-asp,success,5.837274741381407,total,3.730776,0.158796,0.002575,0.111905,,0.009983,0.038977,0.180415,0.152303,,0.01151,0.008377,2.868163,,0.149865,,,valid,2,0,0,0,11,11,12,1,3,object,
driverlog,p06.pddl,abs-fd,success,2.5703281611204147,total,0.929038,0.153789,0.002578,0.097311,,0.009917,0.039004,0.161853,0.159287,,0.010145,,,0.074596,0.18575,,,valid,2,0,0,0,13,13,,1,3,object,
driverlog,p06.pddl,fd-lmcut,success,1.7275794371962547,total,0.195876,,,,,,,,,0.192763,,,,,,,,valid,,,,,,11,,,,,
driverlog,p07.pddl,abs-asp,success,4.688807684928179,total,3.160348,0.155044,0.002604,0.094469,,0.010872,0.046925,0.155448,0.153082,,0.011179,0.009144,2.309792,,0.169714,,,valid,2,0,0,0,11,13,12,1,3,object,
driverlog,p07.pddl,abs-fd,success,3.174042847007513,total,0.939701,0.165498,0.002548,0.113544,,0.010607,0.045699,0.157085,0.153234,,0.012446,,,0.064998,0.179494,,,valid,2,0,0,0,12,14,,1,3,object,
driverlog,p07.pddl,fd-lmcut,success,2.3106313422322273,total,0.20953,,,,,,,,,0.206177,,,,,,,,valid,,,,,,13,,,,,
driverlog,p08.pddl,abs-asp,success,1120.940423361957,total,1119.395392,0.155772,0.002551,0.095402,,0.01142,0.049641,0.184593,0.155173,,0.012728,0.009531,1107.214264,,11.444396,,,valid,2,0,0,0,17,26,18,1,3,object,
driverlog,p08.pddl,abs-fd,success,6.64208984375,total,4.530129,0.164463,0.002582,0.11331,,0.011582,0.049819,0.180785,0.154995,,0.012954,,,0.13048,3.670503,,,valid,2,0,0,0,17,23,,1,3,object,
driverlog,p08.pddl,fd-lmcut,success,36.524676486849785,total,34.581291,,,,,,,,,34.577309,,,,,,,,valid,,,,,,22,,,,,
driverlog,p09.pddl,abs-asp,success,1078.283515829593,total,1075.973782,0.178414,0.003105,0.124609,,0.013528,0.063393,0.199259,0.170019,,0.016225,0.012155,1074.398084,,0.725947,,,valid,2,0,0,0,18,24,19,1,3,object,
driverlog,p09.pddl,abs-fd,success,4.280831970274448,total,2.18808,0.169758,0.003241,0.139361,,0.013658,0.061759,0.196292,0.170642,,0.01623,,,0.080441,1.272041,,,valid,2,0,0,0,47,49,,1,3,object,
driverlog,p09.pddl,fd-lmcut,success,3.9212529622018337,total,2.365382,,,,,,,,,2.361954,,,,,,,,valid,,,,,,22,,,,,
driverlog,p13.pddl,abs-asp,timed out,1800.1137008927763,abstract_asp,,0.2902168929576874,0.0027939192950725555,0.12512285634875298,,0.026979051530361176,0.28305353969335556,0.2115035280585289,0.21402831375598907,,0.03450930491089821,0.037193238735198975,,,,,,,2,0,,,18,,19,,2,object,
driverlog,p13.pddl,abs-fd,success,32.8060299269855,total,30.348226,0.304828,0.002854,0.148445,,0.026829,0.279811,0.244497,0.225098,,0.03641,,,0.084209,28.901198,,,valid,2,0,0,0,38,42,,1,2,object,
driverlog,p13.pddl,fd-lmcut,success,37.005584713071585,total,34.74166,,,,,,,,,34.737926,,,,,,,,valid,,,,,,26,,,,,
driverlog,p14.pddl,abs-asp,timed out,1800.1125354655087,abstract_asp,,0.26652831211686134,0.002678520977497101,0.14098935946822166,,0.02000955492258072,0.17150835692882538,0.23436884582042694,0.20267968997359276,,0.039489492774009705,0.035072531551122665,,,,,,,3,0,,,19,,20,,2,object,
driverlog,p14.pddl,abs-fd,timed out,1800.1300435997546,abstract_fd_search,,0.2796369306743145,0.00299859419465065,0.14074357599020004,,0.021931111812591553,0.1875951886177063,0.23480893298983574,0.2243310734629631,,0.03998073935508728,,,0.08248737081885338,,,,,3,0,34,0,36,,,35,2,object,
driverlog,p14.pddl,fd-lmcut,success,76.61824681609869,total,74.126009,,,,,,,,,74.12265,,,,,,,,valid,,,,,,28,,,,,
driverlog,p17.pddl,abs-asp,timed out,1800.1273831855506,abstract_asp,,0.3427699487656355,0.003510087728500366,0.24609504453837872,,0.04070170596241951,0.6141584571450949,0.51392562687397,0.522202018648386,,0.18873079121112823,0.19762104004621506,,,,,,,2,0,,,16,,17,,3,object,
driverlog,p17.pddl,abs-fd,timed out,1800.1833237595856,abstract_fd_search,,0.3658551760017872,0.0037200748920440674,0.27807585522532463,,0.040988609194755554,0.6357326880097389,0.5557733736932278,0.5495206378400326,,0.19287372007966042,,,0.27013804763555527,,,,,2,0,0,0,107,,,1,3,object,
driverlog,p17.pddl,fd-lmcut,timed out,1800.02786677517,,,,,,,,,,,,,,,,,,,,,,,,,,,,,,
driverlog,p18.pddl,abs-asp,timed out,1800.1320849247277,abstract_asp,,0.36984504386782646,0.00366055965423584,0.31275472044944763,,0.047276224941015244,0.8149005956947803,0.6671371422708035,0.6557188332080841,,0.25600002333521843,0.2366383671760559,,,,,,,3,0,,,17,,18,,3,object,
driverlog,p18.pddl,abs-fd,timed out,1800.187191810459,abstract_fd_search,,0.4048915095627308,0.0036084242165088654,0.3419163040816784,,0.04759752377867699,0.841816533356905,0.7252052091062069,0.6720388755202293,,0.26681625097990036,,,0.30659348145127296,,,,,3,0,83,0,102,,,84,3,object,
driverlog,p18.pddl,fd-lmcut,timed out,1800.1063116937876,,,,,,,,,,,,,,,,,,,,,,,,,,,,,,
driverlog,p19.pddl,abs-asp,timed out,1800.0906322337687,abstract_asp,,0.4208372049033642,0.004324290901422501,0.36972660943865776,,0.05294787324965,1.048034718260169,0.7501914873719215,0.7950416840612888,,0.31031638383865356,0.30421970412135124,,,,,,,2,0,,,16,,17,,3,object,
driverlog,p19.pddl,abs-fd,timed out,1800.5588581375778,abstract_fd_search,,0.4306685384362936,0.004279009997844696,0.3661842308938503,,0.05216159299015999,1.0254926439374685,0.7753411158919334,0.7979030329734087,,0.30293059907853603,,,1.77877177298069,,,,,2,0,0,0,209,,,1,3,object,
driverlog,p19.pddl,fd-lmcut,timed out,1800.0150559917092,,,,,,,,,,,,,,,,,,,,,,,,,,,,,,
elevators-sat08-strips,p01.pddl,abs-asp,success,418.9163418971002,total,416.805231,0.265574,0.002371,0.12169,,0.012236,0.023979,0.199824,0.167038,,0.025256,0.017998,415.339165,,0.566463,,,unchecked: No available engine supports all the problem features:,5,0,0,0,18,24,19,1,2,fast-elevator,
elevators-sat08-strips,p01.pddl,abs-fd,success,3.903772447258234,total,1.64213,0.273336,0.002419,0.129497,,0.012451,0.023909,0.21067,0.173764,,0.025098,,,0.073793,0.669742,,,unchecked: No available engine supports all the problem features:,5,0,0,0,20,30,,1,2,fast-elevator,
elevators-sat08-strips,p01.pddl,fd-lmcut,success,4.857301130890846,total,2.678498,,,,,,,,,2.674687,,,,,,,,unchecked: No available engine supports all the problem features:,,,,,,18,,,,,
elevators-sat08-strips,p02.pddl,abs-asp,success,1713.6243162192404,total,1712.078506,0.262862,0.002402,0.125831,,0.01254,0.024445,0.182722,0.169393,,0.029827,0.021006,1709.8652,,1.30094,,,unchecked: No available engine supports all the problem features:,5,0,1,0,21,40,22,2,2,fast-elevator,
elevators-sat08-strips,p02.pddl,abs-fd,success,4.418497573584318,total,2.874423,0.261192,0.0024,0.105876,,0.012384,0.024943,0.181948,0.169486,,0.028058,,,0.071773,1.968019,,,unchecked: No available engine supports all the problem features:,5,0,0,0,26,35,,1,2,fast-elevator,
elevators-sat08-strips,p02.pddl,fd-lmcut,success,13.868634317070246,total,11.446745,,,,,,,,,11.443614,,,,,,,,unchecked: No available engine supports all the problem features:,,,,,,21,,,,,
elevators-sat08-strips,p03.pddl,abs-asp,timed out,1800.1153862699866,abstract_asp,,0.2723158709704876,0.0025328844785690308,0.13169705495238304,,0.01260288804769516,0.02502567693591118,0.22361484542489052,0.18356182798743248,,0.03481251373887062,0.025202076882123947,,,,,,,5,0,,,17,,18,,2,fast-elevator,
elevators-sat08-strips,p03.pddl,abs-fd,success,4.868257619440556,total,2.579727,0.272883,0.002519,0.134648,,0.01255,0.024688,0.22208,0.186306,,0.034792,,,0.074631,1.562148,,,unchecked: No available engine supports all the problem features:,5,0,2,0,19,29,,3,2,fast-elevator,
elevators-sat08-strips,p03.pddl,fd-lmcut,timed out,1800.0120261609554,,,,,,,,,,,,,,,,,,,,,,,,,,,,,,
elevators-sat08-strips,p04.pddl,abs-asp,timed out,1800.0145529322326,abstract_asp,,0.2667238414287567,0.0024622194468975067,0.13168132677674294,,0.012840855866670609,0.02573559060692787,0.22467336058616638,0.18119186535477638,,0.03984232246875763,0.02891283854842186,,,,,,,5,0,,,20,,21,,2,fast-elevator,
elevators-sat08-strips,p04.pddl,abs-fd,success,83.93105183541775,total,82.085926,0.265913,0.002463,0.133076,,0.012666,0.025263,0.206071,0.179337,,0.038753,,,0.076419,81.063447,,,unchecked: No available engine supports all the problem features:,5,0,0,0,39,51,,1,2,fast-elevator,
elevators-sat08-strips,p04.pddl,fd-lmcut,timed out,1800.1091190781444,,,,,,,,,,,,,,,,,,,,,,,,,,,,,,
elevators-sat08-strips,p05.pddl,abs-asp,timed out,1800.111778471619,abstract_asp,,0.2700398489832878,0.00250876322388649,0.1367899887263775,,0.013340774923563004,0.025540675967931747,0.232045229524374,0.18881867080926895,,0.04447069764137268,0.03140706196427345,,,,,,,5,0,,,18,,19,,2,fast-elevator,
elevators-sat08-strips,p05.pddl,abs-fd,timed out,1800.1305444650352,abstract_fd_search,,0.27469552308321,0.002551194280385971,0.13964279741048813,,0.013423722237348557,0.026282167062163353,0.23725618794560432,0.19623345881700516,,0.043528150767087936,,,0.078996567055583,,,,,5,0,8,0,28,,,9,2,fast-elevator,
elevators-sat08-strips,p05.pddl,fd-lmcut,timed out,1800.1062153540552,,,,,,,,,,,,,,,,,,,,,,,,,,,,,,
elevators-sat08-strips,p06.pddl,abs-asp,timed out,1800.1123240292072,abstract_asp,,0.2854057066142559,0.0026542022824287415,0.1450209729373455,,0.014618679881095886,0.027681991457939148,0.24432171136140823,0.20089834928512573,,0.048685673624277115,0.03785574436187744,,,,,,,2,0,,,21,,22,,3,passenger,
elevators-sat08-strips,p06.pddl,abs-fd,timed out,1800.1401833295822,abstract_fd_search,,0.2681766264140606,0.0025458335876464844,0.13874777406454086,,0.014247305691242218,0.027062930166721344,0.2119435966014862,0.21019893884658813,,0.04851927235722542,,,0.0801796093583107,,,,,2,0,2,0,42,,,3,3,passenger,
elevators-sat08-strips,p06.pddl,fd-lmcut,timed out,1800.0971243530512,,,,,,,,,,,,,,,,,,,,,,,,,,,,,,
elevators-sat08-strips,p07.pddl,abs-asp,timed out,1800.018685016781,abstract_asp,,0.27630123868584633,0.0026076771318912506,0.14351733401417732,,0.013271607458591461,0.02723025530576706,0.246520783752203,0.204257071018219,,0.05223029479384422,0.03893852233886719,,,,,,,5,0,,,21,,22,,2,fast-elevator,
elevators-sat08-strips,p07.pddl,abs-fd,timed out,1800.0869593545794,abstract_fd_search,,0.2720080390572548,0.002647407352924347,0.14135101437568665,,0.013350892812013626,0.027967263013124466,0.2456997148692608,0.19862666353583336,,0.053685594350099564,,,0.08806385844945908,,,,,5,0,4,0,44,,,5,2,fast-elevator,
elevators-sat08-strips,p07.pddl,fd-lmcut,timed out,1800.1104409582913,,,,,,,,,,,,,,,,,,,,,,,,,,,,,,
elevators-sat08-strips,p08.pddl,abs-asp,timed out,1800.1143126301467,abstract_asp,,0.270344328135252,0.003085777163505554,0.14661605656147003,,0.015074353665113449,0.028569333255290985,0.2524447701871395,0.2082822322845459,,0.05777115002274513,0.047113414853811264,,,,,,,2,0,,,21,,22,,3,passenger,
elevators-sat08-strips,p08.pddl,abs-fd,timed out,1800.150130968541,abstract_fd_search,,0.29146062582731247,0.0031756944954395294,0.1494029052555561,,0.015252329409122467,0.028560124337673187,0.25937576219439507,0.21655143424868584,,0.05785505473613739,,,0.09013941511511803,,,,,2,0,0,0,44,,,1,3,passenger,
elevators-sat08-strips,p08.pddl,fd-lmcut,timed out,1800.1096779592335,,,,,,,,,,,,,,,,,,,,,,,,,,,,,,
elevators-sat08-strips,p09.pddl,abs-asp,timed out,1800.112465981394,abstract_asp,,0.2628065310418606,0.0027127787470817566,0.12776784226298332,,0.015005853027105331,0.029067926108837128,0.2330356426537037,0.21479440480470657,,0.06144840642809868,0.05221100151538849,,,,,,,2,0,,,20,,21,,3,passenger,
elevators-sat08-strips,p09.pddl,abs-fd,timed out,1800.1458319313824,abstract_fd_search,,0.26610685139894485,0.0027126967906951904,0.12840557470917702,,0.014821935445070267,0.029056668281555176,0.2607879303395748,0.21535924077033997,,0.06281093508005142,,,0.09161194041371346,,,,,2,0,0,0,45,,,1,3,passenger,
elevators-sat08-strips,p09.pddl,fd-lmcut,timed out,1800.1091127879918,,,,,,,,,,,,,,,,,,,,,,,,,,,,,,
elevators-sat08-strips,p10.pddl,abs-asp,timed out,1800.0226783901453,abstract_asp,,0.26513126492500305,0.0027660392224788666,0.1315613053739071,,0.01635342836380005,0.029160141944885254,0.2380383238196373,0.2139735445380211,,0.0681312307715416,0.05291331186890602,,,,,,,2,0,,,24,,25,,4,passenger,
elevators-sat08-strips,p10.pddl,abs-fd,timed out,1800.1674171462655,abstract_fd_search,,0.2799663543701172,0.002812989056110382,0.15778252482414246,,0.016420751810073853,0.029386233538389206,0.2748308852314949,0.22471215575933456,,0.07046657800674438,,,0.10035067796707153,,,,,2,0,0,0,61,,,1,4,passenger,
elevators-sat08-strips,p10.pddl,fd-lmcut,timed out,1800.1123566031456,,,,,,,,,,,,,,,,,,,,,,,,,,,,,,
elevators-sat08-strips,p11.pddl,abs-asp,timed out,1800.0287545919418,abstract_asp,,0.3805670626461506,0.0030955933034420013,0.1530877687036991,,0.023818451911211014,0.047715116292238235,0.2747647538781166,0.2556448429822922,,0.0788017138838768,0.06714862212538719,,,,,,,5,0,,,19,,20,,2,fast-elevator,
elevators-sat08-strips,p11.pddl,abs-fd,timed out,1800.146768797189,abstract_fd_search,,0.3727220520377159,0.0030865520238876343,0.16474881023168564,,0.024095110595226288,0.04775415360927582,0.286177147179842,0.25473567098379135,,0.0797618106007576,,,0.09311199933290482,,,,,5,0,32,0,40,,,33,2,fast-elevator,
elevators-sat08-strips,p11.pddl,fd-lmcut,timed out,1800.1106684319675,,,,,,,,,,,,,,,,,,,,,,,,,,,,,,
elevators-sat08-strips,p12.pddl,abs-asp,timed out,1800.0932475998998,abstract_asp,,0.38063083216547966,0.002771429717540741,0.17552441731095314,,0.032005056738853455,0.04812491685152054,0.31621307134628296,0.24972045049071312,,0.09873820841312408,0.06011979281902313,,,,,,,2,0,,,23,,24,,5,passenger,
elevators-sat08-strips,p12.pddl,abs-fd,timed out,1800.1392399407923,abstract_fd_search,,0.3857685886323452,0.0027711912989616394,0.16094761341810226,,0.0313837006688118,0.04840581864118576,0.29624783620238304,0.23921461775898933,,0.09675460681319237,,,0.09008325263857841,,,,,2,0,0,0,39,,,1,5,passenger,
elevators-sat08-strips,p12.pddl,fd-lmcut,timed out,1800.0506907589734,,,,,,,,,,,,,,,,,,,,,,,,,,,,,,
elevators-sat08-strips,p13.pddl,abs-asp,timed out,1800.118932025507,abstract_asp,,0.38000199757516384,0.0029355213046073914,0.18604440242052078,,0.026941893622279167,0.052161337807774544,0.32240768894553185,0.2835084702819586,,0.11316155083477497,0.0980175118893385,,,,,,,2,0,,,23,,24,,3,passenger,
elevators-sat08-strips,p13.pddl,abs-fd,timed out,1800.1151287332177,abstract_fd_search,,0.39935171604156494,0.002991907298564911,0.17275289818644524,,0.02719753235578537,0.05216854438185692,0.32408957183361053,0.29371681809425354,,0.11313037946820259,,,0.11793128401041031,,,,,2,0,0,0,51,,,1,3,passenger,
elevators-sat08-strips,p13.pddl,fd-lmcut,timed out,1800.1093931868672,,,,,,,,,,,,,,,,,,,,,,,,,,,,,,
elevators-sat08-strips,p14.pddl,abs-asp,timed out,1800.1150416266173,abstract_asp,,0.39970506727695465,0.003015691414475441,0.2121144961565733,,0.024377627298235893,0.05281207710504532,0.4106381591409445,0.32838783226907253,,0.13513403944671154,0.11220892518758774,,,,,,,5,0,,,20,,21,,2,fast-elevator,
elevators-sat08-strips,p14.pddl,abs-fd,timed out,1800.1578803248703,abstract_fd_search,,0.37833909690380096,0.003120262175798416,0.2013918235898018,,0.024848967790603638,0.05318869277834892,0.3435790687799454,0.3185357488691807,,0.13288244605064392,,,0.15307332947850227,,,,,5,0,5,0,70,,,6,2,fast-elevator,
elevators-sat08-strips,p14.pddl,fd-lmcut,timed out,1800.1062606424093,,,,,,,,,,,,,,,,,,,,,,,,,,,,,,
elevators-sat08-strips,p15.pddl,abs-asp,timed out,1800.1213364377618,abstract_asp,,0.4005972258746624,0.003209967166185379,0.19794123247265816,,0.02803070843219757,0.06128091737627983,0.40027350187301636,0.35109588131308556,,0.15142929926514626,0.13319982215762138,,,,,,,2,0,,,23,,24,,3,passenger,
elevators-sat08-strips,p15.pddl,abs-fd,timed out,1800.178653717041,abstract_fd_search,,0.40983597189188004,0.0031660273671150208,0.22043981030583382,,0.028247833251953125,0.06060665845870972,0.4128374345600605,0.3580956868827343,,0.15095189958810806,,,0.20307477563619614,,,,,2,0,19,0,80,,,20,3,passenger,
elevators-sat08-strips,p15.pddl,fd-lmcut,timed out,1800.1071916818619,,,,,,,,,,,,,,,,,,,,,,,,,,,,,,
elevators-sat08-strips,p16.pddl,abs-asp,timed out,1800.1213018745184,abstract_asp,,0.3910824544727802,0.003223888576030731,0.22426151484251022,,0.02775273099541664,0.05698176845908165,0.4255516342818737,0.3672965466976166,,0.16981648281216621,0.15146182850003242,,,,,,,2,0,,,22,,23,,3,passenger,
elevators-sat08-strips,p16.pddl,abs-fd,timed out,1800.208425167948,abstract_fd_search,,0.383669625967741,0.003271501511335373,0.22120507806539536,,0.028115153312683105,0.06062088534235954,0.40483498200774193,0.36683832854032516,,0.16951876878738403,,,0.16452983766794205,,,,,2,0,0,0,71,,,1,3,passenger,
elevators-sat08-strips,p16.pddl,fd-lmcut,timed out,1800.1070095524192,,,,,,,,,,,,,,,,,,,,,,,,,,,,,,
elevators-sat08-strips,p17.pddl,abs-asp,timed out,1800.1172083355486,abstract_asp,,0.3868141993880272,0.0032939277589321136,0.22017547860741615,,0.025950532406568527,0.06075318157672882,0.42980971187353134,0.3853136859834194,,0.18474414944648743,0.15570121631026268,,,,,,,5,0,,,20,,21,,2,fast-elevator,
elevators-sat08-strips,p17.pddl,abs-fd,timed out,1800.176039751619,abstract_fd_search,,0.3978431038558483,0.003459993749856949,0.21816933900117874,,0.025737427175045013,0.06631318852305412,0.4355492740869522,0.3977055884897709,,0.18663664162158966,,,0.2315046302974224,,,,,5,0,3,0,86,,,4,2,fast-elevator,
elevators-sat08-strips,p17.pddl,fd-lmcut,timed out,1800.1074145846069,,,,,,,,,,,,,,,,,,,,,,,,,,,,,,
elevators-sat08-strips,p18.pddl,abs-asp,timed out,1800.1293379962444,abstract_asp,,0.41160282865166664,0.003910727798938751,0.2527199871838093,,0.02934698760509491,0.06878473609685898,0.4919770918786526,0.4356461390852928,,0.20665858685970306,0.1928003840148449,,,,,,,2,0,,,25,,26,,3,passenger,
elevators-sat08-strips,p18.pddl,abs-fd,timed out,1800.2170453071594,abstract_fd_search,,0.3911379836499691,0.0036736465990543365,0.23333771899342537,,0.02847966179251671,0.06431977823376656,0.4469726122915745,0.4194214232265949,,0.2067984901368618,,,0.2549114488065243,,,,,2,0,55,0,109,,,56,3,passenger,
elevators-sat08-strips,p18.pddl,fd-lmcut,timed out,1800.1120391376317,,,,,,,,,,,,,,,,,,,,,,,,,,,,,,
elevators-sat08-strips,p19.pddl,abs-asp,timed out,1800.12310263142,abstract_asp,,0.38900719210505486,0.0034996457397937775,0.2595074288547039,,0.03450925648212433,0.06509556248784065,0.4996011033654213,0.4206264093518257,,0.22437042370438576,0.18691732361912727,,,,,,,2,0,,,25,,26,,5,passenger,
elevators-sat08-strips,p19.pddl,abs-fd,timed out,1800.2299764864147,abstract_fd_search,,0.3851475305855274,0.0035116150975227356,0.2402362823486328,,0.0345175601541996,0.0640316866338253,0.48853040859103203,0.42154213041067123,,0.21905507892370224,,,0.2899346798658371,,,,,2,0,0,0,120,,,1,5,passenger,
elevators-sat08-strips,p19.pddl,fd-lmcut,timed out,1800.1114716343582,,,,,,,,,,,,,,,,,,,,,,,,,,,,,,
elevators-sat08-strips,p20.pddl,abs-asp,timed out,1800.1250248886645,abstract_asp,,0.39358726888895035,0.003620702773332596,0.2693130262196064,,0.03267284110188484,0.0632179044187069,0.5254003219306469,0.4647110290825367,,0.2423039972782135,0.21302171796560287,,,,,,,2,0,,,24,,25,,4,passenger,
elevators-sat08-strips,p20.pddl,abs-fd,timed out,1800.2195805683732,abstract_fd_search,,0.4058222435414791,0.00361822172999382,0.27488567493855953,,0.032230110839009285,0.06403798423707485,0.5385814756155014,0.4733018968254328,,0.25197719782590866,,,0.2875337414443493,,,,,2,0,93,0,109,,,94,4,passenger,
elevators-sat08-strips,p20.pddl,fd-lmcut,timed out,1800.1093773543835,,,,,,,,,,,,,,,,,,,,,,,,,,,,,,
elevators-sat08-strips,p21.pddl,abs-asp,timed out,1800.1232443396002,abstract_asp,,0.5261775925755501,0.0032569244503974915,0.2489375676959753,,0.04266882315278053,0.08766733296215534,0.49126609042286873,0.44187168404459953,,0.2365217413753271,0.1903155203908682,,,,,,,5,0,,,20,,21,,2,fast-elevator,
elevators-sat08-strips,p21.pddl,abs-fd,timed out,1800.2013452500105,abstract_fd_search,,0.5191669017076492,0.003261871635913849,0.2563864476978779,,0.043143779039382935,0.08814302459359169,0.49913158267736435,0.44362742453813553,,0.22925612330436707,,,0.20960890501737595,,,,,5,0,0,0,80,,,1,2,fast-elevator,
elevators-sat08-strips,p21.pddl,fd-lmcut,timed out,1800.1105616129935,,,,,,,,,,,,,,,,,,,,,,,,,,,,,,
elevators-sat08-strips,p22.pddl,abs-asp,timed out,1800.1210750602186,abstract_asp,,0.5437707901000977,0.0035745538771152496,0.3039257489144802,,0.0428212434053421,0.09311845898628235,0.61860316619277,0.5220894068479538,,0.2819320820271969,0.24475624039769173,,,,,,,5,0,,,17,,18,,2,fast-elevator,
elevators-sat08-strips,p22.pddl,abs-fd,timed out,1800.2347625419497,abstract_fd_search,,0.5387338176369667,0.0034735873341560364,0.3065858781337738,,0.04262113571166992,0.09142936393618584,0.617344357073307,0.5251557789742947,,0.28163814544677734,,,0.30355701595544815,,,,,5,0,4,0,88,,,5,2,fast-elevator,
elevators-sat08-strips,p22.pddl,fd-lmcut,timed out,1800.1086769271642,,,,,,,,,,,,,,,,,,,,,,,,,,,,,,
elevators-sat08-strips,p23.pddl,abs-asp,timed out,1800.1291176974773,abstract_asp,,0.5192673839628696,0.003426000475883484,0.31563330441713333,,0.046598274260759354,0.09599962830543518,0.6755934245884418,0.6244000010192394,,0.3369108662009239,0.3024319298565388,,,,,,,2,0,,,23,,24,,3,passenger,
elevators-sat08-strips,p23.pddl,abs-fd,timed out,1800.2536927685142,abstract_fd_search,,0.5247175917029381,0.0034621618688106537,0.31662606820464134,,0.04783516377210617,0.09643253684043884,0.675663847476244,0.6254142038524151,,0.33721931278705597,,,0.36216024681925774,,,,,2,0,0,0,99,,,1,3,passenger,
elevators-sat08-strips,p23.pddl,fd-lmcut,timed out,1800.1097391992807,,,,,,,,,,,,,,,,,,,,,,,,,,,,,,
elevators-sat08-strips,p24.pddl,abs-asp,timed out,1800.15546069853,abstract_asp,,0.5600064713507891,0.003706201910972595,0.4138933941721916,,0.04839933477342129,0.1029669251292944,0.8026820998638868,0.7145079802721739,,0.38997673988342285,0.35552261397242546,,,,,,,2,0,,,24,,25,,3,passenger,
elevators-sat08-strips,p24.pddl,abs-fd,timed out,1800.2949106059968,abstract_fd_search,,0.5237960554659367,0.0036249421536922455,0.3873428627848625,,0.04746678099036217,0.10025863349437714,0.7770063653588295,0.6935002841055393,,0.4014313854277134,,,0.5558549463748932,,,,,2,0,0,0,122,,,1,3,passenger,
elevators-sat08-strips,p24.pddl,fd-lmcut,timed out,1800.1111636199057,,,,,,,,,,,,,,,,,,,,,,,,,,,,,,
elevators-sat08-strips,p25.pddl,abs-asp,timed out,1800.1585579179227,abstract_asp,,0.5723124854266644,0.0038896799087524414,0.43136870488524437,,0.04900400713086128,0.10720432549715042,0.874658539891243,0.7991215623915195,,0.45378828793764114,0.4142870232462883,,,,,,,2,0,,,25,,26,,3,passenger,
elevators-sat08-strips,p25.pddl,abs-fd,timed out,1800.3091469295323,abstract_fd_search,,0.5271234679967165,0.0037996768951416016,0.40156579576432705,,0.04862349107861519,0.10796140693128109,0.834969649091363,0.7770924735814333,,0.4456650372594595,,,0.8569790534675121,,,,,2,0,0,0,150,,,1,3,passenger,
elevators-sat08-strips,p25.pddl,fd-lmcut,timed out,1800.111543931067,,,,,,,,,,,,,,,,,,,,,,,,,,,,,,
elevators-sat08-strips,p26.pddl,abs-asp,timed out,1800.1326755434275,abstract_asp,,0.5369435772299767,0.004208996891975403,0.45730817690491676,,0.048262495547533035,0.10819903016090393,1.0024375021457672,0.8611000217497349,,0.516203485429287,0.464823666960001,,,,,,,2,0,,,24,,25,,3,passenger,
elevators-sat08-strips,p26.pddl,abs-fd,timed out,1800.363389186561,abstract_fd_search,,0.5427457168698311,0.004174314439296722,0.45537496358156204,,0.04982735216617584,0.11061994358897209,0.9868244603276253,0.8648716956377029,,0.4999452456831932,,,1.0760017111897469,,,,,2,0,0,0,151,,,1,3,passenger,
elevators-sat08-strips,p26.pddl,fd-lmcut,timed out,1800.1093243844807,,,,,,,,,,,,,,,,,,,,,,,,,,,,,,
elevators-sat08-strips,p27.pddl,abs-asp,timed out,1800.135803680867,abstract_asp,,0.5406433120369911,0.0043663084506988525,0.490880124270916,,0.05513853579759598,0.11202988401055336,1.0509129278361797,0.9129029773175716,,0.5563821569085121,0.49447889626026154,,,,,,,2,0,,,25,,26,,4,passenger,
elevators-sat08-strips,p27.pddl,abs-fd,timed out,1800.685245282948,abstract_fd_search,,0.5633459873497486,0.004291564226150513,0.5108192414045334,,0.05532706156373024,0.11203501373529434,1.1084844022989273,0.9355575926601887,,0.5594578459858894,,,1.5229590572416782,,,,,2,0,141,0,195,,,142,4,passenger,
elevators-sat08-strips,p27.pddl,fd-lmcut,timed out,1800.1115240119398,,,,,,,,,,,,,,,,,,,,,,,,,,,,,,
elevators-sat08-strips,p28.pddl,abs-asp,timed out,1800.1269193235785,abstract_asp,,0.5430600829422474,0.004566449671983719,0.5304314084351063,,0.05099433474242687,0.11665302887558937,1.153002293780446,1.090071726590395,,0.609411433339119,0.5717028062790632,,,,,,,2,0,,,24,,25,,3,passenger,
elevators-sat08-strips,p28.pddl,abs-fd,timed out,1800.5209185779095,abstract_fd_search,,0.546104246750474,0.0044755153357982635,0.5203214343637228,,0.05043371021747589,0.11666087619960308,1.1473680473864079,1.0860299915075302,,0.6106501817703247,,,1.4374267123639584,,,,,2,0,90,0,196,,,91,3,passenger,
elevators-sat08-strips,p28.pddl,fd-lmcut,timed out,1800.107365861535,,,,,,,,,,,,,,,,,,,,,,,,,,,,,,
elevators-sat08-strips,p29.pddl,abs-asp,timed out,1800.140378087759,abstract_asp,,0.6041603125631809,0.00936051644384861,0.5596173759549856,,0.05211305990815163,0.11540900357067585,1.2310158871114254,1.2120300568640232,,0.6808636393398046,0.6381916385143995,,,,,,,2,0,,,25,,26,,3,passenger,
elevators-sat08-strips,p29.pddl,abs-fd,interrupted,194.15786128118634,abstract_fd_search,,0.5474302209913731,0.008789751678705215,0.563629662618041,,0.05165582336485386,0.11510301381349564,1.2352857887744904,1.1738586109131575,,0.668000839650631,,,2.3282051403075457,,,,,2,0,0,0,220,,,1,3,passenger,
elevators-sat08-strips,p29.pddl,fd-lmcut,timed out,1800.017423313111,,,,,,,,,,,,,,,,,,,,,,,,,,,,,,
elevators-sat08-strips,p30.pddl,abs-asp,timed out,1800.143041677773,abstract_asp,,0.5722247660160065,0.005050648003816605,0.6072831526398659,,0.05687214806675911,0.1170085109770298,1.3305490724742413,1.2322383373975754,,0.7242526151239872,0.6678198389708996,,,,,,,2,0,,,25,,26,,4,passenger,
elevators-sat08-strips,p30.pddl,abs-fd,interrupted,199.1698922291398,abstract_fd_search,,0.5558898001909256,0.004780970513820648,0.5957752391695976,,0.05612383782863617,0.11641278862953186,1.3203783370554447,1.2139359079301357,,0.7236218973994255,,,2.321571860462427,,,,,2,0,0,0,210,,,1,4,passenger,
elevators-sat08-strips,p30.pddl,fd-lmcut,timed out,1800.017137862742,,,,,,,,,,,,,,,,,,,,,,,,,,,,,,
elevators-sat11-strips,p04.pddl,abs-asp,timed out,1800.1221552714705,abstract_asp,,0.3893042616546154,0.0036062635481357574,0.2521427795290947,,0.03210053592920303,0.06428464502096176,0.5029195211827755,0.46436211839318275,,0.23800059407949448,0.21325981616973877,,,,,,,2,0,,,24,,25,,4,passenger,
elevators-sat11-strips,p04.pddl,abs-fd,timed out,1800.2531741932034,abstract_fd_search,,0.4375571869313717,0.0036718472838401794,0.2746448293328285,,0.032173316925764084,0.06345012038946152,0.5377640947699547,0.47493499889969826,,0.2404204197227955,,,0.2872151918709278,,,,,2,0,93,0,109,,,94,4,passenger,
elevators-sat11-strips,p04.pddl,fd-lmcut,timed out,1800.130879048258,,,,,,,,,,,,,,,,,,,,,,,,,,,,,,
elevators-sat11-strips,p05.pddl,abs-asp,timed out,1800.127626778558,abstract_asp,,0.39601427875459194,0.003691377118229866,0.23394476249814034,,0.028617091476917267,0.06861404329538345,0.46199635975062847,0.4361724853515625,,0.2052203230559826,0.18894345685839653,,,,,,,2,0,,,25,,26,,3,passenger,
elevators-sat11-strips,p05.pddl,abs-fd,timed out,1800.2138267941773,abstract_fd_search,,0.3935296833515167,0.0037754736840724945,0.25019262731075287,,0.028851870447397232,0.06644908711314201,0.4776253141462803,0.42313382774591446,,0.2065124735236168,,,0.25606653094291687,,,,,2,0,55,0,109,,,56,3,passenger,
elevators-sat11-strips,p05.pddl,fd-lmcut,timed out,1800.1117503698915,,,,,,,,,,,,,,,,,,,,,,,,,,,,,,
elevators-sat11-strips,p06.pddl,abs-asp,timed out,1800.0452702753246,abstract_asp,,0.5422161221504211,0.004371751099824905,0.4933560751378536,,0.05479717627167702,0.1114661656320095,1.074520356953144,0.9168031364679337,,0.5566613972187042,0.5011739879846573,,,,,,,2,0,,,25,,26,,4,passenger,
elevators-sat11-strips,p06.pddl,abs-fd,timed out,1800.4884802773595,abstract_fd_search,,0.5329445786774158,0.004321645945310593,0.4740910343825817,,0.05486563593149185,0.11023308709263802,1.0621860921382904,0.9125065691769123,,0.5573270507156849,,,1.4877339527010918,,,,,2,0,141,0,195,,,142,4,passenger,
elevators-sat11-strips,p06.pddl,fd-lmcut,timed out,1800.109196063131,,,,,,,,,,,,,,,,,,,,,,,,,,,,,,
elevators-sat11-strips,p09.pddl,abs-asp,timed out,1800.1362779382616,abstract_asp,,0.538303017616272,0.008631864562630653,0.5413940753787756,,0.05038927681744099,0.11443164758384228,1.202750138938427,1.1681578755378723,,0.6667870655655861,0.6278232168406248,,,,,,,2,0,,,25,,26,,3,passenger,
elevators-sat11-strips,p09.pddl,abs-fd,interrupted,195.23598954826593,abstract_fd_search,,0.5484107173979282,0.008616909384727478,0.543153665959835,,0.051415812224149704,0.11517534404993057,1.2129286117851734,1.1753972880542278,,0.6659241355955601,,,2.333371374756098,,,,,2,0,0,0,220,,,1,3,passenger,
elevators-sat11-strips,p09.pddl,fd-lmcut,timed out,1800.0248421244323,,,,,,,,,,,,,,,,,,,,,,,,,,,,,,
elevators-sat11-strips,p10.pddl,abs-asp,timed out,1800.0474536567926,abstract_asp,,0.5822758935391903,0.005032356828451157,0.611487440764904,,0.05764775350689888,0.11835050582885742,1.3675332516431808,1.2459676563739777,,0.727466881275177,0.7027753069996834,,,,,,,2,0,,,25,,26,,4,passenger,
elevators-sat11-strips,p10.pddl,abs-fd,interrupted,201.98947334848344,abstract_fd_search,,0.578720785677433,0.005044585093855858,0.5977838020771742,,0.05686313286423683,0.11978907324373722,1.329374423250556,1.2337450962513685,,0.7408779226243496,,,2.4027524702250957,,,,,2,0,0,0,210,,,1,4,passenger,
elevators-sat11-strips,p10.pddl,fd-lmcut,timed out,1800.1095967777073,,,,,,,,,,,,,,,,,,,,,,,,,,,,,,
elevators-sat11-strips,p11.pddl,abs-asp,timed out,1800.144906513393,abstract_asp,,0.580067940056324,0.004692982882261276,1.0385530851781368,,0.06145466864109039,0.12312081083655357,2.2624587900936604,1.3407825008034706,,1.2501924969255924,0.6841979324817657,,,,,,,5,0,,,19,,20,,4,fast-elevator,
elevators-sat11-strips,p11.pddl,abs-fd,interrupted,156.4874807521701,abstract_fd_search,,0.5771114379167557,0.004653751850128174,0.9972828552126884,,0.061904292553663254,0.12255017831921577,2.225956153124571,1.311417631804943,,1.24791494384408,,,2.1507540345191956,,,,,5,0,0,0,228,,,0,4,fast-elevator,
elevators-sat11-strips,p11.pddl,fd-lmcut,timed out,1800.109059754759,,,,,,,,,,,,,,,,,,,,,,,,,,,,,,
elevators-sat11-strips,p12.pddl,abs-asp,timed out,1800.179773464799,abstract_asp,,0.5887942016124725,0.004676256328821182,1.0858914703130722,,0.069009680300951,0.13614511489868164,2.5641436614096165,2.3247931487858295,,1.3772538416087627,1.2268919311463833,,,,,,,2,0,,,23,,24,,5,passenger,
elevators-sat11-strips,p12.pddl,abs-fd,interrupted,167.37112633138895,abstract_fd_search,,0.6197662204504013,0.004888415336608887,1.0991309620440006,,0.06879441067576408,0.13650882244110107,2.5892303101718426,2.263929631561041,,1.3540942445397377,,,9.282095063477755,,,,,2,0,0,0,256,,,0,5,passenger,
elevators-sat11-strips,p12.pddl,fd-lmcut,timed out,1800.1096925884485,,,,,,,,,,,,,,,,,,,,,,,,,,,,,,
elevators-sat11-strips,p13.pddl,abs-asp,timed out,1800.1630405001342,abstract_asp,,0.6074845939874649,0.005023900419473648,1.1477237530052662,,0.07525467872619629,0.14019489660859108,2.7128286100924015,2.3645608723163605,,1.459509540349245,1.2759947031736374,,,,,,,2,0,,,24,,25,,6,passenger,
elevators-sat11-strips,p13.pddl,abs-fd,interrupted,160.23095921985805,abstract_fd_search,,0.5785972289741039,0.004876621067523956,1.104903994128108,,0.07407348416745663,0.135739266872406,2.643064657226205,2.317957041785121,,1.4377402514219284,,,8.060051755979657,,,,,2,0,0,0,258,,,0,6,passenger,
elevators-sat11-strips,p13.pddl,fd-lmcut,timed out,1800.108815278858,,,,,,,,,,,,,,,,,,,,,,,,,,,,,,
elevators-sat11-strips,p14.pddl,abs-asp,timed out,1800.0644797086716,abstract_asp,,0.5827408358454704,0.004918400198221207,1.1833745203912258,,0.06880975514650345,0.14120354875922203,2.817413378506899,2.6256799921393394,,1.5402490012347698,1.4091161228716373,,,,,,,2,0,,,21,,22,,5,passenger,
elevators-sat11-strips,p14.pddl,abs-fd,interrupted,163.73584755137563,abstract_fd_search,,0.57914899289608,0.004976138472557068,1.185933131724596,,0.06903744861483574,0.1438516452908516,2.8181790076196194,2.6452372521162033,,1.5265779606997967,,,10.991643849760294,,,,,2,0,0,0,270,,,0,5,passenger,
elevators-sat11-strips,p14.pddl,fd-lmcut,timed out,1800.1086145192385,,,,,,,,,,,,,,,,,,,,,,,,,,,,,,
elevators-sat11-strips,p15.pddl,abs-asp,timed out,1800.077020522207,abstract_asp,,0.595285976305604,0.005195429548621178,1.3470175340771675,,0.07074830308556557,0.14822011440992355,3.120108850300312,2.8136520739644766,,1.639976317062974,1.517070697620511,,,,,,,2,0,,,24,,25,,5,passenger,
elevators-sat11-strips,p15.pddl,abs-fd,interrupted,158.6202280856669,abstract_fd_search,,0.5782183296978474,0.005194507539272308,1.3209565207362175,,0.07171603664755821,0.1515204720199108,3.083072368055582,2.782122887670994,,1.606823917478323,,,7.954656172543764,,,,,2,0,0,0,273,,,0,5,passenger,
elevators-sat11-strips,p15.pddl,fd-lmcut,timed out,1800.1077718511224,,,,,,,,,,,,,,,,,,,,,,,,,,,,,,
elevators-sat11-strips,p16.pddl,abs-asp,timed out,1800.1502947583795,abstract_asp,,1.2036651633679867,0.005787357687950134,1.2076722420752048,,0.12249910831451416,0.24567874893546104,2.7587069757282734,1.848345834761858,,1.4925222806632519,0.9426304288208485,,,,,,,5,0,,,19,,20,,4,fast-elevator,
elevators-sat11-strips,p16.pddl,abs-fd,interrupted,161.7705573439598,abstract_fd_search,,1.0495758727192879,0.005688827484846115,1.209993865340948,,0.12456721439957619,0.2389560230076313,2.7979195564985275,1.8674520626664162,,1.5004785247147083,,,4.253905139863491,,,,,5,0,0,0,259,,,0,4,fast-elevator,
elevators-sat11-strips,p16.pddl,fd-lmcut,timed out,1800.1098818816245,,,,,,,,,,,,,,,,,,,,,,,,,,,,,,
elevators-sat11-strips,p17.pddl,abs-asp,timed out,1800.1522124111652,abstract_asp,,1.0360812284052372,0.005431715399026871,1.3796773962676525,,0.1232469268143177,0.24044878035783768,3.1876405961811543,2.108410645276308,,1.6942590177059174,1.071033701300621,,,,,,,5,0,,,19,,20,,4,fast-elevator,
elevators-sat11-strips,p17.pddl,abs-fd,interrupted,159.27706832066178,abstract_fd_search,,1.0458176732063293,0.005507629364728928,1.4182079881429672,,0.1226409301161766,0.24278947710990906,3.2062231190502644,2.1078902184963226,,1.676618803292513,,,6.878255721181631,,,,,5,0,0,0,291,,,0,4,fast-elevator,
elevators-sat11-strips,p17.pddl,fd-lmcut,timed out,1800.1099688299,,,,,,,,,,,,,,,,,,,,,,,,,,,,,,
elevators-sat11-strips,p18.pddl,abs-asp,timed out,1800.1595849357545,abstract_asp,,1.0608181059360504,0.006314799189567566,1.5277301147580147,,0.12464819476008415,0.25162307173013687,3.626101829111576,2.371633380651474,,1.894421547651291,1.1833184696733952,,,,,,,5,0,,,19,,20,,4,fast-elevator,
elevators-sat11-strips,p18.pddl,abs-fd,interrupted,159.333666395396,abstract_fd_search,,1.0457468666136265,0.006254289299249649,1.5111333094537258,,0.12482362613081932,0.2506214827299118,3.6230023875832558,2.374338064342737,,1.8884052522480488,,,9.116381719708443,,,,,5,0,0,0,320,,,0,4,fast-elevator,
elevators-sat11-strips,p18.pddl,fd-lmcut,timed out,1800.1090515479445,,,,,,,,,,,,,,,,,,,,,,,,,,,,,,
elevators-sat11-strips,p20.pddl,abs-asp,timed out,1800.1809426881373,abstract_asp,,1.069044278934598,0.006218774244189262,1.8416654840111732,,0.12882399931550026,0.2658872678875923,4.145157057791948,2.902269445359707,,2.2653337866067886,1.451060090214014,,,,,,,5,0,,,20,,21,,4,fast-elevator,
elevators-sat11-strips,p20.pddl,abs-fd,interrupted,169.03293652646244,abstract_fd_search,,1.103376654908061,0.0063530318439006805,1.9285801369696856,,0.12940672226250172,0.2700922042131424,4.325412530452013,3.036388259381056,,2.2924244813621044,,,12.731228813529015,,,,,5,0,0,0,329,,,0,4,fast-elevator,
elevators-sat11-strips,p20.pddl,fd-lmcut,timed out,1800.109640467912,,,,,,,,,,,,,,,,,,,,,,,,,,,,,,
floortile-sat11-strips,seq-p01-001.pddl,abs-asp,timed out,1800.1124593950808,abstract_asp,,0.19410670921206474,0.002524014562368393,0.11461994051933289,,0.011645276099443436,0.03646373376250267,0.18241670727729797,0.14594266936182976,,0.012722361832857132,0.006685387343168259,,,,,,,5,0,,,16,,17,,2,robot,
floortile-sat11-strips,seq-p01-001.pddl,abs-fd,timed out,1800.1152425967157,abstract_fd_search,,0.20429550483822823,0.0025740936398506165,0.11815404519438744,,0.01146535575389862,0.03742692247033119,0.1896573342382908,0.1563093401491642,,0.012944590300321579,,,0.06972208991646767,,,,,5,0,20,0,23,,,21,2,robot,
floortile-sat11-strips,seq-p01-001.pddl,fd-lmcut,success,14.283429689705372,total,11.981183,,,,,,,,,11.97797,,,,,,,,valid,,,,,,35,,,,,
floortile-sat11-strips,seq-p01-002.pddl,abs-asp,timed out,1800.1126913689077,abstract_asp,,0.18517523258924484,0.0025231540203094482,0.11622470617294312,,0.011411279439926147,0.03620168939232826,0.1681460104882717,0.14868585392832756,,0.012993492186069489,0.006719030439853668,,,,,,,5,0,,,16,,17,,2,robot,
floortile-sat11-strips,seq-p01-002.pddl,abs-fd,timed out,1800.1214127130806,abstract_fd_search,,0.18938742950558662,0.002621423453092575,0.11855238676071167,,0.011641763150691986,0.03689999133348465,0.19181044772267342,0.15586362779140472,,0.01304563507437706,,,0.06894787400960922,,,,,5,0,20,0,22,,,21,2,robot,
floortile-sat11-strips,seq-p01-002.pddl,fd-lmcut,success,23.70478316396475,total,21.359989,,,,,,,,,21.356493,,,,,,,,valid,,,,,,36,,,,,
floortile-sat11-strips,seq-p02-003.pddl,abs-asp,timed out,1800.1125811059028,abstract_asp,,0.1952772606164217,0.002724790945649147,0.11967192031443119,,0.011975154280662537,0.09930650889873505,0.17413604632019997,0.1509622260928154,,0.0149151012301445,0.007627088576555252,,,,,,,5,0,,,17,,18,,2,robot,
floortile-sat11-strips,seq-p02-003.pddl,abs-fd,timed out,1800.1190843395889,abstract_fd_search,,0.19464201107621193,0.002697490155696869,0.11487886682152748,,0.011936428025364876,0.10037084482610226,0.1827672179788351,0.14931492134928703,,0.014491815119981766,,,0.06797441281378269,,,,,5,0,24,0,27,,,25,2,robot,
floortile-sat11-strips,seq-p02-003.pddl,fd-lmcut,success,149.6029007025063,total,147.144616,,,,,,,,,147.140413,,,,,,,,valid,,,,,,44,,,,,
floortile-sat11-strips,seq-p02-004.pddl,abs-asp,timed out,1800.112294279039,abstract_asp,,0.19372553378343582,0.0026939213275909424,0.11694132536649704,,0.012010153383016586,0.10041634738445282,0.18617350980639458,0.15109987929463387,,0.01474829763174057,0.007669083774089813,,,,,,,5,0,,,18,,19,,2,robot,
floortile-sat11-strips,seq-p02-004.pddl,abs-fd,timed out,1800.0447035580873,abstract_fd_search,,0.1952810138463974,0.0028046555817127228,0.12140378728508949,,0.012279320508241653,0.10272174701094627,0.19422609359025955,0.15851039439439774,,0.014949295669794083,,,0.07140007615089417,,,,,5,0,34,0,35,,,35,2,robot,
floortile-sat11-strips,seq-p02-004.pddl,fd-lmcut,success,621.4056848809123,total,618.944972,,,,,,,,,618.940421,,,,,,,,valid,,,,,,48,,,,,
floortile-sat11-strips,seq-p03-005.pddl,abs-asp,timed out,1800.113687288016,abstract_asp,,0.21866722404956818,0.002791542559862137,0.1244225762784481,,0.013034071773290634,0.11038610711693764,0.19311342015862465,0.16247351840138435,,0.01550329476594925,0.00827828049659729,,,,,,,5,0,,,17,,18,,2,robot,
floortile-sat11-strips,seq-p03-005.pddl,abs-fd,timed out,1800.125103790313,abstract_fd_search,,0.2094874083995819,0.002718918025493622,0.12287236005067825,,0.013031400740146637,0.11773881688714027,0.1989365629851818,0.15926804766058922,,0.015751518309116364,,,0.0714411772787571,,,,,5,0,25,0,29,,,26,2,robot,
floortile-sat11-strips,seq-p03-005.pddl,fd-lmcut,success,388.6035095155239,total,386.682838,,,,,,,,,386.677786,,,,,,,,valid,,,,,,45,,,,,
floortile-sat11-strips,seq-p03-006.pddl,abs-asp,timed out,1800.1108844652772,abstract_asp,,0.197593841701746,0.0027404874563217163,0.11975114420056343,,0.013143748044967651,0.10378358885645866,0.18893951177597046,0.15243281424045563,,0.016149483621120453,0.008127298206090927,,,,,,,5,0,,,18,,19,,2,robot,
floortile-sat11-strips,seq-p03-006.pddl,abs-fd,timed out,1800.1213057041168,abstract_fd_search,,0.19663403928279877,0.0026795007288455963,0.1177341639995575,,0.013049285858869553,0.10286988317966461,0.1871749609708786,0.15095185488462448,,0.01576807349920273,,,0.06719988211989403,,,,,5,0,34,0,38,,,35,2,robot,
floortile-sat11-strips,seq-p03-006.pddl,fd-lmcut,success,400.34777871891856,total,398.225009,,,,,,,,,398.220404,,,,,,,,valid,,,,,,46,,,,,
floortile-sat11-strips,seq-p04-007.pddl,abs-asp,timed out,1800.0145383775234,abstract_asp,,0.2535836398601532,0.003446478396654129,0.1088092140853405,,0.015061832964420319,0.07161625474691391,0.1677854359149933,0.1532415896654129,,0.017229657620191574,0.009336050599813461,,,,,,,5,0,,,18,,19,,2,robot,
floortile-sat11-strips,seq-p04-007.pddl,abs-fd,timed out,1800.0434880182147,abstract_fd_search,,0.2685292363166809,0.003703080117702484,0.12668534368276596,,0.015380412340164185,0.07475567981600761,0.20289884880185127,0.16342250257730484,,0.019036930054426193,,,0.0726960077881813,,,,,5,0,37,0,42,,,38,2,robot,
floortile-sat11-strips,seq-p04-007.pddl,fd-lmcut,timed out,1800.112015772611,,,,,,,,,,,,,,,,,,,,,,,,,,,,,,
floortile-sat11-strips,seq-p04-008.pddl,abs-asp,timed out,1800.1156690232456,abstract_asp,,0.26821591332554817,0.0035055875778198242,0.12889408692717552,,0.015079636126756668,0.07342468574643135,0.2062557227909565,0.16420548036694527,,0.018685534596443176,0.009548049420118332,,,,,,,5,0,,,18,,19,,2,robot,
floortile-sat11-strips,seq-p04-008.pddl,abs-fd,timed out,1800.1298402510583,abstract_fd_search,,0.26222341880202293,0.0036419741809368134,0.12902599200606346,,0.015083510428667068,0.07101216167211533,0.2038366198539734,0.16332658752799034,,0.01858467608690262,,,0.07266860827803612,,,,,5,0,32,0,40,,,33,2,robot,
floortile-sat11-strips,seq-p04-008.pddl,fd-lmcut,timed out,1800.1121374592185,,,,,,,,,,,,,,,,,,,,,,,,,,,,,,
floortile-sat11-strips,seq-p05-009.pddl,abs-asp,timed out,1800.113032836467,abstract_asp,,0.2681377939879894,0.003082621842622757,0.11776335909962654,,0.01647527515888214,0.09580863639712334,0.18982084095478058,0.15869282186031342,,0.02036350592970848,0.010689031332731247,,,,,,,5,0,,,17,,18,,2,robot,
floortile-sat11-strips,seq-p05-009.pddl,abs-fd,interrupted,530.5932105518878,concrete_asp,,0.2756279893219471,0.00315234437584877,0.10992326959967613,,0.01674768328666687,0.10142775997519493,0.1747763752937317,0.16304035112261772,,0.01958189532160759,,,,,,,,5,0,,,,,,,2,robot,
floortile-sat11-strips,seq-p05-009.pddl,fd-lmcut,timed out,1800.1094535328448,,,,,,,,,,,,,,,,,,,,,,,,,,,,,,
floortile-sat11-strips,seq-p05-010.pddl,abs-asp,timed out,1800.1126299984753,abstract_asp,,0.2714865244925022,0.0031252913177013397,0.12308196350932121,,0.016355060040950775,0.09501451253890991,0.19880619272589684,0.15731613337993622,,0.02092277631163597,0.010688252747058868,,,,,,,5,0,,,18,,19,,2,robot,
floortile-sat11-strips,seq-p05-010.pddl,abs-fd,timed out,1800.128492899239,abstract_fd_search,,0.29243167117238045,0.0033518336713314056,0.1241561695933342,,0.016481861472129822,0.09584130346775055,0.2007296457886696,0.15798289701342583,,0.021113082766532898,,,0.07219458371400833,,,,,5,0,46,0,49,,,47,2,robot,
floortile-sat11-strips,seq-p05-010.pddl,fd-lmcut,timed out,1800.1103459708393,,,,,,,,,,,,,,,,,,,,,,,,,,,,,,
floortile-sat11-strips,seq-p06-011.pddl,abs-asp,timed out,1800.1150662526488,abstract_asp,,0.2835650034248829,0.0032484978437423706,0.13230086490511894,,0.01760796085000038,0.11392256617546082,0.21436839178204536,0.168550256639719,,0.022370032966136932,0.01121702790260315,,,,,,,5,0,,,19,,20,,2,robot,
floortile-sat11-strips,seq-p06-011.pddl,abs-fd,timed out,1800.1453859619796,abstract_fd_search,,0.27249766513705254,0.0031918957829475403,0.1108906902372837,,0.01742059737443924,0.1130053773522377,0.18485144525766373,0.1667410023510456,,0.02052897959947586,,,0.07484031841158867,,,,,5,0,51,0,53,,,52,2,robot,
floortile-sat11-strips,seq-p06-011.pddl,fd-lmcut,timed out,1800.0135094821453,,,,,,,,,,,,,,,,,,,,,,,,,,,,,,
floortile-sat11-strips,seq-p06-012.pddl,abs-asp,timed out,1800.0777587480843,abstract_asp,,0.2733202092349529,0.003155149519443512,0.1259288638830185,,0.017465606331825256,0.10677716135978699,0.20286066457629204,0.15923166275024414,,0.022104986011981964,0.011154931038618088,,,,,,,5,0,,,19,,20,,2,robot,
floortile-sat11-strips,seq-p06-012.pddl,abs-fd,interrupted,513.4961326792836,concrete_asp,,0.2943621538579464,0.003176208585500717,0.12949834764003754,,0.017417091876268387,0.10889951884746552,0.20898981764912605,0.16705111786723137,,0.02232024446129799,,,,,,,,5,0,,,,,,,2,robot,
floortile-sat11-strips,seq-p06-012.pddl,fd-lmcut,timed out,1800.1089743338525,,,,,,,,,,,,,,,,,,,,,,,,,,,,,,
floortile-sat11-strips,seq-p07-013.pddl,abs-asp,timed out,1800.1098715923727,abstract_asp,,0.316033486276865,0.0035689398646354675,0.13935237377882004,,0.02204761654138565,0.13568085059523582,0.23290913179516792,0.17151938378810883,,0.03485114499926567,0.012851875275373459,,,,,,,5,0,,,18,,19,,3,robot,
floortile-sat11-strips,seq-p07-013.pddl,abs-fd,timed out,1800.1468684151769,abstract_fd_search,,0.28340237960219383,0.003382936120033264,0.11833623051643372,,0.021678950637578964,0.13450121879577637,0.20214874669909477,0.16453047841787338,,0.033579763025045395,,,0.07398553192615509,,,,,5,0,55,0,57,,,56,3,robot,
floortile-sat11-strips,seq-p07-013.pddl,fd-lmcut,timed out,1800.0184868313372,,,,,,,,,,,,,,,,,,,,,,,,,,,,,,
floortile-sat11-strips,seq-p07-014.pddl,abs-asp,timed out,1800.1152551546693,abstract_asp,,0.2999609224498272,0.0035304203629493713,0.12332182377576828,,0.02214590460062027,0.14087020233273506,0.2124318815767765,0.17241064831614494,,0.033582642674446106,0.012965962290763855,,,,,,,5,0,,,19,,20,,3,robot,
floortile-sat11-strips,seq-p07-014.pddl,abs-fd,interrupted,587.9175069592893,concrete_asp,,0.30394357815384865,0.0035372599959373474,0.12187670916318893,,0.022163212299346924,0.13895875215530396,0.2246253378689289,0.17175058647990227,,0.03376711159944534,,,,,,,,5,0,,,,,,,3,robot,
floortile-sat11-strips,seq-p07-014.pddl,fd-lmcut,timed out,1800.0150055028498,,,,,,,,,,,,,,,,,,,,,,,,,,,,,,
floortile-sat11-strips,seq-p08-015.pddl,abs-asp,timed out,1800.1144815888256,abstract_asp,,0.2992900162935257,0.003975503146648407,0.12522265873849392,,0.025674214586615562,0.19141630828380585,0.21183316595852375,0.16679204255342484,,0.039865972474217415,0.015047907829284668,,,,,,,5,0,,,20,,21,,3,robot,
floortile-sat11-strips,seq-p08-015.pddl,abs-fd,timed out,1800.0577978901565,abstract_fd_search,,0.30564623326063156,0.003995848819613457,0.1326534878462553,,0.025600306689739227,0.18967636302113533,0.2222028747200966,0.16799667105078697,,0.04057618975639343,,,0.3460606336593628,,,,,5,0,77,0,79,,,78,3,robot,
floortile-sat11-strips,seq-p08-015.pddl,fd-lmcut,timed out,1800.1118452176452,,,,,,,,,,,,,,,,,,,,,,,,,,,,,,
floortile-sat11-strips,seq-p08-016.pddl,abs-asp,timed out,1800.116915050894,abstract_asp,,0.3171990066766739,0.0039711520075798035,0.1504775881767273,,0.025284089148044586,0.19060277566313744,0.24830852448940277,0.1778303161263466,,0.04121221974492073,0.015147268772125244,,,,,,,5,0,,,19,,20,,3,robot,
floortile-sat11-strips,seq-p08-016.pddl,abs-fd,timed out,1800.1567658372223,abstract_fd_search,,0.3141617216169834,0.004056327044963837,0.14871304482221603,,0.025860242545604706,0.19880860298871994,0.24687116593122482,0.17674477770924568,,0.04155786335468292,,,0.08438611030578613,,,,,5,0,83,0,85,,,84,3,robot,
floortile-sat11-strips,seq-p08-016.pddl,fd-lmcut,timed out,1800.1122537441552,,,,,,,,,,,,,,,,,,,,,,,,,,,,,,
floortile-sat11-strips,seq-p09-017.pddl,abs-asp,timed out,1800.115019991994,abstract_asp,,0.3242122121155262,0.004013199359178543,0.1316680908203125,,0.028081435710191727,0.25157324224710464,0.24886293709278107,0.18603743985295296,,0.04715697839856148,0.01702529564499855,,,,,,,5,0,,,21,,22,,3,robot,
floortile-sat11-strips,seq-p09-017.pddl,abs-fd,timed out,1800.1496039293706,abstract_fd_search,,0.33325638994574547,0.003964122384786606,0.1599983163177967,,0.028465796262025833,0.2438862845301628,0.2660464085638523,0.18390610441565514,,0.047763753682374954,,,0.08770262449979782,,,,,5,0,89,0,91,,,90,3,robot,
floortile-sat11-strips,seq-p09-017.pddl,fd-lmcut,timed out,1800.04819701612,,,,,,,,,,,,,,,,,,,,,,,,,,,,,,
floortile-sat11-strips,seq-p09-018.pddl,abs-asp,timed out,1800.0551762189716,abstract_asp,,0.3295320924371481,0.003964386880397797,0.15384416095912457,,0.028107784688472748,0.24048838950693607,0.26047172024846077,0.1795897651463747,,0.047742027789354324,0.017433252185583115,,,,,,,5,0,,,19,,20,,3,robot,
floortile-sat11-strips,seq-p09-018.pddl,abs-fd,timed out,1800.1136098094285,abstract_fd_search,,0.33744761161506176,0.003999840468168259,0.13640177436172962,,0.028502609580755234,0.24514547362923622,0.23720338940620422,0.18072286061942577,,0.045951733365654945,,,0.08486237190663815,,,,,5,0,85,0,87,,,86,3,robot,
floortile-sat11-strips,seq-p09-018.pddl,fd-lmcut,timed out,1800.1092827245593,,,,,,,,,,,,,,,,,,,,,,,,,,,,,,
floortile-sat11-strips,seq-p10-019.pddl,abs-asp,timed out,1800.1139460206032,abstract_asp,,0.34722620621323586,0.00434083491563797,0.1587875336408615,,0.032272469252347946,0.33754027634859085,0.2671639770269394,0.17981207743287086,,0.05475855618715286,0.019149936735630035,,,,,,,5,0,,,22,,23,,3,robot,
floortile-sat11-strips,seq-p10-019.pddl,abs-fd,timed out,1800.0810070093721,abstract_fd_search,,0.35831407457590103,0.004341481253504753,0.16661330126225948,,0.0322596151381731,0.32047502510249615,0.2790508884936571,0.1899439711123705,,0.056607721373438835,,,0.09123319946229458,,,,,5,0,89,0,89,,,90,3,robot,
floortile-sat11-strips,seq-p10-019.pddl,fd-lmcut,timed out,1800.1117475293577,,,,,,,,,,,,,,,,,,,,,,,,,,,,,,
floortile-sat11-strips,seq-p10-020.pddl,abs-asp,timed out,1800.1151585914195,abstract_asp,,0.3468683138489723,0.004338890314102173,0.15607107058167458,,0.03317149356007576,0.3235064446926117,0.26407141610980034,0.17778627201914787,,0.05471237003803253,0.0192963145673275,,,,,,,5,0,,,20,,21,,3,robot,
floortile-sat11-strips,seq-p10-020.pddl,abs-fd,timed out,1800.1655808240175,abstract_fd_search,,0.3627735935151577,0.004426728934049606,0.14336907118558884,,0.032268695533275604,0.3303530775010586,0.25027037784457207,0.18405942618846893,,0.05356251448392868,,,0.09131664037704468,,,,,5,0,119,0,121,,,120,3,robot,
floortile-sat11-strips,seq-p10-020.pddl,fd-lmcut,timed out,1800.1100488454103,,,,,,,,,,,,,,,,,,,,,,,,,,,,,,
gripper,prob01.pddl,abs-asp,success,3.1115675270557404,total,0.848555,0.125446,0.001517,0.11073,,0.004606,0.009639,0.175835,0.146009,,0.005875,0.003384,0.016016,,0.21648,,,valid,2,0,3,4,3,11,4,8,4,object,
gripper,prob01.pddl,abs-fd,success,2.988801833242178,total,0.8929,0.127061,0.001471,0.105674,,0.004536,0.00969,0.172547,0.146375,,0.005959,,,0.066585,0.224627,,,valid,2,0,3,4,3,11,,8,4,object,
gripper,prob01.pddl,fd-lmcut,success,1.833972331136465,total,0.159664,,,,,,,,,0.156102,,,,,,,,valid,,,,,,11,,,,,
gripper,prob02.pddl,abs-asp,success,8.85269058868289,total,6.884477,0.128443,0.001571,0.099697,,0.005572,0.009512,0.161433,0.132935,,0.006713,0.00315,0.014681,,6.288088,,,valid,2,0,3,10,3,17,4,14,6,object,
gripper,prob02.pddl,abs-fd,success,8.777834713459015,total,7.213184,0.120276,0.001562,0.085539,,0.005551,0.009682,0.1465,0.141665,,0.005032,,,0.066243,6.598802,,,valid,2,0,3,10,3,17,,14,6,object,
gripper,prob02.pddl,fd-lmcut,success,2.279233582317829,total,0.195891,,,,,,,,,0.192367,,,,,,,,valid,,,,,,17,,,,,
gripper,prob03.pddl,abs-asp,success,563.1623091883957,total,561.278649,0.12685,0.001753,0.0924,,0.007159,0.026951,0.15968,0.142505,,0.006394,0.003387,0.016025,,560.645881,,,valid,2,0,3,16,3,23,4,20,8,object,
gripper,prob03.pddl,abs-fd,success,500.9883859157562,total,499.545314,0.131171,0.001644,0.098655,,0.006853,0.009222,0.142191,0.133566,,0.006965,,,0.062176,498.908775,,,valid,2,0,3,16,3,23,,20,8,object,
gripper,prob03.pddl,fd-lmcut,success,2.478156916797161,total,0.358423,,,,,,,,,0.354838,,,,,,,,valid,,,,,,23,,,,,
gripper,prob04.pddl,abs-asp,timed out,1800.1138133220375,abstract_solving,,0.13501301035284996,0.0017946511507034302,0.10491502657532692,,0.008401162922382355,0.009350672364234924,0.1776525117456913,0.1414920762181282,,0.006966192275285721,0.0031001605093479156,0.01587468758225441,,,,,,2,0,3,18,3,,4,22,10,object,
gripper,prob04.pddl,abs-fd,timed out,1800.0331530869007,abstract_fd_search,,0.1336030215024948,0.0018227770924568176,0.10833260789513588,,0.008418675512075424,0.009477384388446808,0.1785040870308876,0.14266930520534515,,0.007968425750732422,,,0.06696430966258049,,,,,2,0,3,18,3,,,22,10,object,
gripper,prob04.pddl,fd-lmcut,success,3.328167747706175,total,1.498803,,,,,,,,,1.495181,,,,,,,,valid,,,,,,29,,,,,
gripper,prob05.pddl,abs-asp,timed out,1800.1126589626074,abstract_solving,,0.1336054690182209,0.0018918812274932861,0.10462985560297966,,0.00989721342921257,0.009385131299495697,0.1714172698557377,0.13533815741539001,,0.00864635780453682,0.0032567232847213745,0.015448857098817825,,,,,,2,0,3,18,3,,4,22,12,object,
gripper,prob05.pddl,abs-fd,timed out,1800.115867625922,abstract_fd_search,,0.1314026042819023,0.0022525936365127563,0.09644544869661331,,0.010099425911903381,0.00943334773182869,0.16210773214697838,0.14066212251782417,,0.007742695510387421,,,0.06692004576325417,,,,,2,0,3,18,3,,,22,12,object,
gripper,prob05.pddl,fd-lmcut,success,11.399051830172539,total,9.286377,,,,,,,,,9.282932,,,,,,,,valid,,,,,,35,,,,,
gripper,prob06.pddl,abs-asp,timed out,1800.1112310402095,abstract_solving,,0.13581453636288643,0.001904372125864029,0.10407320410013199,,0.01163017749786377,0.009213723242282867,0.17089903354644775,0.13446509465575218,,0.009323962032794952,0.0031983889639377594,0.015117958188056946,,,,,,2,0,3,18,3,,4,22,14,object,
gripper,prob06.pddl,abs-fd,timed out,1800.1126040965319,abstract_fd_search,,0.1299729086458683,0.0019363686442375183,0.0856892354786396,,0.011585477739572525,0.009193763136863708,0.14557961374521255,0.134198397397995,,0.008277665823698044,,,0.06225992366671562,,,,,2,0,3,19,3,,,23,14,object,
gripper,prob06.pddl,fd-lmcut,success,63.01825309544802,total,61.016239,,,,,,,,,61.012251,,,,,,,,valid,,,,,,41,,,,,
gripper,prob07.pddl,abs-asp,timed out,1800.113184761256,abstract_solving,,0.1329729650169611,0.002060171216726303,0.10282650403678417,,0.013685878366231918,0.009244237095117569,0.14642619900405407,0.13382789120078087,,0.009733175858855247,0.0031832661479711533,0.014425573870539665,,,,,,2,0,3,18,3,,4,22,16,object,
gripper,prob07.pddl,abs-fd,timed out,1800.1134153269231,abstract_fd_search,,0.13787637278437614,0.0020383186638355255,0.1041901744902134,,0.013667941093444824,0.009168367832899094,0.1553771160542965,0.13471730798482895,,0.010088048875331879,,,0.06252092495560646,,,,,2,0,3,19,3,,,23,16,object,
gripper,prob07.pddl,fd-lmcut,success,365.11906221695244,total,363.343349,,,,,,,,,363.339619,,,,,,,,valid,,,,,,47,,,,,
gripper,prob08.pddl,abs-asp,timed out,1800.1105166915804,abstract_solving,,0.13795757666230202,0.0020920280367136,0.0895948801189661,,0.01573128253221512,0.009098241105675697,0.1482309140264988,0.13420311361551285,,0.009233146905899048,0.0031584929674863815,0.014412719756364822,,,,,,2,0,3,18,3,,4,22,18,object,
gripper,prob08.pddl,abs-fd,timed out,1800.11210680753,abstract_fd_search,,0.1419606413692236,0.002099776640534401,0.11093310080468655,,0.015791652724146843,0.008965443819761276,0.17635761573910713,0.13425049372017384,,0.0106427650898695,,,0.06316689774394035,,,,,2,0,3,19,3,,,23,18,object,
gripper,prob08.pddl,fd-lmcut,timed out,1800.1098943985999,,,,,,,,,,,,,,,,,,,,,,,,,,,,,,
gripper,prob09.pddl,abs-asp,timed out,1800.1125185973942,abstract_solving,,0.14022688940167427,0.002296239137649536,0.09542499482631683,,0.0190732404589653,0.00910387933254242,0.15697801113128662,0.1398620568215847,,0.009915560483932495,0.0032954514026641846,0.016667168587446213,,,,,,2,0,3,18,3,,4,22,20,object,
gripper,prob09.pddl,abs-fd,timed out,1800.1160605996847,abstract_fd_search,,0.14012755453586578,0.002280149608850479,0.09817587956786156,,0.019250039011240005,0.00899013876914978,0.15932466462254524,0.1443997025489807,,0.009859282523393631,,,0.07051851600408554,,,,,2,0,3,17,3,,,21,20,object,
gripper,prob09.pddl,fd-lmcut,timed out,1800.1096053645015,,,,,,,,,,,,,,,,,,,,,,,,,,,,,,
gripper,prob10.pddl,abs-asp,timed out,1800.111539669335,abstract_solving,,0.14756834134459496,0.0022757165133953094,0.11367103084921837,,0.02065631002187729,0.008948363363742828,0.17940447479486465,0.13508078828454018,,0.012338805943727493,0.003259655088186264,0.014993134886026382,,,,,,2,0,3,18,3,,4,22,22,object,
gripper,prob10.pddl,abs-fd,timed out,1800.1119474824518,abstract_fd_search,,0.1634335909038782,0.0026973187923431396,0.11242603696882725,,0.021150941029191017,0.00904068723320961,0.17774733901023865,0.13500157929956913,,0.01229163445532322,,,0.06361832842230797,,,,,2,0,3,18,3,,,22,22,object,
gripper,prob10.pddl,fd-lmcut,timed out,1800.10743855685,,,,,,,,,,,,,,,,,,,,,,,,,,,,,,
gripper,prob11.pddl,abs-asp,timed out,1800.1097057685256,abstract_solving,,0.1518084667623043,0.0028572753071784973,0.1141393855214119,,0.02353433519601822,0.008812252432107925,0.18006406724452972,0.13427678868174553,,0.013021230697631836,0.0032051727175712585,0.015403855592012405,,,,,,2,0,3,19,3,,4,23,24,object,
gripper,prob11.pddl,abs-fd,timed out,1800.112485513091,abstract_fd_search,,0.1453436128795147,0.0028277337551116943,0.11382798664271832,,0.02370709925889969,0.008882146328687668,0.15410490706562996,0.13402246311306953,,0.01115129329264164,,,0.06326710246503353,,,,,2,0,3,19,3,,,23,24,object,
gripper,prob11.pddl,fd-lmcut,timed out,1800.1329132206738,,,,,,,,,,,,,,,,,,,,,,,,,,,,,,
gripper,prob12.pddl,abs-asp,timed out,1800.1109966300428,abstract_solving,,0.15327159315347672,0.006146974861621857,0.11352035030722618,,0.026183292269706726,0.008890535682439804,0.18065834417939186,0.13419738039374352,,0.013553496450185776,0.0032217390835285187,0.015219803899526596,,,,,,2,0,3,18,3,,4,22,26,object,
gripper,prob12.pddl,abs-fd,timed out,1800.1133846640587,abstract_fd_search,,0.14935755729675293,0.006090287119150162,0.10791182890534401,,0.026244089007377625,0.008907131850719452,0.17195086926221848,0.13469351828098297,,0.011908747255802155,,,0.06263796612620354,,,,,2,0,3,18,3,,,22,26,object,
gripper,prob12.pddl,fd-lmcut,timed out,1800.109374575317,,,,,,,,,,,,,,,,,,,,,,,,,,,,,,
gripper,prob13.pddl,abs-asp,timed out,1800.1154698263854,abstract_solving,,0.1616016086190939,0.0033016223460435867,0.12207104079425335,,0.029467500746250153,0.009059075266122818,0.19176678732037544,0.14179269038140774,,0.014387555420398712,0.0034134816378355026,0.01649809069931507,,,,,,2,0,3,18,3,,4,22,28,object,
gripper,prob13.pddl,abs-fd,timed out,1800.0358612947166,abstract_fd_search,,0.15439969673752785,0.003136970102787018,0.10216274857521057,,0.030430354177951813,0.00886494293808937,0.1652422770857811,0.1562102884054184,,0.01261894777417183,,,0.06669127568602562,,,,,2,0,3,18,3,,,22,28,object,
gripper,prob13.pddl,fd-lmcut,timed out,1800.0501680150628,,,,,,,,,,,,,,,,,,,,,,,,,,,,,,
gripper,prob14.pddl,abs-asp,timed out,1800.1135751344264,abstract_solving,,0.16179483756422997,0.0030961930751800537,0.11787503585219383,,0.03236207365989685,0.00889037549495697,0.1847924254834652,0.136320061981678,,0.015086699277162552,0.0032243840396404266,0.015645913779735565,,,,,,2,0,3,18,3,,4,22,30,object,
gripper,prob14.pddl,abs-fd,timed out,1800.1144779622555,abstract_fd_search,,0.16630684584379196,0.003317520022392273,0.12272749096155167,,0.032658837735652924,0.009039025753736496,0.19354336336255074,0.14233620464801788,,0.0150318443775177,,,0.068126130849123,,,,,2,0,3,18,3,,,22,30,object,
gripper,prob14.pddl,fd-lmcut,timed out,1800.1095498073846,,,,,,,,,,,,,,,,,,,,,,,,,,,,,,
gripper,prob15.pddl,abs-asp,timed out,1800.1139549389482,abstract_solving,,0.16578837484121323,0.002752140164375305,0.1205383762717247,,0.03607887774705887,0.009365838021039963,0.18436244875192642,0.13385343551635742,,0.015730690211057663,0.003232184797525406,0.014996569603681564,,,,,,2,0,3,18,3,,4,22,32,object,
gripper,prob15.pddl,abs-fd,timed out,1800.115957820788,abstract_fd_search,,0.16888564452528954,0.002704935148358345,0.12651048973202705,,0.03631356731057167,0.009446952491998672,0.19648087210953236,0.1426249761134386,,0.0158058051019907,,,0.06676115654408932,,,,,2,0,3,18,3,,,22,32,object,
gripper,prob15.pddl,fd-lmcut,timed out,1800.0984861552715,,,,,,,,,,,,,,,,,,,,,,,,,,,,,,
gripper,prob16.pddl,abs-asp,timed out,1800.1133833117783,abstract_solving,,0.15977445989847183,0.0028046034276485443,0.10162697732448578,,0.03920820727944374,0.009435433894395828,0.1607932299375534,0.13422712683677673,,0.014581937342882156,0.003210976719856262,0.014863602817058563,,,,,,2,0,3,18,3,,4,22,34,object,
gripper,prob16.pddl,abs-fd,timed out,1800.1108493320644,abstract_fd_search,,0.16707256063818932,0.002860449254512787,0.12159475684165955,,0.03939289227128029,0.009439244866371155,0.18791155144572258,0.1354443058371544,,0.016543682664632797,,,0.06299745664000511,,,,,2,0,3,18,3,,,22,34,object,
gripper,prob16.pddl,fd-lmcut,timed out,1800.1097281128168,,,,,,,,,,,,,,,,,,,,,,,,,,,,,,
gripper,prob17.pddl,abs-asp,timed out,1800.114043083042,abstract_solving,,0.166329525411129,0.003291577100753784,0.11002782359719276,,0.043393492698669434,0.009532537311315536,0.16988730058073997,0.13296355307102203,,0.01564933732151985,0.003148142248392105,0.01471029594540596,,,,,,2,0,3,18,3,,4,22,36,object,
gripper,prob17.pddl,abs-fd,timed out,1800.1130011044443,abstract_fd_search,,0.17041967436671257,0.0030300039798021317,0.12277793139219284,,0.04289419949054718,0.00934641994535923,0.18944141454994678,0.13436053320765495,,0.017152167856693268,,,0.0632122028619051,,,,,2,0,3,17,3,,,21,36,object,
gripper,prob17.pddl,fd-lmcut,timed out,1800.111942421645,,,,,,,,,,,,,,,,,,,,,,,,,,,,,,
gripper,prob18.pddl,abs-asp,timed out,1800.114447530359,abstract_solving,,0.17240231111645699,0.0029581859707832336,0.12493569403886795,,0.04756300151348114,0.009345036000013351,0.18969262391328812,0.13546166941523552,,0.017616793513298035,0.003317061811685562,0.015069887042045593,,,,,,2,0,3,18,3,,4,22,38,object,
gripper,prob18.pddl,abs-fd,timed out,1800.0410838462412,abstract_fd_search,,0.17474133893847466,0.003002714365720749,0.13997258991003036,,0.04705047234892845,0.009394288063049316,0.17190701141953468,0.14198799803853035,,0.018679093569517136,,,0.06681590527296066,,,,,2,0,3,17,3,,,21,38,object,
gripper,prob18.pddl,fd-lmcut,timed out,1800.10675964877,,,,,,,,,,,,,,,,,,,,,,,,,,,,,,
gripper,prob19.pddl,abs-asp,timed out,1800.0227598771453,abstract_solving,,0.1791449747979641,0.0031056255102157593,0.13010235130786896,,0.051637131720781326,0.009550884366035461,0.1983896605670452,0.14028437063097954,,0.018316268920898438,0.003304898738861084,0.016603998839855194,,,,,,2,0,3,17,3,,4,21,40,object,
gripper,prob19.pddl,abs-fd,timed out,1800.114501863718,abstract_fd_search,,0.1725764386355877,0.0031050629913806915,0.11096873506903648,,0.05103413760662079,0.009434957057237625,0.17222288250923157,0.14035744965076447,,0.016599375754594803,,,0.06575636193156242,,,,,2,0,3,17,3,,,21,40,object,
gripper,prob19.pddl,fd-lmcut,timed out,1800.1111987568438,,,,,,,,,,,,,,,,,,,,,,,,,,,,,,
gripper,prob20.pddl,abs-asp,timed out,1800.1006480380893,abstract_solving,,0.169389009475708,0.0031773336231708527,0.12628738209605217,,0.05499115586280823,0.009273063391447067,0.1658559963107109,0.13312266021966934,,0.018961619585752487,0.003260929137468338,0.014727268368005753,,,,,,2,0,3,18,3,,4,22,42,object,
gripper,prob20.pddl,abs-fd,timed out,1800.1136208102107,abstract_fd_search,,0.17610293999314308,0.0031488649547100067,0.12802520766854286,,0.05492304265499115,0.009272869676351547,0.1893022283911705,0.13318631052970886,,0.018699035048484802,,,0.06246727332472801,,,,,2,0,3,18,3,,,22,42,object,
gripper,prob20.pddl,fd-lmcut,timed out,1800.1096661314368,,,,,,,,,,,,,,,,,,,,,,,,,,,,,,
hiking-sat14-strips,ptesting-1-2-7.pddl,abs-asp,timed out,1800.1336456872523,abstract_solving,,0.16879255697131157,0.012517578899860382,0.12766395136713982,,0.016018018126487732,0.019589342176914215,0.22271087020635605,0.19615979120135307,,0.04418381676077843,0.023469071835279465,0.6267244517803192,,,,,,4,0,26,0,29,,30,27,2,car,
hiking-sat14-strips,ptesting-1-2-7.pddl,abs-fd,timed out,1800.1406389065087,abstract_fd_search,,0.1606622450053692,0.012019824236631393,0.1274818666279316,,0.015873659402132034,0.019986923784017563,0.21948841214179993,0.18407725915312767,,0.04379101097583771,,,0.07885421812534332,,,,,4,0,26,0,29,,,27,2,car,
hiking-sat14-strips,ptesting-1-2-7.pddl,fd-lmcut,success,11.303358249366283,total,9.172059,,,,,,,,,9.168673,,,,,,,,valid,,,,,,38,,,,,
hiking-sat14-strips,ptesting-1-2-8.pddl,abs-asp,timed out,1800.135104097426,abstract_solving,,0.188621886074543,0.011484678834676743,0.15164178237318993,,0.017634853720664978,0.019843410700559616,0.259729839861393,0.19019164517521858,,0.05810926854610443,0.029979124665260315,0.9042220003902912,,,,,,4,0,31,0,34,,35,32,2,car,
hiking-sat14-strips,ptesting-1-2-8.pddl,abs-fd,timed out,1800.1448657996953,abstract_fd_search,,0.18713679537177086,0.011601950973272324,0.15655594319105148,,0.017591487616300583,0.019958097487688065,0.2689008079469204,0.19765132293105125,,0.05870089307427406,,,0.08621801435947418,,,,,4,0,31,0,34,,,32,2,car,
hiking-sat14-strips,ptesting-1-2-8.pddl,fd-lmcut,success,28.8538839481771,total,26.70022,,,,,,,,,26.696768,,,,,,,,valid,,,,,,45,,,,,
hiking-sat14-strips,ptesting-2-2-6.pddl,abs-asp,success,789.4942893199623,total,787.606338,0.163705,0.013804,0.247277,,0.021505,0.028585,0.479692,0.346025,,0.207692,0.101033,776.155227,,9.63651,,,valid,4,0,0,0,30,33,31,1,2,car,
hiking-sat14-strips,ptesting-2-2-6.pddl,abs-fd,timed out,1800.070096153766,abstract_fd_search,,0.167677141726017,0.013703331351280212,0.2586079016327858,,0.02142103761434555,0.02840384840965271,0.4932643882930279,0.34666797891259193,,0.20528822392225266,,,0.13410376757383347,,,,,4,0,0,0,38,,,1,2,car,
hiking-sat14-strips,ptesting-2-2-6.pddl,fd-lmcut,timed out,1800.109178474173,,,,,,,,,,,,,,,,,,,,,,,,,,,,,,
hiking-sat14-strips,ptesting-2-2-7.pddl,abs-asp,timed out,1800.1436022836715,abstract_asp,,0.1695100273936987,0.014390381053090096,0.3117367271333933,,0.02336990274488926,0.029291363433003426,0.6233449205756187,0.4135358314961195,,0.28174443170428276,0.14015949703752995,,,,,,,4,0,,,32,,33,,2,car,
hiking-sat14-strips,ptesting-2-2-7.pddl,abs-fd,timed out,1800.1722376104444,abstract_fd_search,,0.1615479253232479,0.014401121065020561,0.31148895621299744,,0.023325366899371147,0.029148802161216736,0.638229213654995,0.4031228981912136,,0.28383389487862587,,,0.1389219518750906,,,,,4,0,0,0,38,,,1,2,car,
hiking-sat14-strips,ptesting-2-2-7.pddl,fd-lmcut,timed out,1800.0806774124503,,,,,,,,,,,,,,,,,,,,,,,,,,,,,,
hiking-sat14-strips,ptesting-2-2-8.pddl,abs-asp,timed out,1800.0575652867556,abstract_asp,,0.16732760146260262,0.014906831085681915,0.3919844403862953,,0.025813527405261993,0.030381541699171066,0.7773931846022606,0.4736691564321518,,0.37703675404191017,0.18918484821915627,,,,,,,4,0,,,38,,39,,2,car,
hiking-sat14-strips,ptesting-2-2-8.pddl,abs-fd,timed out,1800.2452004514635,abstract_fd_search,,0.17239990457892418,0.014917846769094467,0.40407595038414,,0.02546483278274536,0.030373964458703995,0.7923678569495678,0.4867994263768196,,0.37989142164587975,,,0.2514755241572857,,,,,4,0,0,0,55,,,1,2,car,
hiking-sat14-strips,ptesting-2-2-8.pddl,fd-lmcut,timed out,1800.0526536665857,,,,,,,,,,,,,,,,,,,,,,,,,,,,,,
hiking-sat14-strips,ptesting-2-3-6.pddl,abs-asp,timed out,1800.1685874015093,abstract_solving,,0.1615418829023838,0.014059305191040039,0.31032295152544975,,0.024110138416290283,0.029070843011140823,0.654746025800705,0.34509286284446716,,0.3093377351760864,0.10196451842784882,717.3141964226961,,,,,,4,0,0,0,28,,29,1,3,car,
hiking-sat14-strips,ptesting-2-3-6.pddl,abs-fd,timed out,1800.1644592285156,abstract_fd_search,,0.16952582076191902,0.014570370316505432,0.33410726487636566,,0.024808522313833237,0.0292014442384243,0.6845464296638966,0.3528221920132637,,0.30487942695617676,,,0.11320926621556282,,,,,4,0,0,0,32,,,1,3,car,
hiking-sat14-strips,ptesting-2-3-6.pddl,fd-lmcut,timed out,1800.1099622063339,,,,,,,,,,,,,,,,,,,,,,,,,,,,,,
hiking-sat14-strips,ptesting-2-3-7.pddl,abs-asp,timed out,1800.1470614857972,abstract_asp,,0.17555318027734756,0.01420896127820015,0.4409432150423527,,0.026218600571155548,0.029776666313409805,0.8904517702758312,0.4149119108915329,,0.41930998116731644,0.1411200724542141,,,,,,,4,0,,,33,,34,,3,car,
hiking-sat14-strips,ptesting-2-3-7.pddl,abs-fd,timed out,1800.2120085954666,abstract_fd_search,,0.16631554812192917,0.014206942170858383,0.44100458920001984,,0.042942680418491364,0.029584094882011414,0.8514600619673729,0.41745104640722275,,0.42798251658678055,,,0.15051645785570145,,,,,4,0,0,0,40,,,1,3,car,
hiking-sat14-strips,ptesting-2-3-7.pddl,fd-lmcut,timed out,1800.1104339174926,,,,,,,,,,,,,,,,,,,,,,,,,,,,,,
hiking-sat14-strips,ptesting-2-3-8.pddl,abs-asp,timed out,1800.1619086563587,abstract_asp,,0.1710679940879345,0.01508432999253273,0.5290196947753429,,0.02979644015431404,0.029834624379873276,1.1439762860536575,0.48599953949451447,,0.5548878163099289,0.19129427149891853,,,,,,,4,0,,,37,,38,,3,car,
hiking-sat14-strips,ptesting-2-3-8.pddl,abs-fd,timed out,1800.216170784086,abstract_fd_search,,0.17009801417589188,0.014728620648384094,0.5256850942969322,,0.029325198382139206,0.029992133378982544,1.1396531201899052,0.48696746304631233,,0.5704217478632927,,,0.16470124199986458,,,,,4,0,0,0,41,,,1,3,car,
hiking-sat14-strips,ptesting-2-3-8.pddl,fd-lmcut,timed out,1800.0518138092011,,,,,,,,,,,,,,,,,,,,,,,,,,,,,,
hiking-sat14-strips,ptesting-2-4-5.pddl,abs-asp,success,251.20544436201453,total,248.628907,0.172892,0.013951,0.327652,,0.024413,0.028958,0.665645,0.307347,,0.273343,0.083733,160.211233,,86.343449,,,valid,4,0,0,0,23,26,24,1,4,car,
hiking-sat14-strips,ptesting-2-4-5.pddl,abs-fd,timed out,1800.1586214192212,abstract_fd_search,,0.16864334046840668,0.013478267937898636,0.31140315905213356,,0.02420375496149063,0.028574250638484955,0.6225628517568111,0.2922716811299324,,0.28088172897696495,,,0.09199786558747292,,,,,4,0,0,0,28,,,1,4,car,
hiking-sat14-strips,ptesting-2-4-5.pddl,fd-lmcut,timed out,1800.1099984887987,,,,,,,,,,,,,,,,,,,,,,,,,,,,,,
hiking-sat14-strips,ptesting-2-4-6.pddl,abs-asp,success,1110.3485128488392,total,1108.477871,0.163036,0.013863,0.410409,,0.026624,0.029631,0.823835,0.355166,,0.401625,0.099859,856.14617,,249.699746,,,valid,4,0,0,0,30,33,31,1,4,car,
hiking-sat14-strips,ptesting-2-4-6.pddl,abs-fd,timed out,1800.1834595315158,abstract_fd_search,,0.16426466032862663,0.013546228408813477,0.4050030820071697,,0.026598669588565826,0.029086798429489136,0.8141077756881714,0.3461923897266388,,0.4045545570552349,,,0.13251397013664246,,,,,4,0,0,0,38,,,1,4,car,
hiking-sat14-strips,ptesting-2-4-6.pddl,fd-lmcut,timed out,1800.1094915382564,,,,,,,,,,,,,,,,,,,,,,,,,,,,,,
hiking-sat14-strips,ptesting-2-4-7.pddl,abs-asp,timed out,1800.134147150442,abstract_asp,,0.17062480933964252,0.014368442818522453,0.5138753186911345,,0.029654797166585922,0.029266448691487312,1.1226916555315256,0.4131324402987957,,0.5557079967111349,0.14060115814208984,,,,,,,4,0,,,32,,33,,4,car,
hiking-sat14-strips,ptesting-2-4-7.pddl,abs-fd,timed out,1800.1200294978917,abstract_fd_search,,0.17296429723501205,0.014138348400592804,0.5336245931684971,,0.02966255322098732,0.028953269124031067,1.1319076865911484,0.40518325567245483,,0.5570845790207386,,,0.13745595514774323,,,,,4,0,0,0,38,,,1,4,car,
hiking-sat14-strips,ptesting-2-4-7.pddl,fd-lmcut,timed out,1800.1097173634917,,,,,,,,,,,,,,,,,,,,,,,,,,,,,,
hiking-sat14-strips,ptesting-2-4-8.pddl,abs-asp,timed out,1800.0853371173143,abstract_asp,,0.18042008578777313,0.01599254086613655,0.7027357220649719,,0.032550711184740067,0.03027721494436264,1.412638258188963,0.48742520064115524,,0.7421899065375328,0.18967924639582634,,,,,,,4,0,,,36,,37,,4,car,
hiking-sat14-strips,ptesting-2-4-8.pddl,abs-fd,timed out,1800.1653198637068,abstract_fd_search,,0.17003051191568375,0.015362609177827835,0.6876522451639175,,0.0318291075527668,0.029308348894119263,1.399692289531231,0.4706749990582466,,0.7402113117277622,,,0.18483196198940277,,,,,4,0,0,0,46,,,1,4,car,
hiking-sat14-strips,ptesting-2-4-8.pddl,fd-lmcut,timed out,1800.1105423904955,,,,,,,,,,,,,,,,,,,,,,,,,,,,,,
hiking-sat14-strips,ptesting-3-3-5.pddl,abs-asp,timed out,1800.123922854662,abstract_asp,,0.17776459828019142,0.01823456585407257,0.6061356477439404,,0.05598198622465134,0.044106580317020416,1.2910227850079536,0.6420069523155689,,0.6409429647028446,0.20605550706386566,,,,,,,4,0,,,19,,20,,3,car,
hiking-sat14-strips,ptesting-3-3-5.pddl,abs-fd,timed out,1800.1780960094184,abstract_fd_search,,0.1752134133130312,0.017992587760090828,0.5909392293542624,,0.03598545305430889,0.04384538531303406,1.267191233113408,0.6360620185732841,,0.6415509674698114,,,0.14364357851445675,,,,,4,0,0,0,27,,,1,3,car,
hiking-sat14-strips,ptesting-3-3-5.pddl,fd-lmcut,timed out,1800.1101360619068,,,,,,,,,,,,,,,,,,,,,,,,,,,,,,
hiking-sat14-strips,ptesting-3-3-6.pddl,abs-asp,timed out,1800.1309893466532,abstract_asp,,0.16467026621103287,0.018237315118312836,0.8369822278618813,,0.03900253027677536,0.04414616525173187,1.7762733362615108,0.7859384827315807,,0.9546636454761028,0.3154997192323208,,,,,,,4,0,,,21,,22,,3,car,
hiking-sat14-strips,ptesting-3-3-6.pddl,abs-fd,timed out,1800.2368909232318,abstract_fd_search,,0.17493567615747452,0.018353257328271866,0.8463311195373535,,0.03919636085629463,0.04433945566415787,1.8276696279644966,0.8011534065008163,,0.9554103501141071,,,0.3220309801399708,,,,,4,0,0,0,42,,,1,3,car,
hiking-sat14-strips,ptesting-3-3-6.pddl,fd-lmcut,timed out,1800.10917872563,,,,,,,,,,,,,,,,,,,,,,,,,,,,,,
hiking-sat14-strips,ptesting-3-3-7.pddl,abs-asp,timed out,1800.154191724956,abstract_asp,,0.17497675120830536,0.019739598035812378,1.146977137774229,,0.04122260957956314,0.049535639584064484,2.624681305140257,1.046048142015934,,1.3217937983572483,0.4342164434492588,,,,,,,4,0,,,20,,21,,3,car,
hiking-sat14-strips,ptesting-3-3-7.pddl,abs-fd,timed out,1800.2933512851596,abstract_fd_search,,0.16718674078583717,0.01946818083524704,1.1157363541424274,,0.04065053164958954,0.044517215341329575,2.5867524966597557,1.0218596644699574,,1.3177744038403034,,,0.4966336227953434,,,,,4,0,0,0,50,,,1,3,car,
hiking-sat14-strips,ptesting-3-3-7.pddl,fd-lmcut,timed out,1800.1099751926959,,,,,,,,,,,,,,,,,,,,,,,,,,,,,,
hiking-sat14-strips,ptesting-3-3-8.pddl,abs-asp,timed out,1800.1421641670167,abstract_asp,,0.16524728387594223,0.02045939303934574,1.487528147175908,,0.04445946402847767,0.04511328786611557,3.3777700681239367,1.231213767081499,,1.775547718629241,0.5727892704308033,,,,,,,4,0,,,21,,22,,3,car,
hiking-sat14-strips,ptesting-3-3-8.pddl,abs-fd,timed out,1800.4135874025524,abstract_fd_search,,0.17336077243089676,0.02041986957192421,1.4748046323657036,,0.044024571776390076,0.04465233162045479,3.402345225214958,1.2354932315647602,,1.7721535339951515,,,0.4927932247519493,,,,,4,0,0,0,53,,,1,3,car,
hiking-sat14-strips,ptesting-3-3-8.pddl,fd-lmcut,timed out,1800.0543661378324,,,,,,,,,,,,,,,,,,,,,,,,,,,,,,
hiking-sat14-strips,ptesting-3-4-5.pddl,abs-asp,timed out,1800.1230399683118,abstract_asp,,0.1758377030491829,0.0178951658308506,0.7886741645634174,,0.039992447942495346,0.0441548191010952,1.657545279711485,0.6225059442222118,,0.8576438054442406,0.20665472373366356,,,,,,,4,0,,,19,,20,,4,car,
hiking-sat14-strips,ptesting-3-4-5.pddl,abs-fd,timed out,1800.1035218685865,abstract_fd_search,,0.178585946559906,0.017796114087104797,0.8102873750030994,,0.04006588086485863,0.04410781338810921,1.73064124584198,0.638865277171135,,0.8574432358145714,,,0.16500526294112206,,,,,4,0,0,0,31,,,1,4,car,
hiking-sat14-strips,ptesting-3-4-5.pddl,fd-lmcut,timed out,1800.1086838692427,,,,,,,,,,,,,,,,,,,,,,,,,,,,,,
hiking-sat14-strips,ptesting-3-4-6.pddl,abs-asp,timed out,1800.1311197020113,abstract_asp,,0.17574818432331085,0.019042421132326126,1.128143809735775,,0.04182150959968567,0.04436086490750313,2.3653157390654087,0.7840006202459335,,1.254848811775446,0.3154986724257469,,,,,,,4,0,,,21,,22,,4,car,
hiking-sat14-strips,ptesting-3-4-6.pddl,abs-fd,timed out,1800.2734476439655,abstract_fd_search,,0.16515150293707848,0.019106019288301468,1.1009551025927067,,0.042124103754758835,0.04480023309588432,2.3603193908929825,0.7850472368299961,,1.2578521966934204,,,0.20710742846131325,,,,,4,0,0,0,34,,,1,4,car,
hiking-sat14-strips,ptesting-3-4-6.pddl,fd-lmcut,timed out,1800.109053581953,,,,,,,,,,,,,,,,,,,,,,,,,,,,,,
hiking-sat14-strips,ptesting-3-4-7.pddl,abs-asp,timed out,1800.1425817236304,abstract_asp,,0.17171137779951096,0.019657466560602188,1.5163278467953205,,0.04523076117038727,0.04433368146419525,3.423722866922617,1.0225073099136353,,1.8036150112748146,0.44797099009156227,,,,,,,4,0,,,20,,21,,4,car,
hiking-sat14-strips,ptesting-3-4-7.pddl,abs-fd,timed out,1800.2811957076192,abstract_fd_search,,0.17659050226211548,0.02028742805123329,1.5549131892621517,,0.04519834741950035,0.045814935117959976,3.4502980560064316,1.0476613156497478,,1.8069713450968266,,,0.35987602546811104,,,,,4,0,0,0,46,,,1,4,car,
hiking-sat14-strips,ptesting-3-4-7.pddl,fd-lmcut,timed out,1800.1085890121758,,,,,,,,,,,,,,,,,,,,,,,,,,,,,,
hiking-sat14-strips,ptesting-3-4-8.pddl,abs-asp,timed out,1800.1443899013102,abstract_asp,,0.17828788235783577,0.020822368562221527,1.9770868681371212,,0.04972062632441521,0.045069560408592224,4.636665623635054,1.2295231744647026,,2.391056966036558,0.5743649192154408,,,,,,,4,0,,,20,,21,,4,car,
hiking-sat14-strips,ptesting-3-4-8.pddl,abs-fd,timed out,1800.4336502924562,abstract_fd_search,,0.1741853915154934,0.020407065749168396,1.9575300440192223,,0.04845288768410683,0.045149195939302444,4.661489099264145,1.224856499582529,,2.3614941835403442,,,0.4946236237883568,,,,,4,0,0,0,52,,,1,4,car,
hiking-sat14-strips,ptesting-3-4-8.pddl,fd-lmcut,timed out,1800.110426388681,,,,,,,,,,,,,,,,,,,,,,,,,,,,,,
logistics00,probLOGISTICS-10-0.pddl,abs-asp,timed out,1800.1095183938742,abstract_asp,,0.16136554814875126,0.0031528733670711517,0.1170468982309103,,0.011982830241322517,0.06482833623886108,0.18548471480607986,0.1608155146241188,,0.012274494394659996,0.011897413060069084,,,,,,,2,0,,,16,,17,,4,object,
logistics00,probLOGISTICS-10-0.pddl,abs-fd,timed out,1800.1192037016153,abstract_fd_search,,0.1671140119433403,0.003338761627674103,0.12124624475836754,,0.012037072330713272,0.06541397422552109,0.1957499086856842,0.17013144120573997,,0.012246482074260712,,,0.07240445911884308,,,,,2,0,15,0,19,,,16,4,object,
logistics00,probLOGISTICS-10-0.pddl,fd-lmcut,success,70.72932253032923,total,68.921701,,,,,,,,,68.917563,,,,,,,,valid,,,,,,45,,,,,
logistics00,probLOGISTICS-10-1.pddl,abs-asp,timed out,1800.0182824879885,abstract_asp,,0.15639913827180862,0.003144431859254837,0.10160047188401222,,0.011891249567270279,0.06576329097151756,0.1680734120309353,0.16755007952451706,,0.01061251014471054,0.012154921889305115,,,,,,,2,0,,,16,,17,,4,object,
logistics00,probLOGISTICS-10-1.pddl,abs-fd,timed out,1800.1171880885959,abstract_fd_search,,0.15757335722446442,0.0033196434378623962,0.10696394369006157,,0.012001752853393555,0.06428031250834465,0.16837069019675255,0.1685711182653904,,0.010502953082323074,,,0.07055656611919403,,,,,2,0,13,0,19,,,14,4,object,
logistics00,probLOGISTICS-10-1.pddl,fd-lmcut,success,61.930089155212045,total,59.46649,,,,,,,,,59.462062,,,,,,,,valid,,,,,,42,,,,,
logistics00,probLOGISTICS-11-0.pddl,abs-asp,timed out,1800.1102422960103,abstract_asp,,0.16011607833206654,0.0026517361402511597,0.10320919565856457,,0.011657997965812683,0.06492642499506474,0.16742195561528206,0.1619288418442011,,0.01161462813615799,0.008323747664690018,,,,,,,4,0,,,29,,30,,4,object,
logistics00,probLOGISTICS-11-0.pddl,abs-fd,timed out,1800.1184353381395,abstract_fd_search,,0.16384454630315304,0.002582542598247528,0.11896699853241444,,0.011573592200875282,0.06444503553211689,0.18788061663508415,0.15672804415225983,,0.012933172285556793,,,0.06979110278189182,,,,,4,0,0,0,39,,,1,4,object,
logistics00,probLOGISTICS-11-0.pddl,fd-lmcut,success,91.65662061795592,total,89.086829,,,,,,,,,89.083426,,,,,,,,valid,,,,,,48,,,,,
logistics00,probLOGISTICS-12-0.pddl,abs-asp,timed out,1800.1109248325229,abstract_asp,,0.16817010939121246,0.0027374625205993652,0.12405392527580261,,0.012224210426211357,0.06741456128656864,0.19637092016637325,0.1712872702628374,,0.013809297233819962,0.013989971950650215,,,,,,,2,0,,,16,,17,,4,object,
logistics00,probLOGISTICS-12-0.pddl,abs-fd,timed out,1800.1165553964674,abstract_fd_search,,0.16525962576270103,0.002679910510778427,0.12043853849172592,,0.012083843350410461,0.0661032646894455,0.19199936464428902,0.17026033252477646,,0.013415537774562836,,,0.07166952639818192,,,,,2,0,15,0,19,,,16,4,object,
logistics00,probLOGISTICS-12-0.pddl,fd-lmcut,success,68.06486932188272,total,65.581691,,,,,,,,,65.577575,,,,,,,,valid,,,,,,42,,,,,
logistics00,probLOGISTICS-12-1.pddl,abs-asp,timed out,1800.1127175576985,abstract_asp,,0.16335279121994972,0.002713017165660858,0.10318703204393387,,0.011752940714359283,0.06587260216474533,0.1674942746758461,0.17735688015818596,,0.011867441236972809,0.010857842862606049,,,,,,,4,0,,,32,,33,,4,object,
logistics00,probLOGISTICS-12-1.pddl,abs-fd,timed out,1800.065415982157,abstract_fd_search,,0.1587371975183487,0.002688400447368622,0.10342741385102272,,0.011772066354751587,0.06503148376941681,0.16942662000656128,0.16421226784586906,,0.012124098837375641,,,0.07890936732292175,,,,,4,0,0,0,52,,,1,4,object,
logistics00,probLOGISTICS-12-1.pddl,fd-lmcut,timed out,1800.1093870066106,,,,,,,,,,,,,,,,,,,,,,,,,,,,,,
logistics00,probLOGISTICS-14-0.pddl,abs-asp,timed out,1800.1103881262243,abstract_asp,,0.1681814268231392,0.00286085344851017,0.1121241133660078,,0.015891242772340775,0.09927734360098839,0.18798821046948433,0.1924331020563841,,0.02019726298749447,0.02446681633591652,,,,,,,2,0,,,15,,16,,5,object,
logistics00,probLOGISTICS-14-0.pddl,abs-fd,timed out,1800.1246411539614,abstract_fd_search,,0.17229493334889412,0.0028312429785728455,0.12486470863223076,,0.01589309051632881,0.09656692668795586,0.20745376870036125,0.19557994604110718,,0.020400520414114,,,0.07818010076880455,,,,,2,0,17,0,26,,,18,5,object,
logistics00,probLOGISTICS-14-0.pddl,fd-lmcut,timed out,1800.0167289711535,,,,,,,,,,,,,,,,,,,,,,,,,,,,,,
logistics00,probLOGISTICS-14-1.pddl,abs-asp,timed out,1800.1134929805994,abstract_asp,,0.17349613085389137,0.0027559474110603333,0.1336352564394474,,0.015536803752183914,0.09473573789000511,0.2154133953154087,0.1948939748108387,,0.021651864051818848,0.024742361158132553,,,,,,,2,0,,,16,,17,,5,object,
logistics00,probLOGISTICS-14-1.pddl,abs-fd,timed out,1800.1204049773514,abstract_fd_search,,0.16414279490709305,0.002785317599773407,0.12784041464328766,,0.01567539945244789,0.09767405316233635,0.19058696553111076,0.18521541357040405,,0.0220571868121624,,,0.07427345961332321,,,,,2,0,21,0,29,,,22,5,object,
logistics00,probLOGISTICS-14-1.pddl,fd-lmcut,timed out,1800.109363667667,,,,,,,,,,,,,,,,,,,,,,,,,,,,,,
logistics00,probLOGISTICS-15-1.pddl,abs-asp,timed out,1800.1125326864421,abstract_asp,,0.1745954304933548,0.003372989594936371,0.12729713693261147,,0.01495419442653656,0.09627882018685341,0.20387501642107964,0.18563902005553246,,0.022883042693138123,0.02596404030919075,,,,,,,2,0,,,15,,16,,5,object,
logistics00,probLOGISTICS-15-1.pddl,abs-fd,timed out,1800.0683077424765,abstract_fd_search,,0.1740250140428543,0.0033146999776363373,0.1291009709239006,,0.01514333114027977,0.09494852647185326,0.20779155939817429,0.1866929978132248,,0.0233653262257576,,,0.07564569264650345,,,,,2,0,25,0,30,,,26,5,object,
logistics00,probLOGISTICS-15-1.pddl,fd-lmcut,timed out,1800.1066801771522,,,,,,,,,,,,,,,,,,,,,,,,,,,,,,
logistics00,probLOGISTICS-4-0.pddl,abs-asp,success,2.7286758236587048,total,1.015977,0.140375,0.00229,0.09076,,0.00779,0.027949,0.154125,0.151819,,0.004542,0.004065,0.274819,,0.112762,,,valid,4,0,0,0,18,20,19,1,2,object,
logistics00,probLOGISTICS-4-0.pddl,abs-fd,success,3.0186542980372906,total,0.819094,0.147946,0.002243,0.105853,,0.007481,0.027675,0.174193,0.144942,,0.006182,,,0.06615,0.102311,,,valid,4,0,0,0,18,20,,1,2,object,
logistics00,probLOGISTICS-4-0.pddl,fd-lmcut,success,1.8578159511089325,total,0.169252,,,,,,,,,0.166124,,,,,,,,valid,,,,,,20,,,,,
logistics00,probLOGISTICS-4-1.pddl,abs-asp,success,2.5488739907741547,total,0.931193,0.139611,0.002259,0.089309,,0.007559,0.027684,0.151894,0.150873,,0.004543,0.00406,0.218754,,0.097895,,,valid,4,0,0,0,15,19,16,1,2,object,
logistics00,probLOGISTICS-4-1.pddl,abs-fd,success,2.277601256966591,total,0.766367,0.136829,0.002264,0.085906,,0.00753,0.027784,0.17148,0.142696,,0.006191,,,0.064477,0.088641,,,valid,4,0,0,0,15,19,,1,2,object,
logistics00,probLOGISTICS-4-1.pddl,fd-lmcut,success,1.9368363991379738,total,0.172674,,,,,,,,,0.169694,,,,,,,,valid,,,,,,19,,,,,
logistics00,probLOGISTICS-5-0.pddl,abs-asp,success,5.289846811443567,total,3.567329,0.139762,0.002277,0.088599,,0.007618,0.02809,0.150834,0.149423,,0.004986,0.004487,2.485127,,0.46453,,,valid,4,0,0,0,21,27,22,1,2,object,
logistics00,probLOGISTICS-5-0.pddl,abs-fd,success,3.220139469951391,total,1.045501,0.147273,0.002289,0.10513,,0.007691,0.028198,0.173546,0.145083,,0.006864,,,0.065818,0.331979,,,valid,4,0,0,0,21,27,,1,2,object,
logistics00,probLOGISTICS-5-0.pddl,fd-lmcut,success,1.7945309989154339,total,0.203965,,,,,,,,,0.200949,,,,,,,,valid,,,,,,27,,,,,
logistics00,probLOGISTICS-5-1.pddl,abs-asp,success,2.9452605582773685,total,0.785825,0.148182,0.002356,0.106321,,0.007711,0.02815,0.173486,0.147884,,0.005189,0.004378,0.045793,,0.084539,,,valid,4,0,4,0,8,17,9,5,2,object,
logistics00,probLOGISTICS-5-1.pddl,abs-fd,success,2.98090211302042,total,0.794274,0.148556,0.002411,0.109235,,0.00803,0.028165,0.177234,0.148564,,0.006561,,,0.067942,0.065827,,,valid,4,0,3,0,8,17,,4,2,object,
logistics00,probLOGISTICS-5-1.pddl,fd-lmcut,success,1.8295657113194466,total,0.175481,,,,,,,,,0.172125,,,,,,,,valid,,,,,,17,,,,,
logistics00,probLOGISTICS-5-2.pddl,abs-asp,success,2.3384720906615257,total,0.676749,0.139463,0.002359,0.086986,,0.00763,0.028658,0.148729,0.147695,,0.004985,0.003664,0.030462,,0.043459,,,valid,4,0,0,0,6,8,7,1,2,object,
logistics00,probLOGISTICS-5-2.pddl,abs-fd,success,2.7328980192542076,total,0.793438,0.153585,0.002382,0.106841,,0.00789,0.028418,0.196759,0.150903,,0.006341,,,0.067345,0.043702,,,valid,4,0,0,0,6,8,,1,2,object,
logistics00,probLOGISTICS-5-2.pddl,fd-lmcut,success,2.0680081956088543,total,0.17052,,,,,,,,,0.167321,,,,,,,,valid,,,,,,8,,,,,
logistics00,probLOGISTICS-6-0.pddl,abs-asp,success,3.3385310862213373,total,1.206421,0.14715,0.002369,0.105745,,0.007549,0.026131,0.170595,0.139895,,0.006749,0.004114,0.291589,,0.264989,,,valid,4,0,0,0,17,26,18,1,3,object,
logistics00,probLOGISTICS-6-0.pddl,abs-fd,success,3.191517386585474,total,0.889195,0.14847,0.002388,0.108223,,0.007579,0.026083,0.14566,0.139839,,0.007495,,,0.065662,0.199692,,,valid,4,0,0,0,17,25,,1,3,object,
logistics00,probLOGISTICS-6-0.pddl,fd-lmcut,success,1.9494150653481483,total,0.229869,,,,,,,,,0.226363,,,,,,,,valid,,,,,,25,,,,,
logistics00,probLOGISTICS-6-1.pddl,abs-asp,success,3.189974971115589,total,0.982714,0.167998,0.002407,0.110493,,0.007556,0.026435,0.180277,0.1492,,0.0067,0.003716,0.030977,,0.261907,,,valid,4,0,6,1,6,14,7,8,3,object,
logistics00,probLOGISTICS-6-1.pddl,abs-fd,success,2.5894516594707966,total,0.920657,0.141555,0.002393,0.090323,,0.007653,0.026156,0.15292,0.147471,,0.005284,,,0.066198,0.249784,,,valid,4,0,6,1,6,14,,8,3,object,
logistics00,probLOGISTICS-6-1.pddl,fd-lmcut,success,1.6976330317556858,total,0.158182,,,,,,,,,0.154842,,,,,,,,valid,,,,,,14,,,,,
logistics00,probLOGISTICS-6-2.pddl,abs-asp,success,15.089525908231735,total,12.924185,0.157002,0.002517,0.103071,,0.008181,0.028192,0.168768,0.139775,,0.006736,0.004195,0.262896,,12.002999,,,valid,4,0,0,0,17,28,18,1,3,object,
logistics00,probLOGISTICS-6-2.pddl,abs-fd,success,5.420221161097288,total,3.72347,0.140767,0.002328,0.09129,,0.007516,0.026023,0.154376,0.150105,,0.005369,,,0.06911,3.038843,,,valid,4,0,0,0,17,26,,1,3,object,
logistics00,probLOGISTICS-6-2.pddl,fd-lmcut,success,2.548237256705761,total,0.228508,,,,,,,,,0.225242,,,,,,,,valid,,,,,,25,,,,,
logistics00,probLOGISTICS-8-1.pddl,abs-asp,timed out,1800.060871232301,abstract_asp,,0.14806154370307922,0.002522684633731842,0.09199738129973412,,0.0091535784304142,0.04958037659525871,0.15078504383563995,0.14843889325857162,,0.008075430989265442,0.006762724369764328,,,,,,,4,0,,,29,,30,,3,object,
logistics00,probLOGISTICS-8-1.pddl,abs-fd,timed out,1800.0318820253015,abstract_fd_search,,0.16027648001909256,0.0025026164948940277,0.11826828122138977,,0.009202904999256134,0.04834447801113129,0.18566737323999405,0.15783292427659035,,0.009135056287050247,,,0.07221145555377007,,,,,4,0,0,0,34,,,1,3,object,
logistics00,probLOGISTICS-8-1.pddl,fd-lmcut,success,9.809026289731264,total,8.079333,,,,,,,,,8.076063,,,,,,,,valid,,,,,,44,,,,,
logistics00,probLOGISTICS-9-0.pddl,abs-asp,success,101.2913995757699,total,99.10057,0.155052,0.006195,0.112102,,0.00987,0.040648,0.17729,0.147349,,0.009546,0.005388,9.290945,,89.096173,,,valid,4,0,0,0,22,39,23,1,4,object,
logistics00,probLOGISTICS-9-0.pddl,abs-fd,success,284.73319972120225,total,282.611563,0.152513,0.006192,0.112084,,0.009876,0.040503,0.17776,0.146932,,0.009857,,,0.06656,281.848416,,,valid,4,0,0,0,22,37,,1,4,object,
logistics00,probLOGISTICS-9-0.pddl,fd-lmcut,success,5.166964849457145,total,3.040871,,,,,,,,,3.037547,,,,,,,,valid,,,,,,36,,,,,
logistics00,probLOGISTICS-9-1.pddl,abs-asp,success,5.193815395236015,total,3.668234,0.147247,0.006166,0.09167,,0.009129,0.04405,0.150478,0.147211,,0.008065,0.005604,2.73695,,0.27887,,,valid,4,0,0,0,17,32,18,1,3,object,
logistics00,probLOGISTICS-9-1.pddl,abs-fd,success,2.8189654238522053,total,1.04894,0.149649,0.008246,0.097359,,0.009582,0.046002,0.185181,0.156962,,0.009599,,,0.068054,0.278695,,,valid,4,0,0,0,17,34,,1,3,object,
logistics00,probLOGISTICS-9-1.pddl,fd-lmcut,success,2.354478869587183,total,0.352033,,,,,,,,,0.348723,,,,,,,,valid,,,,,,30,,,,,
logistics98,prob01.pddl,abs-asp,timed out,1800.021702747792,abstract_asp,,0.16613254137337208,0.003155602142214775,0.12391944229602814,,0.01425188034772873,0.06833992712199688,0.1951111126691103,0.1727324314415455,,0.01458100974559784,0.015392933040857315,,,,,,,2,0,,,13,,14,,6,object,
logistics98,prob01.pddl,abs-fd,timed out,1800.1162171270698,abstract_fd_search,,0.15951302088797092,0.002909768372774124,0.10011594370007515,,0.014293143525719643,0.06639699824154377,0.16312597878277302,0.1655392311513424,,0.012982858344912529,,,0.06808712892234325,,,,,2,0,7,0,14,,,8,6,object,
logistics98,prob01.pddl,fd-lmcut,success,11.606499779969454,total,9.470466,,,,,,,,,9.466766,,,,,,,,valid,,,,,,26,,,,,
logistics98,prob02.pddl,abs-asp,timed out,1800.1141383461654,abstract_asp,,0.17930597811937332,0.0023899897933006287,0.13587375730276108,,0.02387009933590889,0.1859891526401043,0.19516907259821892,0.20388531684875488,,0.03034265711903572,0.03511114791035652,,,,,,,2,0,,,14,,15,,10,object,
logistics98,prob02.pddl,abs-fd,timed out,1800.0250067077577,abstract_fd_search,,0.1757754534482956,0.0023772381246089935,0.1251862309873104,,0.024057216942310333,0.1834109202027321,0.19625406712293625,0.20590883493423462,,0.030424732714891434,,,0.07395917922258377,,,,,2,0,8,0,16,,,9,10,object,
logistics98,prob02.pddl,fd-lmcut,timed out,1800.1094447262585,,,,,,,,,,,,,,,,,,,,,,,,,,,,,,
logistics98,prob03.pddl,abs-asp,timed out,1800.1155065894127,abstract_asp,,0.2605828754603863,0.0026168376207351685,0.19265251606702805,,0.044939059764146805,0.36531107127666473,0.29665758460760117,0.31347936764359474,,0.061097390949726105,0.07602838054299355,,,,,,,2,0,,,17,,18,,14,object,
logistics98,prob03.pddl,abs-fd,timed out,1800.1333750225604,abstract_fd_search,,0.26273834332823753,0.0026449821889400482,0.1909189410507679,,0.045382753014564514,0.3724769949913025,0.30988892912864685,0.31055205687880516,,0.06237929314374924,,,0.09081478416919708,,,,,2,0,12,0,24,,,13,14,object,
logistics98,prob03.pddl,fd-lmcut,timed out,1800.1114789023995,,,,,,,,,,,,,,,,,,,,,,,,,,,,,,
logistics98,prob04.pddl,abs-asp,timed out,1800.1228220127523,abstract_asp,,0.28578492626547813,0.002698685973882675,0.22801673784852028,,0.07475944980978966,0.4667637534439564,0.3657894432544708,0.328047052025795,,0.0938514918088913,0.08845579624176025,,,,,,,2,0,,,16,,17,,23,object,
logistics98,prob04.pddl,abs-fd,timed out,1800.1346073746681,abstract_fd_search,,0.2756492458283901,0.0027226395905017853,0.2113562785089016,,0.0743599459528923,0.45579513162374496,0.35084118694067,0.3271987587213516,,0.09101387858390808,,,0.09890777245163918,,,,,2,0,12,0,22,,,13,23,object,
logistics98,prob04.pddl,fd-lmcut,timed out,1800.1087037920952,,,,,,,,,,,,,,,,,,,,,,,,,,,,,,
logistics98,prob05.pddl,abs-asp,success,140.89877896383405,total,138.746921,0.172956,0.002321,0.123265,,0.022653,0.094144,0.191145,0.162789,,0.014152,0.012769,94.412329,,43.483222,,,valid,2,0,6,0,13,24,14,7,11,object,
logistics98,prob05.pddl,abs-fd,timed out,1800.113596957177,abstract_fd_search,,0.1729133203625679,0.0023206211626529694,0.12130618095397949,,0.022588353604078293,0.09388387948274612,0.1880328208208084,0.161444790661335,,0.014113172888755798,,,0.06674229726195335,,,,,2,0,8,0,13,,,9,11,object,
logistics98,prob05.pddl,fd-lmcut,success,2.3231949247419834,total,0.218566,,,,,,,,,0.215519,,,,,,,,valid,,,,,,22,,,,,
logistics98,prob06.pddl,abs-asp,timed out,1800.1174749583006,abstract_asp,,0.3268493115901947,0.002899114042520523,0.3127802312374115,,0.10822659358382225,0.8813484907150269,0.49365096539258957,0.44312702119350433,,0.10672526434063911,0.10248268395662308,,,,,,,2,0,,,16,,17,,26,object,
logistics98,prob06.pddl,abs-fd,timed out,1800.1425070799887,abstract_fd_search,,0.3010216951370239,0.0029196664690971375,0.2942518778145313,,0.10738426819443703,0.8943417631089687,0.46427588537335396,0.43763517588377,,0.10823170468211174,,,0.1078513041138649,,,,,2,0,14,0,29,,,15,26,object,
logistics98,prob06.pddl,fd-lmcut,timed out,1800.1088312845677,,,,,,,,,,,,,,,,,,,,,,,,,,,,,,
logistics98,prob08.pddl,abs-asp,timed out,1800.0223975218832,abstract_asp,,0.3121822774410248,0.0027124397456645966,0.4353742450475693,,0.13439665734767914,0.8775151707231998,0.7210981920361519,0.6946368105709553,,0.1035919152200222,0.10931960493326187,,,,,,,2,0,,,15,,16,,33,object,
logistics98,prob08.pddl,abs-fd,timed out,1800.1313395313919,abstract_fd_search,,0.33394401893019676,0.0027369000017642975,0.4365943670272827,,0.13421103730797768,0.8855835571885109,0.7287190370261669,0.6971454992890358,,0.1053292416036129,,,0.09873330593109131,,,,,2,0,10,0,19,,,11,33,object,
logistics98,prob08.pddl,fd-lmcut,timed out,1800.1101887747645,,,,,,,,,,,,,,,,,,,,,,,,,,,,,,
logistics98,prob09.pddl,abs-asp,timed out,1800.0874745249748,abstract_asp,,0.313775971531868,0.003051474690437317,0.30674614012241364,,0.1025904193520546,0.6563305146992207,0.5198121964931488,0.39245323464274406,,0.18139443919062614,0.12197674065828323,,,,,,,2,0,,,16,,17,,28,object,
logistics98,prob09.pddl,abs-fd,timed out,1800.153379285708,abstract_fd_search,,0.2956665698438883,0.0030000153928995132,0.3232833333313465,,0.1033053807914257,0.6586932353675365,0.5150317531079054,0.3806582596153021,,0.18132329173386097,,,0.11690367013216019,,,,,2,0,19,0,33,,,20,28,object,
logistics98,prob09.pddl,fd-lmcut,timed out,1800.108985632658,,,,,,,,,,,,,,,,,,,,,,,,,,,,,,
logistics98,prob11.pddl,abs-asp,timed out,1800.1224217303097,abstract_solving,,0.1841208077967167,0.0025974325835704803,0.16041238605976105,,0.03845366835594177,0.06903314217925072,0.2655723989009857,0.18305056169629097,,0.04751473292708397,0.019914958626031876,9.611065477132797,,,,,,2,0,7,0,11,,12,8,22,object,
logistics98,prob11.pddl,abs-fd,timed out,1800.1225188225508,abstract_fd_search,,0.17078464478254318,0.002520062029361725,0.13401297107338905,,0.03902905061841011,0.06902942061424255,0.2271893210709095,0.1724821887910366,,0.04551023617386818,,,0.06776322424411774,,,,,2,0,8,0,11,,,9,22,object,
logistics98,prob11.pddl,fd-lmcut,timed out,1800.1060190238059,,,,,,,,,,,,,,,,,,,,,,,,,,,,,,
logistics98,prob12.pddl,abs-asp,timed out,1800.1502650417387,abstract_solving,,0.37092869728803635,0.0029246844351291656,0.49513833597302437,,0.29998668655753136,1.720820538699627,0.7702086344361305,0.7846870832145214,,0.29389455169439316,0.3159838207066059,1357.2196972370148,,,,,,2,0,7,0,14,,15,8,55,object,
logistics98,prob12.pddl,abs-fd,timed out,1800.1443139724433,abstract_fd_search,,0.3697968050837517,0.0029074735939502716,0.4901423007249832,,0.2952764965593815,1.7509550414979458,0.764440793544054,0.7772401049733162,,0.2925203926861286,,,0.153687734156847,,,,,2,0,9,0,14,,,10,55,object,
logistics98,prob12.pddl,fd-lmcut,timed out,1800.0147565081716,,,,,,,,,,,,,,,,,,,,,,,,,,,,,,
logistics98,prob13.pddl,abs-asp,timed out,1800.1383533515036,abstract_asp,,0.39498187974095345,0.0035639703273773193,0.9320377670228481,,0.17607491090893745,2.363516289740801,1.6146806813776493,1.849331259727478,,0.35081101581454277,0.4510315917432308,,,,,,,2,0,,,16,,17,,29,object,
logistics98,prob13.pddl,abs-fd,timed out,1800.1956581175327,abstract_fd_search,,0.39486366137862206,0.0034404322504997253,0.8637648560106754,,0.17484698444604874,2.405583254992962,1.5851733423769474,1.8462944515049458,,0.34897126257419586,,,0.22091401740908623,,,,,2,0,13,0,28,,,14,29,object,
logistics98,prob13.pddl,fd-lmcut,timed out,1800.1089323684573,,,,,,,,,,,,,,,,,,,,,,,,,,,,,,
logistics98,prob14.pddl,abs-asp,timed out,1800.0242904797196,abstract_asp,,0.29993344843387604,0.0032840892672538757,0.4402853287756443,,0.15257058292627335,0.3862145282328129,0.80927349999547,0.6525772251188755,,0.22450391203165054,0.17581099271774292,,,,,,,2,0,,,13,,14,,47,object,
logistics98,prob14.pddl,abs-fd,timed out,1800.1664919406176,abstract_fd_search,,0.3103059343993664,0.0032639391720294952,0.45335399359464645,,0.15295519679784775,0.4032720811665058,0.8288721591234207,0.6499641723930836,,0.23495808988809586,,,0.14183074608445168,,,,,2,0,35,0,37,,,36,47,object,
logistics98,prob14.pddl,fd-lmcut,timed out,1800.1129213310778,,,,,,,,,,,,,,,,,,,,,,,,,,,,,,
logistics98,prob15.pddl,abs-asp,timed out,1800.1147809810936,abstract_asp,,0.1851395182311535,0.002922672778367996,0.1721806302666664,,0.0253475122153759,0.24436283111572266,0.29559606313705444,0.2542785257101059,,0.049158725887537,0.049989089369773865,,,,,,,4,0,,,25,,26,,9,object,
logistics98,prob15.pddl,abs-fd,success,19.658974833786488,total,17.137496,0.199344,0.002919,0.192004,,0.025652,0.245166,0.318785,0.25553,,0.050729,,,0.16317,15.417447,,,valid,4,0,0,0,98,98,,1,9,object,
logistics98,prob15.pddl,fd-lmcut,timed out,1800.1104215513915,,,,,,,,,,,,,,,,,,,,,,,,,,,,,,
logistics98,prob16.pddl,abs-asp,timed out,1800.1450244523585,abstract_solving,,0.31600475683808327,0.002799723297357559,0.30571554228663445,,0.16426796466112137,0.328922376036644,0.512835580855608,0.4086597301065922,,0.1671246886253357,0.13338125124573708,497.5764003954828,,,,,,2,0,14,0,16,,17,15,52,object,
logistics98,prob16.pddl,abs-fd,timed out,1800.1395440772176,abstract_fd_search,,0.310029748827219,0.0028340257704257965,0.30490564182400703,,0.1628926731646061,0.3234002813696861,0.5052331015467644,0.4072877913713455,,0.1656460426747799,,,0.11078845709562302,,,,,2,0,13,0,16,,,14,52,object,
logistics98,prob16.pddl,fd-lmcut,timed out,1800.1120660342276,,,,,,,,,,,,,,,,,,,,,,,,,,,,,,
logistics98,prob17.pddl,abs-asp,timed out,1800.1190011128783,abstract_solving,,0.26042308285832405,0.0027286261320114136,0.25197017192840576,,0.10444065555930138,0.11671027913689613,0.43447450175881386,0.20682494342327118,,0.08543998375535011,0.02294723317027092,8.080395214259624,,,,,,2,0,11,0,12,,13,12,45,object,
logistics98,prob17.pddl,abs-fd,timed out,1800.1229241136461,abstract_fd_search,,0.2641587443649769,0.0026112161576747894,0.2536103017628193,,0.10441256873309612,0.1147439256310463,0.43758746795356274,0.2078663408756256,,0.08473647199571133,,,0.07021776400506496,,,,,2,0,11,0,12,,,12,45,object,
logistics98,prob17.pddl,fd-lmcut,timed out,1800.0135264843702,,,,,,,,,,,,,,,,,,,,,,,,,,,,,,
logistics98,prob18.pddl,abs-asp,timed out,1800.1587861217558,abstract_asp,,0.36691052094101906,0.0038312971591949463,0.8031961880624294,,0.15831748396158218,1.7167808003723621,1.6021355465054512,1.8869174681603909,,0.670183964073658,0.836701475083828,,,,,,,2,0,,,16,,17,,30,object,
logistics98,prob18.pddl,abs-fd,timed out,1800.3514067828655,abstract_fd_search,,0.35225262120366096,0.0038165301084518433,0.7613376900553703,,0.15749575942754745,1.7962224818766117,1.5512560606002808,1.8294183500111103,,0.6506555080413818,,,0.5023743212223053,,,,,2,0,35,0,60,,,36,30,object,
logistics98,prob18.pddl,fd-lmcut,timed out,1800.1086116582155,,,,,,,,,,,,,,,,,,,,,,,,,,,,,,
logistics98,prob19.pddl,abs-asp,timed out,1800.0438174456358,abstract_asp,,0.3364075683057308,0.003410685807466507,0.5411594063043594,,0.11880258470773697,0.7902668081223965,1.0857448615133762,0.6603436544537544,,0.4140612967312336,0.2566709741950035,,,,,,,2,0,,,17,,18,,30,object,
logistics98,prob19.pddl,abs-fd,timed out,1800.2653533890843,abstract_fd_search,,0.3354167863726616,0.003486569970846176,0.5404971055686474,,0.11767735332250595,0.7990197353065014,1.0635664723813534,0.6570573598146439,,0.4201290160417557,,,0.21853796392679214,,,,,2,0,34,0,56,,,35,30,object,
logistics98,prob19.pddl,fd-lmcut,timed out,1800.1087830476463,,,,,,,,,,,,,,,,,,,,,,,,,,,,,,
logistics98,prob20.pddl,abs-asp,timed out,1800.1437119357288,abstract_asp,,0.4182257205247879,0.003699701279401779,0.8090745843946934,,0.1523674577474594,4.015690620988607,1.3423719927668571,1.416073203086853,,0.5547244213521481,0.6306031793355942,,,,,,,2,0,,,17,,18,,19,object,
logistics98,prob20.pddl,abs-fd,timed out,1800.277378788218,abstract_fd_search,,0.4134876858443022,0.003585606813430786,0.8056149464100599,,0.15367355570197105,3.907155629247427,1.3290810473263264,1.4317448399960995,,0.5556074548512697,,,0.4272582195699215,,,,,2,0,25,0,58,,,26,19,object,
logistics98,prob20.pddl,fd-lmcut,timed out,1800.1091868653893,,,,,,,,,,,,,,,,,,,,,,,,,,,,,,
logistics98,prob21.pddl,abs-asp,timed out,1800.0481976792216,abstract_asp,,0.39492538943886757,0.0033948607742786407,0.6629034988582134,,0.22605940327048302,2.073966160416603,1.1753829345107079,0.8548308275640011,,0.47174206003546715,0.34660934656858444,,,,,,,2,0,,,17,,18,,40,object,
logistics98,prob21.pddl,abs-fd,timed out,1800.2783148474991,abstract_fd_search,,0.38841911405324936,0.0034506581723690033,0.6670031398534775,,0.2260662280023098,2.122621599584818,1.1723850034177303,0.8556938208639622,,0.4701499156653881,,,0.23440418019890785,,,,,2,0,18,0,37,,,19,40,object,
logistics98,prob21.pddl,fd-lmcut,timed out,1800.1074572354555,,,,,,,,,,,,,,,,,,,,,,,,,,,,,,
logistics98,prob22.pddl,abs-asp,timed out,1800.1722974441946,abstract_asp,,0.477599062025547,0.004921309649944305,1.718909364193678,,0.5140537470579147,2.998372096568346,3.3571564964950085,2.660545948892832,,1.1301446221768856,0.9300749562680721,,,,,,,2,0,,,16,,17,,74,object,
logistics98,prob22.pddl,abs-fd,interrupted,211.0110953040421,abstract_fd_search,,0.45652489364147186,0.0048799775540828705,1.6752647794783115,,0.5168420635163784,2.980078350752592,3.3786000423133373,2.616602525115013,,1.1309663988649845,,,0.8295697830617428,,,,,2,0,0,0,94,,,1,74,object,
logistics98,prob22.pddl,fd-lmcut,timed out,1800.1099228262901,,,,,,,,,,,,,,,,,,,,,,,,,,,,,,
logistics98,prob23.pddl,abs-asp,timed out,1800.1210341900587,abstract_asp,,0.2633140981197357,0.0032965615391731262,0.2139899991452694,,0.06997491791844368,0.20153208076953888,0.38518229871988297,0.3049099072813988,,0.11756769940257072,0.08360245451331139,,,,,,,2,0,,,16,,17,,28,object,
logistics98,prob23.pddl,abs-fd,timed out,1800.1772048436105,abstract_fd_search,,0.28846050426363945,0.0033583659678697586,0.2320238333195448,,0.06996428407728672,0.21571066975593567,0.41187503933906555,0.3075616005808115,,0.12114225886762142,,,0.10439755022525787,,,,,2,0,36,0,45,,,37,28,object,
logistics98,prob23.pddl,fd-lmcut,timed out,1800.1117338612676,,,,,,,,,,,,,,,,,,,,,,,,,,,,,,
logistics98,prob24.pddl,abs-asp,timed out,1800.0443857088685,abstract_solving,,0.3528222553431988,0.0027720965445041656,0.7730074487626553,,0.2696234695613384,1.3657801821827888,1.4867344945669174,0.5103888623416424,,0.3570757769048214,0.09011194109916687,10.474926143884659,,,,,,2,0,7,0,11,,12,8,54,object,
logistics98,prob24.pddl,abs-fd,timed out,1800.1406083926558,abstract_fd_search,,0.35956869274377823,0.0028163231909275055,0.7912999913096428,,0.27294831722974777,1.370424758642912,1.5112837888300419,0.5102105103433132,,0.3591194860637188,,,0.09181101247668266,,,,,2,0,7,0,11,,,8,54,object,
logistics98,prob24.pddl,fd-lmcut,timed out,1800.1091463267803,,,,,,,,,,,,,,,,,,,,,,,,,,,,,,
logistics98,prob25.pddl,abs-asp,timed out,1800.179992698133,abstract_asp,,0.6413527876138687,0.004246030002832413,1.825904693454504,,0.3775870352983475,13.118540730327368,2.745883695781231,3.181179914623499,,1.0853584371507168,1.3047276623547077,,,,,,,2,0,,,16,,17,,29,object,
logistics98,prob25.pddl,abs-fd,timed out,1800.5730605274439,abstract_fd_search,,0.6191346906125546,0.004267122596502304,1.8140660338103771,,0.3695124201476574,12.935868915170431,2.7610675543546677,3.2187595441937447,,1.0849956423044205,,,1.0239603742957115,,,,,2,0,28,0,68,,,29,29,object,
logistics98,prob25.pddl,fd-lmcut,timed out,1800.1100979149342,,,,,,,,,,,,,,,,,,,,,,,,,,,,,,
logistics98,prob26.pddl,abs-asp,timed out,1800.1398579701781,abstract_asp,,0.47261229902505875,0.004402436316013336,1.0315908789634705,,0.7262091785669327,2.3808688297867775,1.7584535256028175,1.3419818542897701,,0.670251902192831,0.536430511623621,,,,,,,2,0,,,13,,14,,106,object,
logistics98,prob26.pddl,abs-fd,timed out,1800.4275324866176,abstract_fd_search,,0.49787337705492973,0.00440896674990654,1.0699301920831203,,0.7562936842441559,2.3806789852678776,1.833103310316801,1.359132081270218,,0.6774436831474304,,,0.49656450748443604,,,,,2,0,60,0,75,,,61,106,object,
logistics98,prob26.pddl,fd-lmcut,timed out,1800.10915992409,,,,,,,,,,,,,,,,,,,,,,,,,,,,,,
logistics98,prob27.pddl,abs-asp,timed out,1800.1390223316848,abstract_asp,,0.5091092959046364,0.003941379487514496,2.5334403067827225,,0.3423398546874523,6.1454025991261005,4.689362619072199,1.915392778813839,,0.6879767887294292,0.777904499322176,,,,,,,4,0,,,22,,23,,40,object,
logistics98,prob27.pddl,abs-fd,interrupted,266.29126938059926,abstract_fd_search,,0.500370267778635,0.00385839119553566,2.5028493516147137,,0.3433421514928341,6.061012089252472,4.6887506023049355,1.896560549736023,,0.6895793043076992,,,4.491424135863781,,,,,4,0,0,0,163,,,0,40,object,
logistics98,prob27.pddl,fd-lmcut,timed out,1800.1086287684739,,,,,,,,,,,,,,,,,,,,,,,,,,,,,,
logistics98,prob28.pddl,abs-asp,timed out,1800.2000881433487,abstract_asp,,0.6969698444008827,0.005182746797800064,5.5029503889381886,,1.0124666318297386,13.215877030044794,10.490173660218716,4.088950116187334,,3.236787687987089,1.144525207579136,,,,,,,2,0,,,17,,18,,83,object,
logistics98,prob28.pddl,abs-fd,interrupted,185.07528599724174,abstract_fd_search,,0.7114940360188484,0.005249958485364914,5.638214986771345,,1.0280461758375168,13.00341897830367,10.668603662401438,4.151461847126484,,3.2431162521243095,,,1.4506973922252655,,,,,2,0,0,0,103,,,0,83,object,
logistics98,prob28.pddl,fd-lmcut,timed out,1800.1102163419127,,,,,,,,,,,,,,,,,,,,,,,,,,,,,,
logistics98,prob29.pddl,abs-asp,timed out,1800.1701547689736,abstract_asp,,0.4301838241517544,0.009533200412988663,1.6548519060015678,,0.2719360738992691,2.227369539439678,3.4492180980741978,3.595458462834358,,1.224812362343073,1.3945604488253593,,,,,,,2,0,,,16,,17,,46,object,
logistics98,prob29.pddl,abs-fd,interrupted,209.4748636484146,abstract_fd_search,,0.4363016001880169,0.011912818998098373,1.722157396376133,,0.2924405634403229,2.4849100075662136,3.630842700600624,3.7887270860373974,,1.3113344870507717,,,1.3872314468026161,,,,,2,0,0,0,120,,,0,46,object,
logistics98,prob29.pddl,fd-lmcut,timed out,1800.1108159795403,,,,,,,,,,,,,,,,,,,,,,,,,,,,,,
logistics98,prob30.pddl,abs-asp,timed out,1800.1498370524496,abstract_asp,,0.5852944180369377,0.004083041101694107,1.7645681537687778,,0.7756778877228498,7.200014920905232,2.9323460534214973,1.261971628293395,,1.1744366027414799,0.46762588806450367,,,,,,,2,0,,,16,,17,,80,object,
logistics98,prob30.pddl,abs-fd,timed out,1800.452150195837,abstract_fd_search,,0.5581928677856922,0.003983102738857269,1.7145657055079937,,0.7673170603811741,7.286823865026236,2.867873325943947,1.2319173365831375,,1.162966050207615,,,0.3456822894513607,,,,,2,0,28,0,50,,,29,80,object,
logistics98,prob30.pddl,fd-lmcut,timed out,1800.1058669760823,,,,,,,,,,,,,,,,,,,,,,,,,,,,,,
logistics98,prob33.pddl,abs-asp,timed out,1800.0189790800214,abstract_solving,,0.15970123559236526,0.002368137240409851,0.11560117080807686,,0.014855913817882538,0.03839996084570885,0.18215186148881912,0.1481211706995964,,0.01349758729338646,0.007386360317468643,320.18943382799625,,,,,,2,0,12,0,15,,16,13,9,object,
logistics98,prob33.pddl,abs-fd,timed out,1800.0235587917268,abstract_fd_search,,0.22919941321015358,0.002558209002017975,0.12325849756598473,,0.015145067125558853,0.04003870487213135,0.1690402589738369,0.15792572125792503,,0.013803321868181229,,,0.06842323392629623,,,,,2,0,11,0,15,,,12,9,object,
logistics98,prob33.pddl,fd-lmcut,success,45.402211017906666,total,43.048991,,,,,,,,,43.045458,,,,,,,,valid,,,,,,27,,,,,
logistics98,prob34.pddl,abs-asp,timed out,1800.1183482557535,abstract_solving,,0.18107929825782776,0.0025851763784885406,0.1493755429983139,,0.02601686865091324,0.07764137908816338,0.22310758382081985,0.17395572736859322,,0.026041079312562943,0.01511944830417633,287.21881955489516,,,,,,2,0,13,0,16,,17,14,14,object,
logistics98,prob34.pddl,abs-fd,timed out,1800.1178265884519,abstract_fd_search,,0.17452501878142357,0.0024452470242977142,0.1349407285451889,,0.02566387876868248,0.07724272459745407,0.22109553962945938,0.17287898808717728,,0.025583304464817047,,,0.07116072624921799,,,,,2,0,10,0,16,,,11,14,object,
logistics98,prob34.pddl,fd-lmcut,timed out,1800.109211884439,,,,,,,,,,,,,,,,,,,,,,,,,,,,,,
logistics98,prob35.pddl,abs-asp,timed out,1800.11557803303,abstract_solving,,0.1858089491724968,0.0024922527372837067,0.1424335427582264,,0.03264036029577255,0.1845337636768818,0.21999286115169525,0.1818934679031372,,0.023811660706996918,0.016693737357854843,138.50377433747053,,,,,,2,0,7,0,15,,16,8,15,object,
logistics98,prob35.pddl,abs-fd,timed out,1800.1176404878497,abstract_fd_search,,0.18006399273872375,0.0024232082068920135,0.13728096708655357,,0.03259367123246193,0.17717062309384346,0.18375002965331078,0.16978713870048523,,0.02329912781715393,,,0.06804012879729271,,,,,2,0,9,0,15,,,10,15,object,
logistics98,prob35.pddl,fd-lmcut,success,8.573777072131634,total,6.129457,,,,,,,,,6.12592,,,,,,,,valid,,,,,,30,,,,,
miconic,s10-0.pddl,abs-asp,timed out,1800.1137441433966,abstract_asp,,0.2918185666203499,0.0020667538046836853,0.11627662181854248,,0.025547899305820465,0.07401304692029953,0.1852959580719471,0.15960577130317688,,0.012724343687295914,0.011073704808950424,,,,,,,1,0,,,29,,30,,2,object,
miconic,s10-0.pddl,abs-fd,success,3.426114294677973,total,1.721532,0.28997,0.002101,0.100912,,0.02577,0.073274,0.168474,0.166485,,0.01143,,,0.072467,0.756721,,,valid,1,0,0,0,40,42,,1,2,object,
miconic,s10-0.pddl,fd-lmcut,success,2.0540230236947536,total,0.208118,,,,,,,,,0.2044,,,,,,,,valid,,,,,,33,,,,,
miconic,s11-4.pddl,abs-asp,timed out,1800.114244028926,abstract_asp,,0.3095947615802288,0.0021096505224704742,0.10000499337911606,,0.02996237948536873,0.0912097729742527,0.16515043005347252,0.1637876108288765,,0.012871354818344116,0.012318138033151627,,,,,,,1,0,,,30,,31,,2,object,
miconic,s11-4.pddl,abs-fd,success,4.431503055617213,total,1.966967,0.329942,0.002191,0.123373,,0.030063,0.092926,0.19488,0.172025,,0.014355,,,0.073477,0.879078,,,valid,1,0,0,0,41,43,,1,2,object,
miconic,s11-4.pddl,fd-lmcut,success,2.563237529247999,total,0.253011,,,,,,,,,0.249607,,,,,,,,valid,,,,,,35,,,,,
miconic,s12-0.pddl,abs-asp,timed out,1800.1138605810702,abstract_asp,,0.3344801291823387,0.0022508837282657623,0.10863790661096573,,0.03558973968029022,0.1011698767542839,0.1764744631946087,0.16602791473269463,,0.015788599848747253,0.01448146253824234,,,,,,,1,0,,,30,,31,,2,object,
miconic,s12-0.pddl,abs-fd,success,3.6982169710099697,total,2.038828,0.325206,0.002233,0.10165,,0.034229,0.10212,0.166655,0.164684,,0.014666,,,0.070043,0.998124,,,valid,1,0,0,0,44,46,,1,2,object,
miconic,s12-0.pddl,fd-lmcut,success,2.118813268840313,total,0.241109,,,,,,,,,0.238222,,,,,,,,valid,,,,,,40,,,,,
miconic,s18-1.pddl,abs-asp,timed out,1800.1128825433552,abstract_asp,,0.5282642282545567,0.003146667033433914,0.1459982581436634,,0.07126149162650108,0.2218717709183693,0.22744061425328255,0.20374593883752823,,0.0316753163933754,0.028352919965982437,,,,,,,1,0,,,30,,31,,2,object,
miconic,s18-1.pddl,abs-fd,success,7.974974250420928,total,5.193394,0.548796,0.00296,0.154478,,0.070856,0.217224,0.225877,0.213959,,0.029966,,,0.08941,3.523084,,,valid,1,0,0,0,72,74,,1,2,object,
miconic,s18-1.pddl,fd-lmcut,success,3.8073237109929323,total,1.083287,,,,,,,,,1.079923,,,,,,,,valid,,,,,,58,,,,,
miconic,s20-3.pddl,abs-asp,timed out,1800.116791188717,abstract_asp,,0.6066950839012861,0.0030657220631837845,0.15863932855427265,,0.08630744367837906,0.2690624911338091,0.2623410616070032,0.2211593370884657,,0.035938944667577744,0.033243829384446144,,,,,,,1,0,,,31,,32,,2,object,
miconic,s20-3.pddl,abs-fd,success,8.488976031541824,total,6.219052,0.597305,0.00307,0.13834,,0.086121,0.261575,0.236827,0.218619,,0.035798,,,0.089837,4.413184,,,valid,1,0,0,0,78,80,,1,2,object,
miconic,s20-3.pddl,fd-lmcut,success,4.232978776097298,total,1.987158,,,,,,,,,1.983668,,,,,,,,valid,,,,,,63,,,,,
miconic,s24-1.pddl,abs-asp,timed out,1800.1168946698308,abstract_asp,,0.8612552843987942,0.003500465303659439,0.16271964088082314,,0.12168913334608078,0.3730269558727741,0.25931554287672043,0.2580696530640125,,0.04969865083694458,0.0481732115149498,,,,,,,1,0,,,30,,31,,2,object,
miconic,s24-1.pddl,abs-fd,success,14.259835600852966,total,11.037206,0.911832,0.003645,0.206251,,0.122914,0.377532,0.295596,0.269046,,0.053113,,,0.110749,8.450202,,,valid,1,0,0,0,100,102,,1,2,object,
miconic,s24-1.pddl,fd-lmcut,success,6.458737283945084,total,4.042443,,,,,,,,,4.039409,,,,,,,,valid,,,,,,78,,,,,
miconic,s24-2.pddl,abs-asp,timed out,1800.1196095459163,abstract_asp,,0.8519137278199196,0.003515772521495819,0.16242261603474617,,0.11797836422920227,0.37209731712937355,0.25863009318709373,0.25751320645213127,,0.050455451011657715,0.04873185232281685,,,,,,,1,0,,,28,,29,,2,object,
miconic,s24-2.pddl,abs-fd,success,13.355567403137684,total,10.689506,0.880639,0.003475,0.169416,,0.118866,0.375492,0.270058,0.269296,,0.05077,,,0.111217,8.207988,,,valid,1,0,0,0,99,101,,1,2,object,
miconic,s24-2.pddl,fd-lmcut,success,6.334126457571983,total,3.717102,,,,,,,,,3.714194,,,,,,,,valid,,,,,,78,,,,,
miconic,s26-0.pddl,abs-asp,timed out,1800.1212127003819,abstract_asp,,0.957924285903573,0.003760654479265213,0.17667088843882084,,0.13996446318924427,0.43441489711403847,0.28124649822711945,0.27771513909101486,,0.057282013818621635,0.060344232246279716,,,,,,,1,0,,,29,,30,,2,object,
miconic,s26-0.pddl,abs-fd,success,15.626443184912205,total,12.757187,0.977702,0.003832,0.176521,,0.139889,0.455577,0.279222,0.278032,,0.060349,,,0.119493,10.001553,,,valid,1,0,0,0,106,108,,1,2,object,
miconic,s26-0.pddl,fd-lmcut,success,9.78212720900774,total,6.922044,,,,,,,,,6.918138,,,,,,,,valid,,,,,,84,,,,,
miconic,s30-0.pddl,abs-asp,timed out,1800.1207743547857,abstract_asp,,1.2990494072437286,0.004885997623205185,0.22792599350214005,,0.18434341624379158,0.5799182839691639,0.35391098633408546,0.327800452709198,,0.0842348076403141,0.07527681067585945,,,,,,,1,0,,,29,,30,,2,object,
miconic,s30-0.pddl,abs-fd,success,21.91395514458418,total,18.050398,1.307784,0.005184,0.223177,,0.184404,0.589842,0.346842,0.324015,,0.08065,,,0.137948,14.495443,,,valid,1,0,0,0,118,120,,1,2,object,
miconic,s30-0.pddl,fd-lmcut,success,12.133618829771876,total,8.823121,,,,,,,,,8.819566,,,,,,,,valid,,,,,,95,,,,,
miconic,s7-0.pddl,abs-asp,success,9.577435992658138,total,7.870664,0.174778,0.001805,0.093268,,0.015079,0.041882,0.156797,0.155834,,0.007204,0.007039,6.919547,,0.248573,,,valid,1,0,0,0,21,23,22,1,2,object,
miconic,s7-0.pddl,abs-fd,success,2.859283432364464,total,1.081871,0.181402,0.001808,0.111607,,0.014615,0.040553,0.154923,0.153315,,0.008662,,,0.06803,0.307369,,,valid,1,0,0,0,26,28,,1,2,object,
miconic,s7-0.pddl,fd-lmcut,success,2.549367379397154,total,0.206469,,,,,,,,,0.203217,,,,,,,,valid,,,,,,23,,,,,
miconic,s9-3.pddl,abs-asp,success,943.5329526439309,total,941.218182,0.269958,0.002163,0.124067,,0.023442,0.066491,0.199466,0.16067,,0.011877,0.009754,939.784959,,0.491211,,,valid,1,0,0,0,30,32,31,1,2,object,
miconic,s9-3.pddl,abs-fd,success,3.328997664153576,total,1.476145,0.273256,0.001977,0.11684,,0.021595,0.061923,0.18511,0.159908,,0.010937,,,0.070213,0.526516,,,valid,1,0,0,0,33,35,,1,2,object,
miconic,s9-3.pddl,fd-lmcut,success,2.5322879999876022,total,0.207917,,,,,,,,,0.204552,,,,,,,,valid,,,,,,32,,,,,
mprime,prob02.pddl,abs-asp,success,6.793582424521446,total,4.992053,0.177062,0.003065,0.23651,,0.036507,0.164698,0.482847,0.255084,,0.20291,0.07465,1.291361,,1.989748,,,valid,4,1,0,0,7,7,8,1,18,object,
mprime,prob02.pddl,abs-fd,success,6.401695653796196,total,4.613619,0.177372,0.002917,0.237298,,0.036213,0.155287,0.46529,0.255759,,0.202206,,,0.079668,2.910263,,,valid,4,1,0,0,13,13,,1,18,object,
mprime,prob02.pddl,fd-lmcut,success,8.968733958899975,total,6.680395,,,,,,,,,6.676946,,,,,,,,valid,,,,,,7,,,,,
mprime,prob05.pddl,abs-asp,success,17.06926259212196,total,14.736002,0.178961,0.0024,0.229435,,0.026659,0.105611,0.434648,0.240737,,0.168322,0.059059,10.783359,,2.415339,,,valid,4,1,0,0,11,11,12,1,13,object,
mprime,prob05.pddl,abs-fd,success,6.093511510640383,total,4.496161,0.168479,0.002414,0.203548,,0.02689,0.104274,0.396522,0.229386,,0.165975,,,0.076646,3.039909,,,valid,4,1,0,0,14,16,,1,13,object,
mprime,prob05.pddl,fd-lmcut,success,56.35826721414924,total,54.185113,,,,,,,,,54.181577,,,,,,,,valid,,,,,,11,,,,,
mprime,prob07.pddl,abs-asp,success,3.5706401877105236,total,2.044419,0.177319,0.002351,0.156894,,0.045385,0.133861,0.272796,0.200809,,0.082229,0.042259,0.220856,,0.660773,,,valid,4,1,0,0,5,5,6,1,23,object,
mprime,prob07.pddl,abs-fd,success,4.38404805585742,total,2.001045,0.196373,0.002403,0.183334,,0.046301,0.152518,0.309134,0.204854,,0.08446,,,0.07348,0.69831,,,valid,4,1,0,0,5,5,,1,23,object,
mprime,prob07.pddl,fd-lmcut,success,2.0302359871566296,total,0.323766,,,,,,,,,0.320656,,,,,,,,valid,,,,,,5,,,,,
mprime,prob08.pddl,abs-asp,success,9.42160103842616,total,7.117685,0.203478,0.002405,0.453609,,0.028357,0.271165,0.923389,0.446705,,0.475434,0.204659,0.878545,,3.163584,,,valid,6,1,2,1,2,6,3,4,9,object,
mprime,prob08.pddl,abs-fd,success,7.541420873254538,total,5.97796,0.185617,0.002363,0.427681,,0.028683,0.241824,0.880406,0.434328,,0.471512,,,0.120957,3.103244,,,valid,6,1,2,1,2,6,,4,9,object,
mprime,prob08.pddl,fd-lmcut,success,16.50759607926011,total,14.07789,,,,,,,,,14.074346,,,,,,,,valid,,,,,,6,,,,,
mprime,prob09.pddl,abs-asp,success,6.844865120947361,total,4.634744,0.17252,0.002391,0.202402,,0.022587,0.10175,0.37791,0.235978,,0.142108,0.06637,1.827228,,1.421099,,,valid,4,1,0,0,8,8,9,1,11,object,
mprime,prob09.pddl,abs-fd,success,5.6484579630196095,total,3.351732,0.1926,0.002413,0.207169,,0.022653,0.099961,0.384787,0.238212,,0.142886,,,0.079363,1.913828,,,valid,4,1,0,0,11,12,,1,11,object,
mprime,prob09.pddl,fd-lmcut,success,2.3197497837245464,total,0.748642,,,,,,,,,0.745411,,,,,,,,valid,,,,,,8,,,,,
mprime,prob10.pddl,abs-asp,success,47.81452611088753,total,45.892746,0.271147,0.002456,1.934491,,0.115796,0.279391,4.483014,1.002647,,2.347954,0.555174,7.814346,,26.547467,,,valid,4,1,0,0,8,8,9,1,38,object,
mprime,prob10.pddl,abs-fd,success,40.36483561992645,total,37.86943,0.299821,0.002498,1.976107,,0.115461,0.282618,4.44207,1.003811,,2.350258,,,0.176901,26.741381,,,valid,4,1,0,0,8,8,,1,38,object,
mprime,prob10.pddl,fd-lmcut,timed out,1800.1111769676208,,,,,,,,,,,,,,,,,,,,,,,,,,,,,,
mprime,prob12.pddl,abs-asp,success,4.294176161289215,total,2.72583,0.167434,0.002286,0.189184,,0.013087,0.091871,0.319301,0.274499,,0.122628,0.097727,0.41754,,0.98411,,,valid,6,1,2,0,3,7,4,3,4,object,
mprime,prob12.pddl,abs-fd,success,4.744394559413195,total,2.413074,0.17128,0.002389,0.192577,,0.013356,0.094465,0.356208,0.284595,,0.120097,,,0.087201,1.046709,,,valid,6,1,2,0,3,7,,3,4,object,
mprime,prob12.pddl,fd-lmcut,success,2.7787254750728607,total,0.641191,,,,,,,,,0.637717,,,,,,,,valid,,,,,,6,,,,,
mprime,prob13.pddl,abs-asp,timed out,1800.12346290797,abstract_asp,,0.27929365262389183,0.0025948695838451385,1.8562851659953594,,0.13788673654198647,0.2794935666024685,4.245948318392038,0.6777395457029343,,2.2233428172767162,0.31346169486641884,,,,,,,4,1,,,13,,14,,44,object,
mprime,prob13.pddl,abs-fd,success,79.9181208498776,total,77.319493,0.286502,0.002611,1.858279,,0.138787,0.27863,4.230552,0.696934,,2.240914,,,0.138424,66.595944,,,valid,4,1,0,0,18,20,,1,44,object,
mprime,prob13.pddl,fd-lmcut,timed out,1800.1096462719142,,,,,,,,,,,,,,,,,,,,,,,,,,,,,,
mprime,prob14.pddl,abs-asp,success,410.59344659373164,total,407.831526,0.298987,0.002949,2.395506,,0.137812,0.326514,5.880865,1.322067,,2.934356,0.71606,349.803421,,43.159249,,,valid,4,1,0,0,11,11,12,1,42,object,
mprime,prob14.pddl,abs-fd,success,59.43820560723543,total,56.751004,0.294762,0.002982,2.407565,,0.138054,0.323626,5.92164,1.324416,,2.918386,,,0.232087,42.468464,,,valid,4,1,0,0,11,11,,1,42,object,
mprime,prob14.pddl,fd-lmcut,timed out,1800.1115805841982,,,,,,,,,,,,,,,,,,,,,,,,,,,,,,
mprime,prob15.pddl,abs-asp,success,44.98956810310483,total,42.610931,0.26111,0.002421,1.637541,,0.040751,0.347919,3.926173,2.96743,,2.071737,1.586332,10.281547,,19.035106,,,valid,4,1,0,0,6,6,7,1,12,object,
mprime,prob15.pddl,abs-fd,success,32.26157974824309,total,30.472932,0.256001,0.002443,1.598944,,0.041408,0.344613,3.863881,2.927685,,2.057727,,,0.381907,18.649546,,,valid,4,1,0,0,6,6,,1,12,object,
mprime,prob15.pddl,fd-lmcut,success,127.9791447930038,total,125.83637,,,,,,,,,125.832104,,,,,,,,valid,,,,,,6,,,,,
mprime,prob16.pddl,abs-asp,success,7.630158670246601,total,5.879229,0.186074,0.002545,0.34505,,0.021123,0.248014,0.70317,0.356278,,0.344218,0.139787,0.721902,,2.740634,,,valid,6,1,2,0,4,8,5,3,7,object,
mprime,prob16.pddl,abs-fd,success,7.070640578866005,total,4.87672,0.18311,0.002439,0.338233,,0.020852,0.231331,0.705543,0.35198,,0.341764,,,0.094588,2.536107,,,valid,6,1,3,0,4,6,,4,7,object,
mprime,prob16.pddl,fd-lmcut,success,7.993283223360777,total,6.434212,,,,,,,,,6.43041,,,,,,,,valid,,,,,,6,,,,,
mprime,prob17.pddl,abs-asp,success,20.195043610408902,total,17.623474,0.265899,0.002476,0.941494,,0.054684,0.246062,2.25025,0.833552,,1.138231,0.426242,2.257747,,9.023842,,,valid,4,1,0,0,4,4,5,1,19,object,
mprime,prob17.pddl,abs-fd,success,16.004836779087782,total,14.33204,0.252166,0.002486,0.914376,,0.053769,0.241131,2.146949,0.817589,,1.141488,,,0.147803,8.44836,,,valid,4,1,0,0,4,4,,1,19,object,
mprime,prob17.pddl,fd-lmcut,success,7.931388478726149,total,5.685837,,,,,,,,,5.681583,,,,,,,,valid,,,,,,4,,,,,
mprime,prob21.pddl,abs-asp,success,12.855110462754965,total,10.646613,0.272328,0.002458,0.622224,,0.077671,0.134834,1.368013,0.261755,,0.735956,0.072705,0.480238,,6.466904,,,valid,4,1,0,0,6,6,7,1,33,object,
mprime,prob21.pddl,abs-fd,success,12.464833326637745,total,10.841707,0.245575,0.002401,0.607709,,0.077402,0.133412,1.336905,0.258253,,0.736743,,,0.084759,7.207766,,,valid,4,1,0,0,7,7,,1,33,object,
mprime,prob21.pddl,fd-lmcut,success,21.20461173914373,total,18.961924,,,,,,,,,18.958306,,,,,,,,valid,,,,,,6,,,,,
mprime,prob24.pddl,abs-asp,success,31.013888405635953,total,29.132317,0.26793,0.002667,0.997315,,0.091271,0.228551,2.277877,1.434071,,1.255231,0.879629,7.43855,,13.916212,,,valid,4,1,0,0,8,8,9,1,34,object,
mprime,prob24.pddl,abs-fd,success,28.691586177796125,total,26.245704,0.274601,0.002762,0.997109,,0.09194,0.234669,2.296229,1.444284,,1.242604,,,0.241661,19.067223,,,valid,4,1,0,0,13,16,,1,34,object,
mprime,prob24.pddl,fd-lmcut,timed out,1800.109981290996,,,,,,,,,,,,,,,,,,,,,,,,,,,,,,
mprime,prob27.pddl,abs-asp,success,8.526637468487024,total,6.96625,0.168382,0.002379,0.303993,,0.015078,0.217664,0.647936,0.666866,,0.323198,0.362979,1.777496,,2.397846,,,valid,4,1,0,0,5,5,6,1,4,object,
mprime,prob27.pddl,abs-fd,success,7.282811256125569,total,5.062766,0.177388,0.002351,0.330504,,0.015083,0.215035,0.693442,0.682754,,0.328555,,,0.141536,2.398795,,,valid,4,1,0,0,5,5,,1,4,object,
mprime,prob27.pddl,fd-lmcut,success,2.4699823074042797,total,0.86719,,,,,,,,,0.863846,,,,,,,,valid,,,,,,5,,,,,
mprime,prob28.pddl,abs-asp,success,3.3506236113607883,total,1.804153,0.154851,0.002922,0.124795,,0.013152,0.08067,0.217474,0.218286,,0.052359,0.057966,0.366456,,0.469249,,,valid,4,1,0,0,7,7,8,1,5,object,
mprime,prob28.pddl,abs-fd,success,3.2856490314006805,total,1.524332,0.161419,0.002899,0.141733,,0.012938,0.079361,0.225853,0.216009,,0.053755,,,0.075313,0.517902,,,valid,4,1,0,0,9,9,,1,5,object,
mprime,prob28.pddl,fd-lmcut,success,1.8097641356289387,total,0.243109,,,,,,,,,0.240051,,,,,,,,valid,,,,,,7,,,,,
mprime,prob29.pddl,abs-asp,success,6.778664741665125,total,4.452656,0.187571,0.002537,0.2607,,0.021797,0.191505,0.496254,0.423234,,0.210743,0.212072,0.936713,,1.446828,,,valid,4,1,0,0,4,4,5,1,9,object,
mprime,prob29.pddl,abs-fd,success,5.658452674746513,total,3.395666,0.197116,0.002474,0.253879,,0.0211,0.203483,0.491759,0.42128,,0.21483,,,0.10425,1.427506,,,valid,4,1,0,0,4,4,,1,9,object,
mprime,prob29.pddl,fd-lmcut,success,2.1238294281065464,total,0.55173,,,,,,,,,0.54838,,,,,,,,valid,,,,,,4,,,,,
mprime,prob31.pddl,abs-asp,success,6.774074912071228,total,4.598033,0.183408,0.002385,0.303664,,0.024457,0.19887,0.648362,0.288396,,0.285871,0.085327,0.438565,,2.067094,,,valid,4,1,0,0,4,4,5,1,9,object,
mprime,prob31.pddl,abs-fd,success,6.145730096846819,total,4.061432,0.190154,0.002386,0.299762,,0.024408,0.203778,0.635898,0.280257,,0.285113,,,0.080152,1.99287,,,valid,4,1,0,0,4,4,,1,9,object,
mprime,prob31.pddl,fd-lmcut,success,2.296183455735445,total,0.726911,,,,,,,,,0.723625,,,,,,,,valid,,,,,,4,,,,,
mprime,prob32.pddl,abs-asp,success,4.159149453043938,total,2.225191,0.174213,0.002382,0.165048,,0.02607,0.086741,0.300685,0.190645,,0.090488,0.028044,0.221931,,0.88369,,,valid,4,1,0,0,7,7,8,1,12,object,
mprime,prob32.pddl,abs-fd,success,4.240427654236555,total,2.127813,0.191076,0.002303,0.170822,,0.026062,0.086198,0.305714,0.181935,,0.091974,,,0.069615,0.952882,,,valid,4,1,0,0,8,8,,1,12,object,
mprime,prob32.pddl,fd-lmcut,success,2.2553211078047752,total,0.684817,,,,,,,,,0.68182,,,,,,,,valid,,,,,,7,,,,,
mprime,prob33.pddl,abs-asp,success,62.77542991377413,total,60.804815,0.258919,0.002437,0.78107,,0.097696,0.165903,1.740306,0.493245,,0.934772,0.231114,42.042628,,13.755189,,,valid,4,1,0,0,12,12,13,1,39,object,
mprime,prob33.pddl,abs-fd,success,22.24979607015848,total,19.898521,0.262754,0.002466,0.795389,,0.098154,0.164859,1.761365,0.483454,,0.938685,,,0.124333,14.977263,,,valid,4,1,0,0,14,15,,1,39,object,
mprime,prob33.pddl,fd-lmcut,timed out,1800.0501478351653,,,,,,,,,,,,,,,,,,,,,,,,,,,,,,
mprime,prob34.pddl,abs-asp,success,6.721332758665085,total,4.305888,0.19042,0.002445,0.299329,,0.042344,0.170032,0.633605,0.21812,,0.277121,0.043378,0.248938,,2.102804,,,valid,4,1,0,0,4,4,5,1,21,object,
mprime,prob34.pddl,abs-fd,success,5.279212914407253,total,3.735787,0.178099,0.002328,0.29408,,0.042532,0.147814,0.587242,0.207891,,0.271477,,,0.071139,1.869035,,,valid,4,1,0,0,4,4,,1,21,object,
mprime,prob34.pddl,fd-lmcut,success,3.054268028587103,total,0.727257,,,,,,,,,0.724301,,,,,,,,valid,,,,,,4,,,,,
mystery,prob02.pddl,abs-asp,success,6.613648425787687,total,4.13152,0.177024,0.002053,0.240871,,0.034515,0.100656,0.456756,0.206412,,0.176706,0.037347,0.93869,,1.684956,,,valid,2,0,0,0,7,7,8,1,18,object,
mystery,prob02.pddl,abs-fd,success,5.692511286586523,total,3.473973,0.175165,0.002065,0.22926,,0.034378,0.099586,0.441337,0.205489,,0.175642,,,0.07475,1.971102,,,valid,2,0,0,0,9,9,,1,18,object,
mystery,prob02.pddl,fd-lmcut,success,3.8340476471930742,total,1.439512,,,,,,,,,1.436195,,,,,,,,valid,,,,,,7,,,,,
mystery,prob05.pddl,abs-asp,timed out,1800.1205624639988,abstract_asp,,0.16761615499854088,0.0021120309829711914,0.18514426425099373,,0.02551976963877678,0.10056362673640251,0.3436676412820816,0.18166855350136757,,0.12748848274350166,0.027466129511594772,,,,,,,2,0,,,57,,58,,13,object,
mystery,prob05.pddl,abs-fd,no plan found,1232.5307084396482,abstract_fd_search,,0.1664961501955986,0.00221894308924675,0.18298782780766487,,0.027893655002117157,0.10885202512145042,0.3135429881513119,0.17920751497149467,,0.11632385849952698,,,1230.0519967973232,,,,,2,0,,,,,,,13,object,
mystery,prob05.pddl,fd-lmcut,timed out,1800.1085848398507,,,,,,,,,,,,,,,,,,,,,,,,,,,,,,
mystery,prob08.pddl,abs-asp,timed out,1800.1365333087742,abstract_solving,,0.18714755028486252,0.0020465217530727386,0.21113843470811844,,0.027339927852153778,0.2484949752688408,0.3947133533656597,0.18645189329981804,,0.14477596431970596,0.023985393345355988,0.10315487533807755,,,,,,4,0,2,33,2,,3,36,9,object,
mystery,prob08.pddl,abs-fd,timed out,1800.139582555741,abstract_fd_search,,0.18999315798282623,0.0020606517791748047,0.21348851546645164,,0.02791804075241089,0.27304495871067047,0.40546491742134094,0.1966550350189209,,0.14524142816662788,,,0.07291261106729507,,,,,4,0,2,33,2,,,36,9,object,
mystery,prob08.pddl,fd-lmcut,timed out,1800.10940650478,,,,,,,,,,,,,,,,,,,,,,,,,,,,,,
mystery,prob09.pddl,abs-asp,success,5.285247981548309,total,2.910682,0.166852,0.002078,0.184398,,0.021501,0.100441,0.344864,0.19449,,0.114309,0.031963,0.520419,,1.162453,,,valid,2,0,0,0,8,8,9,1,11,object,
mystery,prob09.pddl,abs-fd,interrupted,927.696431145072,concrete_asp,,0.16513768211007118,0.0020000487565994263,0.18169986084103584,,0.02148650959134102,0.09903734549880028,0.33679479360580444,0.18664627522230148,,0.11455976963043213,,,,,,,,2,0,,,,,,,11,object,
mystery,prob09.pddl,fd-lmcut,success,2.7486349381506443,total,0.412413,,,,,,,,,0.409175,,,,,,,,valid,,,,,,8,,,,,
mystery,prob10.pddl,abs-asp,success,32.588781233876944,total,30.080046,0.281592,0.002183,1.510223,,0.113559,0.286662,3.531638,0.377026,,1.83882,0.145348,1.245141,,20.338225,,,valid,2,0,0,0,8,8,9,1,38,object,
mystery,prob10.pddl,abs-fd,success,29.364100020378828,total,27.665857,0.263476,0.002095,1.446882,,0.113886,0.280085,3.399517,0.362166,,1.806506,,,0.090523,19.540242,,,valid,2,0,0,0,8,8,,1,38,object,
mystery,prob10.pddl,fd-lmcut,success,12.328693741932511,total,9.842876,,,,,,,,,9.839184,,,,,,,,valid,,,,,,8,,,,,
mystery,prob12.pddl,abs-asp,timed out,1800.1270444318652,abstract_solving,,0.1510518118739128,0.0024323277175426483,0.102729432284832,,0.012300491333007812,0.09263312071561813,0.17447511106729507,0.15053880214691162,,0.02370438352227211,0.008476529270410538,0.04028138145804405,,,,,,4,0,3,143,3,,4,147,4,object,
mystery,prob12.pddl,abs-fd,timed out,1800.1323914676905,abstract_fd_search,,0.16465145722031593,0.002608276903629303,0.12575415149331093,,0.01239452138543129,0.09160533174872398,0.21019398048520088,0.1598774492740631,,0.02558557689189911,,,0.06866510584950447,,,,,4,0,3,136,3,,,140,4,object,
mystery,prob12.pddl,fd-lmcut,no plan found,28.730864752084017,total,27.278937,,,,,,,,,27.275876,,,,,,,,,,,,,,,,,,,
mystery,prob13.pddl,abs-asp,success,73.03890350088477,total,70.44809,0.286346,0.002295,0.778246,,0.134637,0.286286,1.703092,0.2581,,0.87693,0.065589,49.977545,,15.722445,,,valid,2,0,0,0,15,15,16,1,44,object,
mystery,prob13.pddl,abs-fd,success,27.059760008007288,total,24.799759,0.276429,0.002239,0.764595,,0.134947,0.283976,1.661076,0.245628,,0.862037,,,0.092898,20.064921,,,valid,2,0,0,0,21,23,,1,44,object,
mystery,prob13.pddl,fd-lmcut,timed out,1800.1099309735,,,,,,,,,,,,,,,,,,,,,,,,,,,,,,
mystery,prob14.pddl,abs-asp,success,68.23556766286492,total,65.670197,0.285991,0.002526,1.846344,,0.137177,0.323777,4.572596,0.512832,,2.273012,0.236252,22.391321,,32.451177,,,valid,2,0,0,0,11,11,12,1,42,object,
mystery,prob14.pddl,abs-fd,success,43.11218328028917,total,40.495751,0.290128,0.002156,1.861363,,0.135072,0.315866,4.267192,0.478718,,2.229676,,,0.111261,30.237693,,,valid,2,0,0,0,11,11,,1,42,object,
mystery,prob14.pddl,fd-lmcut,timed out,1800.1057770103216,,,,,,,,,,,,,,,,,,,,,,,,,,,,,,
mystery,prob15.pddl,abs-asp,success,14.456076005473733,total,12.808496,0.24796,0.002039,0.675797,,0.040074,0.348414,1.531439,0.497611,,0.796197,0.21125,1.452797,,6.848955,,,valid,2,0,0,0,6,6,7,1,12,object,
mystery,prob15.pddl,abs-fd,success,13.650296801701188,total,11.458575,0.250786,0.002124,0.646358,,0.039832,0.353716,1.566946,0.505403,,0.794341,,,0.105344,7.052558,,,valid,2,0,0,0,6,6,,1,12,object,
mystery,prob15.pddl,fd-lmcut,success,6.171410799026489,total,3.883436,,,,,,,,,3.879618,,,,,,,,valid,,,,,,6,,,,,
mystery,prob16.pddl,abs-asp,timed out,1800.2718967050314,abstract_solving,,0.17690981924533844,0.0020345598459243774,0.18509211018681526,,0.019976582378149033,0.22519558668136597,0.34103794395923615,0.1970568709075451,,0.1097656600177288,0.025930922478437424,0.1425192654132843,,,,,,4,0,4,863,4,,5,868,7,object,
mystery,prob16.pddl,abs-fd,timed out,1800.2664747573435,abstract_fd_search,,0.1783999465405941,0.002026677131652832,0.19197862967848778,,0.01992568001151085,0.22697844356298447,0.34571630507707596,0.19146738573908806,,0.11102195829153061,,,0.06911172717809677,,,,,4,0,4,1065,4,,,1070,7,object,
mystery,prob16.pddl,fd-lmcut,timed out,1800.1097837463021,,,,,,,,,,,,,,,,,,,,,,,,,,,,,,
mystery,prob17.pddl,abs-asp,success,12.820143971592188,total,10.612254,0.202194,0.001989,0.652968,,0.05213,0.285654,1.562626,0.354709,,0.798283,0.126435,0.646266,,5.792216,,,valid,2,0,0,0,4,4,5,1,19,object,
mystery,prob17.pddl,abs-fd,success,12.245059683918953,total,9.866026,0.207463,0.002081,0.660049,,0.052529,0.311484,1.574492,0.363293,,0.820955,,,0.090847,5.65457,,,valid,2,0,0,0,4,4,,1,19,object,
mystery,prob17.pddl,fd-lmcut,success,3.845100201666355,total,2.022311,,,,,,,,,2.018859,,,,,,,,valid,,,,,,4,,,,,
mystery,prob21.pddl,abs-asp,timed out,1800.1214741189033,abstract_asp,,0.19439711421728134,0.002002723515033722,0.3018061053007841,,0.07570329308509827,0.1829414889216423,0.6132387481629848,0.17020746134221554,,0.2716401666402817,0.019722985103726387,,,,,,,2,0,,,162,,163,,33,object,
mystery,prob21.pddl,abs-fd,interrupted,633.4361952096224,concrete_asp,,0.19493820890784264,0.00199856236577034,0.3016551658511162,,0.07685327902436256,0.18180576711893082,0.6228908598423004,0.17076612263917923,,0.2717069275677204,,,,,,,,2,0,,,,,,,33,object,
mystery,prob21.pddl,fd-lmcut,timed out,1800.109643984586,,,,,,,,,,,,,,,,,,,,,,,,,,,,,,
mystery,prob24.pddl,abs-asp,timed out,1800.1195070929825,abstract_asp,,0.251567330211401,0.00224371999502182,0.24001666903495789,,0.08916758000850677,0.23301159217953682,0.4663158282637596,0.18696659430861473,,0.1917458288371563,0.028762444853782654,,,,,,,2,0,,,56,,57,,34,object,
mystery,prob24.pddl,abs-fd,interrupted,1172.1067956462502,concrete_asp,,0.2928588166832924,0.0022866949439048767,0.26118650659918785,,0.08899359032511711,0.23089426383376122,0.4832364171743393,0.1951952874660492,,0.19267188012599945,,,,,,,,2,0,,,,,,,34,object,
mystery,prob24.pddl,fd-lmcut,timed out,1800.1073339395225,,,,,,,,,,,,,,,,,,,,,,,,,,,,,,
mystery,prob27.pddl,abs-asp,success,3.2876233123242855,total,1.697832,0.161964,0.00203,0.12626,,0.01414,0.168326,0.226646,0.202251,,0.057549,0.040675,0.214691,,0.44048,,,valid,2,0,0,0,5,5,6,1,4,object,
mystery,prob27.pddl,abs-fd,success,3.827630501240492,total,1.64126,0.166053,0.002031,0.146506,,0.014317,0.216161,0.254193,0.202781,,0.06747,,,0.073445,0.456923,,,valid,2,0,0,0,5,5,,1,4,object,
mystery,prob27.pddl,fd-lmcut,success,1.9711629822850227,total,0.265053,,,,,,,,,0.261888,,,,,,,,valid,,,,,,5,,,,,
mystery,prob28.pddl,abs-asp,success,2.379116017371416,total,0.871044,0.147513,0.002422,0.093805,,0.012259,0.082766,0.155029,0.148584,,0.012131,0.008352,0.063723,,0.109901,,,valid,2,0,0,0,7,7,8,1,5,object,
mystery,prob28.pddl,abs-fd,success,2.4224867802113295,total,0.88608,0.144505,0.002058,0.093778,,0.012861,0.083946,0.15595,0.148954,,0.011981,,,0.064728,0.135226,,,valid,2,0,0,0,9,9,,1,5,object,
mystery,prob28.pddl,fd-lmcut,success,1.9075949378311634,total,0.176528,,,,,,,,,0.173532,,,,,,,,valid,,,,,,7,,,,,
mystery,prob29.pddl,abs-asp,success,3.801909165456891,total,1.615551,0.171786,0.002062,0.150879,,0.020882,0.123367,0.260559,0.174999,,0.062137,0.024467,0.14199,,0.442144,,,valid,2,0,0,0,4,4,5,1,9,object,
mystery,prob29.pddl,abs-fd,success,2.9932903982698917,total,1.452183,0.157852,0.002016,0.129988,,0.020744,0.124029,0.23364,0.175991,,0.060762,,,0.067411,0.440759,,,valid,2,0,0,0,4,4,,1,9,object,
mystery,prob29.pddl,fd-lmcut,success,2.39904610440135,total,0.29856,,,,,,,,,0.29536,,,,,,,,valid,,,,,,4,,,,,
nomystery-sat11-strips,p01.pddl,abs-asp,success,172.03110833093524,total,165.736728,2.84259,0.005991,0.298974,,0.365904,18.866005,0.323859,0.311859,,0.058713,0.066485,140.650219,,1.867912,,,valid,2,0,4,0,15,20,16,5,2,package,
nomystery-sat11-strips,p01.pddl,abs-fd,success,30.336381170898676,total,24.364365,2.86245,0.006641,0.290435,,0.371285,18.952935,0.309123,0.32855,,0.056808,,,0.086597,1.045479,,,valid,2,0,3,0,16,20,,4,2,package,
nomystery-sat11-strips,p01.pddl,fd-lmcut,success,5.6420486606657505,total,0.416344,,,,,,,,,0.413096,,,,,,,,valid,,,,,,18,,,,,
nomystery-sat11-strips,p02.pddl,abs-asp,timed out,1800.1508435420692,abstract_solving,,3.806496299803257,0.007676273584365845,0.3691524975001812,,0.6289363391697407,30.838955476880074,0.359300184994936,0.3716542012989521,,0.07436023280024529,0.08652832731604576,5.977469604462385,,,,,,2,0,8,0,12,,13,9,4,package,
nomystery-sat11-strips,p02.pddl,abs-fd,timed out,1800.1389146260917,abstract_fd_search,,3.9815088473260403,0.008574537932872772,0.3893604464828968,,0.6376786306500435,32.54244742542505,0.3729648292064667,0.38325366005301476,,0.0752917118370533,,,0.09086016565561295,,,,,2,0,9,0,15,,,10,4,package,
nomystery-sat11-strips,p02.pddl,fd-lmcut,success,8.085447972640395,total,0.815885,,,,,,,,,0.812703,,,,,,,,valid,,,,,,21,,,,,
nomystery-sat11-strips,p04.pddl,abs-asp,timed out,1800.4503687750548,abstract_asp,,23.45434339158237,0.039347851648926735,1.7842964958399534,,3.292003732174635,434.30660088546574,1.2197472602128983,1.317622261121869,,0.24818461202085018,0.29245016537606716,,,,,,,2,0,,,17,,18,,3,package,
nomystery-sat11-strips,p04.pddl,abs-fd,success,531.9405981861055,total,482.844328,23.272927,0.044156,1.769536,,3.325213,443.978753,1.218058,1.320464,,0.2472,,,0.183948,7.294235,,,valid,2,0,2,0,30,34,,3,3,package,
nomystery-sat11-strips,p04.pddl,fd-lmcut,success,95.0698393844068,total,64.103597,,,,,,,,,64.099509,,,,,,,,valid,,,,,,28,,,,,
nomystery-sat11-strips,p06.pddl,abs-asp,timed out,1800.4342313930392,abstract_asp,,20.834458515048027,0.03173323720693588,1.9180510453879833,,3.1033468432724476,354.94727120921016,1.2313807122409344,1.368234220892191,,0.29965227097272873,0.35501469671726227,,,,,,,2,0,,,17,,18,,4,package,
nomystery-sat11-strips,p06.pddl,abs-fd,timed out,1800.4825232475996,abstract_fd_search,,20.158865246921778,0.0315699428319931,1.722916528582573,,3.10433866456151,355.9068755917251,1.2054017186164856,1.33803141862154,,0.2985476516187191,,,0.19225524365901947,,,,,2,0,12,0,35,,,13,4,package,
nomystery-sat11-strips,p06.pddl,fd-lmcut,success,682.0950014740229,total,653.921985,,,,,,,,,653.917347,,,,,,,,valid,,,,,,36,,,,,
nomystery-sat11-strips,p07.pddl,abs-asp,timed out,1800.5244813784957,abstract_asp,,26.129385706037283,0.039617493748664856,2.302504751831293,,3.9135199449956417,505.29298701137304,1.5855948626995087,1.7170644588768482,,0.3828774392604828,0.44829562306404114,,,,,,,2,0,,,17,,18,,4,package,
nomystery-sat11-strips,p07.pddl,abs-fd,timed out,1800.6130000054836,abstract_fd_search,,26.432987857609987,0.03974449262022972,2.471981942653656,,3.9424842298030853,498.48592204228044,1.699552558362484,1.6700546257197857,,0.372817263007164,,,1.4721074923872948,,,,,2,0,7,0,42,,,8,4,package,
nomystery-sat11-strips,p07.pddl,fd-lmcut,timed out,1800.1089431419969,,,,,,,,,,,,,,,,,,,,,,,,,,,,,,
nomystery-sat11-strips,p08.pddl,abs-asp,timed out,1800.2384227514267,abstract_asp,,13.217285366728902,0.02122214064002037,1.259800884872675,,2.0348429791629314,182.09909687936306,1.0027993246912956,1.158556492999196,,0.3020481504499912,0.3387907203286886,,,,,,,2,0,,,17,,18,,4,package,
nomystery-sat11-strips,p08.pddl,abs-fd,success,244.34050462394953,total,218.245492,13.346812,0.021045,1.283576,,1.99994,181.020132,1.014055,1.095605,,0.286684,,,7.092975,10.840724,,,valid,2,0,0,0,39,45,,1,4,package,
nomystery-sat11-strips,p08.pddl,fd-lmcut,timed out,1800.110763117671,,,,,,,,,,,,,,,,,,,,,,,,,,,,,,
nomystery-sat11-strips,p10.pddl,abs-asp,timed out,1800.4992853850126,abstract_asp,,23.422168139368296,0.036854714155197144,2.2032129913568497,,3.2851094603538513,430.3918087296188,1.6208326667547226,1.7747151255607605,,0.44673286378383636,0.5250077992677689,,,,,,,2,0,,,18,,19,,3,package,
nomystery-sat11-strips,p10.pddl,abs-fd,interrupted,1330.3741824179888,concrete_asp,,23.350302040576935,0.03599775210022926,2.2037859223783016,,3.2830758951604366,424.2902315109968,1.6090211048722267,1.7609078846871853,,0.44562334567308426,,,,,,,,2,0,,,,,,,3,package,
nomystery-sat11-strips,p10.pddl,fd-lmcut,timed out,1800.1116542890668,,,,,,,,,,,,,,,,,,,,,,,,,,,,,,
nomystery-sat11-strips,p11.pddl,abs-asp,success,706.5344359874725,total,702.300295,1.527444,0.003931,0.210023,,0.200858,7.325809,0.261215,0.244436,,0.040522,0.045487,42.168732,,650.199815,,,valid,2,0,11,0,15,19,16,12,2,package,
nomystery-sat11-strips,p11.pddl,abs-fd,success,635.0769887678325,total,630.252766,1.601229,0.004003,0.221292,,0.214763,7.174255,0.276233,0.256176,,0.040876,,,0.08366,620.324821,,,valid,2,0,11,0,15,19,,12,2,package,
nomystery-sat11-strips,p11.pddl,fd-lmcut,success,3.79252739995718,total,0.308328,,,,,,,,,0.305045,,,,,,,,valid,,,,,,18,,,,,
nomystery-sat11-strips,p12.pddl,abs-asp,timed out,1800.1349705196917,abstract_solving,,2.1008084155619144,0.005312889814376831,0.2633096016943455,,0.3393237106502056,11.98743188381195,0.3030582368373871,0.28313468024134636,,0.0537865124642849,0.060136158019304276,6.571867045015097,,,,,,2,0,9,0,12,,13,10,4,package,
nomystery-sat11-strips,p12.pddl,abs-fd,timed out,1800.1326757408679,abstract_fd_search,,2.106559030711651,0.004857569932937622,0.26013437658548355,,0.3283424712717533,11.479202877730131,0.30165698379278183,0.28181708976626396,,0.05371934175491333,,,0.07850523293018341,,,,,2,0,12,0,14,,,13,4,package,
nomystery-sat11-strips,p12.pddl,fd-lmcut,success,4.52913011983037,total,0.538222,,,,,,,,,0.53531,,,,,,,,valid,,,,,,21,,,,,
nomystery-sat11-strips,p14.pddl,abs-asp,timed out,1800.335855241865,abstract_asp,,13.111137185245752,0.02450670674443245,0.9922773316502571,,1.7743076607584953,175.18436304852366,0.7781456671655178,0.821454007178545,,0.17705881968140602,0.21060828864574432,,,,,,,2,0,,,17,,18,,3,package,
nomystery-sat11-strips,p14.pddl,abs-fd,timed out,1800.3038714565337,abstract_fd_search,,12.524436578154564,0.021028459072113037,0.9843840338289738,,1.7605898901820183,175.442731898278,0.78717140853405,0.8569363318383694,,0.17811837047338486,,,29.870399948209524,,,,,2,0,10,0,25,,,11,3,package,
nomystery-sat11-strips,p14.pddl,fd-lmcut,success,53.67488696426153,total,36.842843,,,,,,,,,36.838866,,,,,,,,valid,,,,,,28,,,,,
nomystery-sat11-strips,p16.pddl,abs-asp,timed out,1800.2601784840226,abstract_asp,,10.770823985338211,0.01791571080684662,0.9606453739106655,,1.6729934737086296,140.78649754449725,0.7934819012880325,0.9147844761610031,,0.21857834979891777,0.2537231370806694,,,,,,,2,0,,,18,,19,,4,package,
nomystery-sat11-strips,p16.pddl,abs-fd,timed out,1800.196441423148,abstract_fd_search,,10.70135960355401,0.019894380122423172,0.9740792009979486,,1.6652558408677578,143.92090915329754,0.8175500854849815,0.9039782993495464,,0.225352106615901,,,0.30166452936828136,,,,,2,0,18,0,31,,,19,4,package,
nomystery-sat11-strips,p16.pddl,fd-lmcut,success,319.2469714805484,total,303.814973,,,,,,,,,303.810903,,,,,,,,valid,,,,,,36,,,,,
nomystery-sat11-strips,p17.pddl,abs-asp,timed out,1800.2258116044104,abstract_asp,,14.56918340921402,0.023613031953573227,1.2827260084450245,,2.3018286861479282,194.9597801975906,0.9829988032579422,1.1171158328652382,,0.29404516890645027,0.32147571817040443,,,,,,,2,0,,,17,,18,,4,package,
nomystery-sat11-strips,p17.pddl,abs-fd,success,303.04716373607516,total,276.01436,13.522897,0.022065,1.262389,,2.118357,194.841007,0.96053,1.13701,,0.271978,,,46.402704,15.262575,,,valid,2,0,5,0,36,42,,6,4,package,
nomystery-sat11-strips,p17.pddl,fd-lmcut,timed out,1800.0504508130252,,,,,,,,,,,,,,,,,,,,,,,,,,,,,,
nomystery-sat11-strips,p18.pddl,abs-asp,timed out,1800.2055799253285,abstract_asp,,7.0859844125807285,0.013512324541807175,0.8201406002044678,,1.0650265514850616,73.59616417065263,0.7168874591588974,0.7864843048155308,,0.20392674580216408,0.25273386761546135,,,,,,,2,0,,,17,,18,,4,package,
nomystery-sat11-strips,p18.pddl,abs-fd,timed out,1800.1325771026313,abstract_fd_search,,6.772562727332115,0.013560637831687927,0.7247228436172009,,1.0877663604915142,73.76789076253772,0.6983097195625305,0.7429318837821484,,0.2072559855878353,,,37.006904773414135,,,,,2,0,9,0,37,,,10,4,package,
nomystery-sat11-strips,p18.pddl,fd-lmcut,success,874.6102171894163,total,864.252243,,,,,,,,,864.248482,,,,,,,,valid,,,,,,40,,,,,
nomystery-sat11-strips,p20.pddl,abs-asp,timed out,1800.3066690899432,abstract_asp,,13.170716345310211,0.023755978792905807,1.299157790839672,,1.7578110881149769,176.71622115001082,1.099954605102539,1.1881311312317848,,0.3450225591659546,0.38771840929985046,,,,,,,2,0,,,18,,19,,3,package,
nomystery-sat11-strips,p20.pddl,abs-fd,timed out,1800.2756816670299,concrete_asp,,12.670389609411359,0.020358175039291382,1.2733664810657501,,1.8003426156938076,171.94061457179487,1.1112797446548939,1.2091705296188593,,0.32374257408082485,,,,,,,,2,0,,,,,,,3,package,
nomystery-sat11-strips,p20.pddl,fd-lmcut,timed out,1800.1083479821682,,,,,,,,,,,,,,,,,,,,,,,,,,,,,,
openstacks-sat08-strips,p02.pddl,abs-asp,success,4.611251328140497,total,2.307304,0.19184,0.003071,0.107756,,0.009923,0.018657,0.174218,0.14664,,0.006545,0.004706,1.506764,,0.100511,,,valid,3,0,0,0,15,18,16,1,2,order,
openstacks-sat08-strips,p02.pddl,abs-fd,success,2.302319761365652,total,0.764502,0.163212,0.003037,0.087193,,0.009779,0.018279,0.145043,0.140985,,0.005184,,,0.064497,0.09324,,,valid,3,0,0,0,15,18,,1,2,order,
openstacks-sat08-strips,p02.pddl,fd-lmcut,success,2.499027829617262,total,0.209824,,,,,,,,,0.206325,,,,,,,,valid,,,,,,18,,,,,
openstacks-sat08-strips,p03.pddl,abs-asp,success,4.298212680965662,total,2.084905,0.181364,0.003069,0.10973,,0.009926,0.018453,0.183424,0.154333,,0.006677,0.004988,1.270176,,0.103209,,,valid,3,0,0,0,14,17,15,1,2,order,
openstacks-sat08-strips,p03.pddl,abs-fd,success,2.906384762376547,total,0.801782,0.169447,0.002978,0.105085,,0.00962,0.018229,0.168424,0.13998,,0.0066,,,0.064057,0.086523,,,valid,3,0,0,0,14,17,,1,2,order,
openstacks-sat08-strips,p03.pddl,fd-lmcut,success,2.669681418687105,total,0.199767,,,,,,,,,0.196313,,,,,,,,valid,,,,,,17,,,,,
openstacks-sat08-strips,p04.pddl,abs-asp,timed out,1800.1140277273953,abstract_asp,,0.27817754447460175,0.005026292055845261,0.1183512732386589,,0.018142320215702057,0.03748856857419014,0.18329443037509918,0.1563589684665203,,0.01274857297539711,0.010576244443655014,,,,,,,3,0,,,23,,24,,2,order,
openstacks-sat08-strips,p04.pddl,abs-fd,success,2.890434116125107,total,1.304807,0.269176,0.005049,0.100979,,0.018363,0.037519,0.157955,0.157828,,0.011173,,,0.067503,0.43459,,,valid,3,0,0,0,31,33,,1,2,order,
openstacks-sat08-strips,p04.pddl,fd-lmcut,success,1.9156897999346256,total,0.205608,,,,,,,,,0.20245,,,,,,,,valid,,,,,,32,,,,,
openstacks-sat08-strips,p05.pddl,abs-asp,timed out,1800.0537265613675,abstract_asp,,0.2874047141522169,0.005079573020339012,0.10803726501762867,,0.017881587147712708,0.04092874377965927,0.1701795943081379,0.16664582304656506,,0.011083381250500679,0.010767718777060509,,,,,,,3,0,,,22,,23,,2,order,
openstacks-sat08-strips,p05.pddl,abs-fd,success,3.6270869337022305,total,1.361382,0.275775,0.005038,0.122703,,0.017815,0.038292,0.187337,0.159458,,0.012691,,,0.069108,0.426169,,,valid,3,0,0,0,30,32,,1,2,order,
openstacks-sat08-strips,p05.pddl,fd-lmcut,success,2.7163833305239677,total,0.264708,,,,,,,,,0.26117,,,,,,,,valid,,,,,,32,,,,,
openstacks-sat08-strips,p06.pddl,abs-asp,timed out,1800.1140914484859,abstract_asp,,0.27868781611323357,0.0052038393914699554,0.10684572905302048,,0.020237457007169724,0.03801080957055092,0.1685381606221199,0.16632074117660522,,0.011293891817331314,0.010421056300401688,,,,,,,4,0,,,22,,23,,3,order,
openstacks-sat08-strips,p06.pddl,abs-fd,success,2.888372153043747,total,1.285908,0.273494,0.005075,0.101406,,0.019788,0.036612,0.159946,0.156922,,0.011118,,,0.067256,0.410594,,,valid,4,0,0,0,29,34,,1,3,order,
openstacks-sat08-strips,p06.pddl,fd-lmcut,success,3.0326143354177475,total,0.579674,,,,,,,,,0.576106,,,,,,,,valid,,,,,,34,,,,,
openstacks-sat08-strips,p07.pddl,abs-asp,timed out,1800.1128638833761,abstract_asp,,0.34012309089303017,0.007160697132349014,0.13546517491340637,,0.029032591730356216,0.052626606076955795,0.21021291986107826,0.18039940297603607,,0.022442474961280823,0.01950100064277649,,,,,,,4,0,,,22,,23,,3,order,
openstacks-sat08-strips,p07.pddl,abs-fd,success,4.105246489867568,total,2.396275,0.347592,0.007554,0.119754,,0.028834,0.051738,0.185811,0.180541,,0.020656,,,0.07486,1.31245,,,valid,4,0,0,0,47,52,,1,3,order,
openstacks-sat08-strips,p07.pddl,fd-lmcut,success,10.96514636464417,total,8.590328,,,,,,,,,8.586615,,,,,,,,valid,,,,,,49,,,,,
openstacks-sat08-strips,p08.pddl,abs-asp,timed out,1800.1174097284675,abstract_asp,,0.3435564786195755,0.0076157040894031525,0.14322766661643982,,0.026481743901968002,0.05331869050860405,0.1939312182366848,0.18966130167245865,,0.022530488669872284,0.020412296056747437,,,,,,,3,0,,,22,,23,,2,order,
openstacks-sat08-strips,p08.pddl,abs-fd,success,4.714802082628012,total,2.471999,0.337221,0.007463,0.136304,,0.025917,0.052578,0.208388,0.181696,,0.022229,,,0.076742,1.357188,,,valid,3,0,0,0,49,51,,1,2,order,
openstacks-sat08-strips,p08.pddl,fd-lmcut,success,24.106940569356084,total,21.31107,,,,,,,,,21.307378,,,,,,,,valid,,,,,,49,,,,,
openstacks-sat08-strips,p09.pddl,abs-asp,timed out,1800.1127104014158,abstract_asp,,0.3303860127925873,0.007598813623189926,0.11745256558060646,,0.030568990856409073,0.05079582333564758,0.18220483511686325,0.18077857792377472,,0.020873334258794785,0.020577426999807358,,,,,,,4,0,,,22,,23,,4,product,
openstacks-sat08-strips,p09.pddl,abs-fd,success,4.965658742934465,total,2.69089,0.344275,0.007498,0.136764,,0.030946,0.050986,0.207717,0.181989,,0.022408,,,0.072937,1.563604,,,valid,4,0,0,0,50,53,,1,4,product,
openstacks-sat08-strips,p09.pddl,fd-lmcut,success,27.40247420221567,total,25.639695,,,,,,,,,25.636548,,,,,,,,valid,,,,,,49,,,,,
openstacks-sat08-strips,p10.pddl,abs-asp,timed out,1800.0179177373648,abstract_asp,,0.4220818057656288,0.009550079703330994,0.15829478949308395,,0.03521956875920296,0.07563585042953491,0.24742614477872849,0.22110681980848312,,0.036167293787002563,0.03420740365982056,,,,,,,3,0,,,22,,23,,2,order,
openstacks-sat08-strips,p10.pddl,abs-fd,success,7.269161321222782,total,4.529679,0.44441,0.009666,0.161419,,0.034848,0.075823,0.251243,0.224191,,0.036321,,,0.093709,3.100182,,,valid,3,0,0,0,64,66,,1,2,order,
openstacks-sat08-strips,p10.pddl,fd-lmcut,success,124.08357623592019,total,121.381799,,,,,,,,,121.377546,,,,,,,,valid,,,,,,64,,,,,
openstacks-sat08-strips,p11.pddl,abs-asp,timed out,1800.115497013554,abstract_asp,,0.424803638830781,0.009416704997420311,0.1461166199296713,,0.038547445088624954,0.07465526647865772,0.2250652089715004,0.222182709723711,,0.0356662031263113,0.03350407816469669,,,,,,,4,0,,,23,,24,,3,order,
openstacks-sat08-strips,p11.pddl,abs-fd,success,6.768197551369667,total,4.33485,0.408105,0.009358,0.152808,,0.038192,0.074064,0.238892,0.2107,,0.052481,,,0.088105,2.970271,,,valid,4,0,0,0,64,69,,1,3,order,
openstacks-sat08-strips,p11.pddl,fd-lmcut,success,98.24067668989301,total,96.094004,,,,,,,,,96.08988,,,,,,,,valid,,,,,,65,,,,,
openstacks-sat08-strips,p12.pddl,abs-asp,timed out,1800.1133410707116,abstract_asp,,0.4030853919684887,0.009440144523978233,0.1344930063933134,,0.03503294102847576,0.07493493147194386,0.21382281556725502,0.21381176635622978,,0.03612132370471954,0.03380536660552025,,,,,,,3,0,,,23,,24,,2,order,
openstacks-sat08-strips,p12.pddl,abs-fd,success,6.579965528100729,total,4.479027,0.420985,0.00947,0.139206,,0.034917,0.076434,0.221694,0.218677,,0.036068,,,0.092176,3.133012,,,valid,3,0,0,0,65,67,,1,2,order,
openstacks-sat08-strips,p12.pddl,fd-lmcut,success,14.716559395194054,total,12.049551,,,,,,,,,12.04598,,,,,,,,valid,,,,,,63,,,,,
openstacks-sat08-strips,p13.pddl,abs-asp,timed out,1800.1130827963352,abstract_asp,,0.5454618874937296,0.013645289465785027,0.21776435896754265,,0.056493332609534264,0.12483133003115654,0.33704204857349396,0.30789874494075775,,0.07602874375879765,0.07096030376851559,,,,,,,4,0,,,22,,23,,3,order,
openstacks-sat08-strips,p13.pddl,abs-fd,success,13.450882032513618,total,11.277616,0.523565,0.013707,0.193723,,0.057048,0.124869,0.304371,0.298262,,0.074404,,,0.142019,9.352629,,,valid,4,0,0,0,95,100,,1,3,order,
openstacks-sat08-strips,p13.pddl,fd-lmcut,timed out,1800.1088550947607,,,,,,,,,,,,,,,,,,,,,,,,,,,,,,
openstacks-sat08-strips,p14.pddl,abs-asp,timed out,1800.1134529411793,abstract_asp,,0.5358367934823036,0.013930406421422958,0.2068275287747383,,0.05710742995142937,0.1278122514486313,0.3109763488173485,0.29945825412869453,,0.0764772966504097,0.07124562561511993,,,,,,,4,0,,,23,,24,,3,order,
openstacks-sat08-strips,p14.pddl,abs-fd,success,14.008719362318516,total,11.833035,0.524614,0.01385,0.190347,,0.0572,0.129945,0.303887,0.298896,,0.075068,,,0.130485,9.908367,,,valid,4,0,0,0,99,104,,1,3,order,
openstacks-sat08-strips,p14.pddl,fd-lmcut,success,1429.6340236105025,total,1427.03998,,,,,,,,,1427.035618,,,,,,,,valid,,,,,,94,,,,,
openstacks-sat08-strips,p15.pddl,abs-asp,timed out,1800.1180886812508,abstract_asp,,0.5512158796191216,0.013985861092805862,0.20294808968901634,,0.05254615843296051,0.12555229291319847,0.339482095092535,0.3111873120069504,,0.07570686936378479,0.07263214141130447,,,,,,,3,0,,,23,,24,,2,order,
openstacks-sat08-strips,p15.pddl,abs-fd,success,14.559417571872473,total,11.876654,0.530153,0.013781,0.216399,,0.051796,0.125186,0.329451,0.300435,,0.07599,,,0.133529,9.881651,,,valid,3,0,0,0,100,102,,1,2,order,
openstacks-sat08-strips,p15.pddl,fd-lmcut,timed out,1800.1113090924919,,,,,,,,,,,,,,,,,,,,,,,,,,,,,,
openstacks-sat08-strips,p16.pddl,abs-asp,timed out,1800.0271870028228,abstract_asp,,0.6705340128391981,0.022137215360999107,0.27676774747669697,,0.07711863331496716,0.25773306749761105,0.42758065834641457,0.42020085267722607,,0.13201311603188515,0.1285042241215706,,,,,,,4,0,,,23,,24,,3,order,
openstacks-sat08-strips,p16.pddl,abs-fd,success,30.646500289440155,total,27.235389,0.68168,0.018328,0.263208,,0.076781,0.268942,0.461624,0.422755,,0.131036,,,0.211255,24.250688,,,valid,4,0,0,0,135,140,,1,3,order,
openstacks-sat08-strips,p16.pddl,fd-lmcut,timed out,1800.1129195746034,,,,,,,,,,,,,,,,,,,,,,,,,,,,,,
openstacks-sat08-strips,p17.pddl,abs-asp,timed out,1800.1180552951992,abstract_asp,,0.669210534542799,0.01774854212999344,0.2525857575237751,,0.07633834704756737,0.2637658454477787,0.42197130247950554,0.41734524816274643,,0.1292567141354084,0.1262957639992237,,,,,,,4,0,,,22,,23,,3,order,
openstacks-sat08-strips,p17.pddl,abs-fd,success,30.441132936626673,total,27.082601,0.669756,0.017751,0.279326,,0.075652,0.265194,0.455422,0.421844,,0.131417,,,0.210283,24.093247,,,valid,4,0,0,0,135,140,,1,3,order,
openstacks-sat08-strips,p17.pddl,fd-lmcut,timed out,1800.1319085098803,,,,,,,,,,,,,,,,,,,,,,,,,,,,,,
openstacks-sat08-strips,p18.pddl,abs-asp,timed out,1800.1194288283587,abstract_asp,,0.6511939130723476,0.017610806971788406,0.25918080657720566,,0.07534299045801163,0.2597729451954365,0.4194428138434887,0.4202236011624336,,0.12911800667643547,0.12894169613718987,,,,,,,3,0,,,22,,23,,3,product,
openstacks-sat08-strips,p18.pddl,abs-fd,success,31.522495456039906,total,28.536491,0.676588,0.018048,0.283881,,0.076224,0.287699,0.436321,0.439052,,0.130671,,,0.162797,25.552999,,,valid,3,0,0,0,142,144,,1,3,product,
openstacks-sat08-strips,p18.pddl,fd-lmcut,timed out,1800.1066871993244,,,,,,,,,,,,,,,,,,,,,,,,,,,,,,
openstacks-sat08-strips,p19.pddl,abs-asp,timed out,1800.1184614319354,abstract_asp,,0.8837826270610094,0.02280118502676487,0.34680354595184326,,0.08777804858982563,0.26850895397365093,0.6101517528295517,0.6053633335977793,,0.2050120010972023,0.20256653986871243,,,,,,,3,0,,,23,,24,,2,order,
openstacks-sat08-strips,p19.pddl,abs-fd,success,53.14005931466818,total,49.969591,0.875858,0.022595,0.338227,,0.089096,0.26939,0.600245,0.614051,,0.206648,,,0.347909,45.81393,,,valid,3,0,0,0,168,170,,1,2,order,
openstacks-sat08-strips,p19.pddl,fd-lmcut,timed out,1800.1108099222183,,,,,,,,,,,,,,,,,,,,,,,,,,,,,,
openstacks-sat08-strips,p20.pddl,abs-asp,timed out,1800.1160452794284,abstract_asp,,0.9001552611589432,0.02324838936328888,0.34911563619971275,,0.09513667412102222,0.2672151904553175,0.6295323427766562,0.6046558171510696,,0.21054459922015667,0.20443923212587833,,,,,,,3,0,,,23,,24,,2,order,
openstacks-sat08-strips,p20.pddl,abs-fd,success,57.618089497089386,total,53.980501,0.944343,0.022961,0.355904,,0.098613,0.264075,0.619279,0.619963,,0.211393,,,0.368808,49.642234,,,valid,3,0,0,0,176,178,,1,2,order,
openstacks-sat08-strips,p20.pddl,fd-lmcut,timed out,1800.1111345477402,,,,,,,,,,,,,,,,,,,,,,,,,,,,,,
openstacks-sat08-strips,p21.pddl,abs-asp,timed out,1800.1200637593865,abstract_asp,,0.9026816375553608,0.022666461765766144,0.38100271858274937,,0.08817289397120476,0.2655384223908186,0.6415896266698837,0.6247779540717602,,0.22401602007448673,0.2010316476225853,,,,,,,3,0,,,22,,23,,2,order,
openstacks-sat08-strips,p21.pddl,abs-fd,success,55.725620571523905,total,52.049439,0.87151,0.022501,0.355154,,0.087417,0.263916,0.623027,0.6082,,0.20561,,,0.344577,47.83848,,,valid,3,0,0,0,174,176,,1,2,order,
openstacks-sat08-strips,p21.pddl,fd-lmcut,timed out,1800.1094504781067,,,,,,,,,,,,,,,,,,,,,,,,,,,,,,
openstacks-sat08-strips,p22.pddl,abs-asp,timed out,1800.0293143950403,abstract_asp,,1.0471175462007523,0.02755967527627945,0.4406004212796688,,0.1076524592936039,0.35247449949383736,0.7965055368840694,0.7994707971811295,,0.3007366582751274,0.2968241684138775,,,,,,,3,0,,,22,,23,,2,order,
openstacks-sat08-strips,p22.pddl,abs-fd,success,95.82665937021375,total,91.039755,1.048853,0.027796,0.462178,,0.108976,0.356896,0.80829,0.800217,,0.305356,,,0.549527,85.189105,,,valid,3,0,0,0,211,213,,1,2,order,
openstacks-sat08-strips,p22.pddl,fd-lmcut,timed out,1800.0255784280598,,,,,,,,,,,,,,,,,,,,,,,,,,,,,,
openstacks-sat08-strips,p23.pddl,abs-asp,timed out,1800.112737827003,abstract_asp,,1.0119661055505276,0.026829324662685394,0.4534638673067093,,0.10647454857826233,0.34794817864894867,0.8002757430076599,0.7831338010728359,,0.2942083068192005,0.29061800613999367,,,,,,,3,0,,,22,,23,,2,order,
openstacks-sat08-strips,p23.pddl,abs-fd,success,96.30087956041098,total,91.318657,1.062759,0.027157,0.473688,,0.105699,0.352196,0.834487,0.805377,,0.306305,,,0.561293,85.407548,,,valid,3,0,0,0,210,212,,1,2,order,
openstacks-sat08-strips,p23.pddl,fd-lmcut,timed out,1800.1125063188374,,,,,,,,,,,,,,,,,,,,,,,,,,,,,,
openstacks-sat08-strips,p24.pddl,abs-asp,timed out,1800.12568433024,abstract_asp,,1.0579387824982405,0.0270465686917305,0.4742359835654497,,0.10749280825257301,0.3486703634262085,0.8191907182335854,0.8036327939480543,,0.2934760246425867,0.30697367154061794,,,,,,,3,0,,,23,,24,,2,order,
openstacks-sat08-strips,p24.pddl,abs-fd,success,97.66831754893064,total,92.93668,1.065661,0.027017,0.475063,,0.107147,0.353067,0.850167,0.811066,,0.303926,,,0.563806,87.00342,,,valid,3,0,0,0,213,215,,1,2,order,
openstacks-sat08-strips,p24.pddl,fd-lmcut,timed out,1800.0146426223218,,,,,,,,,,,,,,,,,,,,,,,,,,,,,,
openstacks-sat08-strips,p25.pddl,abs-asp,timed out,1800.1331176869571,abstract_asp,,1.4170698411762714,0.036504458636045456,0.7260732650756836,,0.1609596684575081,0.5503687895834446,1.4026090204715729,1.3996192030608654,,0.5262993462383747,0.5250640697777271,,,,,,,3,0,,,22,,23,,3,product,
openstacks-sat08-strips,p25.pddl,abs-fd,interrupted,165.19564877822995,abstract_fd_search,,1.4665386155247688,0.03670192137360573,0.7517127767205238,,0.16278821974992752,0.5569996237754822,1.450032528489828,1.4183559194207191,,0.5267323106527328,,,0.7908283583819866,,,,,3,0,0,0,296,,,0,3,product,
openstacks-sat08-strips,p25.pddl,fd-lmcut,timed out,1800.1067584268749,,,,,,,,,,,,,,,,,,,,,,,,,,,,,,
openstacks-sat08-strips,p26.pddl,abs-asp,timed out,1800.0313584655523,abstract_asp,,1.373379249125719,0.040172278881073,0.7130316346883774,,0.15824908763170242,0.5407999269664288,1.2912814244627953,1.2963263280689716,,0.5205347537994385,0.5205136612057686,,,,,,,4,0,,,23,,24,,3,order,
openstacks-sat08-strips,p26.pddl,abs-fd,interrupted,165.28452375531197,abstract_fd_search,,1.468032829463482,0.055513158440589905,0.7357304207980633,,0.15782229974865913,0.5521492250263691,1.320058036595583,1.3184972815215588,,0.5233565308153629,,,1.196696799248457,,,,,4,0,0,0,283,,,1,3,order,
openstacks-sat08-strips,p26.pddl,fd-lmcut,timed out,1800.109728751704,,,,,,,,,,,,,,,,,,,,,,,,,,,,,,
openstacks-sat08-strips,p27.pddl,abs-asp,timed out,1800.12889771536,abstract_asp,,1.3939633034169674,0.037173766642808914,0.71817721799016,,0.16252324357628822,0.5471806898713112,1.3216586224734783,1.305831614881754,,0.5259395055472851,0.5287795513868332,,,,,,,3,0,,,22,,23,,3,product,
openstacks-sat08-strips,p27.pddl,abs-fd,interrupted,161.8378066085279,abstract_fd_search,,1.3989810980856419,0.036550115793943405,0.7185430005192757,,0.1598951630294323,0.5423171445727348,1.3028377331793308,1.304463878273964,,0.5286465734243393,,,0.7330317460000515,,,,,3,0,0,0,286,,,0,3,product,
openstacks-sat08-strips,p27.pddl,fd-lmcut,timed out,1800.1099812611938,,,,,,,,,,,,,,,,,,,,,,,,,,,,,,
openstacks-sat08-strips,p28.pddl,abs-asp,timed out,1800.0572400093079,abstract_asp,,1.911301650106907,0.047143276780843735,1.1327118873596191,,0.20687052980065346,0.8005141280591488,2.1518262438476086,2.1961477883160114,,0.8565489761531353,0.8367709629237652,,,,,,,4,0,,,23,,24,,3,order,
openstacks-sat08-strips,p28.pddl,abs-fd,interrupted,146.00511586666107,abstract_fd_search,,1.9570886977016926,0.04687482863664627,1.1113867238163948,,0.20897730067372322,0.8004598990082741,2.181163165718317,2.2013549879193306,,0.8563132286071777,,,2.4226146787405014,,,,,4,0,0,0,357,,,0,3,order,
openstacks-sat08-strips,p28.pddl,fd-lmcut,timed out,1800.0420742630959,,,,,,,,,,,,,,,,,,,,,,,,,,,,,,
openstacks-sat08-strips,p29.pddl,abs-asp,timed out,1800.1366404257715,abstract_asp,,1.8344916366040707,0.046430669724941254,1.0767835900187492,,0.1884722225368023,0.7920846045017242,2.0905708223581314,2.153008107095957,,0.8479388281702995,0.8452275581657887,,,,,,,3,0,,,22,,23,,2,order,
openstacks-sat08-strips,p29.pddl,abs-fd,interrupted,143.39110518619418,abstract_fd_search,,1.8337668254971504,0.04648873582482338,1.0831132680177689,,0.1889260746538639,0.7987908683717251,2.086434219032526,2.1638200879096985,,0.8342352695763111,,,2.370690979063511,,,,,3,0,0,0,355,,,0,2,order,
openstacks-sat08-strips,p29.pddl,fd-lmcut,timed out,1800.1091976240277,,,,,,,,,,,,,,,,,,,,,,,,,,,,,,
openstacks-sat08-strips,p30.pddl,abs-asp,timed out,1800.1453051529825,abstract_asp,,1.8387353755533695,0.051590777933597565,1.0886658020317554,,0.19009831920266151,0.786872286349535,2.0866804644465446,2.1721104457974434,,0.835705041885376,0.8367339186370373,,,,,,,3,0,,,22,,23,,2,order,
openstacks-sat08-strips,p30.pddl,abs-fd,interrupted,148.92139880731702,abstract_fd_search,,1.9013603627681732,0.04687919095158577,1.11423359811306,,0.2017480954527855,0.7956971563398838,2.130682308226824,2.203502267599106,,0.85644955560565,,,2.58119273558259,,,,,3,0,0,0,363,,,0,2,order,
openstacks-sat08-strips,p30.pddl,fd-lmcut,timed out,1800.038254255429,,,,,,,,,,,,,,,,,,,,,,,,,,,,,,
openstacks-sat11-strips,p01.pddl,abs-asp,timed out,1800.018751244992,abstract_asp,,0.8917823433876038,0.022553764283657074,0.3604443930089474,,0.08762748166918755,0.2622266225516796,0.6364212706685066,0.6187637262046337,,0.2054879143834114,0.19806122034788132,,,,,,,3,0,,,22,,23,,2,order,
openstacks-sat11-strips,p01.pddl,abs-fd,success,56.87366623803973,total,52.760112,0.909726,0.02299,0.365261,,0.090507,0.267992,0.656715,0.625061,,0.205662,,,0.360121,48.415435,,,valid,3,0,0,0,174,176,,1,2,order,
openstacks-sat11-strips,p01.pddl,fd-lmcut,timed out,1800.107852023095,,,,,,,,,,,,,,,,,,,,,,,,,,,,,,
openstacks-sat11-strips,p02.pddl,abs-asp,timed out,1800.1225485354662,abstract_asp,,1.0422524996101856,0.02792505919933319,0.4612509924918413,,0.11017870903015137,0.352730305865407,0.8240903373807669,0.8031019046902657,,0.3028547912836075,0.3098868317902088,,,,,,,3,0,,,22,,23,,2,order,
openstacks-sat11-strips,p02.pddl,abs-fd,success,94.57794964127243,total,90.707481,1.034664,0.027826,0.437196,,0.108611,0.353037,0.805744,0.801138,,0.299655,,,0.549952,84.922183,,,valid,3,0,0,0,211,213,,1,2,order,
openstacks-sat11-strips,p02.pddl,fd-lmcut,timed out,1800.1092020459473,,,,,,,,,,,,,,,,,,,,,,,,,,,,,,
openstacks-sat11-strips,p03.pddl,abs-asp,timed out,1800.1217460148036,abstract_asp,,1.013752818107605,0.026977315545082092,0.46182844042778015,,0.10679240897297859,0.3444673866033554,0.8090204373002052,0.7869088836014271,,0.2966078519821167,0.29136965051293373,,,,,,,3,0,,,23,,24,,2,order,
openstacks-sat11-strips,p03.pddl,abs-fd,success,96.67259875684977,total,92.008693,1.048103,0.027035,0.475907,,0.107911,0.355642,0.850918,0.825271,,0.305256,,,0.558984,86.090801,,,valid,3,0,0,0,213,215,,1,2,order,
openstacks-sat11-strips,p03.pddl,fd-lmcut,timed out,1800.1076737158,,,,,,,,,,,,,,,,,,,,,,,,,,,,,,
openstacks-sat11-strips,p04.pddl,abs-asp,timed out,1800.1283885240555,abstract_asp,,1.424107812345028,0.036239296197891235,0.7371574826538563,,0.1606082022190094,0.5418749675154686,1.41274169459939,1.3892136849462986,,0.5385172925889492,0.5249121002852917,,,,,,,3,0,,,22,,23,,3,product,
openstacks-sat11-strips,p04.pddl,abs-fd,interrupted,165.84296242520213,abstract_fd_search,,1.5050644986331463,0.036788925528526306,0.7856102958321571,,0.16169757023453712,0.5548649281263351,1.4937391616404057,1.4311793856322765,,0.5318056866526604,,,0.78489138931036,,,,,3,0,0,0,296,,,0,3,product,
openstacks-sat11-strips,p04.pddl,fd-lmcut,timed out,1800.1083840318024,,,,,,,,,,,,,,,,,,,,,,,,,,,,,,
openstacks-sat11-strips,p05.pddl,abs-asp,timed out,1800.127510279417,abstract_asp,,1.3837266638875008,0.03569834306836128,0.7111030369997025,,0.16408788040280342,0.5409845001995564,1.2973067834973335,1.2971956133842468,,0.522579163312912,0.5142664797604084,,,,,,,4,0,,,23,,24,,3,order,
openstacks-sat11-strips,p05.pddl,abs-fd,interrupted,160.67021937668324,abstract_fd_search,,1.3759984076023102,0.040328871458768845,0.7237063050270081,,0.15967926010489464,0.5423973351716995,1.3044024296104908,1.284486584365368,,0.528372697532177,,,1.146656222641468,,,,,4,0,0,0,283,,,1,3,order,
openstacks-sat11-strips,p05.pddl,fd-lmcut,timed out,1800.1312305293977,,,,,,,,,,,,,,,,,,,,,,,,,,,,,,
openstacks-sat11-strips,p06.pddl,abs-asp,timed out,1800.1332852169871,abstract_asp,,1.3976467549800873,0.03651391714811325,0.7337925173342228,,0.15973034501075745,0.544409092515707,1.3254903927445412,1.3006393276154995,,0.5306271836161613,0.5281239748001099,,,,,,,3,0,,,22,,23,,3,product,
openstacks-sat11-strips,p06.pddl,abs-fd,interrupted,164.07897330448031,abstract_fd_search,,1.456659559160471,0.03673769533634186,0.7318315915763378,,0.16143284365534782,0.5531940534710884,1.3233738988637924,1.3265336528420448,,0.5235348418354988,,,0.7677660994231701,,,,,3,0,0,0,286,,,0,3,product,
openstacks-sat11-strips,p06.pddl,fd-lmcut,timed out,1800.0198813006282,,,,,,,,,,,,,,,,,,,,,,,,,,,,,,
openstacks-sat11-strips,p07.pddl,abs-asp,timed out,1800.1200721226633,abstract_asp,,0.8966486975550652,0.023607812821865082,0.3500601127743721,,0.09646058827638626,0.26801232621073723,0.6304973438382149,0.6059254333376884,,0.2094586156308651,0.20522552728652954,,,,,,,3,0,,,23,,24,,2,order,
openstacks-sat11-strips,p07.pddl,abs-fd,success,57.25182496383786,total,53.046232,0.908785,0.022913,0.329823,,0.095319,0.262664,0.627479,0.608141,,0.210477,,,0.358335,48.805283,,,valid,3,0,0,0,176,178,,1,2,order,
openstacks-sat11-strips,p07.pddl,fd-lmcut,timed out,1800.1082851029932,,,,,,,,,,,,,,,,,,,,,,,,,,,,,,
openstacks-sat11-strips,p08.pddl,abs-asp,timed out,1800.1378755047917,abstract_asp,,1.9459952153265476,0.04706093668937683,1.147210381925106,,0.20754042267799377,0.7941623479127884,2.1607064306735992,2.19841942563653,,0.8511458411812782,0.8471853993833065,,,,,,,4,0,,,23,,24,,3,order,
openstacks-sat11-strips,p08.pddl,abs-fd,interrupted,144.03679303824902,abstract_fd_search,,1.8477036021649837,0.04673919081687927,1.0992770195007324,,0.2087886668741703,0.8146813847124577,2.1103443913161755,2.1507840156555176,,0.842890702188015,,,2.3080613166093826,,,,,4,0,0,0,357,,,0,3,order,
openstacks-sat11-strips,p08.pddl,fd-lmcut,timed out,1800.110468737781,,,,,,,,,,,,,,,,,,,,,,,,,,,,,,
openstacks-sat11-strips,p09.pddl,abs-asp,timed out,1800.1406328752637,abstract_asp,,1.8344421088695526,0.046306509524583817,1.0600347332656384,,0.1879836693406105,0.8022474199533463,2.0935813076794147,2.1504548229277134,,0.8366299606859684,0.8373412415385246,,,,,,,3,0,,,22,,23,,2,order,
openstacks-sat11-strips,p09.pddl,abs-fd,interrupted,142.69633987173438,abstract_fd_search,,1.8536125048995018,0.046256378293037415,1.0882246606051922,,0.1922060064971447,0.8022462427616119,2.105408914387226,2.169672854244709,,0.8422728478908539,,,2.4211911372840405,,,,,3,0,0,0,355,,,0,2,order,
openstacks-sat11-strips,p09.pddl,fd-lmcut,timed out,1800.1109584011137,,,,,,,,,,,,,,,,,,,,,,,,,,,,,,
openstacks-sat11-strips,p10.pddl,abs-asp,timed out,1800.1396057754755,abstract_asp,,1.8307912945747375,0.0519547164440155,1.1575614959001541,,0.19332842901349068,0.8027465604245663,2.151071310043335,2.169840905815363,,0.9100741408765316,0.9092560075223446,,,,,,,3,0,,,22,,23,,2,order,
openstacks-sat11-strips,p10.pddl,abs-fd,interrupted,147.92066062241793,abstract_fd_search,,1.93719020485878,0.05598735064268112,1.1345929056406021,,0.1941002607345581,0.797916404902935,2.155456941574812,2.224798258394003,,0.8491204269230366,,,2.6829028464853764,,,,,3,0,0,0,363,,,0,2,order,
openstacks-sat11-strips,p10.pddl,fd-lmcut,timed out,1800.1097951866686,,,,,,,,,,,,,,,,,,,,,,,,,,,,,,
openstacks-sat11-strips,p11.pddl,abs-asp,timed out,1800.1619207970798,abstract_asp,,2.318472133949399,0.05909476801753044,1.9014367461204529,,0.2528978195041418,1.3785162400454283,3.780884174630046,3.8419935684651136,,1.4099834486842155,1.3806946519762278,,,,,,,3,0,,,22,,23,,2,order,
openstacks-sat11-strips,p11.pddl,abs-fd,interrupted,143.52593963220716,abstract_fd_search,,2.3223031274974346,0.059226565062999725,1.8876985982060432,,0.24962769821286201,1.379229199141264,3.7506595104932785,3.788707382977009,,1.3935468308627605,,,5.2065151035785675,,,,,3,0,0,0,468,,,0,2,order,
openstacks-sat11-strips,p11.pddl,fd-lmcut,timed out,1800.1096877008677,,,,,,,,,,,,,,,,,,,,,,,,,,,,,,
openstacks-sat11-strips,p13.pddl,abs-asp,timed out,1800.1841173022985,abstract_asp,,2.7938881292939186,0.07715931348502636,2.7343591693788767,,0.33295172080397606,1.954530643299222,5.718560811132193,5.7336585111916065,,2.1295016799122095,2.1373633090406656,,,,,,,3,0,,,21,,22,,3,product,
openstacks-sat11-strips,p13.pddl,abs-fd,interrupted,145.4648902155459,abstract_fd_search,,2.7823491357266903,0.07634216547012329,2.7402789052575827,,0.33128359355032444,1.9532463401556015,5.703090148046613,5.717413509264588,,2.1245342139154673,,,5.560083020478487,,,,,3,0,0,0,582,,,0,3,product,
openstacks-sat11-strips,p13.pddl,fd-lmcut,timed out,1800.1097554527223,,,,,,,,,,,,,,,,,,,,,,,,,,,,,,
openstacks-sat11-strips,p15.pddl,abs-asp,timed out,1800.1728830039501,abstract_asp,,3.7089766077697277,0.09105516225099564,4.316608376801014,,0.43057700991630554,2.677616000175476,8.531112719327211,8.608699843287468,,3.1680502519011497,3.1948469765484333,,,,,,,3,0,,,20,,21,,3,product,
openstacks-sat11-strips,p15.pddl,abs-fd,interrupted,160.18646049499512,abstract_fd_search,,3.6234249100089073,0.09008608385920525,4.14096125587821,,0.41657615453004837,2.6337758153676987,8.29166729748249,8.349950343370438,,3.167686589062214,,,9.663371693342924,,,,,3,0,0,0,703,,,0,3,product,
openstacks-sat11-strips,p15.pddl,fd-lmcut,timed out,1800.1091405563056,,,,,,,,,,,,,,,,,,,,,,,,,,,,,,
openstacks-sat11-strips,p17.pddl,abs-asp,timed out,1800.1501876339316,abstract_asp,,4.598897095769644,0.10828704200685024,5.877840865403414,,0.4841750022023916,3.6464735716581345,12.217361241579056,11.84405729547143,,4.361785601824522,4.298335762694478,,,,,,,3,0,,,22,,23,,2,order,
openstacks-sat11-strips,p17.pddl,abs-fd,interrupted,193.3197986446321,abstract_fd_search,,4.525133650749922,0.10857762023806572,5.849909983575344,,0.4640868045389652,3.4783272854983807,11.591925125569105,11.732269193977118,,4.443162851035595,,,26.906052991747856,,,,,3,0,0,0,813,,,0,2,order,
openstacks-sat11-strips,p17.pddl,fd-lmcut,timed out,1800.1101123094559,,,,,,,,,,,,,,,,,,,,,,,,,,,,,,
openstacks-sat11-strips,p19.pddl,abs-asp,timed out,1800.2725205272436,abstract_asp,,5.183944348245859,0.12293854728341103,7.576733712106943,,0.5443181246519089,4.250605843961239,15.092649713158607,15.3021186478436,,5.7943732887506485,5.696591682732105,,,,,,,3,0,,,21,,22,,2,order,
openstacks-sat11-strips,p19.pddl,abs-fd,interrupted,229.86181212589145,abstract_fd_search,,5.440830502659082,0.1270526386797428,7.928865447640419,,0.551420547068119,4.2708967961370945,16.66968647018075,15.778791196644306,,5.8185790702700615,,,41.14677070826292,,,,,3,0,0,0,936,,,0,2,order,
openstacks-sat11-strips,p19.pddl,fd-lmcut,timed out,1800.0127518326044,,,,,,,,,,,,,,,,,,,,,,,,,,,,,,
pipesworld-notankage,p03-net1-b8-g3.pddl,abs-asp,success,3.7558456659317017,total,1.303269,0.193955,0.003115,0.136285,,0.012387,0.020652,0.21505,0.170539,,0.022636,0.011363,0.105232,,0.370008,,,valid,14,0,3,0,7,9,8,4,2,batch-atom,
pipesworld-notankage,p03-net1-b8-g3.pddl,abs-fd,success,4.03117536008358,total,1.68724,0.197873,0.003011,0.132057,,0.012036,0.020573,0.184311,0.165125,,0.02112,,,0.067724,0.844194,,,valid,14,0,5,0,8,12,,6,2,batch-atom,
pipesworld-notankage,p03-net1-b8-g3.pddl,fd-lmcut,success,2.6389582231640816,total,0.24529,,,,,,,,,0.242011,,,,,,,,valid,,,,,,8,,,,,
pipesworld-notankage,p04-net1-b8-g5.pddl,abs-asp,success,3.300809722393751,total,1.130383,0.191968,0.003095,0.129608,,0.011434,0.020571,0.202158,0.159708,,0.022457,0.01108,0.072964,,0.264835,,,valid,14,0,1,0,6,13,7,2,2,batch-atom,
pipesworld-notankage,p04-net1-b8-g5.pddl,abs-fd,success,4.921096175909042,total,3.32797,0.184336,0.003054,0.108057,,0.011575,0.020669,0.177468,0.159177,,0.020625,,,0.065444,2.537574,,,valid,14,0,4,0,8,13,,5,2,batch-atom,
pipesworld-notankage,p04-net1-b8-g5.pddl,fd-lmcut,success,2.0492181554436684,total,0.268188,,,,,,,,,0.264433,,,,,,,,valid,,,,,,11,,,,,
pipesworld-notankage,p05-net1-b10-g4.pddl,abs-asp,success,3.5697898007929325,total,1.446877,0.193138,0.003063,0.132202,,0.012027,0.021966,0.222557,0.169589,,0.033655,0.01617,0.132448,,0.464292,,,valid,14,0,2,0,7,10,8,3,2,batch-atom,
pipesworld-notankage,p05-net1-b10-g4.pddl,abs-fd,success,4.018381524831057,total,1.802698,0.193699,0.003072,0.134042,,0.01195,0.022103,0.220659,0.167743,,0.033464,,,0.066904,0.90441,,,valid,14,0,6,0,9,12,,7,2,batch-atom,
pipesworld-notankage,p05-net1-b10-g4.pddl,fd-lmcut,success,2.6253275852650404,total,0.258119,,,,,,,,,0.255063,,,,,,,,valid,,,,,,8,,,,,
pipesworld-notankage,p06-net1-b10-g6.pddl,abs-asp,success,10.711531389504671,total,8.287068,0.199521,0.003836,0.142721,,0.012218,0.02719,0.234584,0.177556,,0.033976,0.01696,0.520563,,6.863584,,,valid,14,0,6,0,9,12,10,7,2,batch-atom,
pipesworld-notankage,p06-net1-b10-g6.pddl,abs-fd,success,16.58883174136281,total,14.400256,0.195963,0.003705,0.134512,,0.012004,0.026774,0.210672,0.17028,,0.03173,,,0.067832,13.49793,,,valid,14,0,7,0,12,18,,8,2,batch-atom,
pipesworld-notankage,p06-net1-b10-g6.pddl,fd-lmcut,success,2.134176693856716,total,0.295619,,,,,,,,,0.292372,,,,,,,,valid,,,,,,10,,,,,
pipesworld-notankage,p07-net1-b12-g5.pddl,abs-asp,success,3.9017536379396915,total,1.6461,0.195903,0.003127,0.142045,,0.012693,0.02756,0.241812,0.17721,,0.047149,0.024095,0.276428,,0.45182,,,valid,14,0,0,0,8,9,9,1,2,batch-atom,
pipesworld-notankage,p07-net1-b12-g5.pddl,abs-fd,success,3.742762167006731,total,1.551845,0.195384,0.003115,0.141739,,0.01252,0.027942,0.24494,0.181238,,0.046446,,,0.069773,0.584383,,,valid,14,0,3,0,10,15,,4,2,batch-atom,
pipesworld-notankage,p07-net1-b12-g5.pddl,fd-lmcut,success,2.0018628500401974,total,0.251298,,,,,,,,,0.247825,,,,,,,,valid,,,,,,8,,,,,
pipesworld-notankage,p08-net1-b12-g7.pddl,abs-asp,success,9.659399079158902,total,7.979394,0.19481,0.009792,0.127171,,0.012863,0.082536,0.228339,0.189387,,0.044592,0.024002,3.483411,,3.528423,,,valid,14,0,5,0,10,11,11,6,2,batch-atom,
pipesworld-notankage,p08-net1-b12-g7.pddl,abs-fd,success,6.465845298022032,total,4.922161,0.191159,0.00732,0.143345,,0.012547,0.073339,0.219672,0.181075,,0.047095,,,0.070912,3.922678,,,valid,14,0,8,0,14,17,,9,2,batch-atom,
pipesworld-notankage,p08-net1-b12-g7.pddl,fd-lmcut,success,2.726689178496599,total,0.302212,,,,,,,,,0.298817,,,,,,,,valid,,,,,,10,,,,,
pipesworld-notankage,p09-net1-b14-g6.pddl,abs-asp,success,14.979478552937508,total,12.80715,0.215587,0.003113,0.152942,,0.013856,0.07442,0.268127,0.185156,,0.059079,0.025409,9.25573,,2.482934,,,valid,14,0,6,0,13,13,14,7,3,batch-atom,
pipesworld-notankage,p09-net1-b14-g6.pddl,abs-fd,success,61.01123723387718,total,58.833535,0.199975,0.003106,0.153527,,0.013814,0.073565,0.272368,0.18541,,0.059217,,,0.072578,57.724736,,,valid,14,0,15,0,19,22,,16,3,batch-atom,
pipesworld-notankage,p09-net1-b14-g6.pddl,fd-lmcut,success,2.1347299441695213,total,0.501662,,,,,,,,,0.498091,,,,,,,,valid,,,,,,13,,,,,
pipesworld-notankage,p10-net1-b14-g8.pddl,abs-asp,timed out,1800.1323902513832,abstract_solving,,0.20248798094689846,0.0032437536865472794,0.13634534180164337,,0.01315140537917614,0.026763983070850372,0.2534766476601362,0.20336061716079712,,0.0575522780418396,0.03043876588344574,431.784267148003,,,,,,14,0,8,0,17,,18,9,2,batch-atom,
pipesworld-notankage,p10-net1-b14-g8.pddl,abs-fd,timed out,1800.1373549737036,abstract_fd_search,,0.20465290546417236,0.0032313838601112366,0.15340329334139824,,0.013008072972297668,0.02661086991429329,0.27738499641418457,0.2007681168615818,,0.059044383466243744,,,0.07752501964569092,,,,,14,0,18,0,24,,,19,2,batch-atom,
pipesworld-notankage,p10-net1-b14-g8.pddl,fd-lmcut,success,39.04547841101885,total,37.258848,,,,,,,,,37.254717,,,,,,,,valid,,,,,,18,,,,,
pipesworld-notankage,p13-net2-b12-g3.pddl,abs-asp,timed out,1800.1310039013624,abstract_solving,,0.19461630657315254,0.0030113644897937775,0.16131588630378246,,0.014185797423124313,0.025670047849416733,0.29931753873825073,0.1975704338401556,,0.07897180132567883,0.03513684310019016,2.995638867840171,,,,,,14,0,12,0,14,,15,13,4,batch-atom,
pipesworld-notankage,p13-net2-b12-g3.pddl,abs-fd,timed out,1800.136186350137,abstract_fd_search,,0.213096234947443,0.003325454890727997,0.17976772785186768,,0.015510115772485733,0.029556740075349808,0.33357394486665726,0.22320492565631866,,0.08603494241833687,,,0.08126964420080185,,,,,14,0,11,0,14,,,12,4,batch-atom,
pipesworld-notankage,p13-net2-b12-g3.pddl,fd-lmcut,success,6.995344303548336,total,4.806291,,,,,,,,,4.802579,,,,,,,,valid,,,,,,16,,,,,
pipesworld-notankage,p15-net2-b14-g4.pddl,abs-asp,timed out,1800.1431682407856,abstract_solving,,0.21857614815235138,0.009661119431257248,0.1689925491809845,,0.015331722795963287,0.07933398336172104,0.3163881450891495,0.21633492037653923,,0.08077380061149597,0.03988753259181976,5.0618045553565025,,,,,,14,0,10,0,16,,17,11,4,batch-atom,
pipesworld-notankage,p15-net2-b14-g4.pddl,abs-fd,timed out,1800.1377607621253,abstract_fd_search,,0.19698279723525047,0.007289990782737732,0.16503843292593956,,0.015114206820726395,0.07312954217195511,0.30512236431241035,0.20631803199648857,,0.08072060719132423,,,0.07555273175239563,,,,,14,0,14,0,17,,,15,4,batch-atom,
pipesworld-notankage,p15-net2-b14-g4.pddl,fd-lmcut,success,160.31174537539482,total,158.414597,,,,,,,,,158.410321,,,,,,,,valid,,,,,,26,,,,,
pipesworld-notankage,p16-net2-b14-g6.pddl,abs-asp,timed out,1800.1371508054435,abstract_solving,,0.19094935059547424,0.003165431320667267,0.14714425802230835,,0.01484408974647522,0.07410081475973129,0.2816147729754448,0.20789359509944916,,0.07901689037680626,0.03969259932637215,404.4670966938138,,,,,,14,0,21,0,25,,26,22,4,batch-atom,
pipesworld-notankage,p16-net2-b14-g6.pddl,abs-fd,timed out,1800.1448477506638,abstract_fd_search,,0.20520266890525818,0.003172028809785843,0.1701507493853569,,0.014907833188772202,0.02846340462565422,0.3140060007572174,0.21486052125692368,,0.08211798220872879,,,0.07858467102050781,,,,,14,0,19,0,27,,,20,4,batch-atom,
pipesworld-notankage,p16-net2-b14-g6.pddl,fd-lmcut,timed out,1800.0501386336982,,,,,,,,,,,,,,,,,,,,,,,,,,,,,,
pipesworld-notankage,p17-net2-b16-g5.pddl,abs-asp,timed out,1800.1397012583911,abstract_solving,,0.21061189472675323,0.0031930021941661835,0.2030659057199955,,0.07833957299590111,0.027157336473464966,0.41363316029310226,0.26901066303253174,,0.13149486854672432,0.07064354419708252,6.926420357078314,,,,,,14,0,11,0,14,,15,12,3,batch-atom,
pipesworld-notankage,p17-net2-b16-g5.pddl,abs-fd,timed out,1800.150076571852,abstract_fd_search,,0.197036974132061,0.0031341463327407837,0.17592642456293106,,0.06437531486153603,0.026628367602825165,0.37422165274620056,0.25780727714300156,,0.1313372179865837,,,0.08245247974991798,,,,,14,0,13,0,16,,,14,3,batch-atom,
pipesworld-notankage,p17-net2-b16-g5.pddl,fd-lmcut,success,1238.4837542288005,total,1236.370415,,,,,,,,,1236.366067,,,,,,,,valid,,,,,,22,,,,,
pipesworld-notankage,p18-net2-b16-g7.pddl,abs-asp,timed out,1800.1432677209377,abstract_solving,,0.20344453305006027,0.0032200776040554047,0.1942199096083641,,0.014562580734491348,0.02718057855963707,0.3982393406331539,0.2680766247212887,,0.1292533241212368,0.07525008916854858,326.9374761469662,,,,,,14,0,10,0,20,,21,11,3,batch-atom,
pipesworld-notankage,p18-net2-b16-g7.pddl,abs-fd,timed out,1800.1622834913433,abstract_fd_search,,0.20599447190761566,0.0032590478658676147,0.19495883211493492,,0.014636237174272537,0.027787916362285614,0.3993249274790287,0.2682342156767845,,0.13070988282561302,,,0.08817153796553612,,,,,14,0,22,0,28,,,23,3,batch-atom,
pipesworld-notankage,p18-net2-b16-g7.pddl,fd-lmcut,timed out,1800.011874763295,,,,,,,,,,,,,,,,,,,,,,,,,,,,,,
pipesworld-notankage,p23-net3-b14-g3.pddl,abs-asp,timed out,1800.1334483884275,abstract_solving,,0.21377545222640038,0.003331787884235382,0.20028064027428627,,0.01796962320804596,0.07770058885216713,0.4178728573024273,0.22442690655589104,,0.15649321675300598,0.04965772479772568,2.6686755679547787,,,,,,14,0,7,0,12,,13,8,5,batch-atom,
pipesworld-notankage,p23-net3-b14-g3.pddl,abs-fd,timed out,1800.1417614109814,abstract_fd_search,,0.19121834263205528,0.003006691113114357,0.18213257379829884,,0.01622430980205536,0.07297521643340588,0.3951580096036196,0.22291028685867786,,0.1423948723822832,,,0.07422447018325329,,,,,14,0,8,0,13,,,9,5,batch-atom,
pipesworld-notankage,p23-net3-b14-g3.pddl,fd-lmcut,success,153.27185721322894,total,150.632511,,,,,,,,,150.628403,,,,,,,,valid,,,,,,18,,,,,
pipesworld-notankage,p25-net3-b16-g5.pddl,abs-asp,timed out,1800.1564341150224,abstract_solving,,0.19825490936636925,0.0031385235488414764,0.20647624507546425,,0.01719314232468605,0.027165476232767105,0.4747965782880783,0.2691323570907116,,0.18428290635347366,0.07634571194648743,145.8521663285792,,,,,,14,0,12,0,22,,23,13,5,batch-atom,
pipesworld-notankage,p25-net3-b16-g5.pddl,abs-fd,timed out,1800.162992104888,abstract_fd_search,,0.20825177058577538,0.0031536519527435303,0.23249516263604164,,0.017060596495866776,0.027363408356904984,0.5145271047949791,0.2834332808852196,,0.18939150869846344,,,0.09141453728079796,,,,,14,0,19,0,24,,,20,5,batch-atom,
pipesworld-notankage,p25-net3-b16-g5.pddl,fd-lmcut,timed out,1800.1089752614498,,,,,,,,,,,,,,,,,,,,,,,,,,,,,,
pipesworld-notankage,p27-net3-b18-g6.pddl,abs-asp,timed out,1800.1154987812042,abstract_asp,,0.26303545385599136,0.0031667761504650116,0.22734015062451363,,0.016354147344827652,0.03012571856379509,0.5398170240223408,0.33521176502108574,,0.2211303636431694,0.11320149526000023,,,,,,,14,0,,,21,,22,,4,batch-atom,
pipesworld-notankage,p27-net3-b18-g6.pddl,abs-fd,timed out,1800.046627946198,abstract_fd_search,,0.21491193398833275,0.0032843202352523804,0.2513500526547432,,0.06820553541183472,0.03035939857363701,0.5942213125526905,0.3434912897646427,,0.22516849637031555,,,0.10176094621419907,,,,,14,0,26,0,29,,,27,4,batch-atom,
pipesworld-notankage,p27-net3-b18-g6.pddl,fd-lmcut,timed out,1800.1090048830956,,,,,,,,,,,,,,,,,,,,,,,,,,,,,,
pipesworld-notankage,p28-net3-b18-g7.pddl,abs-asp,timed out,1800.115925334394,abstract_asp,,0.2714435085654259,0.0032935068011283875,0.2569148615002632,,0.016467224806547165,0.030763830989599228,0.5874238759279251,0.3495902940630913,,0.22384604811668396,0.11339735612273216,,,,,,,14,0,,,24,,25,,4,batch-atom,
pipesworld-notankage,p28-net3-b18-g7.pddl,abs-fd,timed out,1800.1781856901944,abstract_fd_search,,0.3779916316270828,0.003301069140434265,0.2509065717458725,,0.016521763056516647,0.031025364995002747,0.5531946010887623,0.350895207375288,,0.2229045331478119,,,0.10538045689463615,,,,,14,0,39,0,42,,,40,4,batch-atom,
pipesworld-notankage,p28-net3-b18-g7.pddl,fd-lmcut,timed out,1800.1087228246033,,,,,,,,,,,,,,,,,,,,,,,,,,,,,,
pipesworld-notankage,p29-net3-b20-g6.pddl,abs-asp,timed out,1800.1225152350962,abstract_asp,,0.2752857655286789,0.0038132593035697937,0.28380918502807617,,0.01716209203004837,0.03296348452568054,0.6969103142619133,0.39371464028954506,,0.2798418626189232,0.14269911870360374,,,,,,,14,0,,,22,,23,,4,batch-atom,
pipesworld-notankage,p29-net3-b20-g6.pddl,abs-fd,timed out,1800.1852723956108,abstract_fd_search,,0.2500256970524788,0.003660626709461212,0.26096881926059723,,0.017257019877433777,0.03256585821509361,0.6946054808795452,0.38428717106580734,,0.2788874953985214,,,0.10760468244552612,,,,,14,0,27,0,31,,,28,4,batch-atom,
pipesworld-notankage,p29-net3-b20-g6.pddl,fd-lmcut,timed out,1800.0170250348747,,,,,,,,,,,,,,,,,,,,,,,,,,,,,,
pipesworld-notankage,p30-net3-b20-g8.pddl,abs-asp,timed out,1800.1211843192577,abstract_asp,,0.26361072063446045,0.0032774172723293304,0.2731052152812481,,0.017223212867975235,0.03325514867901802,0.6381264477968216,0.36066024750471115,,0.25395166873931885,0.13141129910945892,,,,,,,14,0,,,24,,25,,4,batch-atom,
pipesworld-notankage,p30-net3-b20-g8.pddl,abs-fd,timed out,1800.1926330663264,abstract_fd_search,,0.26380467042326927,0.0033396854996681213,0.2704640030860901,,0.01705636829137802,0.033332180231809616,0.6367739401757717,0.35947057604789734,,0.2566335126757622,,,0.1184929721057415,,,,,14,0,32,0,36,,,33,4,batch-atom,
pipesworld-notankage,p30-net3-b20-g8.pddl,fd-lmcut,timed out,1800.1092893108726,,,,,,,,,,,,,,,,,,,,,,,,,,,,,,
pipesworld-notankage,p34-net4-b16-g6.pddl,abs-asp,timed out,1800.1204522885382,abstract_asp,,0.273211095482111,0.0032789520919322968,0.26184744387865067,,0.017953086644411087,0.02915497124195099,0.6253115758299828,0.3314484767615795,,0.23863618820905685,0.10598265007138252,,,,,,,14,0,,,19,,20,,5,batch-atom,
pipesworld-notankage,p34-net4-b16-g6.pddl,abs-fd,timed out,1800.1729024201632,abstract_fd_search,,0.26718228682875633,0.0032613687217235565,0.26480818912386894,,0.01762402430176735,0.029315177351236343,0.6316992416977882,0.33288682624697685,,0.23906923085451126,,,0.10295653715729713,,,,,14,0,30,0,35,,,31,5,batch-atom,
pipesworld-notankage,p34-net4-b16-g6.pddl,fd-lmcut,timed out,1800.109976472333,,,,,,,,,,,,,,,,,,,,,,,,,,,,,,
pipesworld-notankage,p35-net4-b18-g4.pddl,abs-asp,timed out,1800.1599395126104,abstract_solving,,0.25825390219688416,0.003144592046737671,0.2967989109456539,,0.016852039843797684,0.031938616186380386,0.763256274163723,0.4024326764047146,,0.308762326836586,0.1499107927083969,95.53822804242373,,,,,,14,0,13,0,16,,17,14,4,batch-atom,
pipesworld-notankage,p35-net4-b18-g4.pddl,abs-fd,timed out,1800.1638688705862,abstract_fd_search,,0.26721422374248505,0.0031408630311489105,0.2837168946862221,,0.017015870660543442,0.031636808067560196,0.7586657851934433,0.4163663424551487,,0.30961665511131287,,,0.10699252784252167,,,,,14,0,15,0,16,,,16,4,batch-atom,
pipesworld-notankage,p35-net4-b18-g4.pddl,fd-lmcut,timed out,1800.1077577713877,,,,,,,,,,,,,,,,,,,,,,,,,,,,,,
pipesworld-notankage,p36-net4-b18-g6.pddl,abs-asp,timed out,1800.1492963209748,abstract_solving,,0.2504076473414898,0.0036690644919872284,0.27752063423395157,,0.017114315181970596,0.03180640935897827,0.7334221079945564,0.3995617404580116,,0.30920254439115524,0.15081920847296715,914.4025928452611,,,,,,14,0,16,0,19,,20,17,4,batch-atom,
pipesworld-notankage,p36-net4-b18-g6.pddl,abs-fd,timed out,1800.1860074996948,abstract_fd_search,,0.2821846418082714,0.0036621950566768646,0.3026866875588894,,0.017160192131996155,0.031453218311071396,0.7782525420188904,0.4156413972377777,,0.31550341844558716,,,0.1138659156858921,,,,,14,0,26,0,30,,,27,4,batch-atom,
pipesworld-notankage,p36-net4-b18-g6.pddl,fd-lmcut,timed out,1800.108193654567,,,,,,,,,,,,,,,,,,,,,,,,,,,,,,
pipesworld-notankage,p39-net4-b22-g7.pddl,abs-asp,timed out,1800.1226278468966,abstract_asp,,0.25990235060453415,0.0033100061118602753,0.4102093577384949,,0.01919974386692047,0.03597060963511467,1.0505405999720097,0.5477887541055679,,0.4804745763540268,0.2359752207994461,,,,,,,14,0,,,18,,19,,5,batch-atom,
pipesworld-notankage,p39-net4-b22-g7.pddl,abs-fd,timed out,1800.2300465032458,abstract_fd_search,,0.2677873335778713,0.003295641392469406,0.41711531952023506,,0.01931849494576454,0.03550771251320839,1.0742610208690166,0.580080259591341,,0.4752020835876465,,,0.13642314076423645,,,,,14,0,15,0,24,,,16,5,batch-atom,
pipesworld-notankage,p39-net4-b22-g7.pddl,fd-lmcut,timed out,1800.107189718634,,,,,,,,,,,,,,,,,,,,,,,,,,,,,,
pipesworld-notankage,p40-net4-b22-g8.pddl,abs-asp,timed out,1800.1247658208013,abstract_asp,,0.27070052921772003,0.003326471894979477,0.42067620158195496,,0.018386386334896088,0.036943044513463974,1.0860189944505692,0.6462482959032059,,0.472379956394434,0.26150427386164665,,,,,,,14,0,,,19,,20,,4,batch-atom,
pipesworld-notankage,p40-net4-b22-g8.pddl,abs-fd,timed out,1800.0904524307698,abstract_fd_search,,0.25920186936855316,0.003327570855617523,0.4090122804045677,,0.018639814108610153,0.036906758323311806,1.0305372327566147,0.6232148967683315,,0.4715034030377865,,,0.14192098192870617,,,,,14,0,19,0,27,,,20,4,batch-atom,
pipesworld-notankage,p40-net4-b22-g8.pddl,fd-lmcut,timed out,1800.1097663547844,,,,,,,,,,,,,,,,,,,,,,,,,,,,,,
pipesworld-notankage,p41-net5-b22-g2.pddl,abs-asp,success,218.00255171209574,total,215.806804,0.261437,0.003031,0.480806,,0.02129,0.036339,1.341537,0.638402,,0.588933,0.27407,3.978561,,207.962886,,,valid,14,0,8,0,10,12,11,9,6,batch-atom,
pipesworld-notankage,p41-net5-b22-g2.pddl,abs-fd,success,90.90509061515331,total,88.501831,0.269351,0.003081,0.496187,,0.021285,0.037057,1.3739,0.661044,,0.611477,,,0.133616,84.702883,,,valid,14,0,7,0,10,12,,8,6,batch-atom,
pipesworld-notankage,p41-net5-b22-g2.pddl,fd-lmcut,success,400.15990902483463,total,398.391807,,,,,,,,,398.38814,,,,,,,,valid,,,,,,12,,,,,
pipesworld-notankage,p42-net5-b22-g4.pddl,abs-asp,timed out,1800.0265751294792,abstract_asp,,0.27938660234212875,0.003260556608438492,0.4961226209998131,,0.021483615040779114,0.03789275512099266,1.3774100579321384,0.6606333591043949,,0.6048049256205559,0.2747054062783718,,,,,,,14,0,,,20,,21,,6,batch-atom,
pipesworld-notankage,p42-net5-b22-g4.pddl,abs-fd,timed out,1800.184240654111,abstract_fd_search,,0.2606092616915703,0.003144301474094391,0.48034440353512764,,0.021230973303318024,0.0369696244597435,1.3460022062063217,0.6413849256932735,,0.5875340737402439,,,0.14413005486130714,,,,,14,0,19,0,27,,,20,6,batch-atom,
pipesworld-notankage,p42-net5-b22-g4.pddl,fd-lmcut,timed out,1800.1094419509172,,,,,,,,,,,,,,,,,,,,,,,,,,,,,,
pipesworld-notankage,p43-net5-b24-g3.pddl,abs-asp,timed out,1800.127373315394,abstract_asp,,0.27300577983260155,0.0032168813049793243,0.5551064983010292,,0.025670550763607025,0.0371367447078228,1.5719192661345005,0.5461966469883919,,0.6990495026111603,0.2262345738708973,,,,,,,14,0,,,18,,19,,8,batch-atom,
pipesworld-notankage,p43-net5-b24-g3.pddl,abs-fd,timed out,1800.1963783167303,abstract_fd_search,,0.2610394358634949,0.003157731145620346,0.5347606129944324,,0.02479998767375946,0.03688362240791321,1.5310614220798016,0.5368624106049538,,0.6976171024143696,,,0.12297999113798141,,,,,14,0,19,0,25,,,20,8,batch-atom,
pipesworld-notankage,p43-net5-b24-g3.pddl,fd-lmcut,timed out,1800.1080238446593,,,,,,,,,,,,,,,,,,,,,,,,,,,,,,
pipesworld-notankage,p44-net5-b24-g5.pddl,abs-asp,timed out,1800.1034073904157,abstract_asp,,0.2830468900501728,0.0032402798533439636,0.5497631765902042,,0.02448875457048416,0.037733446806669235,1.5634515583515167,0.5452903471887112,,0.7015105001628399,0.22531354427337646,,,,,,,14,0,,,18,,19,,8,batch-atom,
pipesworld-notankage,p44-net5-b24-g5.pddl,abs-fd,timed out,1800.1512274388224,abstract_fd_search,,0.2837032601237297,0.003285560756921768,0.5873314701020718,,0.02477210760116577,0.03814309276640415,1.5429654996842146,0.5520030986517668,,0.7108708322048187,,,0.1373051144182682,,,,,14,0,25,0,32,,,26,8,batch-atom,
pipesworld-notankage,p44-net5-b24-g5.pddl,fd-lmcut,timed out,1800.1089207679033,,,,,,,,,,,,,,,,,,,,,,,,,,,,,,
pipesworld-notankage,p45-net5-b26-g4.pddl,abs-asp,timed out,1800.1408063434064,abstract_asp,,0.2726447917521,0.0037843622267246246,0.6189277060329914,,0.02264149859547615,0.042032238095998764,1.8528054170310497,0.9689279235899448,,0.816735066473484,0.4438645988702774,,,,,,,14,0,,,18,,19,,6,batch-atom,
pipesworld-notankage,p45-net5-b26-g4.pddl,abs-fd,timed out,1800.2215133458376,abstract_fd_search,,0.26525866240262985,0.003643084317445755,0.6089740917086601,,0.022663068026304245,0.042659662663936615,1.8345264717936516,0.9312297999858856,,0.826329730451107,,,0.19718286395072937,,,,,14,0,26,0,30,,,27,6,batch-atom,
pipesworld-notankage,p45-net5-b26-g4.pddl,fd-lmcut,timed out,1800.012123260647,,,,,,,,,,,,,,,,,,,,,,,,,,,,,,
pipesworld-notankage,p46-net5-b26-g6.pddl,abs-asp,timed out,1800.1386891007423,abstract_asp,,0.28148047626018524,0.003360159695148468,0.6163245104253292,,0.0223979689180851,0.043940093368291855,1.8476159200072289,0.9409249424934387,,0.8054050654172897,0.44105350971221924,,,,,,,14,0,,,19,,20,,6,batch-atom,
pipesworld-notankage,p46-net5-b26-g6.pddl,abs-fd,timed out,1800.2483690194786,abstract_fd_search,,0.26423463970422745,0.003237929195165634,0.6023030318319798,,0.022322971373796463,0.042726799845695496,1.952866643667221,0.9926048293709755,,0.8786074705421925,,,0.2309495098888874,,,,,14,0,36,0,41,,,37,6,batch-atom,
pipesworld-notankage,p46-net5-b26-g6.pddl,fd-lmcut,timed out,1800.1072744317353,,,,,,,,,,,,,,,,,,,,,,,,,,,,,,
pipesworld-notankage,p47-net5-b28-g5.pddl,abs-asp,timed out,1800.1385082304478,abstract_asp,,0.26890236884355545,0.003169652074575424,0.6683619096875191,,0.0249769389629364,0.04393472522497177,2.096408821642399,0.9801444038748741,,0.9237503036856651,0.47313714027404785,,,,,,,14,0,,,21,,22,,7,batch-atom,
pipesworld-notankage,p47-net5-b28-g5.pddl,abs-fd,timed out,1800.2190571017563,abstract_fd_search,,0.27401551231741905,0.0031480640172958374,0.6852015890181065,,0.024747569113969803,0.04382019862532616,2.12312900274992,0.9968103803694248,,0.9488424360752106,,,0.23292973265051842,,,,,14,0,43,0,48,,,44,7,batch-atom,
pipesworld-notankage,p47-net5-b28-g5.pddl,fd-lmcut,timed out,1800.1096142493188,,,,,,,,,,,,,,,,,,,,,,,,,,,,,,
pipesworld-notankage,p48-net5-b28-g7.pddl,abs-asp,timed out,1800.143470030278,abstract_asp,,0.2646861672401428,0.0032570362091064453,0.6638097427785397,,0.02303481474518776,0.04650634154677391,2.0778185687959194,1.0801795199513435,,0.9676939323544502,0.5021298415958881,,,,,,,14,0,,,22,,23,,6,batch-atom,
pipesworld-notankage,p48-net5-b28-g7.pddl,abs-fd,timed out,1800.2611639872193,abstract_fd_search,,0.2795279733836651,0.0034163258969783783,0.6601793263107538,,0.02341289445757866,0.04655526764690876,2.0840452313423157,1.0955828744918108,,0.9159729704260826,,,0.2537184804677963,,,,,14,0,44,0,49,,,45,6,batch-atom,
pipesworld-notankage,p48-net5-b28-g7.pddl,fd-lmcut,timed out,1800.1092359349132,,,,,,,,,,,,,,,,,,,,,,,,,,,,,,
pipesworld-notankage,p49-net5-b30-g6.pddl,abs-asp,timed out,1800.1399431861937,abstract_asp,,0.27046398259699345,0.003283293917775154,0.782660722732544,,0.023983484134078026,0.05015789344906807,2.352639488875866,1.2294938433915377,,1.0487586949020624,0.5693310908973217,,,,,,,14,0,,,18,,19,,6,batch-atom,
pipesworld-notankage,p49-net5-b30-g6.pddl,abs-fd,timed out,1800.2440281659365,abstract_fd_search,,0.2642185352742672,0.0032330378890037537,0.7624133415520191,,0.023695312440395355,0.0488954558968544,2.3597397692501545,1.2581434734165668,,1.0396484956145287,,,0.23977772891521454,,,,,14,0,29,0,36,,,30,6,batch-atom,
pipesworld-notankage,p49-net5-b30-g6.pddl,fd-lmcut,timed out,1800.019823372364,,,,,,,,,,,,,,,,,,,,,,,,,,,,,,
pipesworld-notankage,p50-net5-b30-g8.pddl,abs-asp,timed out,1800.1401034668088,abstract_asp,,0.3099244348704815,0.0034501217305660248,0.7898243144154549,,0.024602986872196198,0.050329986959695816,2.3773576840758324,1.2498644143342972,,1.0456302277743816,0.5635045804083347,,,,,,,14,0,,,21,,22,,6,batch-atom,
pipesworld-notankage,p50-net5-b30-g8.pddl,abs-fd,timed out,1800.228265143931,abstract_fd_search,,0.2828342393040657,0.003651946783065796,0.7582834362983704,,0.02641155943274498,0.05461448058485985,2.322946012020111,1.2347923070192337,,1.0432158894836903,,,0.2968324050307274,,,,,14,0,39,0,51,,,40,6,batch-atom,
pipesworld-notankage,p50-net5-b30-g8.pddl,fd-lmcut,timed out,1800.1094018146396,,,,,,,,,,,,,,,,,,,,,,,,,,,,,,
pipesworld-tankage,p03-net1-b8-g3-t80.pddl,abs-asp,success,4.8469765447080135,total,2.59823,0.287291,0.004186,0.189293,,0.01906,0.037393,0.295271,0.23146,,0.068752,0.052183,0.310056,,1.054777,,,valid,14,0,4,0,7,11,8,5,2,batch-atom,
pipesworld-tankage,p03-net1-b8-g3-t80.pddl,abs-fd,success,4.483264857903123,total,1.935974,0.301894,0.004292,0.195336,,0.019056,0.038731,0.310284,0.242494,,0.069454,,,0.078016,0.62761,,,valid,14,0,3,0,7,13,,4,2,batch-atom,
pipesworld-tankage,p03-net1-b8-g3-t80.pddl,fd-lmcut,success,2.709752146154642,total,0.580353,,,,,,,,,0.57684,,,,,,,,valid,,,,,,8,,,,,
pipesworld-tankage,p04-net1-b8-g5-t80.pddl,abs-asp,success,4.284258369356394,total,2.065921,0.291189,0.004188,0.192047,,0.019596,0.037582,0.299405,0.230747,,0.086837,0.051477,0.268082,,0.540727,,,valid,14,0,1,0,6,13,7,2,2,batch-atom,
pipesworld-tankage,p04-net1-b8-g5-t80.pddl,abs-fd,success,3.9454695880413055,total,1.727018,0.292213,0.004213,0.189998,,0.019502,0.037466,0.300165,0.23156,,0.069166,,,0.073961,0.467169,,,valid,14,0,0,0,6,13,,1,2,batch-atom,
pipesworld-tankage,p04-net1-b8-g5-t80.pddl,fd-lmcut,success,3.581789780408144,total,1.865869,,,,,,,,,1.862437,,,,,,,,valid,,,,,,11,,,,,
pipesworld-tankage,p05-net1-b10-g4-t50.pddl,abs-asp,success,4.1597207225859165,total,2.306529,0.294309,0.004152,0.195106,,0.018661,0.038334,0.302953,0.237585,,0.080284,0.053799,0.381589,,0.649403,,,valid,14,0,2,0,7,11,8,3,2,batch-atom,
pipesworld-tankage,p05-net1-b10-g4-t50.pddl,abs-fd,success,5.094410844147205,total,2.800996,0.297583,0.004162,0.196808,,0.018585,0.037917,0.319965,0.259058,,0.081679,,,0.076577,1.459964,,,valid,14,0,5,0,8,9,,6,2,batch-atom,
pipesworld-tankage,p05-net1-b10-g4-t50.pddl,fd-lmcut,success,2.1068180352449417,total,0.398228,,,,,,,,,0.394676,,,,,,,,valid,,,,,,8,,,,,
pipesworld-tankage,p06-net1-b10-g6-t50.pddl,abs-asp,success,5.5643000937998295,total,3.158396,0.316263,0.00493,0.183422,,0.01934,0.039081,0.302113,0.273037,,0.078888,0.059523,0.886733,,0.936902,,,valid,14,0,1,0,9,15,10,2,2,batch-atom,
pipesworld-tankage,p06-net1-b10-g6-t50.pddl,abs-fd,success,4.842721175402403,total,2.619774,0.296379,0.004682,0.195898,,0.019063,0.038232,0.317544,0.24479,,0.08099,,,0.078305,1.294076,,,valid,14,0,3,0,10,15,,4,2,batch-atom,
pipesworld-tankage,p06-net1-b10-g6-t50.pddl,fd-lmcut,success,2.474472474306822,total,0.57011,,,,,,,,,0.5668,,,,,,,,valid,,,,,,10,,,,,
pipesworld-tankage,p07-net1-b12-g5-t80.pddl,abs-asp,success,10.189656294882298,total,7.83345,0.30879,0.004344,0.341277,,0.024251,0.045113,0.662545,0.452444,,0.271328,0.149147,3.253196,,2.242295,,,valid,8,0,3,0,8,8,9,4,3,tank-slot,
pipesworld-tankage,p07-net1-b12-g5-t80.pddl,abs-fd,success,20.633752334862947,total,18.789932,0.312251,0.004308,0.332413,,0.024842,0.045154,0.632219,0.44794,,0.26823,,,0.099227,16.528275,,,valid,8,0,10,0,11,11,,11,3,tank-slot,
pipesworld-tankage,p07-net1-b12-g5-t80.pddl,fd-lmcut,success,2.7093748711049557,total,0.991906,,,,,,,,,0.988333,,,,,,,,valid,,,,,,8,,,,,
pipesworld-tankage,p08-net1-b12-g7-t80.pddl,abs-asp,success,66.3275256138295,total,64.045937,0.305551,0.004381,0.330966,,0.024074,0.045629,0.647082,0.439666,,0.26825,0.150231,54.249004,,7.475791,,,valid,8,0,3,0,10,13,11,4,3,tank-slot,
pipesworld-tankage,p08-net1-b12-g7-t80.pddl,abs-fd,success,26.3192372135818,total,24.634719,0.294831,0.004294,0.312067,,0.023999,0.044929,0.623891,0.440046,,0.272548,,,0.099173,22.410988,,,valid,8,0,9,0,15,17,,10,3,tank-slot,
pipesworld-tankage,p08-net1-b12-g7-t80.pddl,fd-lmcut,success,40.19037403166294,total,38.266044,,,,,,,,,38.261924,,,,,,,,valid,,,,,,11,,,,,
pipesworld-tankage,p09-net1-b14-g6-t50.pddl,abs-asp,timed out,1800.1477259881794,abstract_solving,,0.30104609951376915,0.004343140870332718,0.3654817081987858,,0.022930145263671875,0.044777367264032364,0.7058257684111595,0.42212285101413727,,0.3142573796212673,0.17369026318192482,290.2898376509547,,,,,,14,0,5,0,14,,15,6,3,batch-atom,
pipesworld-tankage,p09-net1-b14-g6-t50.pddl,abs-fd,timed out,1800.1700599752367,abstract_fd_search,,0.2961813807487488,0.0042967647314071655,0.36315155401825905,,0.022918522357940674,0.04385093227028847,0.6969638541340828,0.41410837695002556,,0.32110870629549026,,,0.10932544991374016,,,,,14,0,21,0,24,,,22,3,batch-atom,
pipesworld-tankage,p09-net1-b14-g6-t50.pddl,fd-lmcut,timed out,1800.1100635044277,,,,,,,,,,,,,,,,,,,,,,,,,,,,,,
pipesworld-tankage,p10-net1-b14-g8-t50.pddl,abs-asp,timed out,1800.121541172266,abstract_asp,,0.29383765533566475,0.004787880927324295,0.3411286659538746,,0.0235893577337265,0.0466388463973999,0.694591362029314,0.4619952589273453,,0.3132169246673584,0.15951009467244148,,,,,,,8,0,,,16,,17,,3,tank-slot,
pipesworld-tankage,p10-net1-b14-g8-t50.pddl,abs-fd,timed out,1800.1669620536268,abstract_fd_search,,0.3011835664510727,0.004772573709487915,0.3438424579799175,,0.023967061191797256,0.04602382704615593,0.6946882046759129,0.46179862320423126,,0.31366799399256706,,,0.1244955062866211,,,,,8,0,28,0,32,,,29,3,tank-slot,
pipesworld-tankage,p10-net1-b14-g8-t50.pddl,fd-lmcut,timed out,1800.1126460544765,,,,,,,,,,,,,,,,,,,,,,,,,,,,,,
pipesworld-tankage,p11-net2-b10-g2-t30.pddl,abs-asp,timed out,1800.128885537386,abstract_solving,,0.2960054688155651,0.004473794251680374,0.22852952033281326,,0.024241305887699127,0.035081349313259125,0.3879108764231205,0.2152809426188469,,0.14194635674357414,0.04528991878032684,1.5019704774022102,,,,,,14,0,8,0,12,,13,9,5,batch-atom,
pipesworld-tankage,p11-net2-b10-g2-t30.pddl,abs-fd,timed out,1800.1345393061638,abstract_fd_search,,0.27305789291858673,0.004059255123138428,0.21344229206442833,,0.022276509553194046,0.031636059284210205,0.3745834156870842,0.2180909402668476,,0.14055223390460014,,,0.07258887216448784,,,,,14,0,11,0,16,,,12,5,batch-atom,
pipesworld-tankage,p11-net2-b10-g2-t30.pddl,fd-lmcut,success,321.50908828899264,total,319.160945,,,,,,,,,319.156582,,,,,,,,valid,,,,,,22,,,,,
pipesworld-tankage,p12-net2-b10-g4-t60.pddl,abs-asp,timed out,1800.1448075119406,abstract_solving,,0.2855882868170738,0.004125725477933884,0.2816542014479637,,0.022101132199168205,0.03568308986723423,0.5096539556980133,0.30225507728755474,,0.22783295810222626,0.09608695469796658,13.295786948874593,,,,,,14,0,13,0,16,,17,14,4,batch-atom,
pipesworld-tankage,p12-net2-b10-g4-t60.pddl,abs-fd,timed out,1800.1602548733354,abstract_fd_search,,0.28457941487431526,0.0040871985256671906,0.2964388504624367,,0.02169479802250862,0.03579585254192352,0.523158598691225,0.294328760355711,,0.23069710657000542,,,0.08784200996160507,,,,,14,0,19,0,24,,,20,4,batch-atom,
pipesworld-tankage,p12-net2-b10-g4-t60.pddl,fd-lmcut,timed out,1800.1114400029182,,,,,,,,,,,,,,,,,,,,,,,,,,,,,,
pipesworld-tankage,p13-net2-b12-g3-t70.pddl,abs-asp,timed out,1800.1649337038398,abstract_solving,,0.29441624134778976,0.004164382815361023,0.332380548119545,,0.024638209491968155,0.04221878945827484,0.644475169479847,0.4042184054851532,,0.31426234543323517,0.17160912230610847,10.501334015280008,,,,,,14,0,10,0,14,,15,11,4,batch-atom,
pipesworld-tankage,p13-net2-b12-g3-t70.pddl,abs-fd,timed out,1800.1589701510966,abstract_fd_search,,0.29001374170184135,0.004296451807022095,0.3309897631406784,,0.024691972881555557,0.04253390431404114,0.640618734061718,0.40359046310186386,,0.3110509365797043,,,0.10396851971745491,,,,,14,0,14,0,20,,,15,4,batch-atom,
pipesworld-tankage,p13-net2-b12-g3-t70.pddl,fd-lmcut,success,546.8558405339718,total,544.497145,,,,,,,,,544.492584,,,,,,,,valid,,,,,,16,,,,,
pipesworld-tankage,p14-net2-b12-g5-t30.pddl,abs-asp,timed out,1800.1449813470244,abstract_solving,,0.29135797172784805,0.004354231059551239,0.2588171176612377,,0.02064228057861328,0.03906751424074173,0.4842597432434559,0.35260721296072006,,0.21859681606292725,0.12935784831643105,95.99010225757957,,,,,,14,0,11,0,20,,21,12,3,batch-atom,
pipesworld-tankage,p14-net2-b12-g5-t30.pddl,abs-fd,timed out,1800.1556639671326,abstract_fd_search,,0.29425938054919243,0.004315964877605438,0.2766278199851513,,0.020439840853214264,0.0383826419711113,0.49138547852635384,0.3505866415798664,,0.20317264273762703,,,0.10233112052083015,,,,,14,0,16,0,26,,,17,3,batch-atom,
pipesworld-tankage,p14-net2-b12-g5-t30.pddl,fd-lmcut,timed out,1800.109664492309,,,,,,,,,,,,,,,,,,,,,,,,,,,,,,
pipesworld-tankage,p15-net2-b14-g4-t30.pddl,abs-asp,timed out,1800.138563580811,abstract_solving,,0.2945309206843376,0.00813193991780281,0.2751241996884346,,0.022829916328191757,0.038482047617435455,0.4831669069826603,0.32583170756697655,,0.20060382410883904,0.1140345111489296,5.792503729462624,,,,,,14,0,12,0,16,,17,13,4,batch-atom,
pipesworld-tankage,p15-net2-b14-g4-t30.pddl,abs-fd,timed out,1800.1496846284717,abstract_fd_search,,0.28702388890087605,0.007956009358167648,0.2825936172157526,,0.02278740145266056,0.037992965430021286,0.4760068319737911,0.3247945439070463,,0.20088412053883076,,,0.09366337582468987,,,,,14,0,13,0,18,,,14,4,batch-atom,
pipesworld-tankage,p15-net2-b14-g4-t30.pddl,fd-lmcut,timed out,1800.1068750955164,,,,,,,,,,,,,,,,,,,,,,,,,,,,,,
pipesworld-tankage,p16-net2-b14-g6-t80.pddl,abs-asp,timed out,1800.1510430648923,abstract_asp,,0.3287351243197918,0.00451250746846199,0.49478552117943764,,0.03299148753285408,0.05146562680602074,0.913978572934866,0.668987400829792,,0.4691854752600193,0.29951636120676994,,,,,,,8,0,,,23,,24,,6,tank-slot,
pipesworld-tankage,p16-net2-b14-g6-t80.pddl,abs-fd,timed out,1800.298713747412,abstract_fd_search,,0.3093474954366684,0.004375793039798737,0.4839079864323139,,0.03287489712238312,0.05040178820490837,0.897745244204998,0.6518361382186413,,0.46845997869968414,,,0.2604719325900078,,,,,8,0,118,0,122,,,119,6,tank-slot,
pipesworld-tankage,p16-net2-b14-g6-t80.pddl,fd-lmcut,timed out,1800.1100440695882,,,,,,,,,,,,,,,,,,,,,,,,,,,,,,
pipesworld-tankage,p17-net2-b16-g5-t20.pddl,abs-asp,timed out,1800.1444772724062,abstract_solving,,0.2947182413190603,0.004240918904542923,0.3005862180143595,,0.02115730568766594,0.041355833411216736,0.5467184484004974,0.3996474388986826,,0.244590912014246,0.16518366523087025,131.7982348240912,,,,,,14,0,13,0,18,,19,14,3,batch-atom,
pipesworld-tankage,p17-net2-b16-g5-t20.pddl,abs-fd,timed out,1800.1580302994698,abstract_fd_search,,0.2858864273875952,0.00422634556889534,0.27919925563037395,,0.021278461441397667,0.04147353023290634,0.51824657805264,0.3977823331952095,,0.24605192057788372,,,0.10821492969989777,,,,,14,0,22,0,26,,,23,3,batch-atom,
pipesworld-tankage,p17-net2-b16-g5-t20.pddl,fd-lmcut,timed out,1800.1099981851876,,,,,,,,,,,,,,,,,,,,,,,,,,,,,,
pipesworld-tankage,p18-net2-b16-g7-t60.pddl,abs-asp,timed out,1800.051814749837,abstract_solving,,0.32487262040376663,0.004466105252504349,0.5214115604758263,,0.025384366512298584,0.04959729313850403,0.998362623155117,0.77950294688344,,0.543114610016346,0.4014311097562313,1582.9610827565193,,,,,,14,0,15,0,20,,21,16,3,batch-atom,
pipesworld-tankage,p18-net2-b16-g7-t60.pddl,abs-fd,timed out,1800.1129260286689,abstract_fd_search,,0.31185852736234665,0.004318986088037491,0.5122243352234364,,0.025202516466379166,0.048894789069890976,0.980913519859314,0.7436334490776062,,0.5315185151994228,,,0.17963482812047005,,,,,14,0,23,0,26,,,24,3,batch-atom,
pipesworld-tankage,p18-net2-b16-g7-t60.pddl,fd-lmcut,timed out,1800.0123096704483,,,,,,,,,,,,,,,,,,,,,,,,,,,,,,
pipesworld-tankage,p19-net2-b18-g6-t60.pddl,abs-asp,timed out,1800.1567576415837,abstract_solving,,0.31607628613710403,0.004311364144086838,0.5813644491136074,,0.02969951182603836,0.04949052259325981,1.1824569143354893,0.7977548949420452,,0.6467028744518757,0.43933720141649246,1452.0286419168115,,,,,,14,0,19,0,20,,21,20,5,batch-atom,
pipesworld-tankage,p19-net2-b18-g6-t60.pddl,abs-fd,timed out,1800.2352485507727,abstract_fd_search,,0.31092875450849533,0.0042835138738155365,0.5798450484871864,,0.029725853353738785,0.04898972064256668,1.1799261048436165,0.7970378212630749,,0.6405182033777237,,,0.206524308770895,,,,,14,0,18,0,22,,,19,5,batch-atom,
pipesworld-tankage,p19-net2-b18-g6-t60.pddl,fd-lmcut,timed out,1800.1093583777547,,,,,,,,,,,,,,,,,,,,,,,,,,,,,,
pipesworld-tankage,p20-net2-b18-g8-t90.pddl,abs-asp,timed out,1800.2042370513082,abstract_asp,,0.3491106294095516,0.004554580897092819,1.0002016946673393,,0.0374998040497303,0.06787380203604698,2.0900648459792137,1.6753372587263584,,1.1898155808448792,0.8651679940521717,,,,,,,8,0,,,19,,20,,5,tank-slot,
pipesworld-tankage,p20-net2-b18-g8-t90.pddl,abs-fd,timed out,1800.1528548318893,abstract_fd_search,,0.3379826992750168,0.004478389397263527,0.951613524928689,,0.037186261266469955,0.06649988889694214,2.0429312642663717,1.6482766680419445,,1.1813540775328875,,,0.3198362719267607,,,,,8,0,28,0,34,,,29,5,tank-slot,
pipesworld-tankage,p20-net2-b18-g8-t90.pddl,fd-lmcut,timed out,1800.1111834794283,,,,,,,,,,,,,,,,,,,,,,,,,,,,,,
pipesworld-tankage,p21-net3-b12-g2-t60.pddl,abs-asp,success,101.2864102050662,total,99.018218,0.302545,0.004167,0.340883,,0.023479,0.048706,0.62266,0.416985,,0.282045,0.180009,1.348417,,95.336811,,,valid,14,0,7,0,10,14,11,8,3,batch-atom,
pipesworld-tankage,p21-net3-b12-g2-t60.pddl,abs-fd,success,804.7090969011188,total,802.645146,0.301598,0.004153,0.338273,,0.023522,0.048717,0.621882,0.417682,,0.2855,,,0.101031,800.397548,,,valid,14,0,7,0,10,17,,8,3,batch-atom,
pipesworld-tankage,p21-net3-b12-g2-t60.pddl,fd-lmcut,success,73.85022623091936,total,71.505072,,,,,,,,,71.500899,,,,,,,,valid,,,,,,14,,,,,
pipesworld-tankage,p22-net3-b12-g4-t60.pddl,abs-asp,timed out,1800.1603258699179,abstract_solving,,0.31374242156744003,0.004764482378959656,0.3736387528479099,,0.0244944728910923,0.05529651418328285,0.6440264284610748,0.562693040817976,,0.3073398731648922,0.2603936083614826,831.3862434141338,,,,,,14,0,15,0,20,,21,16,2,batch-atom,
pipesworld-tankage,p22-net3-b12-g4-t60.pddl,abs-fd,timed out,1800.1814064271748,abstract_fd_search,,0.32160479202866554,0.004370689392089844,0.3340148255228996,,0.022763565182685852,0.05121650546789169,0.6443191692233086,0.5199676416814327,,0.28755491226911545,,,0.13274278491735458,,,,,14,0,20,0,25,,,21,2,batch-atom,
pipesworld-tankage,p22-net3-b12-g4-t60.pddl,fd-lmcut,timed out,1800.1063154898584,,,,,,,,,,,,,,,,,,,,,,,,,,,,,,
pipesworld-tankage,p23-net3-b14-g3-t60.pddl,abs-asp,timed out,1800.0781500600278,abstract_solving,,0.31470296531915665,0.004187110811471939,0.6156045384705067,,0.030563443899154663,0.05408696085214615,1.2497631907463074,0.5956992134451866,,0.6552810482680798,0.2830435745418072,331.2388761341572,,,,,,14,0,9,0,15,,16,10,5,batch-atom,
pipesworld-tankage,p23-net3-b14-g3-t60.pddl,abs-fd,timed out,1800.1780483052135,abstract_fd_search,,0.31417129933834076,0.004279755055904388,0.6213690303266048,,0.030197925865650177,0.05455683171749115,1.2510251104831696,0.5975125208497047,,0.6562993414700031,,,0.1298750638961792,,,,,14,0,13,0,17,,,14,5,batch-atom,
pipesworld-tankage,p23-net3-b14-g3-t60.pddl,fd-lmcut,timed out,1800.0432263985276,,,,,,,,,,,,,,,,,,,,,,,,,,,,,,
pipesworld-tankage,p24-net3-b14-g5-t60.pddl,abs-asp,timed out,1800.1320325359702,abstract_asp,,0.3292848654091358,0.004636317491531372,0.6260227039456367,,0.02830389514565468,0.05629070848226547,1.2914674319326878,0.7377288192510605,,0.6617530211806297,0.3734518028795719,,,,,,,14,0,,,18,,19,,4,batch-atom,
pipesworld-tankage,p24-net3-b14-g5-t60.pddl,abs-fd,timed out,1800.222982160747,abstract_fd_search,,0.30656787008047104,0.004693280905485153,0.5956697799265385,,0.028992898762226105,0.05610240623354912,1.2201223783195019,0.702470812946558,,0.6537940762937069,,,0.15994206815958023,,,,,14,0,24,0,28,,,25,4,batch-atom,
pipesworld-tankage,p24-net3-b14-g5-t60.pddl,fd-lmcut,timed out,1800.110449347645,,,,,,,,,,,,,,,,,,,,,,,,,,,,,,
pipesworld-tankage,p25-net3-b16-g5-t60.pddl,abs-asp,timed out,1800.2447628825903,abstract_solving,,0.3145011365413666,0.004464507102966309,1.1050351150333881,,0.034177493304014206,0.06728941574692726,2.3160061053931713,1.0811218172311783,,1.2703891396522522,0.5705083310604095,754.8433257378638,,,,,,14,0,21,0,22,,23,22,5,batch-atom,
pipesworld-tankage,p25-net3-b16-g5-t60.pddl,abs-fd,timed out,1800.3286034241319,abstract_fd_search,,0.33267825096845627,0.004404302686452866,1.1413276083767414,,0.033418454229831696,0.06862858682870865,2.3715163953602314,1.1189068630337715,,1.2890398986637592,,,0.23102881386876106,,,,,14,0,25,0,27,,,26,5,batch-atom,
pipesworld-tankage,p25-net3-b16-g5-t60.pddl,fd-lmcut,timed out,1800.1077436991036,,,,,,,,,,,,,,,,,,,,,,,,,,,,,,
pipesworld-tankage,p26-net3-b16-g7-t70.pddl,abs-asp,timed out,1800.1628371588886,abstract_asp,,0.33165638893842697,0.004469972103834152,1.2986920215189457,,0.03911957889795303,0.06802429631352425,2.8071712777018547,2.191417846828699,,1.548872210085392,1.0400672815740108,,,,,,,8,0,,,17,,18,,6,tank-slot,
pipesworld-tankage,p26-net3-b16-g7-t70.pddl,abs-fd,timed out,1800.3400713000447,abstract_fd_search,,0.351121274754405,0.0046562086790800095,1.303502667695284,,0.038554802536964417,0.07010915875434875,2.852069929242134,2.220388788729906,,1.5492251794785261,,,4.592787450179458,,,,,8,0,74,0,78,,,75,6,tank-slot,
pipesworld-tankage,p26-net3-b16-g7-t70.pddl,fd-lmcut,timed out,1800.0242603570223,,,,,,,,,,,,,,,,,,,,,,,,,,,,,,
pipesworld-tankage,p27-net3-b18-g6-t70.pddl,abs-asp,timed out,1800.160270228982,abstract_asp,,0.33209894225001335,0.004380401223897934,1.179715570062399,,0.03276627138257027,0.07090386748313904,2.560283951461315,1.541060522198677,,1.3594034872949123,0.8589833863079548,,,,,,,14,0,,,17,,18,,4,batch-atom,
pipesworld-tankage,p27-net3-b18-g6-t70.pddl,abs-fd,timed out,1800.2782549224794,abstract_fd_search,,0.35354237630963326,0.004424978047609329,1.1678904704749584,,0.03230900689959526,0.07040753588080406,2.5415762923657894,1.5484271422028542,,1.3576669618487358,,,0.31316735595464706,,,,,14,0,17,0,24,,,18,4,batch-atom,
pipesworld-tankage,p27-net3-b18-g6-t70.pddl,fd-lmcut,timed out,1800.0904803201556,,,,,,,,,,,,,,,,,,,,,,,,,,,,,,
pipesworld-tankage,p28-net3-b18-g7-t70.pddl,abs-asp,timed out,1800.1680898815393,abstract_asp,,0.3386189490556717,0.004512559622526169,1.1636579670011997,,0.03291700780391693,0.06924482062458992,2.540338471531868,1.5307522304356098,,1.3674713037908077,0.8606781400740147,,,,,,,14,0,,,19,,20,,4,batch-atom,
pipesworld-tankage,p28-net3-b18-g7-t70.pddl,abs-fd,timed out,1800.2601678483188,abstract_fd_search,,0.3488489482551813,0.004552669823169708,1.204655421897769,,0.032749494537711143,0.06997902318835258,2.588883738964796,1.5706095583736897,,1.3800992835313082,,,0.3928907196968794,,,,,14,0,29,0,34,,,30,4,batch-atom,
pipesworld-tankage,p28-net3-b18-g7-t70.pddl,fd-lmcut,timed out,1800.1094938404858,,,,,,,,,,,,,,,,,,,,,,,,,,,,,,
pipesworld-tankage,p29-net3-b20-g6-t70.pddl,abs-asp,timed out,1800.1805415712297,abstract_asp,,0.3387357071042061,0.004417404532432556,1.6651711463928223,,0.03582499176263809,0.07759328931570053,3.786759130656719,2.280457340180874,,2.0716700553894043,1.319922350347042,,,,,,,14,0,,,15,,16,,4,batch-atom,
pipesworld-tankage,p29-net3-b20-g6-t70.pddl,abs-fd,timed out,1800.346847422421,abstract_fd_search,,0.3557592872530222,0.00459282286465168,1.708630084991455,,0.036148181185126305,0.07955584302544594,3.85712531208992,2.3054140601307154,,2.056603943929076,,,0.49376444704830647,,,,,14,0,28,0,32,,,29,4,batch-atom,
pipesworld-tankage,p29-net3-b20-g6-t70.pddl,fd-lmcut,timed out,1800.1095900405198,,,,,,,,,,,,,,,,,,,,,,,,,,,,,,
pipesworld-tankage,p30-net3-b20-g8-t70.pddl,abs-asp,timed out,1800.1959371827543,abstract_asp,,0.35363559052348137,0.004497956484556198,1.902941919863224,,0.04381897673010826,0.08174575120210648,4.060598973184824,3.264241226017475,,2.1769092939794064,1.5401790961623192,,,,,,,8,0,,,16,,17,,6,tank-slot,
pipesworld-tankage,p30-net3-b20-g8-t70.pddl,abs-fd,interrupted,167.88826837018132,abstract_fd_search,,0.3613589257001877,0.004652202129364014,1.9303430318832397,,0.04511887580156326,0.08276325091719627,4.250547546893358,3.31682001799345,,2.1923599541187286,,,0.7769193649291992,,,,,8,0,0,0,101,,,1,6,tank-slot,
pipesworld-tankage,p30-net3-b20-g8-t70.pddl,fd-lmcut,timed out,1800.1095908656716,,,,,,,,,,,,,,,,,,,,,,,,,,,,,,
pipesworld-tankage,p32-net4-b14-g5-t30.pddl,abs-asp,timed out,1800.0503211058676,abstract_asp,,0.3062939830124378,0.004726380109786987,0.47695697844028473,,0.024178318679332733,0.050657760351896286,0.9261729121208191,0.6575379259884357,,0.4821540452539921,0.32219162210822105,,,,,,,14,0,,,20,,21,,3,batch-atom,
pipesworld-tankage,p32-net4-b14-g5-t30.pddl,abs-fd,timed out,1800.240423835814,abstract_fd_search,,0.32234227284789085,0.004830982536077499,0.4859061986207962,,0.024194005876779556,0.0506909042596817,0.9657773114740849,0.6913801953196526,,0.4810688942670822,,,0.17180043831467628,,,,,14,0,29,0,34,,,30,3,batch-atom,
pipesworld-tankage,p32-net4-b14-g5-t30.pddl,fd-lmcut,timed out,1800.0451398603618,,,,,,,,,,,,,,,,,,,,,,,,,,,,,,
pipesworld-tankage,p33-net4-b16-g5-t60.pddl,abs-asp,timed out,1800.1294626817107,abstract_asp,,0.30861982330679893,0.004333578050136566,0.7238154970109463,,0.029530156403779984,0.06303463876247406,1.4145332090556622,1.0733312219381332,,0.7837374769151211,0.5762063078582287,,,,,,,14,0,,,19,,20,,4,batch-atom,
pipesworld-tankage,p33-net4-b16-g5-t60.pddl,abs-fd,timed out,1800.2121730074286,abstract_fd_search,,0.3116168938577175,0.0044097863137722015,0.7237391397356987,,0.029264748096466064,0.06294246390461922,1.4116391465067863,1.0759664997458458,,0.7940789237618446,,,0.23745227605104446,,,,,14,0,24,0,29,,,25,4,batch-atom,
pipesworld-tankage,p33-net4-b16-g5-t60.pddl,fd-lmcut,timed out,1800.109978467226,,,,,,,,,,,,,,,,,,,,,,,,,,,,,,
pipesworld-tankage,p34-net4-b16-g6-t60.pddl,abs-asp,timed out,1800.130627412349,abstract_asp,,0.32141924649477005,0.004691008478403091,0.880015954375267,,0.033057257533073425,0.06427378207445145,1.8725216574966908,1.0857182703912258,,1.0375123396515846,0.5820243917405605,,,,,,,14,0,,,18,,19,,5,batch-atom,
pipesworld-tankage,p34-net4-b16-g6-t60.pddl,abs-fd,timed out,1800.2582321837544,abstract_fd_search,,0.323059044778347,0.004849288612604141,0.8968761153519154,,0.03375028073787689,0.06703481450676918,1.8630778193473816,1.0700598768889904,,1.039203952997923,,,0.2436346858739853,,,,,14,0,29,0,37,,,30,5,batch-atom,
pipesworld-tankage,p34-net4-b16-g6-t60.pddl,fd-lmcut,timed out,1800.1087903641164,,,,,,,,,,,,,,,,,,,,,,,,,,,,,,
pipesworld-tankage,p35-net4-b18-g4-t90.pddl,abs-asp,timed out,1800.1596684418619,abstract_asp,,0.3639949932694435,0.004735622555017471,2.381858926266432,,0.04351523146033287,0.09266845509409904,5.05795693397522,4.3072035275399685,,2.7858138009905815,2.2656197994947433,,,,,,,8,0,,,12,,13,,5,tank-slot,
pipesworld-tankage,p35-net4-b18-g4-t90.pddl,abs-fd,timed out,1800.3332581594586,abstract_fd_search,,0.37093110382556915,0.0047368817031383514,2.402566071599722,,0.04425816982984543,0.09528720006346703,5.2561872638762,4.351673845201731,,2.8503583669662476,,,0.668117631226778,,,,,8,0,8,0,32,,,9,5,tank-slot,
pipesworld-tankage,p35-net4-b18-g4-t90.pddl,fd-lmcut,timed out,1800.1102997884154,,,,,,,,,,,,,,,,,,,,,,,,,,,,,,
pipesworld-tankage,p36-net4-b18-g6-t90.pddl,abs-asp,timed out,1800.1761881243438,abstract_asp,,0.3767159413546324,0.004526689648628235,2.3820544127374887,,0.043565353378653526,0.09386481530964375,5.0849998369812965,4.302190646529198,,2.7906612288206816,2.2764540929347277,,,,,,,8,0,,,14,,15,,5,tank-slot,
pipesworld-tankage,p36-net4-b18-g6-t90.pddl,abs-fd,interrupted,162.78430369496346,abstract_fd_search,,0.35836979001760483,0.004599098116159439,2.37894381955266,,0.04392719641327858,0.09547555446624756,5.083483885973692,4.317725084722042,,2.80212626978755,,,2.391886007040739,,,,,8,0,0,0,112,,,0,5,tank-slot,
pipesworld-tankage,p36-net4-b18-g6-t90.pddl,fd-lmcut,timed out,1800.1108255740255,,,,,,,,,,,,,,,,,,,,,,,,,,,,,,
pipesworld-tankage,p37-net4-b20-g5-t60.pddl,abs-asp,timed out,1800.1685088202357,abstract_asp,,0.35683660954236984,0.004499081522226334,1.656672541052103,,0.03639202564954758,0.07302321866154671,3.6527664214372635,2.4255760572850704,,1.9744991213083267,1.3952341116964817,,,,,,,14,0,,,12,,13,,5,batch-atom,
pipesworld-tankage,p37-net4-b20-g5-t60.pddl,abs-fd,timed out,1800.248856332153,abstract_fd_search,,0.35266732051968575,0.004435718059539795,1.6431737542152405,,0.036281902343034744,0.07267535477876663,3.4953204914927483,2.3650775849819183,,2.0275101363658905,,,0.49708666279911995,,,,,14,0,18,0,26,,,19,5,batch-atom,
pipesworld-tankage,p37-net4-b20-g5-t60.pddl,fd-lmcut,timed out,1800.1098636351526,,,,,,,,,,,,,,,,,,,,,,,,,,,,,,
pipesworld-tankage,p38-net4-b20-g7-t60.pddl,abs-asp,timed out,1800.166764255613,abstract_asp,,0.33984385430812836,0.004560329020023346,1.5893655829131603,,0.037646111100912094,0.07356849312782288,3.508556939661503,2.327248465269804,,1.9689247235655785,1.3863158822059631,,,,,,,14,0,,,12,,13,,5,batch-atom,
pipesworld-tankage,p38-net4-b20-g7-t60.pddl,abs-fd,timed out,1800.273041697219,abstract_fd_search,,0.3272559531033039,0.004551414400339127,1.583400059491396,,0.03696644864976406,0.07332492992281914,3.4708441216498613,2.3920082561671734,,1.9790960289537907,,,0.5027240365743637,,,,,14,0,23,0,28,,,24,5,batch-atom,
pipesworld-tankage,p38-net4-b20-g7-t60.pddl,fd-lmcut,timed out,1800.108881920576,,,,,,,,,,,,,,,,,,,,,,,,,,,,,,
pipesworld-tankage,p39-net4-b22-g7-t50.pddl,abs-asp,timed out,1800.1827182807028,abstract_asp,,0.33023372292518616,0.004502974450588226,2.2380450889468193,,0.0376543328166008,0.07559244334697723,4.839814119040966,2.944371499121189,,2.7061156667768955,1.7306345403194427,,,,,,,14,0,,,13,,14,,5,batch-atom,
pipesworld-tankage,p39-net4-b22-g7-t50.pddl,abs-fd,timed out,1800.3263018839061,abstract_fd_search,,0.3344922736287117,0.004522200673818588,2.229227624833584,,0.03733640909194946,0.07687854766845703,4.822062384337187,2.9310555532574654,,2.705521959811449,,,0.6202068142592907,,,,,14,0,26,0,28,,,27,5,batch-atom,
pipesworld-tankage,p39-net4-b22-g7-t50.pddl,fd-lmcut,timed out,1800.1099641658366,,,,,,,,,,,,,,,,,,,,,,,,,,,,,,
pipesworld-tankage,p40-net4-b22-g8-t50.pddl,abs-asp,timed out,1800.0586842298508,abstract_asp,,0.34418030828237534,0.004622597247362137,2.2439249344170094,,0.03538224473595619,0.07817669212818146,4.869207359850407,3.3336296305060387,,2.691426731646061,1.9453886598348618,,,,,,,14,0,,,11,,12,,4,batch-atom,
pipesworld-tankage,p40-net4-b22-g8-t50.pddl,abs-fd,timed out,1800.4656211324036,abstract_fd_search,,0.3500165194272995,0.00456605851650238,2.26701470464468,,0.035154618322849274,0.07711371779441833,4.90003514289856,3.3834563717246056,,2.706663139164448,,,0.7580804340541363,,,,,14,0,36,0,38,,,37,4,batch-atom,
pipesworld-tankage,p40-net4-b22-g8-t50.pddl,fd-lmcut,timed out,1800.109456680715,,,,,,,,,,,,,,,,,,,,,,,,,,,,,,
pipesworld-tankage,p41-net5-b22-g2-t20.pddl,abs-asp,timed out,1800.2063879296184,abstract_solving,,0.30693935975432396,0.004296727478504181,1.057513553649187,,0.03370598703622818,0.06900404766201973,2.2586462385952473,1.3206950463354588,,1.3026059046387672,0.719086304306984,38.57784130424261,,,,,,14,0,7,0,11,,12,8,6,batch-atom,
pipesworld-tankage,p41-net5-b22-g2-t20.pddl,abs-fd,timed out,1800.2023508362472,abstract_fd_search,,0.31572361290454865,0.004269193857908249,1.073122151196003,,0.03412576764822006,0.06788114085793495,2.2750739827752113,1.2901037968695164,,1.2826637029647827,,,0.23967934399843216,,,,,14,0,10,0,12,,,11,6,batch-atom,
pipesworld-tankage,p41-net5-b22-g2-t20.pddl,fd-lmcut,timed out,1800.1090495213866,,,,,,,,,,,,,,,,,,,,,,,,,,,,,,
pipesworld-tankage,p42-net5-b22-g4-t50.pddl,abs-asp,timed out,1800.0830735117197,abstract_asp,,0.35688306391239166,0.004440467804670334,2.995494995266199,,0.046599291265010834,0.10142407193779945,6.460304651409388,3.8237429335713387,,3.6518985368311405,2.248891055583954,,,,,,,14,0,,,16,,17,,6,batch-atom,
pipesworld-tankage,p42-net5-b22-g4-t50.pddl,abs-fd,timed out,1800.4010945297778,abstract_fd_search,,0.4039984308183193,0.00452759861946106,3.111116047948599,,0.04746932536363602,0.1042403094470501,6.747522991150618,3.9476861357688904,,3.703002829104662,,,0.8642552122473717,,,,,14,0,22,0,29,,,23,6,batch-atom,
pipesworld-tankage,p42-net5-b22-g4-t50.pddl,fd-lmcut,timed out,1800.1091265790164,,,,,,,,,,,,,,,,,,,,,,,,,,,,,,
pipesworld-tankage,p43-net5-b24-g3-t80.pddl,abs-asp,timed out,1800.1963561289012,abstract_asp,,0.4038826934993267,0.004563100636005402,6.983815506100655,,0.06475916877388954,0.12963183224201202,15.565050907433033,5.367887705564499,,8.471742864698172,3.1244183853268623,,,,,,,14,0,,,14,,15,,8,batch-atom,
pipesworld-tankage,p43-net5-b24-g3-t80.pddl,abs-fd,interrupted,211.45562337338924,abstract_fd_search,,0.401716623455286,0.004554305225610733,6.835545992478728,,0.06404318660497665,0.13274498470127583,15.347988341003656,5.3293848764151335,,8.253906894475222,,,1.2546178232878447,,,,,14,0,0,0,28,,,1,8,batch-atom,
pipesworld-tankage,p43-net5-b24-g3-t80.pddl,fd-lmcut,timed out,1800.1095300838351,,,,,,,,,,,,,,,,,,,,,,,,,,,,,,
pipesworld-tankage,p44-net5-b24-g5-t80.pddl,abs-asp,timed out,1800.187836110592,abstract_asp,,0.39450572803616524,0.004599180072546005,6.847184956073761,,0.06435396522283554,0.12816625088453293,15.35544491186738,5.3193585984408855,,8.28020041808486,3.159483216702938,,,,,,,14,0,,,13,,14,,8,batch-atom,
pipesworld-tankage,p44-net5-b24-g5-t80.pddl,abs-fd,interrupted,191.59872820228338,abstract_fd_search,,0.39132416248321533,0.004562385380268097,6.828638888895512,,0.06422965601086617,0.1265283152461052,15.35355082526803,5.323741562664509,,8.261726818978786,,,1.1583013832569122,,,,,14,0,0,0,42,,,0,8,batch-atom,
pipesworld-tankage,p44-net5-b24-g5-t80.pddl,fd-lmcut,timed out,1800.108806045726,,,,,,,,,,,,,,,,,,,,,,,,,,,,,,
pipesworld-tankage,p45-net5-b26-g4-t50.pddl,abs-asp,timed out,1800.1209658160806,abstract_asp,,0.387908898293972,0.004557013511657715,4.472531981766224,,0.05402323976159096,0.10878776013851166,9.606237519532442,6.439933821558952,,5.399616792798042,3.772498592734337,,,,,,,14,0,,,13,,14,,6,batch-atom,
pipesworld-tankage,p45-net5-b26-g4-t50.pddl,abs-fd,timed out,1800.5086418427527,abstract_fd_search,,0.36878861486911774,0.004542127251625061,4.490505162626505,,0.05320032685995102,0.11175249516963959,9.625288400799036,6.452090065926313,,5.466990381479263,,,1.3369157388806343,,,,,14,0,26,0,29,,,27,6,batch-atom,
pipesworld-tankage,p45-net5-b26-g4-t50.pddl,fd-lmcut,timed out,1800.1096125207841,,,,,,,,,,,,,,,,,,,,,,,,,,,,,,
pipesworld-tankage,p46-net5-b26-g6-t50.pddl,abs-asp,timed out,1800.212184138596,abstract_asp,,0.3653268702328205,0.004592902958393097,4.462768726050854,,0.04956241324543953,0.11050349473953247,9.609260018914938,6.475493647158146,,5.431446019560099,3.8116382099688053,,,,,,,14,0,,,14,,15,,6,batch-atom,
pipesworld-tankage,p46-net5-b26-g6-t50.pddl,abs-fd,interrupted,192.08086900040507,abstract_fd_search,,0.3686178922653198,0.004544239491224289,4.474965240806341,,0.04941214248538017,0.11002792790532112,9.626873176544905,6.4649377055466175,,5.58190480619669,,,1.6301840841770172,,,,,14,0,0,0,45,,,1,6,batch-atom,
pipesworld-tankage,p46-net5-b26-g6-t50.pddl,fd-lmcut,timed out,1800.1114775910974,,,,,,,,,,,,,,,,,,,,,,,,,,,,,,
pipesworld-tankage,p47-net5-b28-g5-t50.pddl,abs-asp,timed out,1800.2077990695834,abstract_asp,,0.37014228105545044,0.005047108978033066,5.456268608570099,,0.055565886199474335,0.1178018543869257,11.810011865571141,7.424197532236576,,6.699664311483502,4.2226910926401615,,,,,,,14,0,,,15,,16,,7,batch-atom,
pipesworld-tankage,p47-net5-b28-g5-t50.pddl,abs-fd,interrupted,185.03293309360743,abstract_fd_search,,0.3823753632605076,0.005004212260246277,5.474500671029091,,0.054875556379556656,0.11438148468732834,11.790160600095987,7.3612080328166485,,6.710188712924719,,,1.8694006018340588,,,,,14,0,0,0,46,,,0,7,batch-atom,
pipesworld-tankage,p47-net5-b28-g5-t50.pddl,fd-lmcut,timed out,1800.1107319779694,,,,,,,,,,,,,,,,,,,,,,,,,,,,,,
pipesworld-tankage,p48-net5-b28-g7-t50.pddl,abs-asp,timed out,1800.241581466049,abstract_asp,,0.38023266196250916,0.0047426894307136536,5.481171291321516,,0.05174943432211876,0.11970154941082001,11.87762250378728,7.828788574784994,,6.734858233481646,4.559626594185829,,,,,,,14,0,,,16,,17,,6,batch-atom,
pipesworld-tankage,p48-net5-b28-g7-t50.pddl,abs-fd,interrupted,184.97734044492245,abstract_fd_search,,0.3803955130279064,0.004674941301345825,5.501595418900251,,0.051647864282131195,0.11834024637937546,11.888536166399717,7.8692024089396,,6.743577551096678,,,2.370476223528385,,,,,14,0,0,0,55,,,0,6,batch-atom,
pipesworld-tankage,p48-net5-b28-g7-t50.pddl,fd-lmcut,timed out,1800.1090815141797,,,,,,,,,,,,,,,,,,,,,,,,,,,,,,
pipesworld-tankage,p49-net5-b30-g6-t50.pddl,abs-asp,timed out,1800.2327833976597,abstract_asp,,0.38694159127771854,0.004726983606815338,6.439872644841671,,0.05393236689269543,0.1272736769169569,13.879866046831012,9.689124224707484,,7.878177775070071,5.761364435777068,,,,,,,14,0,,,13,,14,,6,batch-atom,
pipesworld-tankage,p49-net5-b30-g6-t50.pddl,abs-fd,interrupted,198.42075992375612,abstract_fd_search,,0.40083519741892815,0.004898473620414734,6.5720877684652805,,0.054992690682411194,0.1291300691664219,14.195638231933117,9.7839294411242,,7.832445777952671,,,2.6831044256687164,,,,,14,0,0,0,40,,,0,6,batch-atom,
pipesworld-tankage,p49-net5-b30-g6-t50.pddl,fd-lmcut,timed out,1800.1096673235297,,,,,,,,,,,,,,,,,,,,,,,,,,,,,,
pipesworld-tankage,p50-net5-b30-g8-t50.pddl,abs-asp,timed out,1800.2319253608584,abstract_asp,,0.3775235749781132,0.004803825169801712,6.423442203551531,,0.05344688147306442,0.12779859080910683,13.852133173495531,9.71316011250019,,7.824657019227743,5.763523604720831,,,,,,,14,0,,,17,,18,,6,batch-atom,
pipesworld-tankage,p50-net5-b30-g8-t50.pddl,abs-fd,interrupted,200.57852111756802,abstract_fd_search,,0.39670584723353386,0.004894491285085678,6.535539083182812,,0.053896110504865646,0.12594790756702423,13.921151619404554,9.734619490802288,,7.8533887676894665,,,3.5486624278128147,,,,,14,0,0,0,61,,,0,6,batch-atom,
pipesworld-tankage,p50-net5-b30-g8-t50.pddl,fd-lmcut,timed out,1800.1102141328156,,,,,,,,,,,,,,,,,,,,,,,,,,,,,,
quantum-layout-sat23-strips,p14.pddl,abs-asp,success,1594.5339636690915,total,1592.588461,0.370019,0.038442,0.257338,,0.07784,0.051845,0.678712,0.504305,,0.256661,0.178085,4.09027,,1585.792072,,,valid,20,0,21,0,22,22,23,22,2,pqubit,
quantum-layout-sat23-strips,p14.pddl,abs-fd,success,1255.2356725297868,total,1252.89667,0.363216,0.037983,0.268474,,0.077226,0.051119,0.704905,0.506164,,0.261097,,,0.12058,1250.272539,,,valid,20,0,22,0,23,23,,23,2,pqubit,
quantum-layout-sat23-strips,p14.pddl,fd-lmcut,success,3.0429031401872635,total,1.217561,,,,,,,,,1.213719,,,,,,,,valid,,,,,,22,,,,,
quantum-layout-sat23-strips,p15.pddl,abs-asp,timed out,1800.181898418814,abstract_solving,,0.43580011278390884,0.0480184480547905,0.28252794221043587,,0.08553086966276169,0.06776613742113113,0.7435846775770187,0.5822205580770969,,0.29289907589554787,0.2111423835158348,6.010911203920841,,,,,,20,0,29,0,34,,35,30,2,pqubit,
quantum-layout-sat23-strips,p15.pddl,abs-fd,timed out,1800.1989703699946,abstract_fd_search,,0.48629841208457947,0.052810508757829666,0.31231025978922844,,0.09468155726790428,0.06967635452747345,0.8006308898329735,0.6423930823802948,,0.30926401540637016,,,0.14753863215446472,,,,,20,0,34,0,35,,,35,2,pqubit,
quantum-layout-sat23-strips,p15.pddl,fd-lmcut,success,3.8533109053969383,total,1.91984,,,,,,,,,1.916261,,,,,,,,valid,,,,,,34,,,,,
quantum-layout-sat23-strips,p16.pddl,abs-asp,timed out,1800.1840999610722,abstract_solving,,0.43213487416505814,0.04595864936709404,0.38466261699795723,,0.08871199190616608,0.06407598406076431,0.963066104799509,0.7140200771391392,,0.40026242285966873,0.28023120388388634,10.797826442867517,,,,,,24,0,22,0,30,,31,23,2,pqubit,
quantum-layout-sat23-strips,p16.pddl,abs-fd,timed out,1800.175658468157,abstract_fd_search,,0.4124051667749882,0.04660956934094429,0.36363260447978973,,0.08885503187775612,0.06497987732291222,0.9258934147655964,0.6958343088626862,,0.39617522060871124,,,0.16089804098010063,,,,,24,0,30,0,31,,,31,2,pqubit,
quantum-layout-sat23-strips,p16.pddl,fd-lmcut,success,4.507463715970516,total,2.614434,,,,,,,,,2.610842,,,,,,,,valid,,,,,,30,,,,,
quantum-layout-sat23-strips,p17.pddl,abs-asp,timed out,1800.1617303155363,abstract_asp,,0.49162357673048973,0.05373486131429672,0.4049018770456314,,0.09626542031764984,0.07859586924314499,1.0229975767433643,0.7557701244950294,,0.4298897758126259,0.30373987555503845,,,,,,,24,0,,,40,,41,,2,pqubit,
quantum-layout-sat23-strips,p17.pddl,abs-fd,timed out,1800.2224464975297,abstract_fd_search,,0.48365797847509384,0.054064854979515076,0.3844679407775402,,0.09706966206431389,0.07910070940852165,0.9892646260559559,0.7493082918226719,,0.4322550818324089,,,0.18282540887594223,,,,,24,0,43,0,44,,,44,2,pqubit,
quantum-layout-sat23-strips,p17.pddl,fd-lmcut,timed out,1800.0404216554016,,,,,,,,,,,,,,,,,,,,,,,,,,,,,,
quantum-layout-sat23-strips,p18.pddl,abs-asp,timed out,1800.241921134293,abstract_solving,,0.5614995211362839,0.06164856441318989,0.43170520290732384,,0.10340162366628647,0.09203260578215122,1.1180420145392418,0.8064726497977972,,0.453782144933939,0.3281025718897581,58.35533577017486,,,,,,24,0,45,0,50,,51,46,2,pqubit,
quantum-layout-sat23-strips,p18.pddl,abs-fd,timed out,1800.2253566980362,abstract_fd_search,,0.5934794135391712,0.06189706176519394,0.4416324272751808,,0.10277064144611359,0.09277411177754402,1.1644844114780426,0.824056725949049,,0.46820640936493874,,,0.21567510813474655,,,,,24,0,51,0,52,,,52,2,pqubit,
quantum-layout-sat23-strips,p18.pddl,fd-lmcut,success,11.190152429044247,total,8.257622,,,,,,,,,8.253689,,,,,,,,valid,,,,,,50,,,,,
quantum-layout-sat23-strips,p19.pddl,abs-asp,timed out,1800.1772463656962,abstract_asp,,0.55828607827425,0.06256222352385521,0.4476894848048687,,0.10629156231880188,0.09429024159908295,1.249752253293991,0.8891354352235794,,0.5255470909178257,0.3757372200489044,,,,,,,26,0,,,48,,49,,2,pqubit,
quantum-layout-sat23-strips,p19.pddl,abs-fd,timed out,1800.2462222408503,abstract_fd_search,,0.5609777495265007,0.06202872656285763,0.44634729251265526,,0.10581126622855663,0.09387986734509468,1.2428407408297062,0.8860176578164101,,0.5293999966233969,,,0.24477951787412167,,,,,26,0,54,0,55,,,55,2,pqubit,
quantum-layout-sat23-strips,p19.pddl,fd-lmcut,timed out,1800.1122650392354,,,,,,,,,,,,,,,,,,,,,,,,,,,,,,
quantum-layout-sat23-strips,p20.pddl,abs-asp,timed out,1800.2070020958781,abstract_asp,,0.7840268574655056,0.08201531693339348,0.7310596294701099,,0.13216431066393852,0.13130879774689674,2.086651138961315,1.5625609271228313,,0.9401662610471249,0.6708701588213444,,,,,,,34,0,,,52,,53,,2,pqubit,
quantum-layout-sat23-strips,p20.pddl,abs-fd,timed out,1800.3497427999973,abstract_fd_search,,0.7904170379042625,0.08196964859962463,0.7321052514016628,,0.13291138410568237,0.13134699314832687,2.0981628820300102,1.556513749063015,,0.9436909146606922,,,0.4161163456737995,,,,,34,0,75,0,76,,,76,2,pqubit,
quantum-layout-sat23-strips,p20.pddl,fd-lmcut,timed out,1800.1090800296515,,,,,,,,,,,,,,,,,,,,,,,,,,,,,,
satellite,p01-pfile1.pddl,abs-asp,success,2.7105103135108948,total,0.686793,0.13429,0.001966,0.102434,,0.006285,0.024511,0.165686,0.137947,,0.005753,0.003488,0.035219,,0.036574,,,valid,1,0,0,0,8,12,9,1,3,object,
satellite,p01-pfile1.pddl,abs-fd,success,2.9034362584352493,total,0.750239,0.152571,0.001985,0.1053,,0.006235,0.024799,0.171846,0.144427,,0.005589,,,0.068178,0.039374,,,valid,1,0,0,0,8,14,,1,3,object,
satellite,p01-pfile1.pddl,fd-lmcut,success,1.6389937922358513,total,0.147889,,,,,,,,,0.144909,,,,,,,,valid,,,,,,9,,,,,
satellite,p02-pfile2.pddl,abs-asp,success,2.7774447835981846,total,0.772245,0.136895,0.002038,0.101799,,0.00697,0.02727,0.165529,0.13807,,0.006142,0.003461,0.025961,,0.128486,,,valid,1,0,5,0,6,13,7,6,4,object,
satellite,p02-pfile2.pddl,abs-fd,success,2.8857981897890568,total,0.819251,0.139456,0.002065,0.103022,,0.007094,0.027327,0.170726,0.1391,,0.006355,,,0.063526,0.12923,,,valid,1,0,5,0,6,13,,6,4,object,
satellite,p02-pfile2.pddl,fd-lmcut,success,1.645590241998434,total,0.153802,,,,,,,,,0.150631,,,,,,,,valid,,,,,,13,,,,,
satellite,p04-pfile4.pddl,abs-asp,success,7.695592783391476,total,5.497887,0.145949,0.002271,0.115046,,0.007852,0.045318,0.187537,0.156421,,0.009636,0.005785,4.573631,,0.207308,,,valid,1,0,3,0,13,26,14,4,3,object,
satellite,p04-pfile4.pddl,abs-fd,success,484.22310364991426,total,482.169097,0.144364,0.002264,0.1105,,0.007759,0.045103,0.170291,0.149816,,0.009111,,,0.065597,481.421791,,,valid,1,0,8,0,18,33,,9,3,object,
satellite,p04-pfile4.pddl,fd-lmcut,success,1.6887851282954216,total,0.168606,,,,,,,,,0.16536,,,,,,,,valid,,,,,,17,,,,,
satellite,p05-pfile5.pddl,abs-asp,success,33.73144391924143,total,32.011988,0.159682,0.002309,0.101387,,0.010663,0.083998,0.172942,0.167218,,0.011791,0.009651,30.4419,,0.800706,,,valid,1,0,0,0,12,20,13,1,2,object,
satellite,p05-pfile5.pddl,abs-fd,success,582.9103022105992,total,581.363399,0.154691,0.002214,0.097992,,0.010536,0.083971,0.165779,0.160484,,0.011747,,,0.065961,580.562064,,,valid,1,0,6,0,12,24,,7,2,object,
satellite,p05-pfile5.pddl,fd-lmcut,success,1.7271359767764807,total,0.212725,,,,,,,,,0.209572,,,,,,,,valid,,,,,,15,,,,,
satellite,p06-pfile6.pddl,abs-asp,success,49.55333359539509,total,47.778269,0.146253,0.002188,0.103491,,0.008567,0.075395,0.173014,0.158111,,0.012186,0.009472,46.707814,,0.328054,,,valid,1,0,0,0,16,25,17,1,2,object,
satellite,p06-pfile6.pddl,abs-fd,success,2.645461540669203,total,1.111909,0.142724,0.002233,0.09602,,0.008564,0.076875,0.164771,0.157989,,0.011912,,,0.06678,0.343248,,,valid,1,0,2,0,17,32,,3,2,object,
satellite,p06-pfile6.pddl,fd-lmcut,success,2.045995932072401,total,0.521512,,,,,,,,,0.518443,,,,,,,,valid,,,,,,20,,,,,
satellite,p07-pfile7.pddl,abs-asp,timed out,1800.1109716817737,abstract_asp,,0.16047896444797516,0.002330966293811798,0.1269303672015667,,0.01208198070526123,0.09573908522725105,0.18659135326743126,0.1755048669874668,,0.01911386474967003,0.012040514498949051,,,,,,,1,0,,,14,,15,,3,object,
satellite,p07-pfile7.pddl,abs-fd,success,75.67898212373257,total,73.443517,0.164177,0.002277,0.12256,,0.012072,0.094231,0.205596,0.166873,,0.018881,,,0.069023,72.534408,,,valid,1,0,3,0,21,43,,4,3,object,
satellite,p07-pfile7.pddl,fd-lmcut,success,4.72702494636178,total,3.202951,,,,,,,,,3.199639,,,,,,,,valid,,,,,,21,,,,,
satellite,p08-pfile8.pddl,abs-asp,timed out,1800.0568838082254,abstract_asp,,0.16686683148145676,0.002419613301753998,0.11746467649936676,,0.013620369136333466,0.1338765174150467,0.21027854457497597,0.19563231989741325,,0.024927660822868347,0.018323376774787903,,,,,,,1,0,,,15,,16,,3,object,
satellite,p08-pfile8.pddl,abs-fd,success,6.139590051025152,total,3.687996,0.173425,0.002458,0.135912,,0.01364,0.136044,0.233004,0.193749,,0.038624,,,0.075013,2.627101,,,valid,1,0,2,0,22,45,,3,3,object,
satellite,p08-pfile8.pddl,fd-lmcut,success,456.2855820953846,total,454.493817,,,,,,,,,454.489258,,,,,,,,valid,,,,,,26,,,,,
satellite,p10-pfile10.pddl,abs-asp,timed out,1800.1131319105625,abstract_asp,,0.17950642853975296,0.0025271661579608917,0.1497497595846653,,0.016374818980693817,0.22489703074097633,0.26222002878785133,0.22203808277845383,,0.038473304361104965,0.021262984722852707,,,,,,,1,0,,,15,,16,,5,object,
satellite,p10-pfile10.pddl,abs-fd,timed out,1800.1346432641149,abstract_fd_search,,0.17088892683386803,0.0025373362004756927,0.13107994571328163,,0.016630399972200394,0.22898244112730026,0.23808498308062553,0.20373715460300446,,0.03667160123586655,,,0.08058851212263107,,,,,1,0,1,0,28,,,2,5,object,
satellite,p10-pfile10.pddl,fd-lmcut,success,188.0395502075553,total,186.252588,,,,,,,,,186.248263,,,,,,,,valid,,,,,,29,,,,,
satellite,p11-pfile11.pddl,abs-asp,timed out,1800.110742740333,abstract_asp,,0.1713915839791298,0.0025815553963184357,0.14982999116182327,,0.01431049033999443,0.23192047141492367,0.2688958290964365,0.215051656588912,,0.04942231439054012,0.03428996913135052,,,,,,,1,0,,,17,,18,,4,object,
satellite,p11-pfile11.pddl,abs-fd,success,6.1767954006791115,total,3.899865,0.175208,0.002551,0.158447,,0.0143,0.224276,0.28365,0.22584,,0.04978,,,0.08494,2.579255,,,valid,1,0,0,0,35,66,,1,4,object,
satellite,p11-pfile11.pddl,fd-lmcut,success,49.48025291971862,total,47.934524,,,,,,,,,47.930108,,,,,,,,valid,,,,,,31,,,,,
satellite,p12-pfile12.pddl,abs-asp,timed out,1800.138606345281,abstract_asp,,0.18198639526963234,0.0027807801961898804,0.1892434060573578,,0.01823439449071884,0.2595886401832104,0.34093053080141544,0.24786853231489658,,0.0773636419326067,0.04669028893113136,,,,,,,1,0,,,17,,18,,6,object,
satellite,p12-pfile12.pddl,abs-fd,timed out,1800.142841745168,abstract_fd_search,,0.1866656020283699,0.0027562715113162994,0.18101856485009193,,0.018382877111434937,0.2727138586342335,0.33840542659163475,0.2557610720396042,,0.07521108910441399,,,0.08791198953986168,,,,,1,0,4,0,32,,,5,6,object,
satellite,p12-pfile12.pddl,fd-lmcut,timed out,1800.1096725035459,,,,,,,,,,,,,,,,,,,,,,,,,,,,,,
satellite,p13-pfile13.pddl,abs-asp,timed out,1800.0348889864981,abstract_asp,,0.18207232281565666,0.0031391046941280365,0.20418290048837662,,0.018858253955841064,0.327069528400898,0.3922739624977112,0.29540326818823814,,0.10539856925606728,0.07115030661225319,,,,,,,1,0,,,17,,18,,6,object,
satellite,p13-pfile13.pddl,abs-fd,timed out,1800.157011449337,abstract_fd_search,,0.18506818264722824,0.003170248121023178,0.20623475313186646,,0.01868264377117157,0.31458161398768425,0.4007490389049053,0.30234720185399055,,0.10517927259206772,,,0.11251843348145485,,,,,1,0,3,0,49,,,4,6,object,
satellite,p13-pfile13.pddl,fd-lmcut,timed out,1800.1089058704674,,,,,,,,,,,,,,,,,,,,,,,,,,,,,,
satellite,p14-pfile14.pddl,abs-asp,timed out,1800.1137516237795,abstract_asp,,0.1875503808259964,0.002852577716112137,0.19848401099443436,,0.019290026277303696,0.3088848479092121,0.37514758110046387,0.28840160369873047,,0.09134945273399353,0.060630522668361664,,,,,,,1,0,,,15,,16,,5,object,
satellite,p14-pfile14.pddl,abs-fd,success,9.499927319586277,total,7.150404,0.188159,0.002877,0.200461,,0.018856,0.306503,0.380417,0.309072,,0.089286,,,0.098682,5.382372,,,valid,1,0,0,0,41,75,,1,5,object,
satellite,p14-pfile14.pddl,fd-lmcut,timed out,1800.1105482392013,,,,,,,,,,,,,,,,,,,,,,,,,,,,,,
satellite,p15-pfile15.pddl,abs-asp,timed out,1800.118091069162,abstract_asp,,0.2747487872838974,0.003372248262166977,0.21725645661354065,,0.023477423936128616,0.37597355246543884,0.42586855962872505,0.32365721836686134,,0.11925394833087921,0.07998812943696976,,,,,,,1,0,,,15,,16,,5,object,
satellite,p15-pfile15.pddl,abs-fd,timed out,1800.165767274797,abstract_fd_search,,0.25346124172210693,0.0030643828213214874,0.21891674399375916,,0.023007959127426147,0.3548526354134083,0.43273400142788887,0.3238695226609707,,0.11968757957220078,,,0.10535247251391411,,,,,1,0,1,0,48,,,2,5,object,
satellite,p15-pfile15.pddl,fd-lmcut,timed out,1800.1092558633536,,,,,,,,,,,,,,,,,,,,,,,,,,,,,,
satellite,p16-pfile16.pddl,abs-asp,timed out,1800.1229867599905,abstract_asp,,0.2679313160479069,0.003168955445289612,0.23882092908024788,,0.030411943793296814,0.43188438937067986,0.49115733802318573,0.3722733035683632,,0.14678703993558884,0.0925108790397644,,,,,,,1,0,,,14,,15,,6,object,
satellite,p16-pfile16.pddl,abs-fd,timed out,1800.1704703196883,abstract_fd_search,,0.28423359245061874,0.0031765028834342957,0.24111784994602203,,0.030810542404651642,0.42456160113215446,0.5093076378107071,0.37145739048719406,,0.14887813478708267,,,0.11552107334136963,,,,,1,0,2,0,43,,,3,6,object,
satellite,p16-pfile16.pddl,fd-lmcut,timed out,1800.1085962168872,,,,,,,,,,,,,,,,,,,,,,,,,,,,,,
satellite,p17-pfile17.pddl,abs-asp,timed out,1800.119494277984,abstract_asp,,0.26045967638492584,0.0029404200613498688,0.25210606306791306,,0.02775542065501213,0.4859292656183243,0.5538091212511063,0.41432085633277893,,0.17387547716498375,0.11927963048219681,,,,,,,1,0,,,14,,15,,5,object,
satellite,p17-pfile17.pddl,abs-fd,timed out,1800.1731034480035,abstract_fd_search,,0.2667170464992523,0.0029112398624420166,0.2694990523159504,,0.027514532208442688,0.482118371874094,0.5515804775059223,0.4098592922091484,,0.17352299019694328,,,0.11496360972523689,,,,,1,0,1,0,41,,,2,5,object,
satellite,p17-pfile17.pddl,fd-lmcut,timed out,1800.107301671058,,,,,,,,,,,,,,,,,,,,,,,,,,,,,,
satellite,p18-pfile18.pddl,abs-asp,timed out,1800.115960020572,abstract_asp,,0.17414958775043488,0.0025344006717205048,0.16104304790496826,,0.02242789976298809,0.2726524453610182,0.30863431841135025,0.2325221672654152,,0.07301140390336514,0.038703661412000656,,,,,,,1,0,,,17,,18,,8,object,
satellite,p18-pfile18.pddl,abs-fd,success,7.236787848174572,total,5.065305,0.181084,0.002537,0.178543,,0.022313,0.274181,0.333527,0.231312,,0.075395,,,0.083475,3.554864,,,valid,1,0,0,0,35,64,,1,8,object,
satellite,p18-pfile18.pddl,fd-lmcut,success,465.94919511303306,total,464.139783,,,,,,,,,464.134917,,,,,,,,valid,,,,,,32,,,,,
satellite,p19-pfile19.pddl,abs-asp,timed out,1800.1150902733207,abstract_asp,,0.2610199674963951,0.003551863133907318,0.1794600859284401,,0.029951389878988266,0.4245391860604286,0.35210493579506874,0.28295067325234413,,0.07890629768371582,0.05162293463945389,,,,,,,1,0,,,15,,16,,6,object,
satellite,p19-pfile19.pddl,abs-fd,success,1062.3833846487105,total,1060.063468,0.270139,0.003569,0.196996,,0.029349,0.426924,0.375185,0.281129,,0.080426,,,0.102151,1058.064852,,,valid,1,0,0,0,57,115,,1,6,object,
satellite,p19-pfile19.pddl,fd-lmcut,timed out,1800.108843607828,,,,,,,,,,,,,,,,,,,,,,,,,,,,,,
satellite,p20-pfile20.pddl,abs-asp,timed out,1800.1205204613507,abstract_asp,,0.2950379550457001,0.0037857666611671448,0.20334440097212791,,0.02336222305893898,0.5793565213680267,0.39719487726688385,0.3476492129266262,,0.08311806991696358,0.07331902533769608,,,,,,,1,0,,,17,,18,,2,object,
satellite,p20-pfile20.pddl,abs-fd,timed out,1800.1779996976256,abstract_fd_search,,0.32449572905898094,0.003765106201171875,0.2059815600514412,,0.02304811030626297,0.5762293785810471,0.39946045726537704,0.3511403240263462,,0.08497928828001022,,,0.17747323215007782,,,,,1,0,0,0,91,,,1,2,object,
satellite,p20-pfile20.pddl,fd-lmcut,timed out,1800.1101912222803,,,,,,,,,,,,,,,,,,,,,,,,,,,,,,
satellite,p21-HC-pfile1.pddl,abs-asp,timed out,1800.1152536086738,abstract_asp,,0.24169566109776497,0.0038377195596694946,0.2790099158883095,,0.03877533972263336,0.2725432775914669,0.614820085465908,0.3247295394539833,,0.21616000309586525,0.08622128516435623,,,,,,,1,0,,,14,,15,,17,object,
satellite,p21-HC-pfile1.pddl,abs-fd,timed out,1800.231599982828,abstract_fd_search,,0.20831701532006264,0.0035200342535972595,0.30412499979138374,,0.03827986493706703,0.2709815986454487,0.6585980504751205,0.337185263633728,,0.2199278548359871,,,0.1048278957605362,,,,,1,0,3,0,43,,,4,17,object,
satellite,p21-HC-pfile1.pddl,fd-lmcut,timed out,1800.1070522926748,,,,,,,,,,,,,,,,,,,,,,,,,,,,,,
satellite,p22-HC-pfile2.pddl,abs-asp,timed out,1800.1303281411529,abstract_asp,,0.2713264264166355,0.0038935765624046326,0.41356028243899345,,0.035833939909935,0.4097318947315216,0.8534570150077343,0.5090606138110161,,0.3220629617571831,0.16814936697483063,,,,,,,1,0,,,15,,16,,15,object,
satellite,p22-HC-pfile2.pddl,abs-fd,timed out,1800.2691009156406,abstract_fd_search,,0.25723742693662643,0.003796752542257309,0.40402334183454514,,0.0359715111553669,0.41057031974196434,0.8160684555768967,0.4947378411889076,,0.32420971989631653,,,0.16021814197301865,,,,,1,0,2,0,66,,,3,15,object,
satellite,p22-HC-pfile2.pddl,fd-lmcut,timed out,1800.1051628626883,,,,,,,,,,,,,,,,,,,,,,,,,,,,,,
satellite,p23-HC-pfile3.pddl,abs-asp,timed out,1800.1235989928246,abstract_asp,,0.2788612134754658,0.0045020803809165955,0.5258280038833618,,0.05822056904435158,0.4887181483209133,1.1738806255161762,0.5719588398933411,,0.46751484274864197,0.18480484187602997,,,,,,,1,0,,,14,,15,,20,object,
satellite,p23-HC-pfile3.pddl,abs-fd,timed out,1800.3721391037107,abstract_fd_search,,0.2739434279501438,0.004536472260951996,0.5253637656569481,,0.05701782926917076,0.4852397181093693,1.1808773465454578,0.6066921725869179,,0.4520760774612427,,,0.1647682748734951,,,,,1,0,3,0,61,,,4,20,object,
satellite,p23-HC-pfile3.pddl,fd-lmcut,timed out,1800.1095739006996,,,,,,,,,,,,,,,,,,,,,,,,,,,,,,
satellite,p24-HC-pfile4.pddl,abs-asp,timed out,1800.0494116395712,abstract_asp,,0.2893136665225029,0.005062069743871689,0.8709434382617474,,0.07098362594842911,0.7082856744527817,2.1580774635076523,1.0377541966736317,,0.8736171312630177,0.3975159600377083,,,,,,,1,0,,,15,,16,,24,object,
satellite,p24-HC-pfile4.pddl,abs-fd,timed out,1800.5635029561818,abstract_fd_search,,0.28564199805259705,0.0049615539610385895,0.8685721345245838,,0.07083528488874435,0.6933072134852409,2.1486820951104164,1.0397166907787323,,0.876939844340086,,,0.3066646493971348,,,,,1,0,2,0,91,,,3,24,object,
satellite,p24-HC-pfile4.pddl,fd-lmcut,timed out,1800.1071223914623,,,,,,,,,,,,,,,,,,,,,,,,,,,,,,
satellite,p25-HC-pfile5.pddl,abs-asp,timed out,1800.1498545594513,abstract_asp,,0.3103218525648117,0.005103748291730881,1.0439345091581345,,0.0781785435974598,0.7329369597136974,2.5192388743162155,1.1307963654398918,,0.9700999706983566,0.43845970556139946,,,,,,,1,0,,,14,,15,,25,object,
satellite,p25-HC-pfile5.pddl,abs-fd,timed out,1800.432169470936,abstract_fd_search,,0.3111750893294811,0.005161769688129425,1.0736019536852837,,0.07783899828791618,0.745632704347372,2.587841857224703,1.1685238033533096,,0.9850476384162903,,,0.30751093849539757,,,,,1,0,0,0,78,,,1,25,object,
satellite,p25-HC-pfile5.pddl,fd-lmcut,timed out,1800.105817526579,,,,,,,,,,,,,,,,,,,,,,,,,,,,,,
satellite,p26-HC-pfile6.pddl,abs-asp,timed out,1800.1478538513184,abstract_asp,,0.30698659271001816,0.00489276647567749,1.0834913589060307,,0.07036595791578293,0.9266498722136021,2.6204797960817814,1.332905177026987,,0.9907463453710079,0.5340845324099064,,,,,,,1,0,,,14,,15,,20,object,
satellite,p26-HC-pfile6.pddl,abs-fd,interrupted,134.16087835095823,abstract_fd_search,,0.3073059618473053,0.004849756136536598,1.0870124828070402,,0.07022908888757229,0.9261217229068279,2.613615019246936,1.3560521062463522,,1.002919141203165,,,0.39800277166068554,,,,,1,0,0,0,99,,,1,20,object,
satellite,p26-HC-pfile6.pddl,fd-lmcut,timed out,1800.1063472405076,,,,,,,,,,,,,,,,,,,,,,,,,,,,,,
satellite,p27-HC-pfile7.pddl,abs-asp,timed out,1800.1462548673153,abstract_asp,,0.29347845539450645,0.004831969738006592,1.2637866251170635,,0.06878877058625221,0.9305137358605862,3.1928367018699646,1.6365643069148064,,1.2781988680362701,0.669434018433094,,,,,,,1,0,,,16,,17,,21,object,
satellite,p27-HC-pfile7.pddl,abs-fd,interrupted,144.91302397847176,abstract_fd_search,,0.3013676479458809,0.004766795784235001,1.2625559158623219,,0.06746109575033188,0.9077595882117748,3.214293234050274,1.6424132846295834,,1.2651232406497002,,,0.46644437685608864,,,,,1,0,0,0,94,,,1,21,object,
satellite,p27-HC-pfile7.pddl,fd-lmcut,timed out,1800.1388620510697,,,,,,,,,,,,,,,,,,,,,,,,,,,,,,
satellite,p28-HC-pfile8.pddl,abs-asp,timed out,1800.1569282002747,abstract_asp,,0.34595366939902306,0.0061731040477752686,2.7470127008855343,,0.1268325001001358,1.5284210368990898,6.8525831289589405,2.9085307717323303,,2.528784468770027,1.1921232230961323,,,,,,,1,0,,,13,,14,,33,object,
satellite,p28-HC-pfile8.pddl,abs-fd,interrupted,139.78507057577372,abstract_fd_search,,0.34676945209503174,0.006122138351202011,2.7354008331894875,,0.12570951133966446,1.5405367501080036,6.840250194072723,2.928994968533516,,2.5049676969647408,,,0.8807057812809944,,,,,1,0,0,0,128,,,0,33,object,
satellite,p28-HC-pfile8.pddl,fd-lmcut,timed out,1800.1066805683076,,,,,,,,,,,,,,,,,,,,,,,,,,,,,,
satellite,p29-HC-pfile9.pddl,abs-asp,timed out,1800.1350638568401,abstract_asp,,0.35484760999679565,0.006043519824743271,4.115778129547834,,0.09701493382453918,2.2671450302004814,9.75641355291009,6.0923178270459175,,3.8126181587576866,2.563074715435505,,,,,,,1,0,,,13,,14,,20,object,
satellite,p29-HC-pfile9.pddl,abs-fd,interrupted,151.89717293903232,abstract_fd_search,,0.35654113814234734,0.006072588264942169,4.111210405826569,,0.09626461565494537,2.253185451030731,9.81768723204732,6.207972157746553,,3.778781045228243,,,2.3516119457781315,,,,,1,0,0,0,156,,,0,20,object,
satellite,p29-HC-pfile9.pddl,fd-lmcut,timed out,1800.1062165684998,,,,,,,,,,,,,,,,,,,,,,,,,,,,,,
satellite,p30-HC-pfile10.pddl,abs-asp,timed out,1800.2088166736066,abstract_asp,,0.39973196759819984,0.007312379777431488,5.921615999191999,,0.15241999179124832,2.672323312610388,13.984591342508793,7.496166959404945,,5.32009069621563,2.958093099296093,,,,,,,1,0,,,12,,13,,32,object,
satellite,p30-HC-pfile10.pddl,abs-fd,interrupted,173.07639709115028,abstract_fd_search,,0.38979021832346916,0.007128296419978142,5.912103762850165,,0.15065555460751057,2.625896632671356,13.899748366326094,7.387760812416673,,5.2791953310370445,,,9.560068789869547,,,,,1,0,0,0,192,,,0,32,object,
satellite,p30-HC-pfile10.pddl,fd-lmcut,timed out,1800.1100768968463,,,,,,,,,,,,,,,,,,,,,,,,,,,,,,
satellite,p31-HC-pfile11.pddl,abs-asp,timed out,1800.3077780678868,abstract_asp,,0.4290381334722042,0.008069157600402832,9.429880857467651,,0.15326782688498497,4.003417152911425,21.63018211349845,14.140347331762314,,8.33764497935772,5.609605617821217,,,,,,,1,0,,,11,,12,,28,object,
satellite,p31-HC-pfile11.pddl,abs-fd,interrupted,209.35592928156257,abstract_fd_search,,0.420087032020092,0.008280955255031586,9.278406854718924,,0.15780261158943176,4.0950687900185585,21.36909280344844,13.992195811122656,,8.110781121999025,,,19.321463748812675,,,,,1,0,0,0,225,,,0,28,object,
satellite,p31-HC-pfile11.pddl,fd-lmcut,timed out,1800.1068082898855,,,,,,,,,,,,,,,,,,,,,,,,,,,,,,
satellite,p32-HC-pfile12.pddl,abs-asp,timed out,1800.433464359492,abstract_asp,,0.4782365597784519,0.010324463248252869,16.939418621361256,,0.2189844399690628,6.115562941879034,37.428667690604925,25.14965011179447,,14.140538178384304,9.439237743616104,,,,,,,1,0,,,12,,13,,38,object,
satellite,p32-HC-pfile12.pddl,abs-fd,interrupted,261.7384221293032,abstract_fd_search,,0.462760329246521,0.010462790727615356,15.990233547985554,,0.21643956005573273,6.09108817204833,37.1690451875329,24.80708285421133,,14.132367245852947,,,16.331582184880972,,,,,1,0,0,0,299,,,0,38,object,
satellite,p32-HC-pfile12.pddl,fd-lmcut,timed out,1800.1061868146062,,,,,,,,,,,,,,,,,,,,,,,,,,,,,,
satellite,p33-HC-pfile13.pddl,abs-asp,interrupted,1216.8457103967667,abstract_asp,,0.5442153438925743,0.012456700205802917,25.386089254170656,,0.31838613376021385,8.834990620613098,60.66804176568985,36.35586937516928,,21.97033156827092,14.637135151773691,,,,,,,1,0,,,11,,12,,48,object,
satellite,p33-HC-pfile13.pddl,abs-fd,interrupted,229.563774805516,abstract_fd_search,,0.5300686806440353,0.012215256690979004,25.017639212310314,,0.3150884695351124,8.912808548659086,60.64926101639867,36.05847502872348,,21.918901663273573,,,22.06789454817772,,,,,1,0,0,0,372,,,0,48,object,
satellite,p33-HC-pfile13.pddl,fd-lmcut,timed out,1800.1088025644422,,,,,,,,,,,,,,,,,,,,,,,,,,,,,,
satellite,p34-HC-pfile14.pddl,abs-asp,timed out,1800.2342566847801,abstract_asp,,0.38862268812954426,0.00878223031759262,5.320106925442815,,0.21534703858196735,3.3102598059922457,12.207000786438584,6.098557144403458,,4.754660060629249,2.3816097918897867,,,,,,,1,0,,,16,,17,,61,object,
satellite,p34-HC-pfile14.pddl,abs-fd,interrupted,161.64152559265494,abstract_fd_search,,0.36508166044950485,0.008513122797012329,5.072845965623856,,0.21377627924084663,3.3357640840113163,11.939515721052885,6.044348668307066,,4.867079984396696,,,4.7280627973377705,,,,,1,0,0,0,288,,,0,61,object,
satellite,p34-HC-pfile14.pddl,fd-lmcut,timed out,1800.1069935709238,,,,,,,,,,,,,,,,,,,,,,,,,,,,,,
satellite,p35-HC-pfile15.pddl,abs-asp,timed out,1800.2746060602367,abstract_asp,,0.42492981627583504,0.010228317230939865,8.29073727503419,,0.20905346423387527,4.533727116882801,19.338745415210724,11.344708550721407,,7.504701182246208,4.472744654864073,,,,,,,1,0,,,13,,14,,46,object,
satellite,p35-HC-pfile15.pddl,abs-fd,interrupted,191.1079562306404,abstract_fd_search,,0.42811717092990875,0.010223016142845154,8.361077856272459,,0.2078937627375126,4.561318155378103,19.458922743797302,11.3386833332479,,7.589899677783251,,,7.2223781161010265,,,,,1,0,0,0,288,,,0,46,object,
satellite,p35-HC-pfile15.pddl,fd-lmcut,timed out,1800.1096436418593,,,,,,,,,,,,,,,,,,,,,,,,,,,,,,
satellite,p36-HC-pfile16.pddl,abs-asp,timed out,1800.246803984046,abstract_asp,,0.4703523740172386,0.00967026874423027,10.937775649130344,,0.2058205083012581,5.351510588079691,25.051517497748137,15.550582744181156,,9.780737355351448,6.169769529253244,,,,,,,1,0,,,11,,12,,40,object,
satellite,p36-HC-pfile16.pddl,abs-fd,interrupted,219.6307410337031,abstract_fd_search,,0.46118372306227684,0.009646181017160416,11.060526508837938,,0.2072889804840088,5.230013895779848,25.251099038869143,15.804526176303625,,9.725478366017342,,,8.338868577033281,,,,,1,0,0,0,286,,,0,40,object,
satellite,p36-HC-pfile16.pddl,fd-lmcut,timed out,1800.1081148199737,,,,,,,,,,,,,,,,,,,,,,,,,,,,,,
sokoban-sat08-strips,p01.pddl,abs-asp,success,8.79273696616292,total,6.372055,0.204066,0.001909,0.134343,,0.015586,0.359376,0.195867,0.173874,,0.011349,0.007859,0.077397,,5.140396,,,valid,3,0,9,16,9,35,10,26,2,stone,
sokoban-sat08-strips,p01.pddl,abs-fd,success,6.4419154562056065,total,4.849957,0.198351,0.001784,0.126145,,0.015218,0.33445,0.1574,0.15234,,0.011416,,,0.064432,3.748155,,,valid,3,0,9,16,9,35,,26,2,stone,
sokoban-sat08-strips,p01.pddl,fd-lmcut,success,2.49808032810688,total,0.200841,,,,,,,,,0.197566,,,,,,,,valid,,,,,,35,,,,,
sokoban-sat08-strips,p02.pddl,abs-asp,timed out,1800.1264954805374,abstract_asp,,0.2873418927192688,0.0019553154706954956,0.14588462933897972,,0.11479231342673302,0.15811742097139359,0.19538524001836777,0.16975447535514832,,0.018565453588962555,0.016872677952051163,,,,,,,0,0,,,80,,81,,37,location,
sokoban-sat08-strips,p02.pddl,abs-fd,success,12.219666313380003,total,10.435136,0.277659,0.001926,0.129513,,0.113179,0.159994,0.174214,0.173234,,0.017549,,,0.087931,9.140562,,,valid,0,0,0,0,157,157,,1,37,location,
sokoban-sat08-strips,p02.pddl,fd-lmcut,success,3.4639670867472887,total,0.987228,,,,,,,,,0.984317,,,,,,,,valid,,,,,,155,,,,,
sokoban-sat08-strips,p03.pddl,abs-asp,success,114.86630010977387,total,112.698485,0.256267,0.001818,0.131461,,0.060596,0.075355,0.188366,0.160927,,0.014001,0.012281,111.06739,,0.653271,,,valid,0,0,0,0,35,35,36,1,26,location,
sokoban-sat08-strips,p03.pddl,abs-fd,success,4.146754272282124,total,2.017441,0.252346,0.001871,0.129081,,0.061289,0.076934,0.173327,0.161763,,0.012856,,,0.069582,1.018175,,,valid,0,0,0,0,49,49,,1,26,location,
sokoban-sat08-strips,p03.pddl,fd-lmcut,success,2.5630017928779125,total,0.212194,,,,,,,,,0.208741,,,,,,,,valid,,,,,,35,,,,,
sokoban-sat08-strips,p04.pddl,abs-asp,timed out,1800.1327357143164,abstract_solving,,0.3086802065372467,0.002021484076976776,0.154932901263237,,0.030292991548776627,0.6602564789354801,0.21578631550073624,0.1631164625287056,,0.026051610708236694,0.012060284614562988,0.09759645164012909,,,,,,3,0,8,20,8,,9,29,4,stone,
sokoban-sat08-strips,p04.pddl,abs-fd,timed out,1800.129540124908,abstract_fd_search,,0.304019832983613,0.0020214971154928207,0.1373982485383749,,0.030738631263375282,0.6648039575666189,0.18900286965072155,0.16354885697364807,,0.024353090673685074,,,0.0654341634362936,,,,,3,0,8,20,8,,,29,4,stone,
sokoban-sat08-strips,p04.pddl,fd-lmcut,success,26.265831731259823,total,23.779401,,,,,,,,,23.776159,,,,,,,,valid,,,,,,100,,,,,
sokoban-sat08-strips,p05.pddl,abs-asp,timed out,1800.1215161383152,abstract_asp,,0.3395701125264168,0.0021327026188373566,0.16379135474562645,,0.15537939965724945,0.3571348078548908,0.20975608751177788,0.1781526729464531,,0.020188026130199432,0.018144194036722183,,,,,,,0,0,,,49,,50,,37,location,
sokoban-sat08-strips,p05.pddl,abs-fd,success,13.100279388949275,total,10.989908,0.346779,0.002209,0.165248,,0.177931,0.34635,0.191606,0.18717,,0.020095,,,0.301562,9.090746,,,valid,0,0,0,0,149,149,,1,37,location,
sokoban-sat08-strips,p05.pddl,fd-lmcut,success,3.3775950018316507,total,0.84242,,,,,,,,,0.838953,,,,,,,,valid,,,,,,133,,,,,
sokoban-sat08-strips,p06.pddl,abs-asp,timed out,1800.0980090349913,abstract_asp,,0.3123056888580322,0.0024907365441322327,0.16720039770007133,,0.16282547265291214,0.25925446674227715,0.21880055218935013,0.19011373072862625,,0.02775508537888527,0.025700118392705917,,,,,,,0,0,,,38,,39,,44,location,
sokoban-sat08-strips,p06.pddl,abs-fd,success,18.958417562767863,total,16.483956,0.317207,0.00249,0.170113,,0.156671,0.272956,0.220046,0.190507,,0.027533,,,0.404014,14.48816,,,valid,0,0,0,0,168,168,,1,44,location,
sokoban-sat08-strips,p06.pddl,fd-lmcut,success,4.36295778490603,total,1.861022,,,,,,,,,1.85778,,,,,,,,valid,,,,,,118,,,,,
sokoban-sat08-strips,p07.pddl,abs-asp,timed out,1800.1273619942367,abstract_solving,,0.2831741515547037,0.0019782427698373795,0.13808841817080975,,0.023896530270576477,0.5869345497339964,0.19815826788544655,0.17257033847272396,,0.01825917698442936,0.010914148762822151,0.08373493328690529,,,,,,3,0,7,32,7,,8,40,3,stone,
sokoban-sat08-strips,p07.pddl,abs-fd,timed out,1800.1247448772192,abstract_fd_search,,0.2832571975886822,0.001956164836883545,0.1467723697423935,,0.023912396281957626,0.5852670595049858,0.2002098523080349,0.1596318557858467,,0.019517451524734497,,,0.06491950526833534,,,,,3,0,7,33,7,,,41,3,stone,
sokoban-sat08-strips,p07.pddl,fd-lmcut,success,2.972850948572159,total,0.523699,,,,,,,,,0.52048,,,,,,,,valid,,,,,,83,,,,,
sokoban-sat08-strips,p08.pddl,abs-asp,timed out,1800.1269615925848,abstract_solving,,0.3822176940739155,0.0022168122231960297,0.16395001485943794,,0.04236788675189018,1.609306301921606,0.19302085041999817,0.17230592295527458,,0.021688129752874374,0.01415177807211876,0.9943140260875225,,,,,,3,0,22,17,22,,23,40,3,stone,
sokoban-sat08-strips,p08.pddl,abs-fd,timed out,1800.1316382139921,abstract_fd_search,,0.4046659283339977,0.002293810248374939,0.16847967356443405,,0.04312698543071747,1.64647676050663,0.2174486219882965,0.18389668688178062,,0.02191852778196335,,,0.07311451062560081,,,,,3,0,24,13,24,,,38,3,stone,
sokoban-sat08-strips,p08.pddl,fd-lmcut,success,15.095697099342942,total,12.314937,,,,,,,,,12.311101,,,,,,,,valid,,,,,,176,,,,,
sokoban-sat08-strips,p09.pddl,abs-asp,timed out,1800.127547107637,abstract_solving,,0.3850170411169529,0.0021625682711601257,0.18499906733632088,,0.03989354521036148,1.274855300784111,0.2381410002708435,0.18054839596152306,,0.02818753570318222,0.01379292830824852,0.21205051615834236,,,,,,3,0,14,32,14,,15,47,4,stone,
sokoban-sat08-strips,p09.pddl,abs-fd,timed out,1800.1285220570862,abstract_fd_search,,0.3566845618188381,0.0022085383534431458,0.16464518383145332,,0.039789147675037384,1.2383397407829762,0.2232847474515438,0.17872029170393944,,0.026692397892475128,,,0.07045812904834747,,,,,3,0,14,32,14,,,47,4,stone,
sokoban-sat08-strips,p09.pddl,fd-lmcut,success,11.553574111312628,total,8.955684,,,,,,,,,8.952116,,,,,,,,valid,,,,,,270,,,,,
sokoban-sat08-strips,p11.pddl,abs-asp,timed out,1800.0638300478458,abstract_solving,,0.3090042360126972,0.002754390239715576,0.19992271065711975,,0.05093107372522354,0.4628053717315197,0.326175007969141,0.16402476653456688,,0.09494635462760925,0.002957865595817566,0.004279840737581253,,,,,,3,0,0,27,0,,1,28,11,stone,
sokoban-sat08-strips,p11.pddl,abs-fd,timed out,1800.1395150646567,abstract_fd_search,,0.31004998832941055,0.002773631364107132,0.19965395331382751,,0.05105022341012955,0.48389726504683495,0.3246830366551876,0.16323162987828255,,0.0945080928504467,,,0.0630233883857727,,,,,3,0,0,27,0,,,28,11,stone,
sokoban-sat08-strips,p11.pddl,fd-lmcut,success,9.324382703751326,total,2.011952,,,,,,,,,2.008364,,,,,,,,valid,,,,,,44,,,,,
sokoban-sat08-strips,p12.pddl,abs-asp,timed out,1800.1326909791678,abstract_asp,,0.34109717421233654,0.002139560878276825,0.17487137950956821,,0.1901426836848259,0.37493303418159485,0.20220643654465675,0.19802449271082878,,0.032470833510160446,0.02986181154847145,,,,,,,0,0,,,46,,47,,44,location,
sokoban-sat08-strips,p12.pddl,abs-fd,success,53.65402514487505,total,51.211007,0.349942,0.00213,0.175922,,0.18565,0.372783,0.213002,0.202257,,0.031957,,,1.854824,47.397945,,,valid,0,0,0,0,318,318,,1,44,location,
sokoban-sat08-strips,p12.pddl,fd-lmcut,success,63.770502384752035,total,61.003925,,,,,,,,,60.999466,,,,,,,,valid,,,,,,226,,,,,
sokoban-sat08-strips,p13.pddl,abs-asp,timed out,1800.1220842041075,abstract_solving,,0.3006947189569473,0.0020444728434085846,0.13180365040898323,,0.03152397647500038,0.5501326061785221,0.18891830369830132,0.15883956849575043,,0.025807708501815796,0.01061786338686943,0.056271858513355255,,,,,,3,0,4,50,4,,5,55,5,stone,
sokoban-sat08-strips,p13.pddl,abs-fd,timed out,1800.127189392224,abstract_fd_search,,0.2990214228630066,0.002072637900710106,0.15229654125869274,,0.03201304003596306,0.5430952776223421,0.1904420107603073,0.16080485843122005,,0.027213262394070625,,,0.0644143782556057,,,,,3,0,4,50,4,,,55,5,stone,
sokoban-sat08-strips,p13.pddl,fd-lmcut,success,20.381369821727276,total,17.973506,,,,,,,,,17.969907,,,,,,,,valid,,,,,,122,,,,,
sokoban-sat08-strips,p14.pddl,abs-asp,timed out,1800.1220301482826,abstract_solving,,0.3264566734433174,0.0021076183766126633,0.16933375410735607,,0.03791387192904949,0.9022401422262192,0.22410470992326736,0.16610009595751762,,0.03108028508722782,0.012448582798242569,0.07434713654220104,,,,,,3,0,5,35,5,,6,41,5,stone,
sokoban-sat08-strips,p14.pddl,abs-fd,timed out,1800.123116351664,abstract_fd_search,,0.3276001326739788,0.002117108553647995,0.16899339109659195,,0.03879314288496971,0.8897506408393383,0.20017630606889725,0.16508397087454796,,0.029494069516658783,,,0.06426503509283066,,,,,3,0,5,35,5,,,41,5,stone,
sokoban-sat08-strips,p14.pddl,fd-lmcut,success,57.42161260917783,total,54.824043,,,,,,,,,54.819716,,,,,,,,valid,,,,,,251,,,,,
sokoban-sat08-strips,p15.pddl,abs-asp,timed out,1800.1334898658097,abstract_solving,,0.29624175280332565,0.0021320395171642303,0.1443982496857643,,0.03259839862585068,0.7404128946363926,0.19979287311434746,0.16366657242178917,,0.03105141967535019,0.01289420947432518,0.0915992446243763,,,,,,3,0,7,27,7,,8,35,5,stone,
sokoban-sat08-strips,p15.pddl,abs-fd,timed out,1800.131214555353,abstract_fd_search,,0.30536618642508984,0.0020707212388515472,0.16339467652142048,,0.03303188644349575,0.7200366817414761,0.22594313323497772,0.16465531662106514,,0.03275259584188461,,,0.06620493903756142,,,,,3,0,7,27,7,,,35,5,stone,
sokoban-sat08-strips,p15.pddl,fd-lmcut,success,215.85915657505393,total,213.110943,,,,,,,,,213.106788,,,,,,,,valid,,,,,,191,,,,,
sokoban-sat08-strips,p16.pddl,abs-asp,timed out,1800.090527266264,abstract_asp,,0.32832394912838936,0.002209298312664032,0.17532551661133766,,0.15275896713137627,0.31550292670726776,0.22469334304332733,0.2119855210185051,,0.033902280032634735,0.03311335667967796,,,,,,,0,0,,,37,,38,,39,location,
sokoban-sat08-strips,p16.pddl,abs-fd,success,62.03347317315638,total,59.037369,0.342661,0.002249,0.175124,,0.152187,0.316443,0.242808,0.210763,,0.035334,,,1.626585,55.504119,,,valid,0,0,0,0,343,343,,1,39,location,
sokoban-sat08-strips,p16.pddl,fd-lmcut,success,151.01660454645753,total,148.218438,,,,,,,,,148.213687,,,,,,,,valid,,,,,,195,,,,,
sokoban-sat08-strips,p17.pddl,abs-asp,timed out,1800.143422678113,abstract_asp,,0.33004822209477425,0.0023014284670352936,0.1838974766433239,,0.14109808206558228,0.2565348856151104,0.2556776851415634,0.22762835025787354,,0.0448882170021534,0.04323313757777214,,,,,,,0,0,,,35,,36,,40,location,
sokoban-sat08-strips,p17.pddl,abs-fd,success,16.868117801845074,total,14.994919,0.304612,0.002198,0.159272,,0.141182,0.25881,0.22203,0.217382,,0.042797,,,0.456812,12.970137,,,valid,0,0,0,0,129,129,,1,40,location,
sokoban-sat08-strips,p17.pddl,fd-lmcut,success,73.89110614731908,total,71.212155,,,,,,,,,71.209048,,,,,,,,valid,,,,,,114,,,,,
sokoban-sat08-strips,p18.pddl,abs-asp,timed out,1800.1354445107281,abstract_solving,,0.4029170647263527,0.00238129124045372,0.17787877097725868,,0.051126161590218544,1.669514250010252,0.21764130890369415,0.18277346715331078,,0.0312612671405077,0.014864619821310043,0.08896064944565296,,,,,,3,0,5,37,5,,6,43,5,stone,
sokoban-sat08-strips,p18.pddl,abs-fd,timed out,1800.1315803453326,abstract_fd_search,,0.3858404755592346,0.002261132001876831,0.1899331845343113,,0.05066218972206116,1.6031145080924034,0.2322525978088379,0.17374790459871292,,0.032159171998500824,,,0.06513810530304909,,,,,3,0,5,37,5,,,43,5,stone,
sokoban-sat08-strips,p18.pddl,fd-lmcut,success,850.9539554007351,total,848.046951,,,,,,,,,848.042449,,,,,,,,valid,,,,,,203,,,,,
sokoban-sat08-strips,p19.pddl,abs-asp,timed out,1800.1433113999665,abstract_solving,,0.42583757638931274,0.0027477405965328217,0.26551618054509163,,0.09638036414980888,1.8373218923807144,0.3689526356756687,0.20367950573563576,,0.11821502819657326,0.020142726600170135,0.08270588144659996,,,,,,3,0,2,22,2,,3,25,12,stone,
sokoban-sat08-strips,p19.pddl,abs-fd,timed out,1800.1476044543087,abstract_fd_search,,0.4339592903852463,0.002815835177898407,0.2505326382815838,,0.09670508652925491,1.761755060404539,0.37267813459038734,0.19631511718034744,,0.11782149225473404,,,0.0703701302409172,,,,,3,0,2,22,2,,,25,12,stone,
sokoban-sat08-strips,p19.pddl,fd-lmcut,success,15.239336740225554,total,12.605063,,,,,,,,,12.601223,,,,,,,,valid,,,,,,47,,,,,
sokoban-sat08-strips,p20.pddl,abs-asp,timed out,1800.1798783242702,abstract_asp,,0.332808755338192,0.0024345293641090393,0.22046471759676933,,0.15120577439665794,0.2713435888290405,0.36019129678606987,0.3557731509208679,,0.13038447126746178,0.12733935192227364,,,,,,,0,0,,,22,,23,,36,location,
sokoban-sat08-strips,p20.pddl,abs-fd,timed out,1800.1106290835887,concrete_asp,,0.34345885924994946,0.002490714192390442,0.2402624674141407,,0.1540098749101162,0.2739754915237427,0.41004460491240025,0.36282156221568584,,0.13197331316769123,,,,,,,,0,0,,,,,,,36,location,
sokoban-sat08-strips,p20.pddl,fd-lmcut,success,160.0910777822137,total,157.667193,,,,,,,,,157.663477,,,,,,,,valid,,,,,,103,,,,,
sokoban-sat08-strips,p21.pddl,abs-asp,timed out,1800.1384039148688,abstract_solving,,0.5562901012599468,0.0026262179017066956,0.23648414388298988,,0.08024121075868607,3.8015595264732838,0.2379392348229885,0.19223623350262642,,0.035784605890512466,0.01730502024292946,0.13814330846071243,,,,,,3,0,8,27,8,,9,36,4,stone,
sokoban-sat08-strips,p21.pddl,abs-fd,timed out,1800.1391383372247,abstract_fd_search,,0.5731319226324558,0.002669375389814377,0.25479595363140106,,0.08222406357526779,3.82150249555707,0.2631874457001686,0.19112572073936462,,0.03738028556108475,,,0.06904210150241852,,,,,3,0,8,28,8,,,37,4,stone,
sokoban-sat08-strips,p21.pddl,fd-lmcut,success,1042.0153785571456,total,1039.775399,,,,,,,,,1039.771539,,,,,,,,valid,,,,,,206,,,,,
sokoban-sat08-strips,p22.pddl,abs-asp,timed out,1800.0496269334108,abstract_asp,,0.3614659905433655,0.0027887485921382904,0.1879859585314989,,0.1884334795176983,0.3843063786625862,0.24785657227039337,0.21868023090064526,,0.03725931607186794,0.035621361806988716,,,,,,,0,0,,,48,,49,,43,location,
sokoban-sat08-strips,p22.pddl,abs-fd,success,84.72336365282536,total,82.441176,0.34207,0.002559,0.163511,,0.184187,0.384111,0.214615,0.209518,,0.035338,,,9.844803,70.580992,,,valid,0,0,0,0,366,366,,1,43,location,
sokoban-sat08-strips,p22.pddl,fd-lmcut,success,994.5340122915804,total,992.305334,,,,,,,,,992.300153,,,,,,,,valid,,,,,,293,,,,,
sokoban-sat08-strips,p23.pddl,abs-asp,timed out,1800.1243747305125,abstract_solving,,0.41727194003760815,0.0022832080721855164,0.2090421114116907,,0.05084328353404999,2.077136527746916,0.2509661875665188,0.18605253472924232,,0.03466927818953991,0.015783265233039856,0.6522302236407995,,,,,,3,0,18,6,18,,19,25,4,stone,
sokoban-sat08-strips,p23.pddl,abs-fd,timed out,1800.124605562538,abstract_fd_search,,0.40573518350720406,0.002264462411403656,0.18607697263360023,,0.05058286711573601,2.047282602638006,0.21677736192941666,0.17690610140562057,,0.03349893540143967,,,0.06722411140799522,,,,,3,0,20,0,22,,,21,4,stone,
sokoban-sat08-strips,p23.pddl,fd-lmcut,success,381.693614192307,total,379.482305,,,,,,,,,379.479021,,,,,,,,valid,,,,,,247,,,,,
sokoban-sat08-strips,p24.pddl,abs-asp,timed out,1800.1447292342782,abstract_asp,,0.40417612344026566,0.002303656190633774,0.20564325898885727,,0.2738264203071594,0.5145353749394417,0.2202983796596527,0.2148534394800663,,0.03501392528414726,0.032608769834041595,,,,,,,0,0,,,43,,44,,56,location,
sokoban-sat08-strips,p24.pddl,abs-fd,success,46.289921287447214,total,43.717223,0.389022,0.002378,0.192467,,0.273863,0.518312,0.232402,0.216838,,0.033528,,,6.175194,35.331563,,,valid,0,0,0,0,251,251,,1,56,location,
sokoban-sat08-strips,p24.pddl,fd-lmcut,success,59.67061895504594,total,57.489171,,,,,,,,,57.484384,,,,,,,,valid,,,,,,185,,,,,
sokoban-sat08-strips,p25.pddl,abs-asp,timed out,1800.1339273508638,abstract_solving,,0.3445020914077759,0.0022107455879449844,0.1858478244394064,,0.04189039580523968,0.9159504249691963,0.25107818469405174,0.1719546988606453,,0.03777565807104111,0.002885933965444565,0.004505155608057976,,,,,,3,0,0,37,0,,1,38,6,stone,
sokoban-sat08-strips,p25.pddl,abs-fd,timed out,1800.0484651885927,abstract_fd_search,,0.32510389387607574,0.0021760202944278717,0.17783095315098763,,0.041362959891557693,0.934754591435194,0.23589631170034409,0.16213420405983925,,0.037785906344652176,,,0.06243978440761566,,,,,3,0,0,37,0,,,38,6,stone,
sokoban-sat08-strips,p25.pddl,fd-lmcut,success,66.08871417120099,total,63.954025,,,,,,,,,63.949503,,,,,,,,valid,,,,,,165,,,,,
sokoban-sat08-strips,p26.pddl,abs-asp,timed out,1800.1418369747698,abstract_asp,,0.3818974569439888,0.0023257508873939514,0.20262370631098747,,0.22277786955237389,0.4335378557443619,0.2668882980942726,0.23599309474229813,,0.04645011946558952,0.04476328194141388,,,,,,,0,0,,,47,,48,,50,location,
sokoban-sat08-strips,p26.pddl,abs-fd,success,191.9000655822456,total,189.323941,0.368513,0.002258,0.182538,,0.221714,0.45483,0.237528,0.235392,,0.044926,,,107.582652,79.35698,,,valid,0,0,0,0,356,356,,1,50,location,
sokoban-sat08-strips,p26.pddl,fd-lmcut,timed out,1800.1060693450272,,,,,,,,,,,,,,,,,,,,,,,,,,,,,,
sokoban-sat08-strips,p27.pddl,abs-asp,timed out,1800.1485431604087,abstract_asp,,0.38799986988306046,0.0025397613644599915,0.22797265276312828,,0.30635546147823334,0.3976464457809925,0.3063514232635498,0.28967180475592613,,0.07804884761571884,0.07526612654328346,,,,,,,0,0,,,31,,32,,64,location,
sokoban-sat08-strips,p27.pddl,abs-fd,success,19.569948211312294,total,16.958958,0.380746,0.002402,0.242464,,0.304711,0.398157,0.310831,0.277739,,0.077993,,,2.029576,12.683734,,,valid,0,0,0,0,95,95,,1,64,location,
sokoban-sat08-strips,p27.pddl,fd-lmcut,success,502.70206255838275,total,500.568062,,,,,,,,,500.563332,,,,,,,,valid,,,,,,77,,,,,
sokoban-sat08-strips,p28.pddl,abs-asp,timed out,1800.123617593199,abstract_asp,,0.5123890694230795,0.0026160385459661484,0.23167523555457592,,0.0762332770973444,3.0822700932621956,0.2555541452020407,0.1938947644084692,,0.04617690294981003,0.01862194761633873,,,,,,,3,0,,,39,,40,,5,stone,
sokoban-sat08-strips,p28.pddl,abs-fd,timed out,1800.1516521573067,abstract_fd_search,,0.5035178400576115,0.0025612637400627136,0.24926910921931267,,0.07560564950108528,3.0700022019445896,0.27778029069304466,0.190005324780941,,0.04794589802622795,,,0.12317173928022385,,,,,3,0,57,0,58,,,58,5,stone,
sokoban-sat08-strips,p28.pddl,fd-lmcut,timed out,1800.1098142527044,,,,,,,,,,,,,,,,,,,,,,,,,,,,,,
sokoban-sat08-strips,p29.pddl,abs-asp,timed out,1800.133750129491,abstract_asp,,0.32945699989795685,0.00213686004281044,0.18042924627661705,,0.2595529146492481,0.3087063729763031,0.20726259797811508,0.2011878304183483,,0.03210456296801567,0.032060179859399796,,,,,,,0,0,,,43,,44,,67,location,
sokoban-sat08-strips,p29.pddl,abs-fd,success,401.26923524588346,total,398.255923,0.340724,0.00222,0.198837,,0.257411,0.321339,0.233075,0.202723,,0.033988,,,268.309172,127.702555,,,valid,0,0,0,0,519,519,,1,67,location,
sokoban-sat08-strips,p29.pddl,fd-lmcut,success,372.3557227961719,total,370.15851,,,,,,,,,370.153833,,,,,,,,valid,,,,,,273,,,,,
sokoban-sat08-strips,p30.pddl,abs-asp,timed out,1800.120013071224,abstract_asp,,0.39221292547881603,0.002203740179538727,0.18279793672263622,,0.2938448451459408,0.5706908814609051,0.22486651875078678,0.20826740004122257,,0.03286192752420902,0.0323732178658247,,,,,,,0,0,,,63,,64,,57,location,
sokoban-sat08-strips,p30.pddl,abs-fd,success,147.8286795206368,total,144.246776,0.404328,0.002324,0.208806,,0.300507,0.590996,0.250924,0.216607,,0.045309,,,23.959888,117.462201,,,valid,0,0,0,0,486,486,,1,57,location,
sokoban-sat08-strips,p30.pddl,fd-lmcut,success,279.7297163773328,total,277.335654,,,,,,,,,277.331179,,,,,,,,valid,,,,,,380,,,,,
sokoban-sat11-strips,p13.pddl,abs-asp,timed out,1800.139521535486,abstract_asp,,0.39374757558107376,0.0024183355271816254,0.24344468116760254,,0.3105095811188221,0.39718928188085556,0.2920278050005436,0.28382154181599617,,0.07684707641601562,0.07550002634525299,,,,,,,0,0,,,31,,32,,64,location,
sokoban-sat11-strips,p13.pddl,abs-fd,success,20.17034423351288,total,17.349278,0.392984,0.002538,0.244566,,0.304307,0.409081,0.318151,0.286881,,0.077275,,,2.089137,12.969871,,,valid,0,0,0,0,95,95,,1,64,location,
sokoban-sat11-strips,p13.pddl,fd-lmcut,success,503.9064846932888,total,501.151621,,,,,,,,,501.147037,,,,,,,,valid,,,,,,77,,,,,
sokoban-sat11-strips,p15.pddl,abs-asp,timed out,1800.1238893382251,abstract_asp,,0.3957310877740383,0.0023567453026771545,0.19148902222514153,,0.29645807296037674,0.5791145451366901,0.22319922223687172,0.21904285997152328,,0.03376617655158043,0.032425474375486374,,,,,,,0,0,,,63,,64,,57,location,
sokoban-sat11-strips,p15.pddl,abs-fd,success,147.4637527950108,total,144.184993,0.392615,0.002271,0.206072,,0.295996,0.559424,0.242894,0.209942,,0.034952,,,23.789526,117.649004,,,valid,0,0,0,0,486,486,,1,57,location,
sokoban-sat11-strips,p15.pddl,fd-lmcut,success,279.2005688417703,total,276.162012,,,,,,,,,276.1581,,,,,,,,valid,,,,,,380,,,,,
sokoban-sat11-strips,p17.pddl,abs-asp,timed out,1800.1498007513583,abstract_asp,,0.36510830000042915,0.002288900315761566,0.20320626348257065,,0.2228013388812542,0.4514844976365566,0.2869318127632141,0.2331748977303505,,0.046120695769786835,0.04438701272010803,,,,,,,0,0,,,47,,48,,50,location,
sokoban-sat11-strips,p17.pddl,abs-fd,success,186.45261888206005,total,183.551914,0.359318,0.002188,0.193364,,0.225489,0.449667,0.253013,0.224492,,0.046163,,,102.499268,78.665404,,,valid,0,0,0,0,356,356,,1,50,location,
sokoban-sat11-strips,p17.pddl,fd-lmcut,timed out,1800.1094676051289,,,,,,,,,,,,,,,,,,,,,,,,,,,,,,
sokoban-sat11-strips,p18.pddl,abs-asp,timed out,1800.1365934871137,abstract_asp,,0.33514057844877243,0.002166353166103363,0.1873568370938301,,0.25601334497332573,0.319679107517004,0.21679289266467094,0.20174894481897354,,0.03232988342642784,0.031965021044015884,,,,,,,0,0,,,43,,44,,67,location,
sokoban-sat11-strips,p18.pddl,abs-fd,success,394.19307485595345,total,391.732058,0.337799,0.002193,0.195281,,0.260784,0.322887,0.205699,0.200646,,0.033683,,,263.149507,126.385325,,,valid,0,0,0,0,519,519,,1,67,location,
sokoban-sat11-strips,p18.pddl,fd-lmcut,success,371.1105940621346,total,368.261964,,,,,,,,,368.256831,,,,,,,,valid,,,,,,273,,,,,
sokoban-sat11-strips,p20.pddl,abs-asp,timed out,1800.171611379832,abstract_asp,,0.38526245206594467,0.002694651484489441,0.26342758908867836,,0.16436045616865158,0.2969175949692726,0.43056050315499306,0.3987523280084133,,0.14519976451992989,0.13766264915466309,,,,,,,0,0,,,22,,23,,36,location,
sokoban-sat11-strips,p20.pddl,abs-fd,timed out,1800.1118558198214,concrete_asp,,0.33410314843058586,0.0024854838848114014,0.22015990316867828,,0.1537294015288353,0.2725847586989403,0.36230478063225746,0.3591100573539734,,0.14800399914383888,,,,,,,,0,0,,,,,,,36,location,
sokoban-sat11-strips,p20.pddl,fd-lmcut,success,160.64785570651293,total,157.884991,,,,,,,,,157.880652,,,,,,,,valid,,,,,,103,,,,,
tpp,p02.pddl,abs-asp,success,2.247567020356655,total,0.609545,0.13325,0.001969,0.088203,,0.005011,0.010896,0.144152,0.144089,,0.003293,0.002799,0.02121,,0.022061,,,valid,6,0,0,0,5,8,6,1,2,goods,
tpp,p02.pddl,abs-fd,success,2.8917782083153725,total,0.720027,0.144513,0.001893,0.10967,,0.004895,0.010686,0.175728,0.145801,,0.005146,,,0.067948,0.02262,,,valid,6,0,0,0,5,8,,1,2,goods,
tpp,p02.pddl,fd-lmcut,success,1.640257440507412,total,0.147696,,,,,,,,,0.144183,,,,,,,,valid,,,,,,8,,,,,
tpp,p03.pddl,abs-asp,success,2.7308057621121407,total,0.662117,0.140751,0.001964,0.10376,,0.005578,0.010601,0.163023,0.135808,,0.005047,0.00299,0.020163,,0.040381,,,valid,6,0,5,0,5,11,6,6,3,goods,
tpp,p03.pddl,abs-fd,success,2.7605199106037617,total,0.696962,0.140122,0.001967,0.103113,,0.005527,0.010678,0.16326,0.136298,,0.005014,,,0.063634,0.0412,,,valid,6,0,5,0,5,11,,6,3,goods,
tpp,p03.pddl,fd-lmcut,success,2.287761230021715,total,0.179403,,,,,,,,,0.175667,,,,,,,,valid,,,,,,11,,,,,
tpp,p04.pddl,abs-asp,success,2.8265457954257727,total,0.787503,0.138506,0.002036,0.091639,,0.006411,0.010656,0.149194,0.136919,,0.004363,0.003023,0.019728,,0.191357,,,valid,6,0,5,3,5,14,6,9,4,goods,
tpp,p04.pddl,abs-fd,success,2.3163343109190464,total,0.801314,0.134465,0.002027,0.084336,,0.006401,0.010554,0.139144,0.135438,,0.004299,,,0.06233,0.192139,,,valid,6,0,5,3,5,14,,9,4,goods,
tpp,p04.pddl,fd-lmcut,success,2.3658963814377785,total,0.178747,,,,,,,,,0.175452,,,,,,,,valid,,,,,,14,,,,,
tpp,p05.pddl,abs-asp,success,144.09237766079605,total,141.841951,0.159709,0.002147,0.109109,,0.009434,0.014799,0.16874,0.136897,,0.006578,0.003233,0.027508,,141.162654,,,valid,6,0,7,4,7,19,8,12,5,goods,
tpp,p05.pddl,abs-fd,success,158.58193149231374,total,157.049559,0.147482,0.002071,0.087773,,0.00923,0.014601,0.146089,0.13752,,0.005052,,,0.063403,156.395633,,,valid,6,0,7,4,7,19,,12,5,goods,
tpp,p05.pddl,fd-lmcut,success,2.3727993965148926,total,0.189194,,,,,,,,,0.185307,,,,,,,,valid,,,,,,19,,,,,
tpp,p06.pddl,abs-asp,timed out,1800.1156125329435,abstract_solving,,0.16968250274658203,0.002195756882429123,0.1175432987511158,,0.010684415698051453,0.01279403641819954,0.1744503751397133,0.1530616395175457,,0.012214966118335724,0.005782898515462875,0.08766867220401764,,,,,,6,0,7,0,11,,12,8,5,goods,
tpp,p06.pddl,abs-fd,timed out,1800.1141219511628,abstract_fd_search,,0.20815185829997063,0.0022767409682273865,0.10311593860387802,,0.01074707880616188,0.013143926858901978,0.16382929682731628,0.1508999913930893,,0.01160065084695816,,,0.06700875982642174,,,,,6,0,8,0,11,,,9,5,goods,
tpp,p06.pddl,fd-lmcut,success,6.297116417437792,total,4.105203,,,,,,,,,4.101578,,,,,,,,valid,,,,,,25,,,,,
tpp,p07.pddl,abs-asp,timed out,1800.115097977221,abstract_solving,,0.16815857961773872,0.0022619962692260742,0.11821373179554939,,0.01105116680264473,0.014559950679540634,0.18727893382310867,0.1507822349667549,,0.014533646404743195,0.008025359362363815,12.362273812294006,,,,,,6,0,5,0,19,,20,6,4,goods,
tpp,p07.pddl,abs-fd,timed out,1800.116423022002,abstract_fd_search,,0.16791550070047379,0.002211235463619232,0.1088399663567543,,0.011030703783035278,0.014499481767416,0.17226070910692215,0.14865325763821602,,0.01473642885684967,,,0.06377683952450752,,,,,6,0,5,0,19,,,6,4,goods,
tpp,p07.pddl,fd-lmcut,success,1036.8201546110213,total,1034.378087,,,,,,,,,1034.373821,,,,,,,,valid,,,,,,34,,,,,
tpp,p08.pddl,abs-asp,timed out,1800.1148734018207,abstract_solving,,0.17191257700324059,0.0022749677300453186,0.11769238486886024,,0.012379132211208344,0.015167158097028732,0.18807385116815567,0.1511130854487419,,0.01592637598514557,0.009179897606372833,228.31204159930348,,,,,,6,0,5,0,23,,24,6,4,goods,
tpp,p08.pddl,abs-fd,timed out,1800.120523225516,abstract_fd_search,,0.173713319003582,0.002435356378555298,0.1128748171031475,,0.012872632592916489,0.01569255441427231,0.18327323719859123,0.1602194681763649,,0.014739234000444412,,,0.07085665687918663,,,,,6,0,7,0,23,,,8,4,goods,
tpp,p08.pddl,fd-lmcut,timed out,1800.1059251092374,,,,,,,,,,,,,,,,,,,,,,,,,,,,,,
tpp,p09.pddl,abs-asp,timed out,1800.1115578897297,abstract_asp,,0.19490458071231842,0.0024077706038951874,0.13248137012124062,,0.01752997189760208,0.023204989731311798,0.21121548861265182,0.16732626408338547,,0.024845145642757416,0.011919040232896805,,,,,,,6,0,,,20,,21,,5,goods,
tpp,p09.pddl,abs-fd,timed out,1800.125226520002,abstract_fd_search,,0.19255364686250687,0.002403203397989273,0.13161590695381165,,0.017529621720314026,0.021584343165159225,0.20597121492028236,0.16291116923093796,,0.02468266710639,,,0.0683269202709198,,,,,6,0,0,0,24,,,1,5,goods,
tpp,p09.pddl,fd-lmcut,timed out,1800.1105468906462,,,,,,,,,,,,,,,,,,,,,,,,,,,,,,
tpp,p10.pddl,abs-asp,timed out,1800.1159831453115,abstract_asp,,0.21616302244365215,0.0026216674596071243,0.13547049276530743,,0.09835207089781761,0.01707347109913826,0.21735321171581745,0.16763810627162457,,0.027455898001790047,0.012039769440889359,,,,,,,6,0,,,17,,18,,6,goods,
tpp,p10.pddl,abs-fd,timed out,1800.11920363456,abstract_fd_search,,0.203135184943676,0.0025495514273643494,0.13655169680714607,,0.08724136278033257,0.016997378319501877,0.2096279188990593,0.1683516800403595,,0.02766358107328415,,,0.06985276937484741,,,,,6,0,3,0,18,,,4,6,goods,
tpp,p10.pddl,fd-lmcut,timed out,1800.1091399751604,,,,,,,,,,,,,,,,,,,,,,,,,,,,,,
tpp,p11.pddl,abs-asp,timed out,1800.1188776753843,abstract_solving,,0.18011564388871193,0.0022198818624019623,0.14770619198679924,,0.012768883258104324,0.01602219045162201,0.20397333428263664,0.17188797891139984,,0.04545401409268379,0.0213833749294281,29.688034012913704,,,,,,6,0,5,0,18,,19,6,4,goods,
tpp,p11.pddl,abs-fd,timed out,1800.1241999343038,abstract_fd_search,,0.17899920046329498,0.002322521060705185,0.1440535932779312,,0.012934964150190353,0.01652931049466133,0.23883872851729393,0.178788959980011,,0.04468054696917534,,,0.07240205630660057,,,,,6,0,12,0,24,,,13,4,goods,
tpp,p11.pddl,fd-lmcut,timed out,1800.1097980625927,,,,,,,,,,,,,,,,,,,,,,,,,,,,,,
tpp,p12.pddl,abs-asp,timed out,1800.1147599443793,abstract_asp,,0.1802615113556385,0.0022297240793704987,0.14476409554481506,,0.014247693121433258,0.017397895455360413,0.24039430543780327,0.1838035248219967,,0.05200958624482155,0.028285551816225052,,,,,,,6,0,,,22,,23,,4,goods,
tpp,p12.pddl,abs-fd,timed out,1800.1223415769637,abstract_fd_search,,0.18679724261164665,0.0022452808916568756,0.15127496793866158,,0.014333143830299377,0.017590612173080444,0.23103544861078262,0.18702448159456253,,0.05202006548643112,,,0.07189902663230896,,,,,6,0,18,0,25,,,19,4,goods,
tpp,p12.pddl,fd-lmcut,timed out,1800.1117979437113,,,,,,,,,,,,,,,,,,,,,,,,,,,,,,
tpp,p13.pddl,abs-asp,timed out,1800.1141520813107,abstract_asp,,0.2580934651196003,0.0023970529437065125,0.17471365630626678,,0.0188527200371027,0.02153594233095646,0.30018660984933376,0.22542105056345463,,0.08361199870705605,0.04800487495958805,,,,,,,6,0,,,19,,20,,4,goods,
tpp,p13.pddl,abs-fd,timed out,1800.1276387497783,abstract_fd_search,,0.261862188577652,0.0023985691368579865,0.15319367870688438,,0.018929362297058105,0.021358005702495575,0.30883725732564926,0.22016189619898796,,0.08463194221258163,,,0.07725482806563377,,,,,6,0,8,0,26,,,9,4,goods,
tpp,p13.pddl,fd-lmcut,timed out,1800.1108822003007,,,,,,,,,,,,,,,,,,,,,,,,,,,,,,
tpp,p14.pddl,abs-asp,timed out,1800.115504577756,abstract_asp,,0.2656153738498688,0.002479054033756256,0.1892864964902401,,0.020738597959280014,0.0237140990793705,0.31625067070126534,0.23744061589241028,,0.09461037069559097,0.058039404451847076,,,,,,,6,0,,,18,,19,,4,goods,
tpp,p14.pddl,abs-fd,timed out,1800.1272014193237,abstract_fd_search,,0.2636946253478527,0.0024746954441070557,0.18064499273896217,,0.020526006817817688,0.023343157023191452,0.3112613596022129,0.23698218539357185,,0.09355521202087402,,,0.07887906208634377,,,,,6,0,6,0,26,,,7,4,goods,
tpp,p14.pddl,fd-lmcut,timed out,1800.1077849268913,,,,,,,,,,,,,,,,,,,,,,,,,,,,,,
tpp,p15.pddl,abs-asp,timed out,1800.024108307436,abstract_asp,,0.27849680557847023,0.0025845952332019806,0.19414272159337997,,0.025077352300286293,0.022992102429270744,0.3376186452805996,0.24469744600355625,,0.10359514132142067,0.060669584199786186,,,,,,,6,0,,,20,,21,,5,goods,
tpp,p15.pddl,abs-fd,timed out,1800.1297261863947,abstract_fd_search,,0.2650611288845539,0.0024882443249225616,0.16936073079705238,,0.024688825011253357,0.022687900811433792,0.299677561968565,0.23732390254735947,,0.10447242110967636,,,0.08171718195080757,,,,,6,0,11,0,31,,,12,5,goods,
tpp,p15.pddl,fd-lmcut,timed out,1800.108872294426,,,,,,,,,,,,,,,,,,,,,,,,,,,,,,
tpp,p16.pddl,abs-asp,timed out,1800.1212636642158,abstract_asp,,0.3040999472141266,0.0026295632123947144,0.2719536032527685,,0.0247788168489933,0.03330701403319836,0.5170745775103569,0.38512860611081123,,0.21453234553337097,0.14579599909484386,,,,,,,6,0,,,19,,20,,4,goods,
tpp,p16.pddl,abs-fd,timed out,1800.1589791849256,abstract_fd_search,,0.314689077436924,0.002608686685562134,0.26894600689411163,,0.024797841906547546,0.03337380662560463,0.4969819150865078,0.38567616418004036,,0.21534200757741928,,,0.10883228853344917,,,,,6,0,19,0,36,,,20,4,goods,
tpp,p16.pddl,fd-lmcut,timed out,1800.1073514446616,,,,,,,,,,,,,,,,,,,,,,,,,,,,,,
tpp,p17.pddl,abs-asp,timed out,1800.1167932152748,abstract_asp,,0.3072478584945202,0.002654522657394409,0.32345524057745934,,0.032234810292720795,0.032637350261211395,0.6265467591583729,0.42273615300655365,,0.2876703105866909,0.17660117149353027,,,,,,,6,0,,,20,,21,,5,goods,
tpp,p17.pddl,abs-fd,timed out,1800.1623462997377,abstract_fd_search,,0.30794592946767807,0.0026422329246997833,0.3265056312084198,,0.03203412890434265,0.032736100256443024,0.6288249865174294,0.4250325635075569,,0.28945477306842804,,,0.12404080107808113,,,,,6,0,25,0,43,,,26,5,goods,
tpp,p17.pddl,fd-lmcut,timed out,1800.1139696612954,,,,,,,,,,,,,,,,,,,,,,,,,,,,,,
tpp,p18.pddl,abs-asp,timed out,1800.1171094998717,abstract_asp,,0.3241815324872732,0.0027430392801761627,0.3526541721075773,,0.041434526443481445,0.03295676037669182,0.6723264660686255,0.36481613852083683,,0.3222571015357971,0.14014826528728008,,,,,,,6,0,,,18,,19,,8,goods,
tpp,p18.pddl,abs-fd,timed out,1800.1456970199943,abstract_fd_search,,0.32105885073542595,0.002700529992580414,0.3410143330693245,,0.041013702750205994,0.032037295401096344,0.6612390801310539,0.3552315793931484,,0.31269165873527527,,,0.10035630688071251,,,,,6,0,13,0,31,,,14,8,goods,
tpp,p18.pddl,fd-lmcut,timed out,1800.1096148081124,,,,,,,,,,,,,,,,,,,,,,,,,,,,,,
tpp,p19.pddl,abs-asp,timed out,1800.128154233098,abstract_asp,,0.33993538469076157,0.0029326900839805603,0.39321501553058624,,0.03912655636668205,0.036149606108665466,0.7008979991078377,0.475073155015707,,0.34563978016376495,0.20680749043822289,,,,,,,6,0,,,19,,20,,6,goods,
tpp,p19.pddl,abs-fd,timed out,1800.0919242426753,abstract_fd_search,,0.3487459644675255,0.002831649035215378,0.3732113540172577,,0.04067785292863846,0.03594696521759033,0.7275482192635536,0.4786483459174633,,0.34092411026358604,,,0.13329940289258957,,,,,6,0,26,0,49,,,27,6,goods,
tpp,p19.pddl,fd-lmcut,timed out,1800.1091482825577,,,,,,,,,,,,,,,,,,,,,,,,,,,,,,
tpp,p20.pddl,abs-asp,timed out,1800.124226372689,abstract_asp,,0.34321582689881325,0.0028631985187530518,0.4070899747312069,,0.038672931492328644,0.04083056002855301,0.7529486082494259,0.5834751687943935,,0.38528991863131523,0.25011442601680756,,,,,,,6,0,,,19,,20,,5,goods,
tpp,p20.pddl,abs-fd,timed out,1800.2145229578018,abstract_fd_search,,0.337711188942194,0.0029187463223934174,0.4048109371215105,,0.038870953023433685,0.04167535528540611,0.7507526949048042,0.5678263809531927,,0.37258840166032314,,,0.16485403664410114,,,,,6,0,38,0,62,,,39,5,goods,
tpp,p20.pddl,fd-lmcut,timed out,1800.1095885895193,,,,,,,,,,,,,,,,,,,,,,,,,,,,,,
tpp,p21.pddl,abs-asp,timed out,1800.1234582439065,abstract_asp,,0.3271561972796917,0.002670079469680786,0.5416847728192806,,0.03853529319167137,0.04256332665681839,1.1359111182391644,0.30351657420396805,,0.6148623004555702,0.09365908056497574,,,,,,,3,0,,,25,,26,,6,truck,
tpp,p21.pddl,abs-fd,timed out,1800.2396915331483,abstract_fd_search,,0.32331690937280655,0.0026929937303066254,0.5527821965515614,,0.039096299558877945,0.04365761950612068,1.140006735920906,0.2958596684038639,,0.6089026145637035,,,0.09586074575781822,,,,,3,0,0,0,61,,,1,6,truck,
tpp,p21.pddl,fd-lmcut,timed out,1800.1093491911888,,,,,,,,,,,,,,,,,,,,,,,,,,,,,,
tpp,p22.pddl,abs-asp,timed out,1800.1246732473373,abstract_asp,,0.34096426144242287,0.0027732066810131073,0.5946902632713318,,0.04069860279560089,0.03930642083287239,1.194536168128252,0.7157645113766193,,0.6670817099511623,0.3652891106903553,,,,,,,6,0,,,18,,19,,6,goods,
tpp,p22.pddl,abs-fd,timed out,1800.2093381471932,abstract_fd_search,,0.33685342594981194,0.002781301736831665,0.5886765010654926,,0.04044758155941963,0.03925297409296036,1.2078044191002846,0.7124124616384506,,0.6642917282879353,,,0.17010656371712685,,,,,6,0,20,0,41,,,21,6,goods,
tpp,p22.pddl,fd-lmcut,timed out,1800.110221542418,,,,,,,,,,,,,,,,,,,,,,,,,,,,,,
tpp,p23.pddl,abs-asp,timed out,1800.1155512928963,abstract_asp,,0.3444189541041851,0.00324438139796257,0.6175879761576653,,0.044191669672727585,0.04814828932285309,1.2629926353693008,0.31827211007475853,,0.7256372272968292,0.10894991457462311,,,,,,,3,0,,,24,,25,,6,truck,
tpp,p23.pddl,abs-fd,timed out,1800.2800953499973,abstract_fd_search,,0.3659043610095978,0.0033252760767936707,0.6098822951316833,,0.0446166917681694,0.04743543267250061,1.2675883024930954,0.3278552293777466,,0.7132638469338417,,,0.10121024399995804,,,,,3,0,0,0,65,,,1,6,truck,
tpp,p23.pddl,fd-lmcut,timed out,1800.1088097020984,,,,,,,,,,,,,,,,,,,,,,,,,,,,,,
tpp,p24.pddl,abs-asp,timed out,1800.127741329372,abstract_asp,,0.36194175854325294,0.0028842948377132416,0.6493607573211193,,0.05065854638814926,0.04647281765937805,1.3408087268471718,0.8845056444406509,,0.7543597519397736,0.4712764471769333,,,,,,,6,0,,,17,,18,,6,goods,
tpp,p24.pddl,abs-fd,timed out,1800.2648550700396,abstract_fd_search,,0.3510453887283802,0.002895904704928398,0.634830892086029,,0.05084340274333954,0.04699660651385784,1.3237193785607815,0.8892164323478937,,0.75182930752635,,,0.20637680403888226,,,,,6,0,22,0,49,,,23,6,goods,
tpp,p24.pddl,fd-lmcut,timed out,1800.1085362024605,,,,,,,,,,,,,,,,,,,,,,,,,,,,,,
tpp,p25.pddl,abs-asp,timed out,1800.1220928616822,abstract_asp,,0.391897551715374,0.0030306652188301086,0.832178570330143,,0.06621115282177925,0.05972011759877205,1.7016111686825752,0.3543914556503296,,0.9624405726790428,0.12927692756056786,,,,,,,3,0,,,25,,26,,7,truck,
tpp,p25.pddl,abs-fd,timed out,1800.3552765063941,abstract_fd_search,,0.4048374556005001,0.0030859075486660004,0.8634677268564701,,0.06603196263313293,0.06033627316355705,1.7580903246998787,0.36609380319714546,,0.9609090685844421,,,0.1116688996553421,,,,,3,0,0,0,74,,,1,7,truck,
tpp,p25.pddl,fd-lmcut,timed out,1800.1070650815964,,,,,,,,,,,,,,,,,,,,,,,,,,,,,,
tpp,p26.pddl,abs-asp,timed out,1800.1186414770782,abstract_asp,,0.41584519296884537,0.00318831205368042,1.3331213928759098,,0.0635242834687233,0.07005776464939117,2.816467095166445,0.4817889630794525,,1.5926649905741215,0.21117477864027023,,,,,,,3,0,,,23,,24,,7,truck,
tpp,p26.pddl,abs-fd,timed out,1800.4754443727434,abstract_fd_search,,0.4116078168153763,0.003052782267332077,1.3265262432396412,,0.06325504928827286,0.06635526567697525,2.808975715190172,0.4838358797132969,,1.5914912186563015,,,0.13491468131542206,,,,,3,0,0,0,77,,,1,7,truck,
tpp,p26.pddl,fd-lmcut,timed out,1800.0150637030602,,,,,,,,,,,,,,,,,,,,,,,,,,,,,,
tpp,p27.pddl,abs-asp,timed out,1800.1470379792154,abstract_asp,,0.41678399965167046,0.0031618885695934296,1.4560058191418648,,0.06648426502943039,0.06689537689089775,3.0633486956357956,1.9200062826275826,,1.6661102063953876,1.0732179507613182,,,,,,,6,0,,,17,,18,,7,goods,
tpp,p27.pddl,abs-fd,timed out,1800.5595252737403,abstract_fd_search,,0.438494436442852,0.003201507031917572,1.4886769652366638,,0.06592194363474846,0.06709768250584602,3.1301707066595554,1.9616498090326786,,1.6821948774158955,,,0.4565390646457672,,,,,6,0,32,0,60,,,33,7,goods,
tpp,p27.pddl,fd-lmcut,timed out,1800.1091846041381,,,,,,,,,,,,,,,,,,,,,,,,,,,,,,
tpp,p28.pddl,abs-asp,timed out,1800.1190561540425,abstract_asp,,0.43374577164649963,0.003180384635925293,1.5155938751995564,,0.07109777256846428,0.0748884342610836,3.2094374261796474,0.5227371528744698,,1.7817720919847488,0.23586653545498848,,,,,,,3,0,,,25,,26,,7,truck,
tpp,p28.pddl,abs-fd,interrupted,146.3599507957697,abstract_fd_search,,0.4323542192578316,0.0032214894890785217,1.5079320147633553,,0.07019789144396782,0.07482083141803741,3.2066297382116318,0.5226663425564766,,1.7892480492591858,,,0.14777687937021255,,,,,3,0,0,0,87,,,1,7,truck,
tpp,p28.pddl,fd-lmcut,timed out,1800.1078680753708,,,,,,,,,,,,,,,,,,,,,,,,,,,,,,
tpp,p29.pddl,abs-asp,timed out,1800.1193742174655,abstract_asp,,0.4894746169447899,0.0034261681139469147,1.9125304128974676,,0.09112080186605453,0.08752530999481678,3.996870581060648,0.5940634589642286,,2.210817465558648,0.258869506418705,,,,,,,3,0,,,24,,25,,8,truck,
tpp,p29.pddl,abs-fd,interrupted,151.70476850494742,abstract_fd_search,,0.5095001310110092,0.003385990858078003,1.9586146362125874,,0.08968058973550797,0.08613556995987892,4.049148943275213,0.6096409186720848,,2.2205781154334545,,,0.17484739050269127,,,,,3,0,0,0,102,,,0,8,truck,
tpp,p29.pddl,fd-lmcut,timed out,1800.014104731381,,,,,,,,,,,,,,,,,,,,,,,,,,,,,,
tpp,p30.pddl,abs-asp,timed out,1800.1248246096075,abstract_asp,,0.501728069037199,0.003491949290037155,2.025393385440111,,0.09365608543157578,0.09661799669265747,4.407141879200935,0.6135560274124146,,2.37786203622818,0.2797490730881691,,,,,,,3,0,,,23,,24,,8,truck,
tpp,p30.pddl,abs-fd,interrupted,147.75795245729387,abstract_fd_search,,0.5088479071855545,0.003543032333254814,2.015900643542409,,0.09306339733302593,0.09515287354588509,4.378670781850815,0.6159377470612526,,2.3876027297228575,,,0.17039757035672665,,,,,3,0,0,0,101,,,0,8,truck,
tpp,p30.pddl,fd-lmcut,timed out,1800.10676882416,,,,,,,,,,,,,,,,,,,,,,,,,,,,,,
transport-sat08-strips,p01.pddl,abs-asp,success,3.1102048568427563,total,0.858443,0.148835,0.002233,0.113862,,0.005035,0.01034,0.184608,0.150579,,0.012799,0.006633,0.044346,,0.145553,,,unchecked: No available engine supports all the problem features:,4,0,4,0,5,7,6,5,2,vehicle,
transport-sat08-strips,p01.pddl,abs-fd,success,2.507106591016054,total,0.799969,0.143065,0.00224,0.096192,,0.004966,0.010293,0.162145,0.153469,,0.01121,,,0.082911,0.100914,,,unchecked: No available engine supports all the problem features:,4,0,2,0,5,9,,3,2,vehicle,
transport-sat08-strips,p01.pddl,fd-lmcut,success,2.4239078648388386,total,0.199359,,,,,,,,,0.19612,,,,,,,,unchecked: No available engine supports all the problem features:,,,,,,6,,,,,
transport-sat08-strips,p02.pddl,abs-asp,success,15.294609632343054,total,13.538987,0.168182,0.001655,0.114068,,0.006799,0.015759,0.1997,0.174951,,0.035192,0.026829,12.042175,,0.702187,,,unchecked: No available engine supports all the problem features:,2,0,0,0,12,21,13,1,2,package,
transport-sat08-strips,p02.pddl,abs-fd,success,73.73142078518867,total,71.592519,0.173987,0.001677,0.127924,,0.006825,0.015976,0.218282,0.175893,,0.036219,,,0.071205,70.710952,,,unchecked: No available engine supports all the problem features:,2,0,8,0,17,21,,9,2,package,
transport-sat08-strips,p02.pddl,fd-lmcut,success,26.451343040913343,total,19.483348,,,,,,,,,19.479685,,,,,,,,unchecked: No available engine supports all the problem features:,,,,,,19,,,,,
transport-sat08-strips,p03.pddl,abs-asp,timed out,1800.0600128136575,abstract_asp,,0.2891200929880142,0.0018832199275493622,0.16308993473649025,,0.0115278922021389,0.02320270612835884,0.31677716970443726,0.20321545004844666,,0.11537841334939003,0.035371605306863785,,,,,,,4,0,,,20,,21,,3,vehicle,
transport-sat08-strips,p03.pddl,abs-fd,timed out,1800.139786567539,abstract_fd_search,,0.28343769907951355,0.0018416419625282288,0.1768849492073059,,0.011567816138267517,0.02310570701956749,0.3346700146794319,0.19546043127775192,,0.1116456426680088,,,0.07417929545044899,,,,,4,0,13,0,21,,,14,3,vehicle,
transport-sat08-strips,p03.pddl,fd-lmcut,timed out,1800.111022559926,,,,,,,,,,,,,,,,,,,,,,,,,,,,,,
transport-sat08-strips,p04.pddl,abs-asp,timed out,1800.1133635528386,abstract_asp,,0.29016817174851894,0.0019634664058685303,0.22423976100981236,,0.012449396774172783,0.03327714093029499,0.4499062839895487,0.23835180699825287,,0.19440320879220963,0.06675256043672562,,,,,,,4,0,,,19,,20,,3,vehicle,
transport-sat08-strips,p04.pddl,abs-fd,timed out,1800.1401455141604,abstract_fd_search,,0.2923956513404846,0.0019293762743473053,0.22705139219760895,,0.01243925467133522,0.033484019339084625,0.45285407081246376,0.23797407746315002,,0.19361454620957375,,,0.0854303389787674,,,,,4,0,19,0,26,,,20,3,vehicle,
transport-sat08-strips,p04.pddl,fd-lmcut,timed out,1800.1102645993233,,,,,,,,,,,,,,,,,,,,,,,,,,,,,,
transport-sat08-strips,p05.pddl,abs-asp,timed out,1800.1191910244524,abstract_asp,,0.3222469612956047,0.002135246992111206,0.29510489851236343,,0.014939416199922562,0.04639853909611702,0.6128704622387886,0.29518184065818787,,0.3014535456895828,0.09755365550518036,,,,,,,4,0,,,21,,22,,3,vehicle,
transport-sat08-strips,p05.pddl,abs-fd,timed out,1800.1007950045168,abstract_fd_search,,0.33081425353884697,0.002164173871278763,0.275583378970623,,0.014909088611602783,0.046611156314611435,0.6420416906476021,0.2956339158117771,,0.30057700350880623,,,0.09959373623132706,,,,,4,0,26,0,35,,,27,3,vehicle,
transport-sat08-strips,p05.pddl,fd-lmcut,timed out,1800.10928157717,,,,,,,,,,,,,,,,,,,,,,,,,,,,,,
transport-sat08-strips,p06.pddl,abs-asp,timed out,1800.074250150472,abstract_asp,,0.400146059691906,0.00234295055270195,0.47108007222414017,,0.022025153040885925,0.0618765763938427,1.1243198774755,0.3649984262883663,,0.5698535479605198,0.13429533690214157,,,,,,,4,0,,,21,,22,,4,vehicle,
transport-sat08-strips,p06.pddl,abs-fd,timed out,1800.218038123101,abstract_fd_search,,0.40632639080286026,0.0023693442344665527,0.504923190921545,,0.022440917789936066,0.06286224350333214,1.1470006592571735,0.37766122817993164,,0.5752150975167751,,,0.1284368373453617,,,,,4,0,34,0,41,,,35,4,vehicle,
transport-sat08-strips,p06.pddl,fd-lmcut,timed out,1800.10980367288,,,,,,,,,,,,,,,,,,,,,,,,,,,,,,
transport-sat08-strips,p07.pddl,abs-asp,timed out,1800.121705301106,abstract_asp,,0.40037326887249947,0.0024675019085407257,0.626360010355711,,0.0262254998087883,0.08063052222132683,1.477482132613659,0.4555419720709324,,0.7746708057820797,0.1926296316087246,,,,,,,4,0,,,20,,21,,4,vehicle,
transport-sat08-strips,p07.pddl,abs-fd,timed out,1800.24760216102,abstract_fd_search,,0.39083443209528923,0.0024045035243034363,0.61345374584198,,0.026315979659557343,0.07877592742443085,1.4744085296988487,0.456143531948328,,0.7762523218989372,,,0.15227903798222542,,,,,4,0,35,0,51,,,36,4,vehicle,
transport-sat08-strips,p07.pddl,fd-lmcut,timed out,1800.1086795255542,,,,,,,,,,,,,,,,,,,,,,,,,,,,,,
transport-sat08-strips,p08.pddl,abs-asp,timed out,1800.1180249005556,abstract_asp,,0.45399828627705574,0.002619832754135132,0.8203594721853733,,0.025729279965162277,0.10016919672489166,1.8448151871562004,0.5916295796632767,,1.0038391575217247,0.24601572006940842,,,,,,,4,0,,,19,,20,,4,vehicle,
transport-sat08-strips,p08.pddl,abs-fd,timed out,1800.268132418394,abstract_fd_search,,0.46352648735046387,0.0026603005826473236,0.8542495556175709,,0.02597837522625923,0.10058410465717316,1.8519105836749077,0.5961881391704082,,1.0141461789608002,,,0.1806497760117054,,,,,4,0,38,0,53,,,39,4,vehicle,
transport-sat08-strips,p08.pddl,fd-lmcut,timed out,1800.10594946146,,,,,,,,,,,,,,,,,,,,,,,,,,,,,,
transport-sat08-strips,p09.pddl,abs-asp,timed out,1800.1295156478882,abstract_asp,,0.4702705405652523,0.002832278609275818,1.067976899445057,,0.027512192726135254,0.12696107849478722,2.3608719632029533,0.7159988209605217,,1.2955906800925732,0.315827164798975,,,,,,,4,0,,,19,,20,,4,vehicle,
transport-sat08-strips,p09.pddl,abs-fd,timed out,1800.3948844745755,abstract_fd_search,,0.48309290409088135,0.0028820112347602844,1.0455921217799187,,0.02726864069700241,0.13069630786776543,2.332528706640005,0.7065671905875206,,1.264273565262556,,,0.23218685016036034,,,,,4,0,48,0,60,,,49,4,vehicle,
transport-sat08-strips,p09.pddl,fd-lmcut,timed out,1800.1083407476544,,,,,,,,,,,,,,,,,,,,,,,,,,,,,,
transport-sat08-strips,p10.pddl,abs-asp,timed out,1800.1335165575147,abstract_asp,,0.5402328558266163,0.0031102709472179413,1.2597362957894802,,0.033120591193437576,0.1552441641688347,2.9519677869975567,0.8753480091691017,,1.592940591275692,0.39879992976784706,,,,,,,4,0,,,19,,20,,4,vehicle,
transport-sat08-strips,p10.pddl,abs-fd,timed out,1800.482978893444,abstract_fd_search,,0.5202159527689219,0.0030381474643945694,1.2252819016575813,,0.032028017565608025,0.1519598513841629,2.8888429924845695,0.8217345755547285,,1.5772263370454311,,,0.28686126694083214,,,,,4,0,55,0,70,,,56,4,vehicle,
transport-sat08-strips,p10.pddl,fd-lmcut,timed out,1800.0223282240331,,,,,,,,,,,,,,,,,,,,,,,,,,,,,,
transport-sat08-strips,p11.pddl,abs-asp,success,2.3503399305045605,total,0.838007,0.149348,0.002081,0.10813,,0.005069,0.01095,0.153422,0.145858,,0.014145,0.008173,0.074229,,0.135503,,,unchecked: No available engine supports all the problem features:,2,0,0,0,9,11,10,1,2,package,
transport-sat08-strips,p11.pddl,abs-fd,success,2.312887165695429,total,0.814711,0.14951,0.001478,0.108983,,0.005518,0.010704,0.153039,0.145311,,0.014098,,,0.063896,0.132128,,,unchecked: No available engine supports all the problem features:,2,0,0,0,9,11,,1,2,package,
transport-sat08-strips,p11.pddl,fd-lmcut,success,7.224059350788593,total,0.16994,,,,,,,,,0.166555,,,,,,,,unchecked: No available engine supports all the problem features:,,,,,,11,,,,,
transport-sat08-strips,p12.pddl,abs-asp,success,202.24543982744217,total,200.719179,0.170772,0.001666,0.109886,,0.007212,0.018251,0.196004,0.182035,,0.041535,0.051106,138.138881,,61.729798,,,unchecked: No available engine supports all the problem features:,2,0,1,0,16,27,17,2,2,package,
transport-sat08-strips,p12.pddl,abs-fd,success,18.758498325943947,total,17.029849,0.182551,0.001688,0.133549,,0.007301,0.018478,0.207126,0.191781,,0.043003,,,0.074628,16.117532,,,unchecked: No available engine supports all the problem features:,2,0,1,0,19,33,,2,2,package,
transport-sat08-strips,p12.pddl,fd-lmcut,success,337.9197817146778,total,335.24482,,,,,,,,,335.240079,,,,,,,,unchecked: No available engine supports all the problem features:,,,,,,26,,,,,
transport-sat08-strips,p13.pddl,abs-asp,timed out,1800.1311972290277,abstract_solving,,0.2705313302576542,0.0018199309706687927,0.18921050056815147,,0.010769776999950409,0.02887861803174019,0.3612261675298214,0.20601366460323334,,0.1337079554796219,0.043800052255392075,411.6982060596347,,,,,,4,0,12,0,21,,22,13,3,vehicle,
transport-sat08-strips,p13.pddl,abs-fd,timed out,1800.1422093585134,abstract_fd_search,,0.26969052851200104,0.001814432442188263,0.1896527223289013,,0.01075829565525055,0.028319820761680603,0.36207007989287376,0.2053949348628521,,0.13460920378565788,,,0.07679494842886925,,,,,4,0,15,0,21,,,16,3,vehicle,
transport-sat08-strips,p13.pddl,fd-lmcut,timed out,1800.1108520366251,,,,,,,,,,,,,,,,,,,,,,,,,,,,,,
transport-sat08-strips,p14.pddl,abs-asp,timed out,1800.1165415011346,abstract_asp,,0.3138476796448231,0.0020972751080989838,0.24431614950299263,,0.01442214846611023,0.0482054129242897,0.5019955337047577,0.25858302041888237,,0.23166269809007645,0.07083350047469139,,,,,,,4,0,,,21,,22,,3,vehicle,
transport-sat08-strips,p14.pddl,abs-fd,timed out,1800.088393766433,abstract_fd_search,,0.3235158920288086,0.0020829997956752777,0.2597909905016422,,0.01421164721250534,0.047199174761772156,0.5279224254190922,0.2670449763536453,,0.23125693202018738,,,0.09604021534323692,,,,,4,0,24,0,32,,,25,3,vehicle,
transport-sat08-strips,p14.pddl,fd-lmcut,timed out,1800.1088452525437,,,,,,,,,,,,,,,,,,,,,,,,,,,,,,
transport-sat08-strips,p15.pddl,abs-asp,timed out,1800.125247694552,abstract_asp,,0.3845849968492985,0.002268996089696884,0.3424379825592041,,0.01947108283638954,0.06672913208603859,0.722209494560957,0.6419247798621655,,0.3607352338731289,0.3000084385275841,,,,,,,2,0,,,18,,19,,3,package,
transport-sat08-strips,p15.pddl,abs-fd,timed out,1800.1866785399616,abstract_fd_search,,0.393624110147357,0.002317221835255623,0.34288456849753857,,0.01932027004659176,0.06467962265014648,0.7677306197583675,0.6269310358911753,,0.3657025881111622,,,0.1943117156624794,,,,,2,0,0,0,65,,,1,3,package,
transport-sat08-strips,p15.pddl,fd-lmcut,timed out,1800.1055989041924,,,,,,,,,,,,,,,,,,,,,,,,,,,,,,
transport-sat08-strips,p16.pddl,abs-asp,timed out,1800.0809003300965,abstract_asp,,0.45279285311698914,0.002816367894411087,0.5434913747012615,,0.025898784399032593,0.08283538371324539,1.2505246177315712,0.4206389747560024,,0.6971918419003487,0.1717408448457718,,,,,,,4,0,,,17,,18,,4,vehicle,
transport-sat08-strips,p16.pddl,abs-fd,timed out,1800.244512014091,abstract_fd_search,,0.47179629281163216,0.002502184361219406,0.5798230282962322,,0.026662863790988922,0.08096189051866531,1.291660774499178,0.4412189647555351,,0.6963805183768272,,,0.1416631042957306,,,,,4,0,29,0,43,,,30,4,vehicle,
transport-sat08-strips,p16.pddl,fd-lmcut,timed out,1800.108691778034,,,,,,,,,,,,,,,,,,,,,,,,,,,,,,
transport-sat08-strips,p17.pddl,abs-asp,timed out,1800.1221706159413,abstract_asp,,0.44609642028808594,0.002541322261095047,0.7577885091304779,,0.02393374964594841,0.11175065860152245,1.6989221684634686,0.5113656297326088,,0.9429234489798546,0.20761341974139214,,,,,,,4,0,,,23,,24,,4,vehicle,
transport-sat08-strips,p17.pddl,abs-fd,timed out,1800.3045661542565,abstract_fd_search,,0.4298037551343441,0.0024287085980176926,0.7565118037164211,,0.02377542108297348,0.10802194848656654,1.7108240481466055,0.5104564651846886,,0.9390541277825832,,,0.16219551302492619,,,,,4,0,37,0,52,,,38,4,vehicle,
transport-sat08-strips,p17.pddl,fd-lmcut,timed out,1800.1087670214474,,,,,,,,,,,,,,,,,,,,,,,,,,,,,,
transport-sat08-strips,p18.pddl,abs-asp,timed out,1800.1268870830536,abstract_asp,,0.4862178713083267,0.0027708448469638824,1.0009967684745789,,0.028839368373155594,0.13283482939004898,2.2742792516946793,0.6609627194702625,,1.2017571404576302,0.2743646427989006,,,,,,,4,0,,,22,,23,,4,vehicle,
transport-sat08-strips,p18.pddl,abs-fd,timed out,1800.2980299964547,abstract_fd_search,,0.4899633266031742,0.002740774303674698,1.022995587438345,,0.028978712856769562,0.1373036801815033,2.289859466254711,0.662788599729538,,1.2073029540479183,,,0.20579968392848969,,,,,4,0,49,0,62,,,50,4,vehicle,
transport-sat08-strips,p18.pddl,fd-lmcut,timed out,1800.1091225333512,,,,,,,,,,,,,,,,,,,,,,,,,,,,,,
transport-sat08-strips,p19.pddl,abs-asp,timed out,1800.1299166493118,abstract_asp,,0.533474788069725,0.002886950969696045,1.204599317163229,,0.03287068381905556,0.16954130306839943,2.8640500009059906,0.7834936417639256,,1.5211756192147732,0.3502978943288326,,,,,,,4,0,,,25,,26,,4,vehicle,
transport-sat08-strips,p19.pddl,abs-fd,timed out,1800.5093449689448,abstract_fd_search,,0.5546119324862957,0.00291626900434494,1.231430672109127,,0.0334525927901268,0.16915498301386833,2.9427770376205444,0.8315284661948681,,1.5414527915418148,,,0.28051796555519104,,,,,4,0,54,0,70,,,55,4,vehicle,
transport-sat08-strips,p19.pddl,fd-lmcut,timed out,1800.1113630533218,,,,,,,,,,,,,,,,,,,,,,,,,,,,,,
transport-sat08-strips,p20.pddl,abs-asp,timed out,1800.1654086783528,abstract_asp,,0.602389071136713,0.003386102616786957,1.5311948992311954,,0.03749019652605057,0.2063487432897091,3.494543183594942,3.020409420132637,,1.94202945753932,1.6531642712652683,,,,,,,2,0,,,17,,18,,4,package,
transport-sat08-strips,p20.pddl,abs-fd,interrupted,144.62420875951648,abstract_fd_search,,0.5942242480814457,0.0032595768570899963,1.5001722611486912,,0.03820168599486351,0.20900849625468254,3.485587351024151,3.0198670104146004,,1.9143962897360325,,,1.7537742480635643,,,,,2,0,0,0,134,,,0,4,package,
transport-sat08-strips,p20.pddl,fd-lmcut,timed out,1800.1072792708874,,,,,,,,,,,,,,,,,,,,,,,,,,,,,,
transport-sat08-strips,p21.pddl,abs-asp,success,2.591962669044733,total,1.004754,0.148477,0.002083,0.115852,,0.004905,0.010841,0.163682,0.153548,,0.014391,0.007344,0.051688,,0.297655,,,unchecked: No available engine supports all the problem features:,4,0,3,0,6,10,7,4,2,vehicle,
transport-sat08-strips,p21.pddl,abs-fd,success,3.2170499972999096,total,0.900322,0.152766,0.002272,0.115694,,0.005048,0.011046,0.189565,0.155005,,0.014201,,,0.068673,0.154697,,,unchecked: No available engine supports all the problem features:,4,0,3,0,6,8,,4,2,vehicle,
transport-sat08-strips,p21.pddl,fd-lmcut,success,2.1466958560049534,total,0.203726,,,,,,,,,0.200622,,,,,,,,unchecked: No available engine supports all the problem features:,,,,,,8,,,,,
transport-sat08-strips,p22.pddl,abs-asp,success,5.868671953678131,total,4.198151,0.179934,0.00168,0.134942,,0.007921,0.017878,0.206818,0.177451,,0.04228,0.022584,0.319101,,3.039976,,,unchecked: No available engine supports all the problem features:,2,0,4,0,9,19,10,5,3,package,
transport-sat08-strips,p22.pddl,abs-fd,success,3.172121897339821,total,1.638302,0.169074,0.00162,0.111734,,0.007542,0.017121,0.227196,0.170961,,0.043639,,,0.069995,0.777469,,,unchecked: No available engine supports all the problem features:,2,0,0,0,10,20,,1,3,package,
transport-sat08-strips,p22.pddl,fd-lmcut,success,8.06100520119071,total,6.414822,,,,,,,,,6.411288,,,,,,,,unchecked: No available engine supports all the problem features:,,,,,,19,,,,,
transport-sat08-strips,p23.pddl,abs-asp,timed out,1800.1381434723735,abstract_solving,,0.27651235088706017,0.0018419735133647919,0.1876896657049656,,0.011438369750976562,0.03225487098097801,0.35957448557019234,0.20257984846830368,,0.135072972625494,0.04325515031814575,737.0616767480969,,,,,,4,0,16,0,19,,20,17,3,vehicle,
transport-sat08-strips,p23.pddl,abs-fd,timed out,1800.1412546224892,abstract_fd_search,,0.2714230716228485,0.0018450133502483368,0.1730375736951828,,0.011371787637472153,0.032121770083904266,0.3392309211194515,0.20541127398610115,,0.13129832223057747,,,0.07650287449359894,,,,,4,0,11,0,19,,,12,3,vehicle,
transport-sat08-strips,p23.pddl,fd-lmcut,timed out,1800.107302363962,,,,,,,,,,,,,,,,,,,,,,,,,,,,,,
transport-sat08-strips,p24.pddl,abs-asp,timed out,1800.1187553070486,abstract_asp,,0.31189127266407013,0.002068299800157547,0.257779311388731,,0.012799065560102463,0.04359306022524834,0.5229694806039333,0.2636561915278435,,0.23371057584881783,0.07109935581684113,,,,,,,4,0,,,19,,20,,3,vehicle,
transport-sat08-strips,p24.pddl,abs-fd,timed out,1800.1424657441676,abstract_fd_search,,0.2899375595152378,0.0019471906125545502,0.23325969651341438,,0.012611668556928635,0.041474349796772,0.48547496646642685,0.2553466260433197,,0.23096152767539024,,,0.08812408894300461,,,,,4,0,18,0,28,,,19,3,vehicle,
transport-sat08-strips,p24.pddl,fd-lmcut,timed out,1800.1076975688338,,,,,,,,,,,,,,,,,,,,,,,,,,,,,,
transport-sat08-strips,p25.pddl,abs-asp,timed out,1800.128353714943,abstract_asp,,0.3623327761888504,0.00216703861951828,0.3440832085907459,,0.017482031136751175,0.061505276709795,0.7916216254234314,0.6477027162909508,,0.39182013273239136,0.28812283277511597,,,,,,,2,0,,,17,,18,,3,package,
transport-sat08-strips,p25.pddl,abs-fd,timed out,1800.3365750536323,abstract_fd_search,,0.36262815818190575,0.002186443656682968,0.33639993518590927,,0.017624638974666595,0.06116044148802757,0.7262906171381474,0.6078591383993626,,0.36300019174814224,,,0.1729251854121685,,,,,2,0,0,0,55,,,1,3,package,
transport-sat08-strips,p25.pddl,fd-lmcut,timed out,1800.1057727336884,,,,,,,,,,,,,,,,,,,,,,,,,,,,,,
transport-sat08-strips,p26.pddl,abs-asp,timed out,1800.1205349173397,abstract_asp,,0.4692071359604597,0.0030675381422042847,0.5586264077574015,,0.025481076911091805,0.08191455900669098,1.267368320375681,0.42566340416669846,,0.7047914117574692,0.16336046159267426,,,,,,,4,0,,,20,,21,,4,vehicle,
transport-sat08-strips,p26.pddl,abs-fd,timed out,1800.2651914134622,abstract_fd_search,,0.4611136317253113,0.003032064065337181,0.5730407610535622,,0.025288861244916916,0.0815165787935257,1.3167942762374878,0.4314743969589472,,0.7016960456967354,,,0.1351397968828678,,,,,4,0,27,0,40,,,28,4,vehicle,
transport-sat08-strips,p26.pddl,fd-lmcut,timed out,1800.0777005255222,,,,,,,,,,,,,,,,,,,,,,,,,,,,,,
transport-sat08-strips,p27.pddl,abs-asp,timed out,1800.1257744431496,abstract_asp,,0.44767286628484726,0.0026516690850257874,0.7399081028997898,,0.02617727592587471,0.10909702628850937,1.6718438044190407,0.5290470831096172,,0.9406711012125015,0.2256391905248165,,,,,,,4,0,,,19,,20,,4,vehicle,
transport-sat08-strips,p27.pddl,abs-fd,timed out,1800.3876867443323,abstract_fd_search,,0.46820952370762825,0.002629399299621582,0.782488077878952,,0.026363078504800797,0.10957608371973038,1.7293703332543373,0.5355052128434181,,0.9600115977227688,,,0.17483501881361008,,,,,4,0,41,0,53,,,42,4,vehicle,
transport-sat08-strips,p27.pddl,fd-lmcut,timed out,1800.1095189452171,,,,,,,,,,,,,,,,,,,,,,,,,,,,,,
transport-sat08-strips,p28.pddl,abs-asp,timed out,1800.1291313692927,abstract_asp,,0.5668448694050312,0.0028552524745464325,1.008492898195982,,0.03552694246172905,0.13841206952929497,2.264375723898411,0.6711342521011829,,1.2074456438422203,0.293926864862442,,,,,,,4,0,,,19,,20,,4,vehicle,
transport-sat08-strips,p28.pddl,abs-fd,timed out,1800.2801510766149,abstract_fd_search,,0.562336403876543,0.002860419452190399,0.9856329448521137,,0.034968648105859756,0.1380518414080143,2.246963907033205,0.6696786694228649,,1.2297657653689384,,,0.20604915171861649,,,,,4,0,35,0,56,,,36,4,vehicle,
transport-sat08-strips,p28.pddl,fd-lmcut,timed out,1800.1092247590423,,,,,,,,,,,,,,,,,,,,,,,,,,,,,,
transport-sat08-strips,p29.pddl,abs-asp,timed out,1800.0634291134775,abstract_asp,,0.5498813614249229,0.00313374400138855,1.1993970610201359,,0.03427330404520035,0.1722424104809761,2.8586387746036053,0.782226599752903,,1.5280203744769096,0.3541497252881527,,,,,,,4,0,,,19,,20,,4,vehicle,
transport-sat08-strips,p29.pddl,abs-fd,timed out,1800.4595852643251,abstract_fd_search,,0.5505634732544422,0.0031525343656539917,1.1985718198120594,,0.034399934113025665,0.17063156515359879,2.8525839932262897,0.7844028025865555,,1.5264166072010994,,,0.25273142382502556,,,,,4,0,48,0,66,,,49,4,vehicle,
transport-sat08-strips,p29.pddl,fd-lmcut,timed out,1800.1088667437434,,,,,,,,,,,,,,,,,,,,,,,,,,,,,,
transport-sat08-strips,p30.pddl,abs-asp,timed out,1800.1304978150874,abstract_asp,,0.5709735043346882,0.003117786720395088,1.5604987237602472,,0.03372316248714924,0.21237920597195625,3.504462132230401,0.953370001167059,,1.9310989752411842,0.4295206870883703,,,,,,,4,0,,,19,,20,,4,vehicle,
transport-sat08-strips,p30.pddl,abs-fd,interrupted,142.9762909784913,abstract_fd_search,,0.5448839366436005,0.003071792423725128,1.5275142043828964,,0.033563219010829926,0.21187728643417358,3.46461546048522,0.9353118650615215,,1.9039026275277138,,,0.32693174481391907,,,,,4,0,0,0,76,,,1,4,vehicle,
transport-sat08-strips,p30.pddl,fd-lmcut,timed out,1800.1091351918876,,,,,,,,,,,,,,,,,,,,,,,,,,,,,,
transport-sat11-strips,p01.pddl,abs-asp,timed out,1800.0868694148958,abstract_asp,,0.4387572631239891,0.0026253871619701385,0.7854743376374245,,0.025832675397396088,0.10030728578567505,1.798977579921484,0.5758042074739933,,0.9975739941000938,0.2283526435494423,,,,,,,4,0,,,19,,20,,4,vehicle,
transport-sat11-strips,p01.pddl,abs-fd,timed out,1800.3906321562827,abstract_fd_search,,0.4662661477923393,0.002676539123058319,0.8243115581572056,,0.025343235582113266,0.10034428536891937,1.87125388905406,0.5965502597391605,,1.0071053244173527,,,0.18163342401385307,,,,,4,0,38,0,53,,,39,4,vehicle,
transport-sat11-strips,p01.pddl,fd-lmcut,timed out,1800.1090520173311,,,,,,,,,,,,,,,,,,,,,,,,,,,,,,
transport-sat11-strips,p02.pddl,abs-asp,timed out,1800.1283584795892,abstract_asp,,0.4546784311532974,0.002791430801153183,1.0395627915859222,,0.02706659957766533,0.1301163211464882,2.3281786665320396,0.6954841800034046,,1.2817950323224068,0.31749148294329643,,,,,,,4,0,,,19,,20,,4,vehicle,
transport-sat11-strips,p02.pddl,abs-fd,timed out,1800.495924077928,abstract_fd_search,,0.4967881366610527,0.002858959138393402,1.0764395333826542,,0.02685362845659256,0.12703578546643257,2.425813004374504,0.7175778038799763,,1.3091743886470795,,,0.24047806486487389,,,,,4,0,48,0,60,,,49,4,vehicle,
transport-sat11-strips,p02.pddl,fd-lmcut,timed out,1800.1081278920174,,,,,,,,,,,,,,,,,,,,,,,,,,,,,,
transport-sat11-strips,p03.pddl,abs-asp,timed out,1800.1299480088055,abstract_asp,,0.5591884106397629,0.003126751631498337,1.204936247318983,,0.03412642329931259,0.17172009125351906,2.8736995048820972,0.7969860024750233,,1.5304410569369793,0.34980594366788864,,,,,,,4,0,,,19,,20,,4,vehicle,
transport-sat11-strips,p03.pddl,abs-fd,timed out,1800.5468274615705,abstract_fd_search,,0.5633716359734535,0.003245677798986435,1.241155467927456,,0.03441711515188217,0.17173735052347183,2.8808911591768265,0.794651061296463,,1.5221267938613892,,,0.26744357123970985,,,,,4,0,48,0,66,,,49,4,vehicle,
transport-sat11-strips,p03.pddl,fd-lmcut,timed out,1800.11037488468,,,,,,,,,,,,,,,,,,,,,,,,,,,,,,
transport-sat11-strips,p04.pddl,abs-asp,timed out,1800.0678464360535,abstract_asp,,0.4426705352962017,0.002466971054673195,0.5486050490289927,,0.02636815793812275,0.08043340221047401,1.2789283376187086,0.4202508572489023,,0.6895801015198231,0.17328846268355846,,,,,,,4,0,,,17,,18,,4,vehicle,
transport-sat11-strips,p04.pddl,abs-fd,timed out,1800.281554121524,abstract_fd_search,,0.4631502330303192,0.0025806166231632233,0.570758294314146,,0.026501469314098358,0.08216319233179092,1.3007056787610054,0.432783767580986,,0.7069166451692581,,,0.13983852416276932,,,,,4,0,29,0,43,,,30,4,vehicle,
transport-sat11-strips,p04.pddl,fd-lmcut,timed out,1800.1073571648449,,,,,,,,,,,,,,,,,,,,,,,,,,,,,,
transport-sat11-strips,p05.pddl,abs-asp,timed out,1800.123705305159,abstract_asp,,0.4190808869898319,0.0025671981275081635,0.7397877611219883,,0.024281423538923264,0.11371541768312454,1.6930703334510326,0.513872604817152,,0.9373826533555984,0.20791605859994888,,,,,,,4,0,,,23,,24,,4,vehicle,
transport-sat11-strips,p05.pddl,abs-fd,timed out,1800.2908552624285,abstract_fd_search,,0.4170747585594654,0.0025211721658706665,0.7326632626354694,,0.024157922714948654,0.11155045032501221,1.678077457472682,0.5113631449639797,,0.9471711479127407,,,0.16256511211395264,,,,,4,0,37,0,52,,,38,4,vehicle,
transport-sat11-strips,p05.pddl,fd-lmcut,timed out,1800.1459373030812,,,,,,,,,,,,,,,,,,,,,,,,,,,,,,
transport-sat11-strips,p06.pddl,abs-asp,timed out,1800.1300487592816,abstract_asp,,0.4909125380218029,0.0027377530932426453,0.9979774691164494,,0.029652509838342667,0.13756293058395386,2.273406323045492,0.6617538556456566,,1.202974982559681,0.2740219794213772,,,,,,,4,0,,,22,,23,,4,vehicle,
transport-sat11-strips,p06.pddl,abs-fd,timed out,1800.3747638948262,abstract_fd_search,,0.511300977319479,0.002857320010662079,1.015344250947237,,0.02894996851682663,0.1375914290547371,2.349383220076561,0.6742058396339417,,1.2071667946875095,,,0.2150539495050907,,,,,4,0,49,0,62,,,50,4,vehicle,
transport-sat11-strips,p06.pddl,fd-lmcut,timed out,1800.1061419378966,,,,,,,,,,,,,,,,,,,,,,,,,,,,,,
transport-sat11-strips,p07.pddl,abs-asp,timed out,1800.1297872252762,abstract_asp,,0.5308446027338505,0.0029419399797916412,1.1920937448740005,,0.03306759521365166,0.17304765060544014,2.867362517863512,0.783402144908905,,1.518724948167801,0.35606589168310165,,,,,,,4,0,,,25,,26,,4,vehicle,
transport-sat11-strips,p07.pddl,abs-fd,timed out,1800.48169773072,abstract_fd_search,,0.5414700284600258,0.0028468146920204163,1.1937620416283607,,0.0325916912406683,0.16931804828345776,2.8628269489854574,0.7871364466845989,,1.520335717126727,,,0.25670148245990276,,,,,4,0,54,0,70,,,55,4,vehicle,
transport-sat11-strips,p07.pddl,fd-lmcut,timed out,1800.110415538773,,,,,,,,,,,,,,,,,,,,,,,,,,,,,,
transport-sat11-strips,p08.pddl,abs-asp,timed out,1800.130167003721,abstract_asp,,0.518570140004158,0.003052547574043274,1.2084532268345356,,0.03171851858496666,0.1551031433045864,2.845682069659233,0.8198820911347866,,1.5840543806552887,0.39448099955916405,,,,,,,4,0,,,19,,20,,4,vehicle,
transport-sat11-strips,p08.pddl,abs-fd,timed out,1800.426874704659,abstract_fd_search,,0.5362428538501263,0.0030160024762153625,1.2482896633446217,,0.03234945610165596,0.1529420241713524,2.9146445468068123,0.8576791360974312,,1.606325551867485,,,0.30166279152035713,,,,,4,0,55,0,70,,,56,4,vehicle,
transport-sat11-strips,p08.pddl,fd-lmcut,timed out,1800.1068077925593,,,,,,,,,,,,,,,,,,,,,,,,,,,,,,
transport-sat11-strips,p09.pddl,abs-asp,timed out,1800.1635779961944,abstract_asp,,0.6028667204082012,0.0032528750598430634,1.5957314893603325,,0.03731149435043335,0.20725800096988678,3.4983379244804382,3.052162904292345,,1.9099698886275291,1.665127132087946,,,,,,,2,0,,,17,,18,,4,package,
transport-sat11-strips,p09.pddl,abs-fd,interrupted,144.17530563101172,abstract_fd_search,,0.5878075920045376,0.0032590776681900024,1.5078271813690662,,0.0374310165643692,0.20431168749928474,3.4596561528742313,2.994993072003126,,1.9087618067860603,,,1.7462282739579678,,,,,2,0,0,0,134,,,0,4,package,
transport-sat11-strips,p09.pddl,fd-lmcut,timed out,1800.0475869253278,,,,,,,,,,,,,,,,,,,,,,,,,,,,,,
transport-sat11-strips,p10.pddl,abs-asp,timed out,1800.1327247843146,abstract_asp,,0.5592609643936157,0.0030113551765680313,1.4849319029599428,,0.03370925225317478,0.20820347219705582,3.45907243154943,0.9281266145408154,,1.957307431846857,0.4469607453793287,,,,,,,4,0,,,20,,21,,4,vehicle,
transport-sat11-strips,p10.pddl,abs-fd,interrupted,142.7807746231556,abstract_fd_search,,0.5421067290008068,0.0030801240354776382,1.4912347327917814,,0.03447040915489197,0.20999103784561157,3.461481424048543,0.9309791382402182,,1.902023846283555,,,0.327331580221653,,,,,4,0,0,0,76,,,1,4,vehicle,
transport-sat11-strips,p10.pddl,fd-lmcut,timed out,1800.1102048624307,,,,,,,,,,,,,,,,,,,,,,,,,,,,,,
transport-sat11-strips,p11.pddl,abs-asp,timed out,1800.1415811628103,abstract_asp,,0.49971310421824455,0.0031801797449588776,1.4584968388080597,,0.029324237257242203,0.15732113644480705,3.3733354173600674,0.887933012098074,,1.7399473786354065,0.4028164353221655,,,,,,,4,0,,,21,,22,,4,vehicle,
transport-sat11-strips,p11.pddl,abs-fd,timed out,1800.5239075236022,abstract_fd_search,,0.4858962818980217,0.0033156797289848328,1.404122143983841,,0.029250524938106537,0.15322624891996384,3.313460659235716,0.8650852590799332,,1.729665458202362,,,0.30501650273799896,,,,,4,0,49,0,77,,,50,4,vehicle,
transport-sat11-strips,p11.pddl,fd-lmcut,timed out,1800.108825104311,,,,,,,,,,,,,,,,,,,,,,,,,,,,,,
transport-sat11-strips,p12.pddl,abs-asp,timed out,1800.1324347555637,abstract_asp,,0.5024748221039772,0.0031618550419807434,1.3492548428475857,,0.03065798431634903,0.1668858490884304,3.1985941529273987,0.8429562672972679,,1.6785126775503159,0.3769250176846981,,,,,,,4,0,,,20,,21,,4,vehicle,
transport-sat11-strips,p12.pddl,abs-fd,timed out,1800.478413335979,abstract_fd_search,,0.5103438198566437,0.002901952713727951,1.360198862850666,,0.03147241100668907,0.16738763079047203,3.200322438031435,0.8404884524643421,,1.673475082963705,,,0.2820358984172344,,,,,4,0,56,0,73,,,57,4,vehicle,
transport-sat11-strips,p12.pddl,fd-lmcut,timed out,1800.1364526506513,,,,,,,,,,,,,,,,,,,,,,,,,,,,,,
transport-sat11-strips,p13.pddl,abs-asp,timed out,1800.136202134192,abstract_asp,,0.537600938230753,0.003061901777982712,1.4797068983316422,,0.030944451689720154,0.17384719848632812,3.4617801383137703,0.9471436142921448,,1.8660559803247452,0.4538979195058346,,,,,,,4,0,,,20,,21,,4,vehicle,
transport-sat11-strips,p13.pddl,abs-fd,interrupted,140.91061900556087,abstract_fd_search,,0.5005455799400806,0.0030700676143169403,1.4430668838322163,,0.03067212924361229,0.1725534312427044,3.430216282606125,0.9326126761734486,,1.848049558699131,,,0.339163389056921,,,,,4,0,0,0,77,,,1,4,vehicle,
transport-sat11-strips,p13.pddl,fd-lmcut,timed out,1800.1090349778533,,,,,,,,,,,,,,,,,,,,,,,,,,,,,,
transport-sat11-strips,p14.pddl,abs-asp,timed out,1800.1896305046976,abstract_asp,,1.0021751895546913,0.003609728068113327,3.6495202481746674,,0.059871479868888855,0.7168487422168255,8.439298924058676,2.2775010615587234,,4.1869750283658504,1.0100509971380234,,,,,,,4,0,,,27,,28,,4,vehicle,
transport-sat11-strips,p14.pddl,abs-fd,interrupted,153.62941956147552,abstract_fd_search,,1.0057359393686056,0.0036567170172929764,3.599249005317688,,0.0604137871414423,0.7141062393784523,8.366202641278505,2.262042721733451,,4.1933464538306,,,0.8142764512449503,,,,,4,0,0,0,104,,,0,4,vehicle,
transport-sat11-strips,p14.pddl,fd-lmcut,timed out,1800.1094899438322,,,,,,,,,,,,,,,,,,,,,,,,,,,,,,
transport-sat11-strips,p15.pddl,abs-asp,timed out,1800.1742327921093,abstract_asp,,1.0035665668547153,0.0035987161099910736,3.4293323885649443,,0.06269706413149834,0.7622750215232372,7.672676883637905,1.9433104079216719,,3.9343222435563803,0.8865351118147373,,,,,,,4,0,,,33,,34,,4,vehicle,
transport-sat11-strips,p15.pddl,abs-fd,interrupted,150.14426001906395,abstract_fd_search,,1.0159599091857672,0.0035931840538978577,3.4325819239020348,,0.06269502080976963,0.748559782281518,7.646809883415699,1.9451436139643192,,3.9932320918887854,,,0.7360794562846422,,,,,4,0,0,0,105,,,0,4,vehicle,
transport-sat11-strips,p15.pddl,fd-lmcut,timed out,1800.1064118109643,,,,,,,,,,,,,,,,,,,,,,,,,,,,,,
transport-sat11-strips,p16.pddl,abs-asp,timed out,1800.0662945099175,abstract_asp,,1.0093371644616127,0.003824528306722641,3.604148682206869,,0.0625765323638916,0.7773904539644718,8.54794779792428,2.246794369071722,,4.317257393151522,0.9989072307944298,,,,,,,4,0,,,29,,30,,4,vehicle,
transport-sat11-strips,p16.pddl,abs-fd,interrupted,154.5137039422989,abstract_fd_search,,1.053116325289011,0.0037435591220855713,3.671462219208479,,0.06289277598261833,0.7541974075138569,8.687727000564337,2.2855180241167545,,4.33566265180707,,,0.8352057747542858,,,,,4,0,0,0,103,,,0,4,vehicle,
transport-sat11-strips,p16.pddl,fd-lmcut,timed out,1800.1094328463078,,,,,,,,,,,,,,,,,,,,,,,,,,,,,,
transport-sat11-strips,p17.pddl,abs-asp,timed out,1800.180000046268,abstract_asp,,1.4920701924711466,0.0043619778007268906,5.514140695333481,,0.08848619274795055,1.7190542556345463,12.58082602545619,3.6929877791553736,,6.2827992513775826,1.5570177920162678,,,,,,,4,0,,,22,,23,,4,vehicle,
transport-sat11-strips,p17.pddl,abs-fd,interrupted,163.16611263155937,abstract_fd_search,,1.4490024615079165,0.004117116332054138,5.3893211260437965,,0.08823730610311031,1.6240824684500694,12.805239345878363,3.627838945016265,,6.2604493498802185,,,1.3694433942437172,,,,,4,0,0,0,112,,,0,4,vehicle,
transport-sat11-strips,p17.pddl,fd-lmcut,timed out,1800.1104615405202,,,,,,,,,,,,,,,,,,,,,,,,,,,,,,
transport-sat11-strips,p18.pddl,abs-asp,timed out,1800.2024332880974,abstract_asp,,1.535142071545124,0.004391808062791824,5.406092509627342,,0.0909014455974102,1.7960272580385208,11.983409460633993,3.2101180106401443,,5.989624157547951,1.3785845413804054,,,,,,,4,0,,,22,,23,,4,vehicle,
transport-sat11-strips,p18.pddl,abs-fd,interrupted,165.7211011275649,abstract_fd_search,,1.4912019968032837,0.0042116679251194,5.2633718475699425,,0.09004375711083412,1.7777769938111305,11.927870489656925,3.182129066437483,,5.984342310577631,,,1.1199705228209496,,,,,4,0,0,0,103,,,0,4,vehicle,
transport-sat11-strips,p18.pddl,fd-lmcut,timed out,1800.01510053128,,,,,,,,,,,,,,,,,,,,,,,,,,,,,,
transport-sat11-strips,p19.pddl,abs-asp,timed out,1800.1894484050572,abstract_asp,,1.4918944165110588,0.004259832203388214,5.961786944419146,,0.091904666274786,1.7659994140267372,12.870636954903603,3.716730460524559,,6.5659361481666565,1.5937406457960606,,,,,,,4,0,,,23,,24,,4,vehicle,
transport-sat11-strips,p19.pddl,abs-fd,interrupted,166.69761833921075,abstract_fd_search,,1.464412584900856,0.004395864903926849,5.892224971204996,,0.09111512452363968,1.7770998552441597,12.883833702653646,3.7080898210406303,,6.58054606616497,,,1.509798388928175,,,,,4,0,0,0,122,,,0,4,vehicle,
transport-sat11-strips,p19.pddl,fd-lmcut,timed out,1800.37605695799,,,,,,,,,,,,,,,,,,,,,,,,,,,,,,
transport-sat11-strips,p20.pddl,abs-asp,timed out,1800.1835273765028,abstract_asp,,1.583080442622304,0.005115101113915443,6.192486418411136,,0.09894032031297684,1.9971661418676376,13.414458699524403,3.762739110738039,,6.883613551035523,1.5977016631513834,,,,,,,4,0,,,21,,22,,4,vehicle,
transport-sat11-strips,p20.pddl,abs-fd,interrupted,174.10896807536483,abstract_fd_search,,1.6183881647884846,0.005241848528385162,6.264095112681389,,0.10133956372737885,2.052701309323311,14.289174117147923,3.7969986349344254,,6.920570846647024,,,1.4461490325629711,,,,,4,0,0,0,117,,,0,4,vehicle,
transport-sat11-strips,p20.pddl,fd-lmcut,timed out,1800.1093846820295,,,,,,,,,,,,,,,,,,,,,,,,,,,,,,
woodworking-sat08-strips,p03.pddl,abs-asp,timed out,1800.116877026856,abstract_asp,,0.37184980511665344,0.01056373119354248,0.17171242833137512,,0.026916444301605225,0.04809821397066116,0.30097921192646027,0.31804341077804565,,0.08758668228983879,0.10162858664989471,,,,,,,2,0,,,15,,16,,4,board,
woodworking-sat08-strips,p03.pddl,abs-fd,success,12.934514295309782,total,10.561369,0.363441,0.010618,0.192165,,0.026351,0.047722,0.328919,0.321647,,0.089645,,,0.374063,8.696326,,,valid,2,0,27,0,32,32,,28,4,board,
woodworking-sat08-strips,p03.pddl,fd-lmcut,success,3.222791202366352,total,0.651196,,,,,,,,,0.647752,,,,,,,,valid,,,,,,23,,,,,
woodworking-sat08-strips,p04.pddl,abs-asp,timed out,1800.1218634694815,abstract_asp,,0.397125493735075,0.0070198215544223785,0.2199389673769474,,0.02794155851006508,0.05274469032883644,0.38986197486519814,0.34234482422471046,,0.1202574335038662,0.1049596294760704,,,,,,,2,0,,,18,,19,,4,board,
woodworking-sat08-strips,p04.pddl,abs-fd,success,17.902773935347795,total,15.438745,0.411767,0.007049,0.211908,,0.027726,0.052605,0.37435,0.346961,,0.118911,,,0.596171,13.141296,,,valid,2,0,11,0,43,44,,12,4,board,
woodworking-sat08-strips,p04.pddl,fd-lmcut,timed out,1800.1105611547828,,,,,,,,,,,,,,,,,,,,,,,,,,,,,,
woodworking-sat08-strips,p05.pddl,abs-asp,timed out,1800.1219422630966,abstract_asp,,0.4122580923140049,0.007456846535205841,0.253651674836874,,0.03462236374616623,0.05958792194724083,0.4506448730826378,0.5868145525455475,,0.17923813685774803,0.24660786613821983,,,,,,,2,0,,,15,,16,,6,board,
woodworking-sat08-strips,p05.pddl,abs-fd,success,536.5189205724746,total,534.057787,0.411714,0.007407,0.246642,,0.034067,0.059171,0.470328,0.5801,,0.17646,,,0.77207,530.987815,,,valid,2,0,44,0,51,54,,45,6,board,
woodworking-sat08-strips,p05.pddl,fd-lmcut,timed out,1800.1086337529123,,,,,,,,,,,,,,,,,,,,,,,,,,,,,,
woodworking-sat08-strips,p06.pddl,abs-asp,timed out,1800.1239489763975,abstract_asp,,0.4486563801765442,0.007956702262163162,0.29546959325671196,,0.039248641580343246,0.061711184680461884,0.5696743801236153,0.6990104541182518,,0.226400226354599,0.30715228244662285,,,,,,,2,0,,,14,,15,,7,board,
woodworking-sat08-strips,p06.pddl,abs-fd,success,976.8571506738663,total,974.307263,0.433103,0.007896,0.284014,,0.038445,0.060889,0.548969,0.67857,,0.225431,,,1.362198,970.317142,,,valid,2,0,37,0,45,48,,38,7,board,
woodworking-sat08-strips,p06.pddl,fd-lmcut,timed out,1800.1100701466203,,,,,,,,,,,,,,,,,,,,,,,,,,,,,,
woodworking-sat08-strips,p07.pddl,abs-asp,timed out,1800.1265209484845,abstract_asp,,0.4511563070118427,0.008361771702766418,0.37632293067872524,,0.04610500484704971,0.06874731555581093,0.8222364895045757,1.054914154112339,,0.3825501911342144,0.5145635195076466,,,,,,,2,0,,,14,,15,,9,board,
woodworking-sat08-strips,p07.pddl,abs-fd,timed out,1800.2003468144685,abstract_fd_search,,0.4431626759469509,0.008272288367152214,0.3746861256659031,,0.04581372253596783,0.06924904324114323,0.7947177644819021,1.0516990236938,,0.380613898858428,,,1.7361649740487337,,,,,2,0,58,0,68,,,59,9,board,
woodworking-sat08-strips,p07.pddl,fd-lmcut,timed out,1800.0938533768058,,,,,,,,,,,,,,,,,,,,,,,,,,,,,,
woodworking-sat08-strips,p08.pddl,abs-asp,timed out,1800.1277119219303,abstract_asp,,0.48100297525525093,0.008679062128067017,0.4417300373315811,,0.05259209871292114,0.08086549118161201,0.9293165989220142,1.2327226400375366,,0.4485704265534878,0.6362916268408298,,,,,,,2,0,,,13,,14,,10,board,
woodworking-sat08-strips,p08.pddl,abs-fd,timed out,1800.1995820645243,abstract_fd_search,,0.49844513088464737,0.008811507374048233,0.465154480189085,,0.05181257240474224,0.08357332833111286,0.9469840116798878,1.2536869533360004,,0.44825587049126625,,,5.109318049624562,,,,,2,0,68,0,72,,,69,10,board,
woodworking-sat08-strips,p08.pddl,fd-lmcut,timed out,1800.016577348113,,,,,,,,,,,,,,,,,,,,,,,,,,,,,,
woodworking-sat08-strips,p09.pddl,abs-asp,timed out,1800.1277948841453,abstract_asp,,0.4951024614274502,0.008789896965026855,0.5287461616098881,,0.05695721507072449,0.07898345589637756,1.1851764358580112,1.5919603742659092,,0.5827691107988358,0.7748821303248405,,,,,,,2,0,,,12,,13,,11,board,
woodworking-sat08-strips,p09.pddl,abs-fd,timed out,1800.2403305508196,abstract_fd_search,,0.4862675480544567,0.008987169712781906,0.5117757022380829,,0.05737680569291115,0.07946774363517761,1.1817168816924095,1.6120032332837582,,0.57115763053298,,,9.127837087959051,,,,,2,0,93,0,96,,,94,11,board,
woodworking-sat08-strips,p09.pddl,fd-lmcut,timed out,1800.1089121960104,,,,,,,,,,,,,,,,,,,,,,,,,,,,,,
woodworking-sat08-strips,p10.pddl,abs-asp,timed out,1800.1416322998703,abstract_asp,,0.5393067002296448,0.0096973218023777,0.5568625442683697,,0.06044759228825569,0.08512195944786072,1.2876864820718765,1.4587320610880852,,0.595694538205862,0.7236465290188789,,,,,,,2,0,,,13,,14,,11,board,
woodworking-sat08-strips,p10.pddl,abs-fd,timed out,1800.2901384942234,abstract_fd_search,,0.5149423778057098,0.009722784161567688,0.5295749641954899,,0.060575682669878006,0.08458185568451881,1.227714754641056,1.4420882351696491,,0.5942678786814213,,,4.654515378177166,,,,,2,0,74,0,96,,,75,11,board,
woodworking-sat08-strips,p10.pddl,fd-lmcut,timed out,1800.1089434102178,,,,,,,,,,,,,,,,,,,,,,,,,,,,,,
woodworking-sat08-strips,p12.pddl,abs-asp,timed out,1800.1165575124323,abstract_solving,,0.36270229518413544,0.006065435707569122,0.13990692421793938,,0.021123874932527542,0.04288216680288315,0.220311239361763,0.23357493802905083,,0.03512370213866234,0.04527726024389267,73.47006610035896,,,,,,2,0,11,0,11,,12,12,2,board,
woodworking-sat08-strips,p12.pddl,abs-fd,success,3.935745768249035,total,2.019376,0.354622,0.006016,0.159379,,0.021158,0.043073,0.239017,0.233459,,0.03709,,,0.08534,0.788207,,,valid,2,0,11,0,15,15,,12,2,board,
woodworking-sat08-strips,p12.pddl,fd-lmcut,success,5.25988595187664,total,2.736372,,,,,,,,,2.733005,,,,,,,,valid,,,,,,14,,,,,
woodworking-sat08-strips,p13.pddl,abs-asp,timed out,1800.116999104619,abstract_asp,,0.3579244315624237,0.006569337099790573,0.1931655928492546,,0.02339666336774826,0.05200861021876335,0.34401964023709297,0.30116358771920204,,0.10389643907546997,0.09378884732723236,,,,,,,2,0,,,16,,17,,3,board,
woodworking-sat08-strips,p13.pddl,abs-fd,success,7.324672345072031,total,4.98096,0.365408,0.006805,0.197189,,0.023169,0.052419,0.348565,0.303373,,0.103459,,,0.340819,3.148055,,,valid,2,0,9,0,25,26,,10,3,board,
woodworking-sat08-strips,p13.pddl,fd-lmcut,success,33.084312189370394,total,30.354324,,,,,,,,,30.350024,,,,,,,,valid,,,,,,28,,,,,
woodworking-sat08-strips,p14.pddl,abs-asp,timed out,1800.1172778122127,abstract_asp,,0.38143080845475197,0.007128577679395676,0.21707335859537125,,0.030661258846521378,0.051972657442092896,0.4150625355541706,0.4516052193939686,,0.15613538399338722,0.18261534720659256,,,,,,,2,0,,,14,,15,,5,board,
woodworking-sat08-strips,p14.pddl,abs-fd,success,24.460462171584368,total,22.241113,0.386385,0.007047,0.236658,,0.030307,0.051309,0.439997,0.452008,,0.157081,,,0.673331,19.632603,,,valid,2,0,21,0,35,38,,22,5,board,
woodworking-sat08-strips,p14.pddl,fd-lmcut,timed out,1800.1107111983001,,,,,,,,,,,,,,,,,,,,,,,,,,,,,,
woodworking-sat08-strips,p15.pddl,abs-asp,timed out,1800.1205463893712,abstract_asp,,0.4089921750128269,0.007533218711614609,0.24114539101719856,,0.031684767454862595,0.058730944991111755,0.4409470297396183,0.4230438247323036,,0.15930072963237762,0.1644250936806202,,,,,,,2,0,,,16,,17,,5,board,
woodworking-sat08-strips,p15.pddl,abs-fd,success,533.9866968188435,total,531.469877,0.404516,0.007429,0.24296,,0.031254,0.058386,0.444427,0.458624,,0.15869,,,0.582093,528.853588,,,valid,2,0,29,0,40,40,,30,5,board,
woodworking-sat08-strips,p15.pddl,fd-lmcut,timed out,1800.105550918728,,,,,,,,,,,,,,,,,,,,,,,,,,,,,,
woodworking-sat08-strips,p16.pddl,abs-asp,timed out,1800.1227411963046,abstract_asp,,0.428865272551775,0.007463041692972183,0.294470950961113,,0.0408807098865509,0.06519753113389015,0.5753696784377098,0.7283840626478195,,0.2424372248351574,0.3400024175643921,,,,,,,2,0,,,14,,15,,7,board,
woodworking-sat08-strips,p16.pddl,abs-fd,timed out,1800.166274935007,abstract_fd_search,,0.432201873511076,0.0075070858001708984,0.2788179963827133,,0.04015655815601349,0.06479586288332939,0.5676000788807869,0.7296218276023865,,0.23998605087399483,,,1.074400633573532,,,,,2,0,35,0,50,,,36,7,board,
woodworking-sat08-strips,p16.pddl,fd-lmcut,timed out,1800.1105283088982,,,,,,,,,,,,,,,,,,,,,,,,,,,,,,
woodworking-sat08-strips,p17.pddl,abs-asp,timed out,1800.0248483903706,abstract_asp,,0.4837639853358269,0.008579723536968231,0.3409185856580734,,0.046179283410310745,0.06831182539463043,0.7214076966047287,0.7071317620575428,,0.2942759469151497,0.29448361322283745,,,,,,,2,0,,,15,,16,,8,board,
woodworking-sat08-strips,p17.pddl,abs-fd,timed out,1800.201119221747,abstract_fd_search,,0.4755550976842642,0.008531102910637856,0.3440416492521763,,0.04591311141848564,0.06766407936811447,0.7081644032150507,0.680958965793252,,0.2906670942902565,,,3.6741985008120537,,,,,2,0,44,0,64,,,45,8,board,
woodworking-sat08-strips,p17.pddl,fd-lmcut,timed out,1800.1089978143573,,,,,,,,,,,,,,,,,,,,,,,,,,,,,,
woodworking-sat08-strips,p18.pddl,abs-asp,timed out,1800.1398335807025,abstract_asp,,0.4902930483222008,0.0085405632853508,0.43024149164557457,,0.05139687657356262,0.0756300650537014,0.8881263807415962,1.2155797518789768,,0.3877229131758213,0.5880640596151352,,,,,,,2,0,,,13,,14,,8,board,
woodworking-sat08-strips,p18.pddl,abs-fd,timed out,1800.2029816173017,abstract_fd_search,,0.4774501323699951,0.008397657424211502,0.4182261861860752,,0.05046173557639122,0.07468612119555473,0.87150639295578,1.1937401369214058,,0.3836011216044426,,,3.864501863718033,,,,,2,0,67,0,74,,,68,8,board,
woodworking-sat08-strips,p18.pddl,fd-lmcut,timed out,1800.1108802482486,,,,,,,,,,,,,,,,,,,,,,,,,,,,,,
woodworking-sat08-strips,p19.pddl,abs-asp,timed out,1800.1259604915977,abstract_asp,,0.5048535205423832,0.009280398488044739,0.4270238131284714,,0.05396778881549835,0.07914771884679794,0.8893434703350067,1.237475659698248,,0.41733694076538086,0.6281675063073635,,,,,,,2,0,,,13,,14,,9,board,
woodworking-sat08-strips,p19.pddl,abs-fd,timed out,1800.160292264074,abstract_fd_search,,0.49790211021900177,0.009333349764347076,0.4275858514010906,,0.05400259047746658,0.0836886502802372,0.9041295163333416,1.2363188937306404,,0.4207351841032505,,,3.0776157826185226,,,,,2,0,61,0,77,,,62,9,board,
woodworking-sat08-strips,p19.pddl,fd-lmcut,timed out,1800.0241211280227,,,,,,,,,,,,,,,,,,,,,,,,,,,,,,
woodworking-sat08-strips,p20.pddl,abs-asp,timed out,1800.1380928829312,abstract_asp,,0.5416064374148846,0.00945528969168663,0.5642983503639698,,0.05991402640938759,0.08641208708286285,1.256115160882473,1.8336898125708103,,0.60482507199049,0.9336912892758846,,,,,,,2,0,,,12,,13,,11,board,
woodworking-sat08-strips,p20.pddl,abs-fd,timed out,1800.3110452443361,abstract_fd_search,,0.5249451175332069,0.009321201592683792,0.5555671527981758,,0.06035144627094269,0.0858195535838604,1.2681852169334888,1.8089474327862263,,0.6035893745720387,,,3.936051145195961,,,,,2,0,95,0,101,,,96,11,board,
woodworking-sat08-strips,p20.pddl,fd-lmcut,timed out,1800.1380930617452,,,,,,,,,,,,,,,,,,,,,,,,,,,,,,
woodworking-sat08-strips,p21.pddl,abs-asp,success,3.9889589957892895,total,1.44452,0.330129,0.005866,0.139113,,0.018616,0.036547,0.209074,0.184524,,0.016019,0.031207,0.205129,,0.224377,,,valid,2,0,8,0,8,8,9,9,2,board,
woodworking-sat08-strips,p21.pddl,abs-fd,success,3.432467073202133,total,1.179653,0.317824,0.005833,0.134146,,0.018452,0.036512,0.20191,0.175242,,0.015947,,,0.074335,0.161885,,,valid,2,0,6,0,8,8,,7,2,board,
woodworking-sat08-strips,p21.pddl,fd-lmcut,success,2.6881308928132057,total,0.216068,,,,,,,,,0.212375,,,,,,,,valid,,,,,,9,,,,,
woodworking-sat08-strips,p22.pddl,abs-asp,success,139.32546151801944,total,136.766569,0.348955,0.005954,0.163053,,0.020327,0.041316,0.261175,0.23393,,0.047168,0.046025,134.780305,,0.747045,,,valid,2,0,2,0,13,13,14,3,2,board,
woodworking-sat08-strips,p22.pddl,abs-fd,success,3.6699337363243103,total,1.973489,0.332737,0.006025,0.140107,,0.020251,0.041189,0.227025,0.224729,,0.047256,,,0.147467,0.735287,,,valid,2,0,0,0,15,15,,1,2,board,
woodworking-sat08-strips,p22.pddl,fd-lmcut,success,2.8042991682887077,total,0.294443,,,,,,,,,0.290694,,,,,,,,valid,,,,,,14,,,,,
woodworking-sat08-strips,p23.pddl,abs-asp,timed out,1800.1186194941401,abstract_asp,,0.371222123503685,0.0063451677560806274,0.18131951987743378,,0.02264435961842537,0.051030438393354416,0.30145787820219994,0.27877650037407875,,0.07061643898487091,0.07064634934067726,,,,,,,2,0,,,16,,17,,2,board,
woodworking-sat08-strips,p23.pddl,abs-fd,success,12.813738964498043,total,10.485025,0.362013,0.010802,0.178357,,0.022555,0.046338,0.295404,0.271564,,0.070947,,,0.254769,8.890505,,,valid,2,0,10,0,24,24,,11,2,board,
woodworking-sat08-strips,p23.pddl,fd-lmcut,timed out,1800.0834931619465,,,,,,,,,,,,,,,,,,,,,,,,,,,,,,
woodworking-sat08-strips,p24.pddl,abs-asp,timed out,1800.117126878351,abstract_asp,,0.38326965644955635,0.006873909384012222,0.22293702326714993,,0.028537534177303314,0.051475951448082924,0.40164902806282043,0.3889138512313366,,0.13440344855189323,0.14463785104453564,,,,,,,2,0,,,14,,15,,4,board,
woodworking-sat08-strips,p24.pddl,abs-fd,success,10.730827514082193,total,8.291684,0.385747,0.006936,0.22059,,0.028568,0.051789,0.40347,0.38921,,0.135399,,,0.699201,5.829542,,,valid,2,0,8,0,40,41,,9,4,board,
woodworking-sat08-strips,p24.pddl,fd-lmcut,timed out,1800.079325079918,,,,,,,,,,,,,,,,,,,,,,,,,,,,,,
woodworking-sat08-strips,p25.pddl,abs-asp,timed out,1800.1200072318316,abstract_asp,,0.40640589967370033,0.007598366588354111,0.23401166126132011,,0.032580211758613586,0.059519410133361816,0.4538509361445904,0.502201471477747,,0.18037793785333633,0.21190350875258446,,,,,,,2,0,,,14,,15,,5,board,
woodworking-sat08-strips,p25.pddl,abs-fd,success,70.23885045200586,total,67.409944,0.434583,0.007685,0.267394,,0.032633,0.059534,0.504108,0.525987,,0.180155,,,0.990529,64.118702,,,valid,2,0,33,0,52,55,,34,5,board,
woodworking-sat08-strips,p25.pddl,fd-lmcut,timed out,1800.0585648790002,,,,,,,,,,,,,,,,,,,,,,,,,,,,,,
woodworking-sat08-strips,p26.pddl,abs-asp,timed out,1800.1243076622486,abstract_asp,,0.4448988102376461,0.007801637053489685,0.2738642022013664,,0.0403241328895092,0.06680150702595711,0.5615069977939129,0.5550910495221615,,0.20580626279115677,0.23598916456103325,,,,,,,2,0,,,17,,18,,7,board,
woodworking-sat08-strips,p26.pddl,abs-fd,timed out,1800.1732558440417,abstract_fd_search,,0.4501329082995653,0.007682720199227333,0.2875922955572605,,0.040255261585116386,0.06182613596320152,0.5416048802435398,0.558806287124753,,0.2177649512887001,,,0.9706411436200142,,,,,2,0,50,0,60,,,51,7,board,
woodworking-sat08-strips,p26.pddl,fd-lmcut,timed out,1800.1097020804882,,,,,,,,,,,,,,,,,,,,,,,,,,,,,,
woodworking-sat08-strips,p27.pddl,abs-asp,timed out,1800.1233810149133,abstract_asp,,0.4578722342848778,0.008387479931116104,0.3262583762407303,,0.04082981497049332,0.06734780222177505,0.7295213490724564,0.874738696962595,,0.2779717445373535,0.4239983558654785,,,,,,,2,0,,,14,,15,,6,board,
woodworking-sat08-strips,p27.pddl,abs-fd,timed out,1800.1819698624313,abstract_fd_search,,0.4543742686510086,0.008403010666370392,0.32123512029647827,,0.04002203047275543,0.06724195182323456,0.6688314229249954,0.8043257147073746,,0.27522189542651176,,,1.7164921835064888,,,,,2,0,36,0,54,,,37,6,board,
woodworking-sat08-strips,p27.pddl,fd-lmcut,timed out,1800.108196720481,,,,,,,,,,,,,,,,,,,,,,,,,,,,,,
woodworking-sat08-strips,p28.pddl,abs-asp,timed out,1800.1259180568159,abstract_asp,,0.4744832292199135,0.012670617550611496,0.43198324367403984,,0.05131383612751961,0.07388720661401749,0.8826237767934799,1.207903627306223,,0.4102627970278263,0.6012149341404438,,,,,,,2,0,,,12,,13,,10,board,
woodworking-sat08-strips,p28.pddl,abs-fd,timed out,1800.223961127922,abstract_fd_search,,0.4778962302953005,0.012730859220027924,0.43421318754553795,,0.051462871953845024,0.0753154456615448,0.890319311991334,1.2091037668287754,,0.41008228436112404,,,3.1663211341947317,,,,,2,0,64,0,77,,,65,10,board,
woodworking-sat08-strips,p28.pddl,fd-lmcut,timed out,1800.109953481704,,,,,,,,,,,,,,,,,,,,,,,,,,,,,,
woodworking-sat08-strips,p29.pddl,abs-asp,timed out,1800.139278575778,abstract_asp,,0.5299261212348938,0.00918150320649147,0.4415801428258419,,0.05560896918177605,0.07851170375943184,0.8911705575883389,1.3068523183465004,,0.39953411743044853,0.648415133357048,,,,,,,2,0,,,13,,14,,10,board,
woodworking-sat08-strips,p29.pddl,abs-fd,timed out,1800.2511164397001,abstract_fd_search,,0.5062023382633924,0.009443175047636032,0.4355525504797697,,0.055242108181118965,0.07916147448122501,0.8785341549664736,1.339959841221571,,0.3905508369207382,,,5.720675295218825,,,,,2,0,75,0,83,,,76,10,board,
woodworking-sat08-strips,p29.pddl,fd-lmcut,timed out,1800.1085414513946,,,,,,,,,,,,,,,,,,,,,,,,,,,,,,
woodworking-sat08-strips,p30.pddl,abs-asp,timed out,1800.1310885064304,abstract_asp,,0.5371949709951878,0.009365860372781754,0.5265535488724709,,0.05692245811223984,0.08479029312729836,1.1837662234902382,1.4595252610743046,,0.5359515808522701,0.7381230033934116,,,,,,,2,0,,,13,,14,,10,board,
woodworking-sat08-strips,p30.pddl,abs-fd,timed out,1800.3188736401498,abstract_fd_search,,0.5338156633079052,0.00936935842037201,0.5287527441978455,,0.056043434888124466,0.08460524678230286,1.1663199439644814,1.4504895135760307,,0.5259251780807972,,,13.615320034325123,,,,,2,0,77,0,95,,,78,10,board,
woodworking-sat08-strips,p30.pddl,fd-lmcut,timed out,1800.1102223061025,,,,,,,,,,,,,,,,,,,,,,,,,,,,,,
woodworking-sat11-strips,p02.pddl,abs-asp,timed out,1800.13047330454,abstract_asp,,0.4873387850821018,0.008666254580020905,0.4320358596742153,,0.05156572163105011,0.08329615741968155,0.9193375781178474,1.25293954834342,,0.4452357552945614,0.647910226136446,,,,,,,2,0,,,13,,14,,10,board,
woodworking-sat11-strips,p02.pddl,abs-fd,timed out,1800.2241385504603,abstract_fd_search,,0.4642753191292286,0.008539725095033646,0.4248005151748657,,0.05135900527238846,0.07935218513011932,0.9005474634468555,1.233189683407545,,0.4482538104057312,,,5.084770824760199,,,,,2,0,68,0,72,,,69,10,board,
woodworking-sat11-strips,p02.pddl,fd-lmcut,timed out,1800.1110268048942,,,,,,,,,,,,,,,,,,,,,,,,,,,,,,
woodworking-sat11-strips,p04.pddl,abs-asp,timed out,1800.1358970664442,abstract_asp,,0.49142691493034363,0.008834142237901688,0.5086516663432121,,0.05726994201540947,0.07865660265088081,1.1820960231125355,1.6086583621799946,,0.5718132257461548,0.7768303081393242,,,,,,,2,0,,,12,,13,,11,board,
woodworking-sat11-strips,p04.pddl,abs-fd,timed out,1800.276948235929,abstract_fd_search,,0.4958892799913883,0.008790489286184311,0.5273769162595272,,0.05737682804465294,0.07822651416063309,1.2075503394007683,1.60314517095685,,0.5760545581579208,,,9.087492048740387,,,,,2,0,93,0,96,,,94,11,board,
woodworking-sat11-strips,p04.pddl,fd-lmcut,timed out,1800.109782114625,,,,,,,,,,,,,,,,,,,,,,,,,,,,,,
woodworking-sat11-strips,p07.pddl,abs-asp,timed out,1800.1264991648495,abstract_asp,,0.4769654981791973,0.013327151536941528,0.4190638139843941,,0.05156591907143593,0.0745861791074276,0.873834166675806,1.2182701975107193,,0.4046007804572582,0.5821865573525429,,,,,,,2,0,,,12,,13,,10,board,
woodworking-sat11-strips,p07.pddl,abs-fd,timed out,1800.2627727407962,abstract_fd_search,,0.5086534507572651,0.014938762411475182,0.419381245970726,,0.05233650095760822,0.07487205602228642,0.9066645167768002,1.226128114387393,,0.41105187870562077,,,3.198910405859351,,,,,2,0,64,0,77,,,65,10,board,
woodworking-sat11-strips,p07.pddl,fd-lmcut,timed out,1800.1063897274435,,,,,,,,,,,,,,,,,,,,,,,,,,,,,,
woodworking-sat11-strips,p12.pddl,abs-asp,timed out,1800.132987484336,abstract_asp,,0.5293268337845802,0.009700413793325424,0.6034697107970715,,0.062267571687698364,0.08892923220992088,1.4200376085937023,1.8486044108867645,,0.7305090241134167,0.9550507515668869,,,,,,,2,0,,,12,,13,,11,board,
woodworking-sat11-strips,p12.pddl,abs-fd,timed out,1800.3491844199598,abstract_fd_search,,0.5419935956597328,0.009706109762191772,0.6039498932659626,,0.06168711185455322,0.08850225433707237,1.4204998277127743,1.8494154773652554,,0.7290063761174679,,,4.5471647046506405,,,,,2,0,100,0,108,,,101,11,board,
woodworking-sat11-strips,p12.pddl,fd-lmcut,timed out,1800.1057027615607,,,,,,,,,,,,,,,,,,,,,,,,,,,,,,
woodworking-sat11-strips,p13.pddl,abs-asp,timed out,1800.0332273431122,abstract_asp,,0.5800553765147924,0.010404068976640701,0.5814512260258198,,0.061958735808730125,0.0935788806527853,1.3217567335814238,1.7444748859852552,,0.6306225284934044,0.8120396044105291,,,,,,,2,0,,,12,,13,,10,board,
woodworking-sat11-strips,p13.pddl,abs-fd,timed out,1800.3578725419939,abstract_fd_search,,0.5855813063681126,0.010731521993875504,0.5822200067341328,,0.0626947209239006,0.09498006477952003,1.3214504905045033,1.7188183180987835,,0.6152132675051689,,,14.534009136259556,,,,,2,0,124,0,125,,,125,10,board,
woodworking-sat11-strips,p13.pddl,fd-lmcut,timed out,1800.1096552573144,,,,,,,,,,,,,,,,,,,,,,,,,,,,,,
woodworking-sat11-strips,p14.pddl,abs-asp,timed out,1800.1412269994617,abstract_asp,,0.5864360593259335,0.01040181890130043,0.5528419278562069,,0.06667497754096985,0.09296775981783867,1.238486260175705,1.6165074184536934,,0.5690316706895828,0.7476370297372341,,,,,,,2,0,,,12,,13,,10,board,
woodworking-sat11-strips,p14.pddl,abs-fd,timed out,1800.2922456674278,abstract_fd_search,,0.5747856050729752,0.01051684282720089,0.5569876357913017,,0.06603663973510265,0.09339438378810883,1.2105146255344152,1.591924786567688,,0.5643989816308022,,,18.037814680486917,,,,,2,0,87,0,106,,,88,10,board,
woodworking-sat11-strips,p14.pddl,fd-lmcut,timed out,1800.0104412734509,,,,,,,,,,,,,,,,,,,,,,,,,,,,,,
woodworking-sat11-strips,p15.pddl,abs-asp,timed out,1800.1421815417707,abstract_asp,,0.6112457364797592,0.010982450097799301,0.6718369871377945,,0.07595396414399147,0.10732491686940193,1.6548496149480343,2.2399528324604034,,0.8029199801385403,1.0783987045288086,,,,,,,2,0,,,12,,13,,13,board,
woodworking-sat11-strips,p15.pddl,abs-fd,timed out,1800.365736786276,abstract_fd_search,,0.5806640721857548,0.010978113859891891,0.6576753705739975,,0.07625662162899971,0.10561122745275497,1.628257129341364,2.2039920575916767,,0.8030789606273174,,,27.311487771570683,,,,,2,0,143,0,153,,,144,13,board,
woodworking-sat11-strips,p15.pddl,fd-lmcut,timed out,1800.1090274862945,,,,,,,,,,,,,,,,,,,,,,,,,,,,,,
woodworking-sat11-strips,p17.pddl,abs-asp,timed out,1800.145847760141,abstract_asp,,0.4405454434454441,0.00790422037243843,0.7100232131779194,,0.044482797384262085,0.07028083130717278,1.7145738378167152,2.3286050371825695,,0.9168390519917011,1.2384031116962433,,,,,,,2,0,,,11,,12,,8,board,
woodworking-sat11-strips,p17.pddl,abs-fd,timed out,1800.2402078080922,abstract_fd_search,,0.45010991394519806,0.007961153984069824,0.7313659228384495,,0.044362837448716164,0.07133623398840427,1.744216587394476,2.3394735660403967,,0.9180689658969641,,,2.6577565148472786,,,,,2,0,55,0,57,,,56,8,board,
woodworking-sat11-strips,p17.pddl,fd-lmcut,timed out,1800.1097363829613,,,,,,,,,,,,,,,,,,,,,,,,,,,,,,
woodworking-sat11-strips,p18.pddl,abs-asp,timed out,1800.136088553816,abstract_asp,,0.4609707333147526,0.008721332997083664,0.6034080535173416,,0.04142267256975174,0.07278450205922127,1.4399033188819885,1.4103104546666145,,0.7679756730794907,0.7368248514831066,,,,,,,2,0,,,12,,13,,6,board,
woodworking-sat11-strips,p18.pddl,abs-fd,timed out,1800.3144394438714,abstract_fd_search,,0.46775736659765244,0.00868501141667366,0.6421230956912041,,0.04104520007967949,0.07175148837268353,1.4818662162870169,1.4107861369848251,,0.7734767310321331,,,3.2093008756637573,,,,,2,0,62,0,67,,,63,6,board,
woodworking-sat11-strips,p18.pddl,fd-lmcut,timed out,1800.1088970191777,,,,,,,,,,,,,,,,,,,,,,,,,,,,,,
woodworking-sat11-strips,p19.pddl,abs-asp,timed out,1800.148794759065,abstract_asp,,0.48870179057121277,0.00834118202328682,0.8133798465132713,,0.05066414549946785,0.08150672167539597,1.949501946568489,3.2366819120943546,,1.0423413701355457,1.5981308408081532,,,,,,,2,0,,,12,,13,,9,board,
woodworking-sat11-strips,p19.pddl,abs-fd,timed out,1800.3068762794137,abstract_fd_search,,0.47411729395389557,0.008484967052936554,0.804079644382,,0.05108623206615448,0.08225055783987045,1.9283277206122875,3.212045431137085,,1.0398296304047108,,,5.321992166340351,,,,,2,0,65,0,72,,,66,9,board,
woodworking-sat11-strips,p19.pddl,fd-lmcut,timed out,1800.1102445162833,,,,,,,,,,,,,,,,,,,,,,,,,,,,,,
woodworking-sat11-strips,p20.pddl,abs-asp,timed out,1800.151753757149,abstract_asp,,0.49950099363923073,0.008341573178768158,0.9773403704166412,,0.051183804869651794,0.08415041118860245,2.4777217134833336,3.448279917240143,,1.3244572915136814,1.7953743264079094,,,,,,,2,0,,,12,,13,,9,board,
woodworking-sat11-strips,p20.pddl,abs-fd,timed out,1800.4082779362798,abstract_fd_search,,0.49238330498337746,0.008381307125091553,0.9531828016042709,,0.05139278247952461,0.08512989059090614,2.4592992961406708,3.45814698189497,,1.3240672424435616,,,4.728642422705889,,,,,2,0,64,0,68,,,65,9,board,
woodworking-sat11-strips,p20.pddl,fd-lmcut,timed out,1800.10989491269,,,,,,,,,,,,,,,,,,,,,,,,,,,,,,
zenotravel,p05.pddl,abs-asp,success,16.25862931460142,total,13.955317,0.152544,0.002411,0.127199,,0.008721,0.040108,0.213306,0.181052,,0.023061,0.021162,0.133644,,13.010259,,,valid,2,0,5,0,6,11,7,6,3,object,
zenotravel,p05.pddl,abs-fd,success,3.466435417532921,total,1.039174,0.151604,0.002393,0.123918,,0.008694,0.040022,0.205418,0.182281,,0.02267,,,0.07146,0.196559,,,valid,2,0,0,0,7,15,,1,3,object,
zenotravel,p05.pddl,fd-lmcut,success,2.3166533075273037,total,0.216123,,,,,,,,,0.212676,,,,,,,,valid,,,,,,11,,,,,
zenotravel,p07.pddl,abs-asp,success,5.6712921522557735,total,3.41397,0.154585,0.002517,0.12689,,0.009128,0.046961,0.206427,0.181774,,0.022832,0.021058,1.938332,,0.657096,,,valid,2,0,0,0,9,18,10,1,3,object,
zenotravel,p07.pddl,abs-fd,success,3.110778048634529,total,1.377875,0.147524,0.003097,0.108985,,0.009304,0.045657,0.182464,0.200822,,0.020753,,,0.071224,0.548611,,,valid,2,0,1,0,10,20,,2,3,object,
zenotravel,p07.pddl,fd-lmcut,success,2.4956523440778255,total,0.39892,,,,,,,,,0.395446,,,,,,,,valid,,,,,,15,,,,,
zenotravel,p08.pddl,abs-asp,success,5.560603901743889,total,3.816375,0.150904,0.002577,0.127098,,0.010347,0.05366,0.219257,0.223518,,0.043458,0.045686,2.328076,,0.560746,,,valid,2,0,0,0,8,12,9,1,3,object,
zenotravel,p08.pddl,abs-fd,success,3.679911870509386,total,1.940106,0.1502,0.002563,0.127481,,0.010407,0.054096,0.222078,0.242336,,0.043751,,,0.077627,0.96053,,,valid,2,0,0,0,12,16,,1,3,object,
zenotravel,p08.pddl,fd-lmcut,success,2.438669230788946,total,0.331411,,,,,,,,,0.328049,,,,,,,,valid,,,,,,11,,,,,
zenotravel,p09.pddl,abs-asp,timed out,1800.116346951574,abstract_asp,,0.1560702547430992,0.0025428757071495056,0.14944858476519585,,0.0097908154129982,0.05449103191494942,0.22332140803337097,0.22838259860873222,,0.046065546572208405,0.04800351336598396,,,,,,,2,0,,,13,,14,,3,object,
zenotravel,p09.pddl,abs-fd,success,61.09064757078886,total,59.318617,0.15318,0.002558,0.127457,,0.01049,0.058654,0.22374,0.227287,,0.045358,,,0.078858,58.33145,,,valid,2,0,0,0,18,24,,1,3,object,
zenotravel,p09.pddl,fd-lmcut,success,29.973367128521204,total,27.853715,,,,,,,,,27.850225,,,,,,,,valid,,,,,,21,,,,,
zenotravel,p10.pddl,abs-asp,timed out,1800.118604440242,abstract_asp,,0.15814419090747833,0.0025614164769649506,0.14123379066586494,,0.010616011917591095,0.05719480291008949,0.21487436443567276,0.21963777393102646,,0.04658704996109009,0.048211537301540375,,,,,,,2,0,,,13,,14,,3,object,
zenotravel,p10.pddl,abs-fd,success,206.08641574904323,total,203.698481,0.161531,0.00263,0.146616,,0.011103,0.057142,0.247527,0.227314,,0.047517,,,0.080718,202.643844,,,valid,2,0,0,0,26,31,,1,3,object,
zenotravel,p10.pddl,fd-lmcut,success,12.998670756816864,total,10.882569,,,,,,,,,10.878895,,,,,,,,valid,,,,,,22,,,,,
zenotravel,p11.pddl,abs-asp,success,745.0873964242637,total,742.866994,0.160076,0.002483,0.155396,,0.009838,0.055969,0.272323,0.255713,,0.063499,0.064326,740.831195,,0.907951,,,valid,2,0,0,0,11,14,12,1,3,object,
zenotravel,p11.pddl,abs-fd,success,3.645095193758607,total,2.081969,0.158559,0.002586,0.154957,,0.010001,0.058188,0.241445,0.249368,,0.06286,,,0.077695,1.016893,,,valid,2,0,0,0,13,16,,1,3,object,
zenotravel,p11.pddl,fd-lmcut,success,4.4479015953838825,total,2.342961,,,,,,,,,2.339427,,,,,,,,valid,,,,,,14,,,,,
zenotravel,p13.pddl,abs-asp,timed out,1800.1239237263799,abstract_asp,,0.16420012339949608,0.0027210190892219543,0.16096875444054604,,0.01091969758272171,0.07041406631469727,0.2570815496146679,0.2639511749148369,,0.06482173874974251,0.06897593289613724,,,,,,,2,0,,,13,,14,,3,object,
zenotravel,p13.pddl,abs-fd,timed out,1800.131260793656,abstract_fd_search,,0.15637288242578506,0.0026340223848819733,0.14085595682263374,,0.01060393825173378,0.06994110718369484,0.2550102658569813,0.26173631474375725,,0.06483551114797592,,,0.08543683215975761,,,,,2,0,0,0,23,,,1,3,object,
zenotravel,p13.pddl,fd-lmcut,success,1256.6607451811433,total,1254.193469,,,,,,,,,1254.189107,,,,,,,,valid,,,,,,26,,,,,
zenotravel,p14.pddl,abs-asp,timed out,1800.0896556004882,abstract_asp,,0.16615408286452293,0.002743661403656006,0.30569981411099434,,0.01102430373430252,0.10798925906419754,0.6288266964256763,0.49325210601091385,,0.2659141533076763,0.21097242087125778,,,,,,,3,0,,,12,,13,,2,object,
zenotravel,p14.pddl,abs-fd,timed out,1800.1722459606826,abstract_fd_search,,0.15833385847508907,0.002768777310848236,0.28876099176704884,,0.011168092489242554,0.10712217167019844,0.6265752464532852,0.49648298136889935,,0.26191512681543827,,,0.11295959912240505,,,,,3,0,14,0,28,,,15,2,object,
zenotravel,p14.pddl,fd-lmcut,timed out,1800.1097784899175,,,,,,,,,,,,,,,,,,,,,,,,,,,,,,
zenotravel,p15.pddl,abs-asp,timed out,1800.1144402455539,abstract_asp,,0.16830311343073845,0.0028807595372200012,0.4115470591932535,,0.014253662899136543,0.18410375714302063,0.8264108300209045,0.2551172636449337,,0.38653820380568504,0.05230453237891197,,,,,,,6,0,,,17,,18,,5,object,
zenotravel,p15.pddl,abs-fd,timed out,1800.197073623538,abstract_fd_search,,0.1701614111661911,0.002795271575450897,0.42153017967939377,,0.01416873186826706,0.18272338062524796,0.8273251354694366,0.2559572905302048,,0.3867238685488701,,,0.08586950972676277,,,,,6,0,29,0,30,,,30,5,object,
zenotravel,p15.pddl,fd-lmcut,timed out,1800.1083205267787,,,,,,,,,,,,,,,,,,,,,,,,,,,,,,
zenotravel,p16.pddl,abs-asp,timed out,1800.1417902819812,abstract_asp,,0.17428956553339958,0.0030061714351177216,0.5123533830046654,,0.014614492654800415,0.20956672728061676,1.1124728359282017,0.7200860306620598,,0.5185439772903919,0.3465966321527958,,,,,,,3,0,,,12,,13,,4,object,
zenotravel,p16.pddl,abs-fd,timed out,1800.2120230104774,abstract_fd_search,,0.18322797678411007,0.003052081912755966,0.5288969874382019,,0.014655562117695808,0.22513345815241337,1.1194187887012959,0.721659392118454,,0.539712144061923,,,0.15883420407772064,,,,,3,0,0,0,40,,,1,4,object,
zenotravel,p16.pddl,fd-lmcut,timed out,1800.1114211827517,,,,,,,,,,,,,,,,,,,,,,,,,,,,,,
zenotravel,p17.pddl,abs-asp,timed out,1800.1372077018023,abstract_asp,,0.1830904670059681,0.003796309232711792,0.6391295082867146,,0.015487194061279297,0.2711406499147415,1.3646360151469707,1.1055032424628735,,0.6901123821735382,0.5312696881592274,,,,,,,3,0,,,11,,12,,3,object,
zenotravel,p17.pddl,abs-fd,timed out,1800.2967657539994,abstract_fd_search,,0.1743606999516487,0.0037804078310728073,0.6208532620221376,,0.015529798343777657,0.2720174044370651,1.332961829379201,1.1108768209815025,,0.6877656821161509,,,0.24982831440865993,,,,,3,0,37,0,60,,,38,3,object,
zenotravel,p17.pddl,fd-lmcut,timed out,1800.1087365671992,,,,,,,,,,,,,,,,,,,,,,,,,,,,,,
zenotravel,p19.pddl,abs-asp,timed out,1800.0646126456559,abstract_asp,,0.19034934788942337,0.0036015957593917847,0.9873289875686169,,0.026239003986120224,0.3634696714580059,2.1715985722839832,1.3969428651034832,,1.0903600081801414,0.7194288372993469,,,,,,,3,0,,,11,,12,,5,object,
zenotravel,p19.pddl,abs-fd,timed out,1800.4533504471183,abstract_fd_search,,0.19069914892315865,0.003562483936548233,0.9668785892426968,,0.024019192904233932,0.33879778906702995,2.1514552645385265,1.3741308525204659,,1.0682661831378937,,,0.3055015057325363,,,,,3,0,43,0,74,,,44,5,object,
zenotravel,p19.pddl,fd-lmcut,timed out,1800.084001429379,,,,,,,,,,,,,,,,,,,,,,,,,,,,,,
zenotravel,p20.pddl,abs-asp,timed out,1800.141687270254,abstract_asp,,0.19108090363442898,0.0034713558852672577,1.178729698061943,,0.022736428305506706,0.345807321369648,2.5894573219120502,1.3828255720436573,,1.2803077939897776,0.7235610540956259,,,,,,,3,0,,,11,,12,,7,object,
zenotravel,p20.pddl,abs-fd,timed out,1800.5006583742797,abstract_fd_search,,0.20724055729806423,0.0034300964325666428,1.1920901164412498,,0.022655317559838295,0.3604944832623005,2.6126581747084856,1.379163259640336,,1.3027853146195412,,,0.3277987539768219,,,,,3,0,73,0,78,,,74,7,object,
zenotravel,p20.pddl,fd-lmcut,timed out,1800.1095778159797,,,,,,,,,,,,,,,,,,,,,,,,,,,,,,
