domain,problem,mode,status,wall_time_seconds,last_completed_phase,total_seconds,problem_reading_seconds,pnf_translation_seconds,symmetry_discovery_seconds,abstraction_seconds,abstract_pddl_writing_seconds,concrete_fd_seconds,abstract_fd_seconds,concrete_asp_seconds,abstract_asp_seconds,abstract_solving_seconds,guided_concrete_solving_seconds,extended_concrete_solving_seconds,verdict,horizon,plan_length,relaxed_deletes,relaxed_inequalities,decrements,increments,abstract_horizon,final_horizon,abstract_solve_calls,concrete_solve_calls,abstracted_object_count,abstracted_object_type,error_message
agricola-sat18-strips,p01.pddl,abstract,interrupted,325.71992767229676,abstract_asp,,0.8352134712040424,0.6488102786242962,17.72247478738427,3.5164408050477505,0.43391821533441544,48.61890918388963,41.66168466955423,74.03676568716764,64.52036108076572,,,,,,,1,0,,,,,,,10,room,
agricola-sat18-strips,p01.pddl,concrete,interrupted,129.8022048547864,concrete_asp,,,,,,,43.81701684743166,,27.145174618810415,,,,,,,,,,,,,,,,,,
agricola-sat18-strips,p02.pddl,abstract,interrupted,367.6475947573781,abstract_asp,,0.8400699011981487,0.6388069950044155,21.12660238146782,3.641647107899189,0.4278758391737938,57.24846538156271,49.82985486462712,88.4638300165534,76.35845937952399,,,,,,,1,0,,,,,,,10,room,
agricola-sat18-strips,p02.pddl,concrete,interrupted,144.5843619555235,concrete_asp,,,,,,,52.23891419917345,,32.22511440142989,,,,,,,,,,,,,,,,,,
agricola-sat18-strips,p03.pddl,abstract,interrupted,418.7668329961598,abstract_asp,,0.8457185290753841,0.6543224193155766,24.977925345301628,3.5758668519556522,0.5368016287684441,68.1764179840684,59.04207708314061,106.09129379689693,91.88923386856914,,,,,,,1,0,,,,,,,10,room,
agricola-sat18-strips,p03.pddl,concrete,interrupted,151.81001335382462,concrete_asp,,,,,,,61.39708172157407,,39.16927606239915,,,,,,,,,,,,,,,,,,
agricola-sat18-strips,p04.pddl,abstract,interrupted,451.4168086796999,abstract_asp,,0.8649060521274805,0.65571104362607,27.765107337385416,3.627969354391098,0.53607627004385,73.03768887929618,66.5333168245852,112.09375982731581,97.39121161028743,,,,,,,1,0,,,,,,,10,room,
agricola-sat18-strips,p04.pddl,concrete,interrupted,158.12710717320442,concrete_asp,,,,,,,65.18394487723708,,42.867707807570696,,,,,,,,,,,,,,,,,,
agricola-sat18-strips,p05.pddl,abstract,interrupted,478.7689177468419,abstract_asp,,0.8646737784147263,0.6484208516776562,29.092312455177307,3.6079292073845863,0.5300720371305943,79.16334384679794,69.01530709117651,124.14587158337235,107.53683308511972,,,,,,,1,0,,,,,,,10,room,
agricola-sat18-strips,p05.pddl,concrete,interrupted,164.98233019560575,concrete_asp,,,,,,,71.01823564618826,,45.52379709482193,,,,,,,,,,,,,,,,,,
agricola-sat18-strips,p06.pddl,abstract,interrupted,499.90795484930277,abstract_asp,,0.8589862398803234,0.7513689436018467,30.78677998110652,3.664296790957451,0.4559694305062294,83.37073453143239,76.35911191254854,129.61175363138318,111.7671488262713,,,,,,,1,0,,,,,,,10,room,
agricola-sat18-strips,p06.pddl,concrete,interrupted,170.00968040898442,concrete_asp,,,,,,,75.94705697521567,,47.47729808092117,,,,,,,,,,,,,,,,,,
agricola-sat18-strips,p07.pddl,abstract,interrupted,531.3240858614445,abstract_asp,,0.8832971341907978,0.7454308904707432,34.14491565525532,3.7047915123403072,0.44276998192071915,89.03453883901238,80.08894217014313,141.3913445957005,123.70108260959387,,,,,,,1,0,,,,,,,10,room,
agricola-sat18-strips,p07.pddl,concrete,interrupted,179.90132067352533,concrete_asp,,,,,,,79.86264026537538,,51.88737219944596,,,,,,,,,,,,,,,,,,
agricola-sat18-strips,p08.pddl,abstract,interrupted,553.2592837326229,abstract_asp,,0.8967316448688507,0.7904838100075722,35.08226116746664,3.7818958684802055,0.45958445966243744,95.19027611240745,83.98983918130398,148.9217666387558,130.45490461960435,,,,,,,1,0,,,,,,,10,room,
agricola-sat18-strips,p08.pddl,concrete,interrupted,183.59573688264936,concrete_asp,,,,,,,85.94817827921361,,54.888047344982624,,,,,,,,,,,,,,,,,,
agricola-sat18-strips,p09.pddl,abstract,interrupted,308.60065303742886,abstract_asp,,0.6420686952769756,0.5611493736505508,28.607872147113085,2.7790188305079937,0.3321981690824032,74.6323647275567,69.49402844533324,53.77718624100089,44.90853890031576,,,,,,,1,0,,,,,,,10,room,
agricola-sat18-strips,p09.pddl,concrete,interrupted,192.59194230660796,concrete_asp,,,,,,,90.8360137231648,,58.43751234188676,,,,,,,,,,,,,,,,,,
agricola-sat18-strips,p10.pddl,abstract,interrupted,321.00231348350644,abstract_asp,,0.6460646651685238,0.5746756978332996,30.72457503899932,2.7499521933496,0.3464665897190571,80.07527458295226,71.43934732303023,56.133680287748575,46.754253067076206,,,,,,,1,0,,,,,,,10,room,
agricola-sat18-strips,p10.pddl,concrete,interrupted,197.12021311558783,concrete_asp,,,,,,,97.29789605550468,,61.527920396998525,,,,,,,,,,,,,,,,,,
agricola-sat18-strips,p11.pddl,abstract,timed out,1800.29381621629,abstract_asp,,0.722772017121315,0.3205236382782459,2.782521203160286,1.1275270096957684,0.2288489043712616,7.3703809678554535,7.036608599126339,11.520091369748116,10.80089869350195,,,,,,,1,0,,,60,,61,,5,room,
agricola-sat18-strips,p11.pddl,concrete,timed out,1800.305763527751,concrete_asp,,,,,,,6.64997847750783,,4.2884261682629585,,,,,,,,,,,,,59,,60,,,
agricola-sat18-strips,p12.pddl,abstract,timed out,1800.3384172469378,abstract_asp,,0.7208601012825966,0.30343807488679886,3.3315866626799107,1.1303469017148018,0.23181503638625145,9.03959334269166,8.5791260227561,14.139855578541756,13.2128446996212,,,,,,,1,0,,,65,,66,,5,room,
agricola-sat18-strips,p12.pddl,concrete,timed out,1800.353706665337,concrete_asp,,,,,,,8.163386553525925,,5.186056174337864,,,,,,,,,,,,,70,,71,,,
agricola-sat18-strips,p13.pddl,abstract,timed out,1800.2268985323608,abstract_asp,,0.7282287739217281,0.3097272589802742,3.987093348056078,1.1243128180503845,0.2404213584959507,11.00237176194787,10.415248308330774,17.28784015774727,16.172556847333908,,,,,,,1,0,,,51,,52,,5,room,
agricola-sat18-strips,p13.pddl,concrete,timed out,1800.3637734986842,concrete_asp,,,,,,,9.99173291027546,,6.454223360866308,,,,,,,,,,,,,71,,72,,,
agricola-sat18-strips,p14.pddl,abstract,timed out,1800.4237584099174,abstract_asp,,0.7276441119611263,0.3402785286307335,6.7437036000192165,1.2700328528881073,0.2661796100437641,17.566632002592087,16.51905433088541,28.126637049019337,25.716553322970867,,,,,,,1,0,,,51,,52,,6,room,
agricola-sat18-strips,p14.pddl,concrete,timed out,1800.4043350070715,concrete_asp,,,,,,,15.989053379744291,,10.40708090737462,,,,,,,,,,,,,51,,52,,,
agricola-sat18-strips,p15.pddl,abstract,timed out,1800.4245369508862,abstract_asp,,0.7333236299455166,0.3089873902499676,7.21466439217329,1.2990195900201797,0.2411772459745407,19.546118699014187,17.777808640152216,30.7559305280447,28.056203458458185,,,,,,,1,0,,,59,,60,,6,room,
agricola-sat18-strips,p15.pddl,concrete,timed out,1800.4670991748571,concrete_asp,,,,,,,17.735150266438723,,11.17422891408205,,,,,,,,,,,,,73,,74,,,
agricola-sat18-strips,p16.pddl,abstract,timed out,1800.5182004496455,abstract_asp,,0.7506995312869549,0.31460661068558693,8.099216170608997,1.2643519788980484,0.24573569744825363,21.560251779854298,19.896302863955498,33.377737291157246,30.497841518372297,,,,,,,1,0,,,59,,60,,6,room,
agricola-sat18-strips,p16.pddl,concrete,timed out,1800.4562766514719,concrete_asp,,,,,,,18.67301607504487,,12.205072682350874,,,,,,,,,,,,,56,,57,,,
agricola-sat18-strips,p17.pddl,abstract,timed out,1800.7073399163783,abstract_asp,,0.6625887826085091,0.2638901174068451,10.989783246070147,1.1285996735095978,0.20766149833798409,27.85957022756338,25.882998876273632,19.210371110588312,16.61365344002843,,,,,,,1,0,,,55,,56,,7,room,
agricola-sat18-strips,p17.pddl,concrete,timed out,1800.4950685435906,concrete_asp,,,,,,,27.874038658104837,,18.0816710293293,,,,,,,,,,,,,57,,58,,,
agricola-sat18-strips,p18.pddl,abstract,timed out,1800.7091120406985,abstract_asp,,0.7287474609911442,0.32465821877121925,12.350540719926357,1.3980353884398937,0.24672533199191093,33.74614666029811,30.355788256973028,52.71466762945056,47.60772259905934,,,,,,,1,0,,,59,,60,,7,room,
agricola-sat18-strips,p18.pddl,concrete,timed out,1800.687098145485,concrete_asp,,,,,,,30.515117678791285,,19.476603016257286,,,,,,,,,,,,,60,,61,,,
agricola-sat18-strips,p19.pddl,abstract,interrupted,1279.8259036801755,abstract_asp,,0.7557058222591877,0.34204237908124924,13.083952035754919,1.4489946812391281,0.26064247265458107,36.03194312751293,34.08992951735854,56.89707728847861,51.30023490637541,,,,,,,1,0,,,60,,61,,7,room,
agricola-sat18-strips,p19.pddl,concrete,interrupted,835.3862844444811,concrete_asp,,,,,,,32.402633499354124,,20.96834896504879,,,,,,,,,,,,,60,,61,,,
agricola-sat18-strips,p20.pddl,abstract,interrupted,909.3256582729518,abstract_asp,,0.7685172036290169,0.337967686355114,14.43826099485159,1.449029579758644,0.25360700860619545,38.471794944256544,35.170157082378864,59.741908088326454,54.07225274667144,,,,,,,1,0,,,57,,58,,7,room,
agricola-sat18-strips,p20.pddl,concrete,interrupted,746.9119156803936,concrete_asp,,,,,,,34.28418245539069,,22.0188232306391,,,,,,,,,,,,,58,,59,,,
airport,p01-airport1-p1.pddl,abstract,success,4.587399683892727,total,1.810377,0.694528,0.015849,0.189284,0.06662,0.093934,0.256705,0.222146,0.011517,0.009319,0.074002,0.105069,,,17,8,0,0,0,0,8,17,9,1,2,segment,
airport,p01-airport1-p1.pddl,concrete,success,3.0408059805631638,total,0.372566,,,,,,0.266004,,0.009845,,,0.078185,,,8,8,,,,,,8,,9,,,
airport,p02-airport1-p1.pddl,abstract,success,4.51614335924387,total,1.918853,0.736891,0.016254,0.1922,0.071382,0.0996,0.260389,0.226885,0.013957,0.011814,0.090916,0.134857,,,19,9,0,0,0,0,9,19,10,1,2,segment,
airport,p02-airport1-p1.pddl,concrete,success,2.1606358774006367,total,0.362978,,,,,,0.236978,,0.00697,,,0.100184,,,9,9,,,,,,9,,10,,,
airport,p03-airport1-p2.pddl,abstract,success,4.437992438673973,total,2.534733,0.758256,0.017763,0.171572,0.07961,0.128523,0.235466,0.233236,0.01741,0.016832,0.402341,0.391584,,,35,17,0,0,0,0,17,35,18,1,2,segment,
airport,p03-airport1-p2.pddl,concrete,success,2.4555196166038513,total,0.666259,,,,,,0.241178,,0.008767,,,0.399714,,,17,17,,,,,,17,,18,,,
airport,p04-airport2-p1.pddl,abstract,success,6.182796411216259,total,4.144065,1.806526,0.044893,0.259084,0.188153,0.263828,0.29313,0.291902,0.019224,0.018429,0.235474,0.61102,,,41,20,0,0,0,0,20,41,21,1,2,segment,
airport,p04-airport2-p1.pddl,concrete,success,2.4124349765479565,total,0.609482,,,,,,0.291203,,0.009684,,,0.29051,,,20,20,,,,,,20,,21,,,
airport,p05-airport2-p1.pddl,abstract,success,6.724050629884005,total,4.652074,1.926023,0.044325,0.270719,0.201252,0.264527,0.307218,0.325293,0.027102,0.026154,0.358955,0.775612,,,43,21,0,0,0,0,21,43,22,1,2,segment,
airport,p05-airport2-p1.pddl,concrete,success,2.55959514901042,total,0.753804,,,,,,0.304143,,0.012456,,,0.416728,,,21,21,,,,,,21,,22,,,
airport,p06-airport2-p2.pddl,abstract,success,133.64324788749218,total,130.780366,1.963445,0.047955,0.303834,0.223525,0.281975,0.361062,0.347828,0.042609,0.039721,124.073752,2.924905,,,83,41,0,0,0,0,41,83,42,1,2,segment,
airport,p06-airport2-p2.pddl,concrete,success,153.18841820955276,total,151.406862,,,,,,0.330565,,0.01842,,,151.031354,,,41,41,,,,,,41,,42,,,
airport,p07-airport2-p2.pddl,abstract,success,132.89172901585698,total,130.78334,1.930125,0.047691,0.278778,0.203002,0.283827,0.33169,0.331086,0.041333,0.040247,124.255514,2.873058,,,83,41,0,0,0,0,41,83,42,1,2,segment,
airport,p07-airport2-p2.pddl,concrete,success,121.81632617488503,total,119.826777,,,,,,0.325489,,0.017761,,,119.46875,,,41,41,,,,,,41,,42,,,
airport,p08-airport2-p3.pddl,abstract,success,20.081942077726126,total,17.93804,2.023885,0.0517,0.298054,0.208698,0.248796,0.371209,0.287639,0.065914,0.025805,9.842014,4.313559,,,83,62,334,0,3,0,41,83,42,1,2,airplane,
airport,p08-airport2-p3.pddl,concrete,timed out,1800.1642627045512,concrete_asp,,,,,,,0.37907523661851883,,0.028283335268497467,,,,,,,,,,,,,46,,47,,,
airport,p09-airport2-p4.pddl,abstract,timed out,1800.1615839265287,abstract_asp,,1.9157202243804932,0.04373570904135704,0.3515014499425888,0.1821896769106388,0.22913378477096558,0.4379323907196522,0.3071965128183365,0.03979773074388504,0.014864355325698853,,,,,,,334,0,,,47,,48,,2,airplane,
airport,p09-airport2-p4.pddl,concrete,timed out,1800.1151484251022,concrete_asp,,,,,,,0.31555965170264244,,0.029065649956464767,,,,,,,,,,,,,48,,49,,,
airport,p10-airport3-p1.pddl,abstract,success,6.74267340451479,total,4.625457,2.105089,0.051998,0.288564,0.225465,0.307177,0.312363,0.31044,0.022443,0.021781,0.236542,0.612321,,,37,18,0,0,0,0,18,37,19,1,2,segment,
airport,p10-airport3-p1.pddl,concrete,success,2.4713034629821777,total,0.647785,,,,,,0.319322,,0.010944,,,0.295703,,,18,18,,,,,,18,,19,,,
airport,p11-airport3-p1.pddl,abstract,success,7.396558195352554,total,5.261232,2.213261,0.055102,0.300529,0.235906,0.342703,0.324335,0.322869,0.031237,0.030351,0.398116,0.868301,,,43,21,0,0,0,0,21,43,22,1,2,segment,
airport,p11-airport3-p1.pddl,concrete,success,4.056807542219758,total,0.935177,,,,,,0.387326,,0.022174,,,0.502335,,,21,21,,,,,,21,,22,,,
airport,p12-airport3-p2.pddl,abstract,success,127.08267572149634,total,124.915139,2.222064,0.058337,0.309005,0.25043,0.367812,0.370691,0.352911,0.048193,0.046495,117.651328,3.049815,,,79,39,0,0,0,0,39,79,40,1,2,segment,
airport,p12-airport3-p2.pddl,concrete,success,161.8359462376684,total,159.888002,,,,,,0.366212,,0.021071,,,159.475813,,,39,39,,,,,,39,,40,,,
airport,p13-airport3-p2.pddl,abstract,success,117.41862097382545,total,114.413721,1.966506,0.048036,0.328022,0.202665,0.288029,0.378019,0.337348,0.024259,0.020481,107.713625,2.90939,,,75,37,0,0,0,0,37,75,38,1,2,segment,
airport,p13-airport3-p2.pddl,concrete,success,119.92942000553012,total,118.080054,,,,,,0.380787,,0.020643,,,117.65221,,,37,37,,,,,,37,,38,,,
airport,p14-airport3-p3.pddl,abstract,success,20.70325965806842,total,17.760912,2.436098,0.060514,0.363613,0.253631,0.288604,0.45945,0.292674,0.078706,0.02854,8.829449,4.463277,,,79,60,406,0,1,0,39,79,40,1,2,airplane,
airport,p14-airport3-p3.pddl,concrete,timed out,1800.1217215806246,concrete_asp,,,,,,,0.4652121923863888,,0.034945495426654816,,,,,,,,,,,,,45,,46,,,
airport,p15-airport3-p3.pddl,abstract,success,17.895614381879568,total,15.049466,2.514723,0.061397,0.366331,0.253248,0.29912,0.4512,0.290601,0.079229,0.029109,6.340505,4.152519,,,75,58,409,0,1,0,37,75,38,1,2,airplane,
airport,p15-airport3-p3.pddl,concrete,timed out,1800.0549544105306,concrete_asp,,,,,,,0.41390321776270866,,0.032642814330756664,,,,,,,,,,,,,44,,45,,,
airport,p16-airport3-p4.pddl,abstract,timed out,1800.1324481889606,abstract_solving,,2.612459145486355,0.06453338637948036,0.395991962403059,0.29476819187402725,0.30269844457507133,0.48882969096302986,0.29265448823571205,0.11227958649396896,0.029310796409845352,5.2612533532083035,,,,,,416,0,0,0,37,75,38,1,3,airplane,
airport,p16-airport3-p4.pddl,concrete,timed out,1800.1809994354844,concrete_asp,,,,,,,0.5065693110227585,,0.04798373579978943,,,,,,,,,,,,,47,,48,,,
airport,p18-airport3-p6.pddl,abstract,timed out,1800.049148015678,abstract_asp,,2.8011850751936436,0.07032206654548645,0.4358937181532383,0.3853647708892822,0.3398793637752533,0.6154084391891956,0.31522370502352715,0.17452162876725197,0.03847777098417282,,,,,,,423,0,,,44,,45,,4,airplane,
airport,p18-airport3-p6.pddl,concrete,timed out,1800.0884969811887,concrete_asp,,,,,,,0.5846959250047803,,0.06883504427969456,,,,,,,,,,,,,49,,50,,,
airport,p19-airport3-p6.pddl,abstract,timed out,1800.120141852647,abstract_asp,,2.736301977187395,0.06592845544219017,0.3830483630299568,0.3255782052874565,0.3314850702881813,0.5194291286170483,0.31894490122795105,0.12927547097206116,0.03271811082959175,,,,,,,406,0,,,45,,46,,3,airplane,
airport,p19-airport3-p6.pddl,concrete,timed out,1800.11745140329,concrete_asp,,,,,,,0.4211127758026123,,0.06018481031060219,,,,,,,,,,,,,53,,54,,,
airport,p20-airport3-p7.pddl,abstract,timed out,1800.1197001114488,abstract_asp,,2.945198215544224,0.07132741063833237,0.43103909119963646,0.3870232477784157,0.3526410758495331,0.6439039409160614,0.33897513151168823,0.19965893402695656,0.04679768159985542,,,,,,,423,0,,,46,,47,,4,airplane,
airport,p20-airport3-p7.pddl,concrete,timed out,1800.158103119582,concrete_asp,,,,,,,0.6854886189103127,,0.08033447712659836,,,,,,,,,,,,,48,,49,,,
barman-sat14-strips,p1-11-4-15.pddl,abstract,timed out,1800.1254418455064,abstract_asp,,0.3861878514289856,0.0061248354613780975,0.2903820164501667,0.02340862527489662,0.06045405566692352,0.6029580198228359,0.38846558704972267,0.5585780777037144,0.26987555995583534,,,,,,,2,0,,,35,,36,,2,hand,
barman-sat14-strips,p1-11-4-15.pddl,concrete,timed out,1800.132559824735,concrete_asp,,,,,,,0.5219207406044006,,0.21089915931224823,,,,,,,,,,,,,41,,42,,,
barman-sat14-strips,p1-11-5-15.pddl,abstract,timed out,1800.1231683082879,abstract_asp,,0.3432723777368665,0.005264699459075928,0.2815374778583646,0.02011767402291298,0.05132382549345493,0.5967760588973761,0.38400004617869854,0.2535147788003087,0.11711630504578352,,,,,,,2,0,,,32,,33,,2,hand,
barman-sat14-strips,p1-11-5-15.pddl,concrete,timed out,1800.1295880936086,concrete_asp,,,,,,,0.4968326985836029,,0.2033231444656849,,,,,,,,,,,,,43,,44,,,
barman-sat14-strips,p1-11-5-16.pddl,abstract,timed out,1800.1246031410992,abstract_asp,,0.31130772083997726,0.0051719918847084045,0.27481841295957565,0.019747454673051834,0.05757872760295868,0.5725926607847214,0.36462219059467316,0.2507285997271538,0.11658397316932678,,,,,,,2,0,,,36,,37,,2,hand,
barman-sat14-strips,p1-11-5-16.pddl,concrete,timed out,1800.1316850399598,concrete_asp,,,,,,,0.6583289997652173,,0.2524801203981042,,,,,,,,,,,,,39,,40,,,
barman-sat14-strips,p2-10-4-13.pddl,abstract,timed out,1800.1891219066456,abstract_asp,,0.3342792456969619,0.005962732248008251,0.2346033463254571,0.019191863015294075,0.04721005167812109,0.47449823189526796,0.34777472261339426,0.18558485247194767,0.1564345769584179,,,,,,,2,0,,,36,,37,,2,hand,
barman-sat14-strips,p2-10-4-13.pddl,concrete,timed out,1800.1288538835943,concrete_asp,,,,,,,0.5304678454995155,,0.17731572315096855,,,,,,,,,,,,,44,,45,,,
barman-sat14-strips,p2-11-4-15.pddl,abstract,timed out,1800.159126777202,abstract_asp,,0.27877046167850494,0.0046677738428115845,0.21748754009604454,0.017518457025289536,0.04494306445121765,0.4588545747101307,0.29689109697937965,0.18941781297326088,0.08851727470755577,,,,,,,2,0,,,35,,36,,2,hand,
barman-sat14-strips,p2-11-4-15.pddl,concrete,timed out,1800.1279907524586,concrete_asp,,,,,,,0.5415956862270832,,0.20826134085655212,,,,,,,,,,,,,38,,39,,,
barman-sat14-strips,p2-11-5-15.pddl,abstract,timed out,1800.1233851127326,abstract_asp,,0.3881921172142029,0.006062023341655731,0.3051007352769375,0.02371206507086754,0.061760593205690384,0.6541959010064602,0.4120688885450363,0.6308107823133469,0.3038705177605152,,,,,,,2,0,,,35,,36,,2,hand,
barman-sat14-strips,p2-11-5-15.pddl,concrete,timed out,1800.139049881138,concrete_asp,,,,,,,0.590037670917809,,0.23351912293583155,,,,,,,,,,,,,44,,45,,,
barman-sat14-strips,p2-11-5-16.pddl,abstract,timed out,1800.1526759937406,abstract_asp,,0.37701326981186867,0.006131578236818314,0.28533802554011345,0.023719139397144318,0.06840960308909416,0.6406099870800972,0.42670367658138275,0.6865676902234554,0.321488905698061,,,,,,,2,0,,,32,,33,,2,hand,
barman-sat14-strips,p2-11-5-16.pddl,concrete,timed out,1800.1389148123562,concrete_asp,,,,,,,0.5927934795618057,,0.24913173913955688,,,,,,,,,,,,,40,,41,,,
barman-sat14-strips,p2-11-5-17.pddl,abstract,timed out,1800.1321895755827,abstract_asp,,0.35391057282686234,0.005810961127281189,0.31040285527706146,0.02135368436574936,0.058410659432411194,0.6535336300730705,0.4806704595685005,0.28829727694392204,0.15359235554933548,,,,,,,11,0,,,34,,35,,3,shot,
barman-sat14-strips,p2-11-5-17.pddl,concrete,timed out,1800.137445230037,concrete_asp,,,,,,,0.6156784482300282,,0.2703956514596939,,,,,,,,,,,,,44,,45,,,
barman-sat14-strips,p3-10-4-13.pddl,abstract,timed out,1800.1522722654045,abstract_asp,,0.3725181445479393,0.006877433508634567,0.26892003044486046,0.022142376750707626,0.055500201880931854,0.5327949747443199,0.3483458124101162,0.46450767666101456,0.2255360521376133,,,,,,,2,0,,,34,,35,,2,hand,
barman-sat14-strips,p3-10-4-13.pddl,concrete,timed out,1800.133214250207,concrete_asp,,,,,,,0.48979345336556435,,0.17438830435276031,,,,,,,,,,,,,41,,42,,,
barman-sat14-strips,p3-11-4-15.pddl,abstract,timed out,1800.1458304412663,abstract_asp,,0.3080497719347477,0.0051209814846515656,0.23981311544775963,0.01899111270904541,0.04976038634777069,0.5021438039839268,0.32762129232287407,0.20865901559591293,0.096320990473032,,,,,,,2,0,,,35,,36,,2,hand,
barman-sat14-strips,p3-11-4-15.pddl,concrete,timed out,1800.128935456276,concrete_asp,,,,,,,0.5443763993680477,,0.21304094046354294,,,,,,,,,,,,,41,,42,,,
barman-sat14-strips,p3-11-5-15.pddl,abstract,timed out,1800.144151771441,abstract_asp,,0.3041757307946682,0.005104551091790199,0.24291191343218088,0.019409718923270702,0.05072634853422642,0.5308833243325353,0.34397667460143566,0.23423543199896812,0.10948419477790594,,,,,,,2,0,,,32,,33,,2,hand,
barman-sat14-strips,p3-11-5-15.pddl,concrete,timed out,1800.136482863687,concrete_asp,,,,,,,0.6056988006457686,,0.23754793778061867,,,,,,,,,,,,,43,,44,,,
barman-sat14-strips,p3-11-5-16.pddl,abstract,timed out,1800.1834440790117,abstract_asp,,0.3516596741974354,0.005271404981613159,0.31662461161613464,0.020703841000795364,0.05618416890501976,0.6696262843906879,0.46953555569052696,0.2716800533235073,0.1444895677268505,,,,,,,11,0,,,33,,34,,3,shot,
barman-sat14-strips,p3-11-5-16.pddl,concrete,timed out,1800.1348209790885,concrete_asp,,,,,,,0.6366769038140774,,0.25142212212085724,,,,,,,,,,,,,43,,44,,,
barman-sat14-strips,p3-11-5-17.pddl,abstract,timed out,1800.125170532614,abstract_asp,,0.39151090756058693,0.006673205643892288,0.3258340209722519,0.025484759360551834,0.06906932964920998,0.7313967868685722,0.5207767449319363,0.7153726145625114,0.40789182111620903,,,,,,,11,0,,,32,,33,,3,shot,
barman-sat14-strips,p3-11-5-17.pddl,concrete,timed out,1800.133352138102,concrete_asp,,,,,,,0.6647870950400829,,0.26832618564367294,,,,,,,,,,,,,38,,39,,,
barman-sat14-strips,p4-11-4-14.pddl,abstract,timed out,1800.1206788495183,abstract_asp,,0.38325196877121925,0.006568584591150284,0.28313834965229034,0.023322749882936478,0.059406381100416183,0.6025397777557373,0.3766878545284271,0.5196161828935146,0.2501390390098095,,,,,,,2,0,,,33,,34,,2,hand,
barman-sat14-strips,p4-11-4-14.pddl,concrete,timed out,1800.130809750408,concrete_asp,,,,,,,0.5357980690896511,,0.19632479175925255,,,,,,,,,,,,,46,,47,,,
barman-sat14-strips,p4-11-4-15.pddl,abstract,timed out,1800.123278040439,abstract_asp,,0.37333595007658005,0.006093613803386688,0.2586028538644314,0.023587271571159363,0.06002359092235565,0.5611901246011257,0.38520297408103943,0.5572820901870728,0.27382876724004745,,,,,,,2,0,,,33,,34,,2,hand,
barman-sat14-strips,p4-11-4-15.pddl,concrete,timed out,1800.133562002331,concrete_asp,,,,,,,0.6114968955516815,,0.21494590491056442,,,,,,,,,,,,,43,,44,,,
barman-sat14-strips,p4-11-5-15.pddl,abstract,timed out,1800.1542991250753,abstract_asp,,0.38603247702121735,0.006179098039865494,0.30251552537083626,0.023777395486831665,0.0631483681499958,0.6523621454834938,0.41480518132448196,0.6298304721713066,0.3031742498278618,,,,,,,2,0,,,36,,37,,2,hand,
barman-sat14-strips,p4-11-5-15.pddl,concrete,timed out,1800.1351689696312,concrete_asp,,,,,,,0.6211315840482712,,0.2354782447218895,,,,,,,,,,,,,41,,42,,,
barman-sat14-strips,p5-10-4-13.pddl,abstract,timed out,1800.1900090426207,abstract_asp,,0.34983814507722855,0.005620192736387253,0.25136521458625793,0.018801048398017883,0.04625304415822029,0.5062278062105179,0.3638165779411793,0.18692263215780258,0.15456434339284897,,,,,,,2,0,,,36,,37,,2,hand,
barman-sat14-strips,p5-10-4-13.pddl,concrete,timed out,1800.0711708404124,concrete_asp,,,,,,,0.5534251146018505,,0.1773325800895691,,,,,,,,,,,,,44,,45,,,
barman-sat14-strips,p5-11-4-15.pddl,abstract,timed out,1800.122061252594,abstract_asp,,0.3880345784127712,0.006068654358386993,0.28394796699285507,0.0234367735683918,0.06005892530083656,0.5940087176859379,0.3942789137363434,0.5569410659372807,0.2697230540215969,,,,,,,2,0,,,36,,37,,2,hand,
barman-sat14-strips,p5-11-4-15.pddl,concrete,timed out,1800.1325854696333,concrete_asp,,,,,,,0.5619135648012161,,0.21269257366657257,,,,,,,,,,,,,40,,41,,,
barman-sat14-strips,p5-11-5-15.pddl,abstract,timed out,1800.1032123938203,abstract_asp,,0.3894195333123207,0.006022650748491287,0.30695818178355694,0.023632176220417023,0.06158151663839817,0.6688830871134996,0.41188377887010574,0.6346439514309168,0.3035105913877487,,,,,,,2,0,,,35,,36,,2,hand,
barman-sat14-strips,p5-11-5-15.pddl,concrete,timed out,1800.2021720670164,concrete_asp,,,,,,,0.6283399984240532,,0.23743915185332298,,,,,,,,,,,,,43,,44,,,
barman-sat14-strips,p5-11-5-16.pddl,abstract,timed out,1800.1456449329853,abstract_asp,,0.3071451969444752,0.005095712840557098,0.2593494690954685,0.019405148923397064,0.056532055139541626,0.5802994482219219,0.35792072862386703,0.2516122832894325,0.1274167187511921,,,,,,,2,0,,,34,,35,,2,hand,
barman-sat14-strips,p5-11-5-16.pddl,concrete,timed out,1800.1368274725974,concrete_asp,,,,,,,0.6536323092877865,,0.25116950646042824,,,,,,,,,,,,,41,,42,,,
childsnack-sat14-strips,child-snack_pfile05-2.pddl,abstract,timed out,1800.0480847135186,abstract_solving,,0.24608487263321877,0.003009974956512451,0.22955622524023056,0.02718307450413704,0.022058140486478806,0.4374697729945183,0.20618991553783417,0.2908906824886799,0.025810088962316513,16.31669171154499,,,,,,5,0,0,0,15,31,16,1,13,sandwich,
childsnack-sat14-strips,child-snack_pfile05-2.pddl,concrete,timed out,1800.1211907826364,concrete_asp,,,,,,,0.45240015536546707,,0.11531917378306389,,,,,,,,,,,,,12,,13,,,
childsnack-sat14-strips,child-snack_pfile05.pddl,abstract,timed out,1800.0777676030993,abstract_solving,,0.1984146311879158,0.0027263611555099487,0.2094672955572605,0.022983159869909286,0.019222591072320938,0.40256885439157486,0.20559680461883545,0.12114190310239792,0.011790644377470016,28.10275322571397,,,,,,5,0,0,0,15,31,16,1,13,sandwich,
childsnack-sat14-strips,child-snack_pfile05.pddl,concrete,timed out,1800.1187561415136,concrete_asp,,,,,,,0.43672819808125496,,0.1170961782336235,,,,,,,,,,,,,12,,13,,,
childsnack-sat14-strips,child-snack_pfile06-2.pddl,abstract,timed out,1800.1263151876628,abstract_solving,,0.1877884492278099,0.002738676965236664,0.19731455296278,0.026442524045705795,0.019486013799905777,0.4153599925339222,0.20428908616304398,0.1548294946551323,0.013110049068927765,109.96258713677526,,,,,,5,0,0,0,16,33,17,1,15,sandwich,
childsnack-sat14-strips,child-snack_pfile06-2.pddl,concrete,timed out,1800.1233919151127,concrete_asp,,,,,,,0.44360874593257904,,0.1499205082654953,,,,,,,,,,,,,12,,13,,,
childsnack-sat14-strips,child-snack_pfile07-2.pddl,abstract,timed out,1800.1363773681223,abstract_solving,,0.20668720453977585,0.00279930979013443,0.23833484947681427,0.029423363506793976,0.020188041031360626,0.501134529709816,0.20609021559357643,0.19569364190101624,0.014396775513887405,607.9476374611259,,,,,,5,0,0,0,17,35,18,1,16,sandwich,
childsnack-sat14-strips,child-snack_pfile07-2.pddl,concrete,timed out,1800.1226668134332,concrete_asp,,,,,,,0.5799000337719917,,0.1847289688885212,,,,,,,,,,,,,11,,12,,,
childsnack-sat14-strips,child-snack_pfile08-2.pddl,abstract,timed out,1800.1156463883817,abstract_asp,,0.2580532692372799,0.0031620897352695465,0.2942816764116287,0.038644082844257355,0.024473022669553757,0.6369562447071075,0.22445005178451538,0.6012692749500275,0.0370587557554245,,,,,,,5,0,,,17,,18,,17,sandwich,
childsnack-sat14-strips,child-snack_pfile08-2.pddl,concrete,timed out,1800.1371168904006,concrete_asp,,,,,,,0.6450148038566113,,0.6558863893151283,,,,,,,,,,,,,12,,13,,,
childsnack-sat14-strips,child-snack_pfile08.pddl,abstract,timed out,1800.1146479249,abstract_asp,,0.2520906701683998,0.003182739019393921,0.2746817506849766,0.038955751806497574,0.02455538511276245,0.6347487047314644,0.2131873406469822,0.6228870488703251,0.03699883818626404,,,,,,,5,0,,,17,,18,,17,sandwich,
childsnack-sat14-strips,child-snack_pfile08.pddl,concrete,timed out,1800.1242202036083,concrete_asp,,,,,,,0.5529491603374481,,0.2278687208890915,,,,,,,,,,,,,11,,12,,,
childsnack-sat14-strips,child-snack_pfile09-2.pddl,abstract,timed out,1800.116521395743,abstract_asp,,0.2605387270450592,0.003247614949941635,0.324055727571249,0.043289780616760254,0.025923144072294235,0.7401421181857586,0.21580227091908455,0.7587545439600945,0.04090886563062668,,,,,,,5,0,,,17,,18,,19,sandwich,
childsnack-sat14-strips,child-snack_pfile09-2.pddl,concrete,timed out,1800.1277889795601,concrete_asp,,,,,,,0.702171090990305,,0.29971081018447876,,,,,,,,,,,,,11,,12,,,
childsnack-sat14-strips,child-snack_pfile09.pddl,abstract,timed out,1800.1128206290305,abstract_asp,,0.26256853342056274,0.003246534615755081,0.332930002361536,0.043605878949165344,0.026111792773008347,0.7445084154605865,0.21570543199777603,0.7571806162595749,0.04113826900720596,,,,,,,5,0,,,18,,19,,19,sandwich,
childsnack-sat14-strips,child-snack_pfile09.pddl,concrete,timed out,1800.1247734744102,concrete_asp,,,,,,,0.6560941655188799,,0.30114697851240635,,,,,,,,,,,,,11,,12,,,
childsnack-sat14-strips,child-snack_pfile10-2.pddl,abstract,timed out,1800.1126423627138,abstract_asp,,0.2677478529512882,0.0033156760036945343,0.36035651341080666,0.04885350167751312,0.02660243958234787,0.9048160091042519,0.22070962190628052,0.9256285838782787,0.04633881896734238,,,,,,,5,0,,,18,,19,,20,sandwich,
childsnack-sat14-strips,child-snack_pfile10-2.pddl,concrete,timed out,1800.12716896832,concrete_asp,,,,,,,0.8069551736116409,,0.36209811642766,,,,,,,,,,,,,11,,12,,,
childsnack-sat14-strips,child-snack_pfile10.pddl,abstract,timed out,1800.1114220917225,abstract_asp,,0.20154650509357452,0.002815842628479004,0.29648787155747414,0.03992706909775734,0.02175845205783844,0.749753512442112,0.1841975934803486,0.3492472916841507,0.017986007034778595,,,,,,,5,0,,,17,,18,,20,sandwich,
childsnack-sat14-strips,child-snack_pfile10.pddl,concrete,timed out,1800.1219072397798,concrete_asp,,,,,,,0.7865430125966668,,0.34714923799037933,,,,,,,,,,,,,11,,12,,,
childsnack-sat14-strips,child-snack_pfile11-2.pddl,abstract,timed out,1800.1123961918056,abstract_asp,,0.1867028847336769,0.0026270002126693726,0.3174523338675499,0.03892519325017929,0.020755644887685776,0.822895061224699,0.18223494291305542,0.39502642303705215,0.019438475370407104,,,,,,,5,0,,,18,,19,,21,sandwich,
childsnack-sat14-strips,child-snack_pfile11-2.pddl,concrete,timed out,1800.1279755197465,concrete_asp,,,,,,,0.877701104618609,,0.4046556791290641,,,,,,,,,,,,,11,,12,,,
childsnack-sat14-strips,child-snack_pfile11.pddl,abstract,timed out,1800.1133144143969,abstract_asp,,0.2718830984085798,0.003395136445760727,0.3934767562896013,0.052811190485954285,0.027586961165070534,0.9876720402389765,0.22422467172145844,1.079866522923112,0.05078723654150963,,,,,,,5,0,,,17,,18,,21,sandwich,
childsnack-sat14-strips,child-snack_pfile11.pddl,concrete,timed out,1800.1378283910453,concrete_asp,,,,,,,0.8671066276729107,,0.40485014487057924,,,,,,,,,,,,,11,,12,,,
childsnack-sat14-strips,child-snack_pfile12.pddl,abstract,timed out,1800.1351326964796,abstract_asp,,0.20503326132893562,0.0029371753334999084,0.38615524768829346,0.04768894240260124,0.02380768582224846,0.9434333145618439,0.1833813525736332,0.5207607001066208,0.021953225135803223,,,,,,,5,0,,,17,,18,,23,sandwich,
childsnack-sat14-strips,child-snack_pfile12.pddl,concrete,timed out,1800.131724115461,concrete_asp,,,,,,,1.0265604443848133,,0.5152181722223759,,,,,,,,,,,,,10,,11,,,
childsnack-sat14-strips,child-snack_pfile13-2.pddl,abstract,timed out,1800.1163056120276,abstract_asp,,0.19507616758346558,0.0027664899826049805,0.40840287506580353,0.04802943021059036,0.024792224168777466,1.0563650391995907,0.19378221780061722,1.263700284063816,0.022583656013011932,,,,,,,5,0,,,17,,18,,24,sandwich,
childsnack-sat14-strips,child-snack_pfile13-2.pddl,concrete,timed out,1800.1485243216157,concrete_asp,,,,,,,1.2546811550855637,,1.1608969904482365,,,,,,,,,,,,,10,,11,,,
childsnack-sat14-strips,child-snack_pfile13.pddl,abstract,timed out,1800.1173026356846,abstract_asp,,0.22872616164386272,0.003079662099480629,0.4866585647687316,0.05276763718575239,0.024807157926261425,1.2500430438667536,0.22636243142187595,0.6594831645488739,0.026441870257258415,,,,,,,5,0,,,18,,19,,24,sandwich,
childsnack-sat14-strips,child-snack_pfile13.pddl,concrete,timed out,1800.129770308733,concrete_asp,,,,,,,1.1730712167918682,,0.5201652869582176,,,,,,,,,,,,,11,,12,,,
childsnack-sat14-strips,child-snack_pfile14.pddl,abstract,timed out,1800.1168380603194,abstract_asp,,0.28153426572680473,0.003575623035430908,0.580881591886282,0.06787078455090523,0.03517485782504082,1.6073006801307201,0.2372371219098568,1.8025868609547615,0.06904105097055435,,,,,,,5,0,,,17,,18,,25,sandwich,
childsnack-sat14-strips,child-snack_pfile14.pddl,concrete,timed out,1800.1354296728969,concrete_asp,,,,,,,1.4194908775389194,,0.6951354891061783,,,,,,,,,,,,,10,,11,,,
childsnack-sat14-strips,child-snack_pfile15-2.pddl,abstract,timed out,1800.1152241323143,abstract_asp,,0.2805219106376171,0.003656931221485138,0.6319512687623501,0.07355129905045033,0.09499899297952652,1.7539721131324768,0.25922062806785107,2.1203569062054157,0.0774785503745079,,,,,,,5,0,,,17,,18,,26,sandwich,
childsnack-sat14-strips,child-snack_pfile15-2.pddl,concrete,timed out,1800.1405048072338,concrete_asp,,,,,,,1.5336752459406853,,0.8077584207057953,,,,,,,,,,,,,10,,11,,,
childsnack-sat14-strips,child-snack_pfile16-2.pddl,abstract,timed out,1800.1179142966866,abstract_asp,,0.2904738411307335,0.0037135742604732513,0.725075539201498,0.08024678751826286,0.09144213795661926,2.1362744569778442,0.2461475320160389,2.480864714831114,0.08289910107851028,,,,,,,5,0,,,17,,18,,28,sandwich,
childsnack-sat14-strips,child-snack_pfile16-2.pddl,concrete,timed out,1800.141348015517,concrete_asp,,,,,,,1.8543984442949295,,0.9375453377142549,,,,,,,,,,,,,10,,11,,,
childsnack-sat14-strips,child-snack_pfile19-2.pddl,abstract,timed out,1800.1215154640377,abstract_asp,,0.3226053863763809,0.00337943434715271,0.922447856515646,0.08313259854912758,0.02956373617053032,2.6819330714643,0.25457360595464706,1.4560576789081097,0.04038401320576668,,,,,,,5,0,,,17,,18,,32,sandwich,
childsnack-sat14-strips,child-snack_pfile19-2.pddl,concrete,timed out,1800.1550671644509,concrete_asp,,,,,,,2.721410572528839,,1.9702266566455364,,,,,,,,,,,,,10,,11,,,
childsnack-sat14-strips,child-snack_pfile19.pddl,abstract,timed out,1800.1406042911112,abstract_asp,,0.36409153416752815,0.0038703829050064087,1.02164988219738,0.10196393728256226,0.03573048487305641,2.967687204480171,0.26241767778992653,3.5958168916404247,0.10304513201117516,,,,,,,5,0,,,17,,18,,32,sandwich,
childsnack-sat14-strips,child-snack_pfile19.pddl,concrete,timed out,1800.1616872474551,concrete_asp,,,,,,,2.687269888818264,,1.370309878140688,,,,,,,,,,,,,9,,10,,,
depot,p02.pddl,abstract,success,4.3298790864646435,total,2.268909,0.175422,0.00265,0.12765,0.011572,0.035776,0.207864,0.178885,0.017446,0.014021,0.100933,0.529856,0.818027,,15,15,2,0,6,2,6,15,7,3,3,object,
depot,p02.pddl,concrete,success,4.856424685567617,total,1.944296,,,,,,0.305376,,0.019793,,,1.600503,,,15,15,,,,,,15,,16,,,
depot,p04.pddl,abstract,success,54.9499859623611,total,53.426212,0.17636,0.002757,0.127541,0.013913,0.049862,0.232078,0.225813,0.04376,0.036284,47.602068,4.84522,,,31,31,2,0,10,0,15,31,16,1,3,object,
depot,p04.pddl,concrete,timed out,1800.1244469247758,concrete_asp,,,,,,,0.27512696012854576,,0.044904693961143494,,,,,,,,,,,,,27,,28,,,
depot,p08.pddl,abstract,timed out,1800.116864144802,abstract_asp,,0.2449963390827179,0.0034139640629291534,0.17950355634093285,0.018401656299829483,0.08973545953631401,0.3446066938340664,0.2739161290228367,0.19571088999509811,0.09961368143558502,,,,,,,7,0,,,20,,21,,3,object,
depot,p08.pddl,concrete,timed out,1800.1240987703204,concrete_asp,,,,,,,0.3809237368404865,,0.07852382585406303,,,,,,,,,,,,,23,,24,,,
depot,p09.pddl,abstract,timed out,1800.1313630342484,abstract_asp,,0.26347967982292175,0.0038149654865264893,0.24528023228049278,0.023061491549015045,0.1904085986316204,0.5073636174201965,0.47648410871624947,0.41181446611881256,0.33146070688962936,,,,,,,2,0,,,20,,21,,3,object,
depot,p09.pddl,concrete,timed out,1800.0454354733229,concrete_asp,,,,,,,0.5510228537023067,,0.1489260122179985,,,,,,,,,,,,,30,,31,,,
depot,p16.pddl,abstract,timed out,1800.1263421177864,abstract_solving,,0.2620053179562092,0.003280390053987503,0.23304807394742966,0.029309328645467758,0.09878667443990707,0.44396860525012016,0.2966139279305935,0.27291708439588547,0.1305556856095791,4.389390736818314,,,,,,4,0,0,0,11,23,12,1,8,object,
depot,p16.pddl,concrete,timed out,1800.1185020171106,concrete_asp,,,,,,,0.3363114073872566,,0.09046369045972824,,,,,,,,,,,,,19,,20,,,
depot,p17.pddl,abstract,success,84.58175255358219,total,82.659554,0.26386,0.003527,0.289796,0.032506,0.213541,0.645385,0.426601,0.59064,0.273528,63.369083,16.414667,,,25,25,4,0,2,0,12,25,13,1,8,object,
depot,p17.pddl,concrete,timed out,1800.1257054582238,concrete_asp,,,,,,,0.64927963539958,,0.22342003881931305,,,,,,,,,,,,,16,,17,,,
depot,p18.pddl,abstract,timed out,1800.1280023790896,abstract_asp,,0.30501795560121536,0.003470880910754204,0.3875065967440605,0.031105414032936096,0.13822353538125753,0.9900506287813187,0.6185446437448263,0.4505551839247346,0.1951408013701439,,,,,,,4,0,,,17,,18,,8,object,
depot,p18.pddl,concrete,timed out,1800.1365121835843,concrete_asp,,,,,,,1.0462992498651147,,0.4286591736599803,,,,,,,,,,,,,20,,21,,,
depot,p21.pddl,abstract,timed out,1800.133064020425,abstract_asp,,0.3768579140305519,0.004213660955429077,0.6525134220719337,0.07351228967308998,0.37404919788241386,1.644019454717636,1.3113749995827675,1.6289254240691662,1.198946200311184,,,,,,,4,0,,,13,,14,,15,object,
depot,p21.pddl,concrete,timed out,1800.125997532159,concrete_asp,,,,,,,1.2176989279687405,,0.5216373018920422,,,,,,,,,,,,,17,,18,,,
depot,p22.pddl,abstract,timed out,1800.1637819372118,abstract_asp,,0.323177233338356,0.0036384910345077515,1.2677778489887714,0.07006211578845978,0.39553437754511833,3.5124290362000465,2.906265627592802,1.6604082882404327,1.1402971632778645,,,,,,,4,0,,,15,,16,,15,object,
depot,p22.pddl,concrete,timed out,1800.1797302290797,concrete_asp,,,,,,,3.952823454514146,,1.6530529670417309,,,,,,,,,,,,,21,,22,,,
driverlog,p01.pddl,abstract,success,3.839308872818947,total,1.105719,0.180113,0.003152,0.152669,0.008716,0.028167,0.266412,0.200885,0.011139,0.006795,0.082257,0.084261,,,15,9,2,0,0,0,7,15,8,1,2,object,
driverlog,p01.pddl,concrete,success,1.9426781088113785,total,0.29865,,,,,,0.189829,,0.006825,,,0.084665,,,7,7,,,,,,7,,8,,,
driverlog,p02.pddl,abstract,success,3.9099613539874554,total,2.076357,0.168702,0.00274,0.117289,0.009697,0.044197,0.202296,0.200323,0.008277,0.006923,1.021889,0.195005,,,27,24,3,0,1,0,13,27,14,1,2,object,
driverlog,p02.pddl,concrete,success,21.915886260569096,total,20.249249,,,,,,0.192814,,0.007814,,,20.031316,,,19,19,,,,,,19,,20,,,
driverlog,p03.pddl,abstract,success,3.0402397476136684,total,1.203705,0.167223,0.002704,0.116276,0.009833,0.043024,0.200689,0.200852,0.007912,0.007614,0.215424,0.134896,,,21,14,2,0,0,0,10,21,11,1,2,object,
driverlog,p03.pddl,concrete,success,2.338522356003523,total,0.516734,,,,,,0.199841,,0.00795,,,0.291067,,,12,12,,,,,,12,,13,,,
driverlog,p05.pddl,abstract,success,5.04429579898715,total,2.303482,0.234791,0.003186,0.158131,0.014116,0.046933,0.248717,0.200255,0.022669,0.017116,0.899928,0.384045,,,23,23,2,0,1,0,11,23,12,1,4,object,
driverlog,p05.pddl,concrete,success,131.67686213180423,total,129.884619,,,,,,0.205429,,0.009585,,,129.650867,,,18,18,,,,,,18,,19,,,
driverlog,p06.pddl,abstract,success,7.353610772639513,total,4.643078,0.193053,0.002929,0.156155,0.01108,0.044234,0.260651,0.214034,0.014999,0.009658,3.411006,0.24838,,,23,15,2,0,0,0,11,23,12,1,3,object,
driverlog,p06.pddl,concrete,success,3.419584456831217,total,1.713753,,,,,,0.2007,,0.012174,,,1.482103,,,11,11,,,,,,11,,12,,,
driverlog,p07.pddl,abstract,success,5.766292851418257,total,3.925972,0.178081,0.002903,0.125267,0.011843,0.051792,0.208851,0.207236,0.013359,0.010965,2.743917,0.264845,,,23,15,2,0,0,0,11,23,12,1,3,object,
driverlog,p07.pddl,concrete,success,28.100404918193817,total,26.32088,,,,,,0.231741,,0.012706,,,26.05975,,,13,13,,,,,,13,,14,,,
driverlog,p08.pddl,abstract,success,1478.3377522714436,total,1475.932792,0.178863,0.002943,0.130811,0.012098,0.055652,0.207647,0.175978,0.014665,0.01031,1474.646679,0.438742,,,35,35,2,0,0,0,17,35,18,1,3,object,
driverlog,p08.pddl,concrete,timed out,1800.118241816759,concrete_asp,,,,,,,0.20555955916643143,,0.013170141726732254,,,,,,,,,,,,,17,,18,,,
driverlog,p09.pddl,abstract,success,1027.3303439766169,total,1025.47673,0.239934,0.003338,0.132462,0.017473,0.08599,0.219848,0.216363,0.039904,0.031924,1023.803817,0.60716,,,37,27,2,0,0,0,18,37,19,1,3,object,
driverlog,p09.pddl,concrete,success,1442.8167176656425,total,1441.057649,,,,,,0.225392,,0.017669,,,1440.794926,,,22,22,,,,,,22,,23,,,
driverlog,p13.pddl,abstract,timed out,1800.1220465749502,abstract_asp,,0.35438892617821693,0.003725823014974594,0.1644107699394226,0.028978757560253143,0.3061075955629349,0.2736695110797882,0.29572824016213417,0.04222262650728226,0.04277503862977028,,,,,,,2,0,,,18,,19,,2,object,
driverlog,p13.pddl,concrete,timed out,1800.1182809434831,concrete_asp,,,,,,,0.34857239201664925,,0.08769770711660385,,,,,,,,,,,,,20,,21,,,
driverlog,p14.pddl,abstract,timed out,1800.1168817318976,abstract_asp,,0.309991255402565,0.0035289712250232697,0.15539395064115524,0.021921418607234955,0.18823735415935516,0.26966946944594383,0.2640257850289345,0.04551813006401062,0.040629785507917404,,,,,,,3,0,,,18,,19,,2,object,
driverlog,p14.pddl,concrete,timed out,1800.1175557114184,concrete_asp,,,,,,,0.282121229916811,,0.044835563749074936,,,,,,,,,,,,,18,,19,,,
driverlog,p17.pddl,abstract,timed out,1800.1320099644363,abstract_asp,,0.47395676374435425,0.004486586898565292,0.34427136182785034,0.05235396698117256,0.8732211627066135,0.6706963591277599,0.7066804394125938,0.5951580703258514,0.5824259147047997,,,,,,,2,0,,,16,,17,,3,object,
driverlog,p17.pddl,concrete,timed out,1800.1281842142344,concrete_asp,,,,,,,0.6763855740427971,,0.226890929043293,,,,,,,,,,,,,15,,16,,,
driverlog,p18.pddl,abstract,timed out,1800.138603377156,abstract_asp,,0.47556247189641,0.0041493577882647514,0.41462673526257277,0.05136880278587341,0.9248996982350945,0.8693287819623947,0.8146190233528614,0.3173793777823448,0.27114983182400465,,,,,,,3,0,,,16,,17,,3,object,
driverlog,p18.pddl,concrete,timed out,1800.133507154882,concrete_asp,,,,,,,0.8477622494101524,,0.29727906361222267,,,,,,,,,,,,,17,,18,,,
driverlog,p19.pddl,abstract,timed out,1800.1400435343385,abstract_asp,,0.5470504239201546,0.010463535785675049,0.46434932202100754,0.06784699484705925,1.4224345944821835,0.9746527597308159,1.011554330587387,0.9150473885238171,0.8939459249377251,,,,,,,2,0,,,16,,17,,3,object,
driverlog,p19.pddl,concrete,timed out,1800.1420181766152,concrete_asp,,,,,,,0.9515025801956654,,0.353344202041626,,,,,,,,,,,,,17,,18,,,
elevators-sat11-strips,p04.pddl,abstract,timed out,1800.1273731179535,abstract_asp,,0.5527400486171246,0.004763487726449966,0.3644927702844143,0.055149488151073456,0.09299838915467262,0.7308223471045494,0.635411225259304,0.7462023869156837,0.6368392594158649,,,,,,,2,0,,,24,,25,,4,passenger,
elevators-sat11-strips,p04.pddl,concrete,timed out,1800.1279600933194,concrete_asp,,,,,,,0.6567637026309967,,0.2721594125032425,,,,,,,,,,,,,23,,24,,,
elevators-sat11-strips,p05.pddl,abstract,timed out,1800.1279937066138,abstract_asp,,0.4845670089125633,0.003970634192228317,0.3061530999839306,0.04102960601449013,0.07564620301127434,0.6064682230353355,0.5134784989058971,0.25442610308527946,0.21239637210965157,,,,,,,2,0,,,25,,26,,3,passenger,
elevators-sat11-strips,p05.pddl,concrete,timed out,1800.1277538649738,concrete_asp,,,,,,,0.591028418391943,,0.23874041065573692,,,,,,,,,,,,,23,,24,,,
elevators-sat11-strips,p06.pddl,abstract,timed out,1800.1404311656952,abstract_asp,,0.6439277231693268,0.004561148583889008,0.5732133202254772,0.07572571933269501,0.12801306694746017,1.3030802570283413,1.0913198217749596,0.6838325746357441,0.56700723990798,,,,,,,2,0,,,24,,25,,4,passenger,
elevators-sat11-strips,p06.pddl,concrete,timed out,1800.1344465352595,concrete_asp,,,,,,,1.3407898843288422,,0.6607069224119186,,,,,,,,,,,,,23,,24,,,
elevators-sat11-strips,p09.pddl,abstract,timed out,1800.1444591023028,abstract_asp,,0.7756518609821796,0.005810949951410294,0.7444972060620785,0.0865405946969986,0.16670721024274826,1.6294569000601768,1.6094538010656834,2.066838052123785,1.9133115224540234,,,,,,,2,0,,,24,,25,,3,passenger,
elevators-sat11-strips,p09.pddl,concrete,timed out,1800.1349309273064,concrete_asp,,,,,,,1.2484429106116295,,0.6577321663498878,,,,,,,,,,,,,24,,25,,,
elevators-sat11-strips,p10.pddl,abstract,timed out,1800.1532618515193,abstract_asp,,0.7678207345306873,0.005985647439956665,0.7873977422714233,0.0957285724580288,0.16477728635072708,1.7289167009294033,1.631323840469122,2.2569707296788692,2.021998070180416,,,,,,,2,0,,,25,,26,,4,passenger,
elevators-sat11-strips,p10.pddl,concrete,timed out,1800.1441535940394,concrete_asp,,,,,,,1.518738891929388,,0.8158315056934953,,,,,,,,,,,,,22,,23,,,
elevators-sat11-strips,p11.pddl,abstract,timed out,1800.1393456570804,abstract_asp,,0.5791197419166565,0.004772204905748367,1.0343662984669209,0.07586941495537758,0.12310761585831642,2.33290708810091,1.328273743391037,1.3408909924328327,0.6670622490346432,,,,,,,5,0,,,20,,21,,4,fast-elevator,
elevators-sat11-strips,p11.pddl,concrete,timed out,1800.1579262167215,concrete_asp,,,,,,,2.735409427434206,,1.4438934698700905,,,,,,,,,,,,,22,,23,,,
elevators-sat11-strips,p12.pddl,abstract,timed out,1800.1818395517766,abstract_asp,,0.6939330026507378,0.0053927041590213776,1.3005871959030628,0.08925147727131844,0.15052200853824615,3.1345697939395905,2.7664968967437744,1.6453967839479446,1.3838520720601082,,,,,,,2,0,,,23,,24,,5,passenger,
elevators-sat11-strips,p12.pddl,concrete,timed out,1800.1626956276596,concrete_asp,,,,,,,3.002555515617132,,1.5505254454910755,,,,,,,,,,,,,22,,23,,,
elevators-sat11-strips,p13.pddl,abstract,timed out,1800.183512672782,abstract_asp,,0.68880595266819,0.005717199295759201,1.3728728331625462,0.09964865818619728,0.1551796831190586,3.2498871199786663,2.811444077640772,1.7962628565728664,1.4595728144049644,,,,,,,2,0,,,24,,25,,6,passenger,
elevators-sat11-strips,p13.pddl,concrete,timed out,1800.1681190421805,concrete_asp,,,,,,,3.306756656616926,,1.6511969054117799,,,,,,,,,,,,,22,,23,,,
elevators-sat11-strips,p14.pddl,abstract,timed out,1800.1229274570942,abstract_asp,,0.7177034579217434,0.006219834089279175,1.473843153566122,0.0914132222533226,0.1605599857866764,3.619575221091509,3.2445127852261066,2.5953003987669945,1.9601848497986794,,,,,,,2,0,,,21,,22,,5,passenger,
elevators-sat11-strips,p14.pddl,concrete,timed out,1800.181579131633,concrete_asp,,,,,,,3.27722330391407,,1.764185082167387,,,,,,,,,,,,,21,,22,,,
elevators-sat11-strips,p15.pddl,abstract,timed out,1800.1800530403852,abstract_asp,,0.7114498913288116,0.006103653460741043,1.665322806686163,0.0918162614107132,0.1654423512518406,3.819968529045582,3.3674206510186195,1.9685588032007217,1.6933101788163185,,,,,,,2,0,,,23,,24,,5,passenger,
elevators-sat11-strips,p15.pddl,concrete,timed out,1800.1958187110722,concrete_asp,,,,,,,3.8799752593040466,,1.8836131766438484,,,,,,,,,,,,,21,,22,,,
elevators-sat11-strips,p16.pddl,abstract,timed out,1800.1610694602132,abstract_asp,,1.2601584643125534,0.006568897515535355,1.4430658034980297,0.1663101203739643,0.2738133408129215,3.4418168924748898,2.279206220060587,1.8394024260342121,1.0533200725913048,,,,,,,5,0,,,19,,20,,4,fast-elevator,
elevators-sat11-strips,p16.pddl,concrete,timed out,1800.1821765042841,concrete_asp,,,,,,,3.2396108768880367,,1.65692288428545,,,,,,,,,,,,,21,,22,,,
elevators-sat11-strips,p17.pddl,abstract,timed out,1800.0655893608928,abstract_asp,,1.2796638682484627,0.012923408299684525,1.7127156667411327,0.16948850825428963,0.2730705626308918,3.9526128880679607,2.5885632522404194,2.078954353928566,1.1906365975737572,,,,,,,5,0,,,18,,19,,4,fast-elevator,
elevators-sat11-strips,p17.pddl,concrete,timed out,1800.1844357065856,concrete_asp,,,,,,,3.970831423997879,,1.9695795364677906,,,,,,,,,,,,,20,,21,,,
elevators-sat11-strips,p18.pddl,abstract,timed out,1800.1842282675207,abstract_asp,,1.292941126972437,0.0065628960728645325,1.833596583455801,0.16765880584716797,0.2822459079325199,4.455694291740656,2.8433842323720455,2.2950525283813477,1.3262171223759651,,,,,,,5,0,,,18,,19,,4,fast-elevator,
elevators-sat11-strips,p18.pddl,concrete,timed out,1800.1762443277985,concrete_asp,,,,,,,4.559698287397623,,2.183618270792067,,,,,,,,,,,,,21,,22,,,
elevators-sat11-strips,p20.pddl,abstract,timed out,1800.20798131451,abstract_asp,,1.3094678856432438,0.007435418665409088,2.344469476491213,0.16891296580433846,0.3025536984205246,5.152617167681456,3.520895380526781,2.8298684880137444,1.6220109723508358,,,,,,,5,0,,,20,,21,,4,fast-elevator,
elevators-sat11-strips,p20.pddl,concrete,timed out,1800.1914372853935,concrete_asp,,,,,,,4.8539195246994495,,2.548191376030445,,,,,,,,,,,,,20,,21,,,
gripper,prob01.pddl,abstract,success,3.783910949714482,total,1.010173,0.145982,0.001692,0.142741,0.005184,0.010341,0.202497,0.183327,0.005423,0.003911,0.028519,0.04887,0.162298,,11,11,2,0,3,4,3,11,4,5,4,object,
gripper,prob01.pddl,concrete,success,3.6422737315297127,total,0.515698,,,,,,0.269977,,0.009033,,,0.217629,,,11,11,,,,,,11,,12,,,
gripper,prob02.pddl,abstract,success,7.4181255185976624,total,5.588868,0.135487,0.002597,0.108107,0.00639,0.010264,0.206179,0.18482,0.00627,0.004219,0.029178,0.061625,4.758194,,17,17,2,0,3,10,3,17,4,11,6,object,
gripper,prob02.pddl,concrete,success,6.687466077506542,total,4.868702,,,,,,0.198823,,0.00617,,,4.645209,,,17,17,,,,,,17,,18,,,
gripper,prob03.pddl,abstract,success,648.8606702163815,total,647.061032,0.132351,0.001829,0.097518,0.008251,0.010253,0.208218,0.187385,0.007102,0.003882,0.028276,0.070208,646.223886,,23,23,2,0,3,16,3,23,4,17,8,object,
gripper,prob03.pddl,concrete,success,166.3658729121089,total,164.667802,,,,,,0.19115,,0.006708,,,164.452917,,,23,23,,,,,,23,,24,,,
gripper,prob04.pddl,abstract,timed out,1800.112505465746,guided_concrete_solving,,0.19217245280742645,0.0022228173911571503,0.14337419345974922,0.01090514287352562,0.01234404742717743,0.2354206070303917,0.18114473670721054,0.0169265978038311,0.005166899412870407,0.029931552708148956,0.09033739939332008,,,,,2,0,3,17,3,24,4,18,10,object,
gripper,prob04.pddl,concrete,timed out,1800.116243392229,concrete_asp,,,,,,,0.19780534878373146,,0.00793929398059845,,,,,,,,,,,,,26,,27,,,
gripper,prob05.pddl,abstract,timed out,1800.1079972349107,guided_concrete_solving,,0.15023019909858704,0.0018149139359593391,0.10570064187049866,0.009929843246936798,0.009469970129430294,0.16136194206774235,0.13990773539990187,0.007763589732348919,0.0032542087137699127,0.021046125330030918,0.0792496856302023,,,,,2,0,3,18,3,25,4,19,12,object,
gripper,prob05.pddl,concrete,timed out,1800.110738478601,concrete_asp,,,,,,,0.20331612415611744,,0.009351709857583046,,,,,,,,,,,,,25,,26,,,
gripper,prob06.pddl,abstract,timed out,1800.0436262823641,guided_concrete_solving,,0.20127921923995018,0.0024577192962169647,0.14719878882169724,0.015399795025587082,0.01238907128572464,0.2353421300649643,0.18243148922920227,0.02119443565607071,0.005124479532241821,0.028632286936044693,0.11733629927039146,,,,,2,0,3,18,3,25,4,19,14,object,
gripper,prob06.pddl,concrete,timed out,1800.113730929792,concrete_asp,,,,,,,0.24801825359463692,,0.011947400867938995,,,,,,,,,,,,,25,,26,,,
gripper,prob07.pddl,abstract,timed out,1800.114794043824,guided_concrete_solving,,0.205459700897336,0.0025586988776922226,0.14073306880891323,0.017965849488973618,0.012270839884877205,0.22980347648262978,0.1812319252640009,0.02297494187951088,0.005138164386153221,0.025496868416666985,0.12571495212614536,,,,,2,0,3,16,3,23,4,17,16,object,
gripper,prob07.pddl,concrete,timed out,1800.113214019686,concrete_asp,,,,,,,0.19625043123960495,,0.009814966470003128,,,,,,,,,,,,,26,,27,,,
gripper,prob08.pddl,abstract,timed out,1800.1157384812832,guided_concrete_solving,,0.20757965371012688,0.0027225054800510406,0.15307975187897682,0.021089892834424973,0.012219894677400589,0.2560972087085247,0.18263232335448265,0.025196023285388947,0.005078241229057312,0.027083560824394226,0.14852848649024963,,,,,2,0,3,18,3,25,4,19,18,object,
gripper,prob08.pddl,concrete,timed out,1800.0205447375774,concrete_asp,,,,,,,0.23005573078989983,,0.012456834316253662,,,,,,,,,,,,,25,,26,,,
gripper,prob09.pddl,abstract,timed out,1800.1121614091098,guided_concrete_solving,,0.1739489957690239,0.002461954951286316,0.166017796844244,0.01998719945549965,0.01058686152100563,0.2726598344743252,0.1914537139236927,0.015104703605175018,0.004322230815887451,0.03412090986967087,0.12914590910077095,,,,,2,0,3,18,3,25,4,19,20,object,
gripper,prob09.pddl,concrete,timed out,1800.1148074148223,concrete_asp,,,,,,,0.2547354260459542,,0.01545166876167059,,,,,,,,,,,,,26,,27,,,
gripper,prob10.pddl,abstract,timed out,1800.1123815327883,guided_concrete_solving,,0.21498562023043633,0.002953864634037018,0.15640417486429214,0.027317162603139877,0.013208910822868347,0.2413250245153904,0.1821972243487835,0.029503364115953445,0.005120079964399338,0.026951491832733154,0.15096362307667732,,,,,2,0,3,17,3,24,4,18,22,object,
gripper,prob10.pddl,concrete,timed out,1800.1187885664403,concrete_asp,,,,,,,0.21444684639573097,,0.012573741376399994,,,,,,,,,,,,,25,,26,,,
gripper,prob11.pddl,abstract,timed out,1800.117635436356,guided_concrete_solving,,0.17555395513772964,0.0027439557015895844,0.15689099952578545,0.02596590667963028,0.01074386015534401,0.27405770495533943,0.19246414676308632,0.016752108931541443,0.0040350742638111115,0.02961638942360878,0.16102953627705574,,,,,2,0,3,17,3,24,4,18,24,object,
gripper,prob11.pddl,concrete,timed out,1800.1148563437164,concrete_asp,,,,,,,0.2134898640215397,,0.013297650963068008,,,,,,,,,,,,,25,,26,,,
gripper,prob12.pddl,abstract,timed out,1800.1157020498067,guided_concrete_solving,,0.18045549653470516,0.0028037335723638535,0.15129387471824884,0.028668762184679508,0.01601489819586277,0.2011788161471486,0.17866534553468227,0.01434984803199768,0.003909429535269737,0.03042966965585947,0.17876955680549145,,,,,2,0,3,17,3,24,4,18,26,object,
gripper,prob12.pddl,concrete,timed out,1800.0194082036614,concrete_asp,,,,,,,0.2134535275399685,,0.01428304985165596,,,,,,,,,,,,,25,,26,,,
gripper,prob13.pddl,abstract,timed out,1800.0749421268702,guided_concrete_solving,,0.23002427071332932,0.003351714462041855,0.15302285179495811,0.03848379850387573,0.012302439659833908,0.2533631883561611,0.1790415197610855,0.035714004188776016,0.005052890628576279,0.024177350103855133,0.20388269424438477,,,,,2,0,3,17,3,24,4,18,28,object,
gripper,prob13.pddl,concrete,timed out,1800.1124667935073,concrete_asp,,,,,,,0.1799314096570015,,0.01432700827717781,,,,,,,,,,,,,25,,26,,,
gripper,prob14.pddl,abstract,timed out,1800.1173513494432,guided_concrete_solving,,0.19577287510037422,0.0030018314719200134,0.1774280034005642,0.0356479175388813,0.011051330715417862,0.27814358100295067,0.1948886215686798,0.020161256194114685,0.004171207547187805,0.035184137523174286,0.20077909156680107,,,,,2,0,3,17,3,24,4,18,30,object,
gripper,prob14.pddl,concrete,timed out,1800.1182485669851,concrete_asp,,,,,,,0.24985390529036522,,0.01744217425584793,,,,,,,,,,,,,25,,26,,,
gripper,prob15.pddl,abstract,timed out,1800.1129105128348,guided_concrete_solving,,0.23533564433455467,0.0034936219453811646,0.16151048615574837,0.046856995671987534,0.01229521632194519,0.24689754098653793,0.18181610107421875,0.039804607629776,0.005081985145807266,0.027532264590263367,0.21971933171153069,,,,,2,0,3,17,3,24,4,18,32,object,
gripper,prob15.pddl,concrete,timed out,1800.1193831413984,concrete_asp,,,,,,,0.23764806985855103,,0.01760004460811615,,,,,,,,,,,,,25,,26,,,
gripper,prob16.pddl,abstract,timed out,1800.1144485734403,guided_concrete_solving,,0.22843793779611588,0.003610275685787201,0.13898557052016258,0.05185611546039581,0.012161947786808014,0.21424273774027824,0.18025518208742142,0.03977398946881294,0.005139801651239395,0.026745982468128204,0.22790950536727905,,,,,2,0,3,18,3,25,4,19,34,object,
gripper,prob16.pddl,concrete,timed out,1800.042743626982,concrete_asp,,,,,,,0.2366097755730152,,0.0186309851706028,,,,,,,,,,,,,25,,26,,,
gripper,prob17.pddl,abstract,timed out,1800.0866691619158,guided_concrete_solving,,0.24382278323173523,0.0037267878651618958,0.16787391901016235,0.057961493730545044,0.012283075600862503,0.25827494636178017,0.18043196573853493,0.04409275949001312,0.00506344810128212,0.028428375720977783,0.24135266989469528,,,,,2,0,3,16,3,23,4,17,36,object,
gripper,prob17.pddl,concrete,timed out,1800.114897299558,concrete_asp,,,,,,,0.2720355652272701,,0.03893294185400009,,,,,,,,,,,,,25,,26,,,
gripper,prob18.pddl,abstract,timed out,1800.1158963479102,guided_concrete_solving,,0.23772617056965828,0.004482097923755646,0.14429358765482903,0.06195301190018654,0.011842109262943268,0.21972005814313889,0.18208082020282745,0.044498294591903687,0.005137722939252853,0.027813248336315155,0.25528933107852936,,,,,2,0,3,17,3,24,4,18,38,object,
gripper,prob18.pddl,concrete,timed out,1800.122221659869,concrete_asp,,,,,,,0.21950572729110718,,0.0188886895775795,,,,,,,,,,,,,25,,26,,,
gripper,prob19.pddl,abstract,timed out,1800.113529957831,guided_concrete_solving,,0.191236836835742,0.004020956344902515,0.14144468493759632,0.05770906060934067,0.010212624445557594,0.22381940204650164,0.18738089222460985,0.02086883783340454,0.004156829789280891,0.03983018361032009,0.23023505602031946,,,,,2,0,3,16,3,23,4,17,40,object,
gripper,prob19.pddl,concrete,timed out,1800.1180972233415,concrete_asp,,,,,,,0.25602907687425613,,0.021128471940755844,,,,,,,,,,,,,24,,25,,,
gripper,prob20.pddl,abstract,timed out,1800.116733778268,guided_concrete_solving,,0.25549575313925743,0.004548113793134689,0.1785169132053852,0.07356289029121399,0.011980939656496048,0.2586948089301586,0.1812799945473671,0.050406597554683685,0.005131963640451431,0.026062767952680588,0.264084629714489,,,,,2,0,3,17,3,24,4,18,42,object,
gripper,prob20.pddl,concrete,timed out,1800.1177864708006,concrete_asp,,,,,,,0.22945214342325926,,0.020967070013284683,,,,,,,,,,,,,25,,26,,,
hiking-sat14-strips,ptesting-1-2-7.pddl,abstract,success,50.72289897873998,total,48.881459,0.227647,0.014803,0.163775,0.020888,0.02576,0.283505,0.237185,0.133439,0.066671,0.806005,46.809213,,,59,49,4,0,7,0,29,59,30,1,2,car,
hiking-sat14-strips,ptesting-1-2-7.pddl,concrete,success,33.89649057760835,total,32.088397,,,,,,0.279444,,0.050795,,,31.735844,,,38,38,,,,,,38,,39,,,
hiking-sat14-strips,ptesting-1-2-8.pddl,abstract,success,87.01133539155126,total,85.110882,0.184906,0.013585,0.173834,0.019533,0.022703,0.310193,0.259771,0.070565,0.034328,1.385578,82.457443,,,69,54,4,0,7,0,34,69,35,1,2,car,
hiking-sat14-strips,ptesting-1-2-8.pddl,concrete,success,102.22159209568053,total,100.447645,,,,,,0.300471,,0.065288,,,100.049929,,,45,45,,,,,,45,,46,,,
hiking-sat14-strips,ptesting-2-2-6.pddl,abstract,success,1153.2134357392788,total,1151.224622,0.187459,0.015064,0.292207,0.023285,0.032204,0.57718,0.458832,0.251284,0.114848,1141.429353,7.601381,,,61,55,4,0,0,0,30,61,31,1,2,car,
hiking-sat14-strips,ptesting-2-2-6.pddl,concrete,timed out,1800.1405549682677,concrete_asp,,,,,,,0.5705944932997227,,0.23629551008343697,,,,,,,,,,,,,28,,29,,,
hiking-sat14-strips,ptesting-2-2-7.pddl,abstract,timed out,1800.1449865177274,abstract_asp,,0.23706236109137535,0.018614906817674637,0.39424000307917595,0.03084738925099373,0.038601215928792953,0.8563598953187466,0.5589102283120155,0.8916725590825081,0.4232576824724674,,,,,,,4,0,,,32,,33,,2,car,
hiking-sat14-strips,ptesting-2-2-7.pddl,concrete,timed out,1800.1621645465493,concrete_asp,,,,,,,0.7657858990132809,,0.32811572030186653,,,,,,,,,,,,,30,,31,,,
hiking-sat14-strips,ptesting-2-2-8.pddl,abstract,timed out,1800.1515060029924,abstract_asp,,0.23930864036083221,0.019917801022529602,0.5000243559479713,0.03404569998383522,0.039534907788038254,1.0290093831717968,0.6242651902139187,1.1921906247735023,0.5685456432402134,,,,,,,4,0,,,38,,39,,2,car,
hiking-sat14-strips,ptesting-2-2-8.pddl,concrete,timed out,1800.1684903688729,concrete_asp,,,,,,,0.9157362580299377,,0.4300823360681534,,,,,,,,,,,,,31,,32,,,
hiking-sat14-strips,ptesting-2-3-6.pddl,abstract,success,1015.4211198948324,total,1013.429149,0.186558,0.015831,0.372857,0.026273,0.032949,0.790391,0.43105,0.376193,0.113178,1000.328004,10.509192,,,57,49,4,0,0,0,28,57,29,1,3,car,
hiking-sat14-strips,ptesting-2-3-6.pddl,concrete,timed out,1800.156453916803,concrete_asp,,,,,,,0.8199627660214901,,0.3449841132387519,,,,,,,,,,,,,27,,28,,,
hiking-sat14-strips,ptesting-2-3-7.pddl,abstract,timed out,1800.1511073559523,abstract_asp,,0.18806418031454086,0.015858378261327744,0.47363177314400673,0.02834417298436165,0.032010070979595184,0.9387686215341091,0.4673382006585598,0.49355587735772133,0.15058929100632668,,,,,,,4,0,,,33,,34,,3,car,
hiking-sat14-strips,ptesting-2-3-7.pddl,concrete,timed out,1800.16268780455,concrete_asp,,,,,,,0.9824704118072987,,0.48499421030282974,,,,,,,,,,,,,29,,30,,,
hiking-sat14-strips,ptesting-2-3-8.pddl,abstract,timed out,1800.1489332094789,abstract_asp,,0.24549533799290657,0.020718231797218323,0.6870998293161392,0.038430582731962204,0.040223363786935806,1.5489791259169579,0.629274271428585,1.761753924190998,0.5671708732843399,,,,,,,4,0,,,37,,38,,3,car,
hiking-sat14-strips,ptesting-2-3-8.pddl,concrete,timed out,1800.1713441871107,concrete_asp,,,,,,,1.3613432459533215,,1.1868101172149181,,,,,,,,,,,,,29,,30,,,
hiking-sat14-strips,ptesting-2-4-5.pddl,abstract,success,158.98353075049818,total,156.945561,0.167595,0.013306,0.311089,0.02399,0.028245,0.639505,0.292318,0.284914,0.066505,148.162385,6.826959,,,47,39,4,0,0,0,23,47,24,1,4,car,
hiking-sat14-strips,ptesting-2-4-5.pddl,concrete,timed out,1800.1749662905931,concrete_asp,,,,,,,0.8380121961236,,0.8525376692414284,,,,,,,,,,,,,22,,23,,,
hiking-sat14-strips,ptesting-2-4-6.pddl,abstract,success,925.6853639259934,total,923.675017,0.23526,0.018596,0.534124,0.03552,0.039169,1.126993,0.457373,1.289626,0.305283,903.776362,15.560807,,,61,53,4,0,0,0,30,61,31,1,4,car,
hiking-sat14-strips,ptesting-2-4-6.pddl,concrete,timed out,1800.156113224104,concrete_asp,,,,,,,1.0131196416914463,,0.4454479478299618,,,,,,,,,,,,,27,,28,,,
hiking-sat14-strips,ptesting-2-4-7.pddl,abstract,timed out,1800.1436424702406,abstract_asp,,0.2322421669960022,0.019690774381160736,0.6700650155544281,0.03899865597486496,0.03900766372680664,1.4719753079116344,0.552944716066122,1.780273962765932,0.42579666152596474,,,,,,,4,0,,,32,,33,,4,car,
hiking-sat14-strips,ptesting-2-4-7.pddl,concrete,timed out,1800.1751296371222,concrete_asp,,,,,,,1.1732230000197887,,0.5535721071064472,,,,,,,,,,,,,30,,31,,,
hiking-sat14-strips,ptesting-2-4-8.pddl,abstract,timed out,1800.139472655952,abstract_asp,,0.20408451929688454,0.017421133816242218,0.8263857029378414,0.03682529181241989,0.03453042358160019,1.6188522912561893,0.5698729567229748,0.9165053442120552,0.20761122182011604,,,,,,,4,0,,,36,,37,,4,car,
hiking-sat14-strips,ptesting-2-4-8.pddl,concrete,timed out,1800.1910816282034,concrete_asp,,,,,,,1.6803627647459507,,0.8620782531797886,,,,,,,,,,,,,27,,28,,,
hiking-sat14-strips,ptesting-3-3-5.pddl,abstract,timed out,1800.1316531188786,abstract_asp,,0.20562287420034409,0.019910398870706558,0.709413968026638,0.039099231362342834,0.0492573119699955,1.570634864270687,0.7592785395681858,0.8086184076964855,0.24327224120497704,,,,,,,4,0,,,19,,20,,3,car,
hiking-sat14-strips,ptesting-3-3-5.pddl,concrete,timed out,1800.1783642731607,concrete_asp,,,,,,,1.531414832919836,,0.7335209138691425,,,,,,,,,,,,,16,,17,,,
hiking-sat14-strips,ptesting-3-3-6.pddl,abstract,timed out,1800.1406911797822,abstract_asp,,0.18473407998681068,0.02080473303794861,0.9210359528660774,0.04209919646382332,0.04885173588991165,2.0126563794910908,0.8958684280514717,1.1218105256557465,0.3341875448822975,,,,,,,4,0,,,21,,22,,3,car,
hiking-sat14-strips,ptesting-3-3-6.pddl,concrete,timed out,1800.178229086101,concrete_asp,,,,,,,2.128563664853573,,1.088073194026947,,,,,,,,,,,,,18,,19,,,
hiking-sat14-strips,ptesting-3-3-7.pddl,abstract,timed out,1800.155702803284,abstract_asp,,0.2504376620054245,0.02623661980032921,1.4980692006647587,0.0553106926381588,0.06052989140152931,3.4145610108971596,1.351196512579918,4.237135626375675,1.3314025290310383,,,,,,,4,0,,,20,,21,,3,car,
hiking-sat14-strips,ptesting-3-3-7.pddl,concrete,timed out,1800.1931482702494,concrete_asp,,,,,,,3.113006081432104,,1.5216552317142487,,,,,,,,,,,,,17,,18,,,
hiking-sat14-strips,ptesting-3-3-8.pddl,abstract,timed out,1800.158553717658,abstract_asp,,0.2493931781500578,0.027209319174289703,1.9596026483923197,0.05867091380059719,0.06054927594959736,4.504440974444151,1.6865975800901651,5.6409921403974295,1.796295726671815,,,,,,,4,0,,,20,,21,,3,car,
hiking-sat14-strips,ptesting-3-3-8.pddl,concrete,timed out,1800.1880836337805,concrete_asp,,,,,,,4.054678536951542,,2.0449433103203773,,,,,,,,,,,,,17,,18,,,
hiking-sat14-strips,ptesting-3-4-5.pddl,abstract,timed out,1800.1300000920892,abstract_asp,,0.204810731112957,0.020396169275045395,0.9556420296430588,0.04289710149168968,0.049717094749212265,2.0633741468191147,0.7653814069926739,1.0655611008405685,0.2342432402074337,,,,,,,4,0,,,19,,20,,4,car,
hiking-sat14-strips,ptesting-3-4-5.pddl,concrete,timed out,1800.1764094606042,concrete_asp,,,,,,,1.8368567638099194,,0.8997685685753822,,,,,,,,,,,,,17,,18,,,
hiking-sat14-strips,ptesting-3-4-6.pddl,abstract,timed out,1800.1404896602035,abstract_asp,,0.248875692486763,0.02538837492465973,1.4593010358512402,0.05601770803332329,0.05949321761727333,3.200574353337288,1.0587473176419735,4.0463464967906475,0.9423379190266132,,,,,,,4,0,,,21,,22,,4,car,
hiking-sat14-strips,ptesting-3-4-6.pddl,concrete,timed out,1800.2017853111029,concrete_asp,,,,,,,2.9331665374338627,,1.4726003669202328,,,,,,,,,,,,,16,,17,,,
hiking-sat14-strips,ptesting-3-4-7.pddl,abstract,timed out,1800.1473188437521,abstract_asp,,0.18914207071065903,0.022281799465417862,1.671133864670992,0.05027514696121216,0.05050479620695114,3.848526429384947,1.1439609453082085,2.094045527279377,0.4705005772411823,,,,,,,4,0,,,20,,21,,4,car,
hiking-sat14-strips,ptesting-3-4-7.pddl,concrete,timed out,1800.2269296497107,concrete_asp,,,,,,,4.12480116635561,,2.0624984465539455,,,,,,,,,,,,,16,,17,,,
hiking-sat14-strips,ptesting-3-4-8.pddl,abstract,timed out,1800.0622093956918,abstract_asp,,0.23774412833154202,0.027887482196092606,2.5497278943657875,0.06500483304262161,0.061489976942539215,6.271381275728345,1.6401407290250063,7.487912259995937,1.7716081645339727,,,,,,,4,0,,,19,,20,,4,car,
hiking-sat14-strips,ptesting-3-4-8.pddl,concrete,timed out,1800.2310448773205,concrete_asp,,,,,,,5.7194231338799,,2.758792422711849,,,,,,,,,,,,,17,,18,,,
logistics00,probLOGISTICS-10-0.pddl,abstract,timed out,1800.0398042611778,abstract_asp,,0.23058627173304558,0.003345247358083725,0.14030707255005836,0.015673689544200897,0.0922388844192028,0.2205045223236084,0.21209565177559853,0.027773931622505188,0.03088238835334778,,,,,,,2,0,,,16,,17,,4,object,
logistics00,probLOGISTICS-10-0.pddl,concrete,timed out,1800.1143190599978,concrete_asp,,,,,,,0.27463073283433914,,0.016060754656791687,,,,,,,,,,,,,32,,33,,,
logistics00,probLOGISTICS-10-1.pddl,abstract,timed out,1800.1159589029849,abstract_asp,,0.18707245215773582,0.0029210448265075684,0.14626579731702805,0.01325540617108345,0.07310868054628372,0.24264898151159286,0.22169483080506325,0.013719212263822556,0.014484114944934845,,,,,,,2,0,,,16,,17,,4,object,
logistics00,probLOGISTICS-10-1.pddl,concrete,timed out,1800.115432837978,concrete_asp,,,,,,,0.2759042587131262,,0.015804114751517773,,,,,,,,,,,,,26,,27,,,
logistics00,probLOGISTICS-11-0.pddl,abstract,timed out,1800.088393766433,abstract_asp,,0.23182884231209755,0.003323562443256378,0.14206592738628387,0.015157923102378845,0.08866158872842789,0.2283863052725792,0.20852547511458397,0.030338112264871597,0.020397093147039413,,,,,,,4,0,,,29,,30,,4,object,
logistics00,probLOGISTICS-11-0.pddl,concrete,timed out,1800.1167559921741,concrete_asp,,,,,,,0.24066268652677536,,0.015256822109222412,,,,,,,,,,,,,33,,34,,,
logistics00,probLOGISTICS-12-0.pddl,abstract,timed out,1800.1123324669898,abstract_asp,,0.2319480925798416,0.004029460251331329,0.13997571542859077,0.0159045048058033,0.08990640565752983,0.2258012406527996,0.21517831832170486,0.03215642273426056,0.036392923444509506,,,,,,,2,0,,,16,,17,,4,object,
logistics00,probLOGISTICS-12-0.pddl,concrete,timed out,1800.1188465766609,concrete_asp,,,,,,,0.2648594304919243,,0.016503650695085526,,,,,,,,,,,,,29,,30,,,
logistics00,probLOGISTICS-12-1.pddl,abstract,timed out,1800.114241413772,abstract_asp,,0.22716273367404938,0.004014696925878525,0.1294882409274578,0.015075620263814926,0.08949896320700645,0.212223120033741,0.20523440837860107,0.03156682476401329,0.027013130486011505,,,,,,,4,0,,,32,,33,,4,object,
logistics00,probLOGISTICS-12-1.pddl,concrete,timed out,1800.1134165748954,concrete_asp,,,,,,,0.2357848547399044,,0.015462182462215424,,,,,,,,,,,,,33,,34,,,
logistics00,probLOGISTICS-14-0.pddl,abstract,timed out,1800.0240090675652,abstract_asp,,0.23698849976062775,0.0036417171359062195,0.14512773230671883,0.020026888698339462,0.13494012132287025,0.24063469842076302,0.2467110939323902,0.057452887296676636,0.06769336014986038,,,,,,,2,0,,,15,,16,,5,object,
logistics00,probLOGISTICS-14-0.pddl,concrete,timed out,1800.11243089661,concrete_asp,,,,,,,0.21597638353705406,,0.022020433098077774,,,,,,,,,,,,,28,,29,,,
logistics00,probLOGISTICS-14-1.pddl,abstract,timed out,1800.1152819506824,abstract_asp,,0.23803908377885818,0.0035737119615077972,0.14603609591722488,0.019993484020233154,0.13303997740149498,0.24109721556305885,0.24743790552020073,0.0576319694519043,0.06789049878716469,,,,,,,2,0,,,16,,17,,5,object,
logistics00,probLOGISTICS-14-1.pddl,concrete,timed out,1800.11752031371,concrete_asp,,,,,,,0.23816533014178276,,0.023256897926330566,,,,,,,,,,,,,30,,31,,,
logistics00,probLOGISTICS-15-1.pddl,abstract,timed out,1800.1182595603168,abstract_asp,,0.19518239051103592,0.00313466414809227,0.15205765515565872,0.016640380024909973,0.10725746303796768,0.2431427165865898,0.23253832757472992,0.02715183049440384,0.05008373036980629,,,,,,,2,0,,,14,,15,,5,object,
logistics00,probLOGISTICS-15-1.pddl,concrete,timed out,1800.1174384737387,concrete_asp,,,,,,,0.3045169822871685,,0.04786608088761568,,,,,,,,,,,,,27,,28,,,
logistics00,probLOGISTICS-4-0.pddl,abstract,success,3.211766827851534,total,1.353535,0.158786,0.002573,0.115099,0.007872,0.031883,0.20102,0.201643,0.005704,0.005573,0.384961,0.149287,,,37,28,4,0,0,0,18,37,19,1,2,object,
logistics00,probLOGISTICS-4-0.pddl,concrete,success,3.263834096491337,total,1.75604,,,,,,0.158384,,0.004997,,,1.57955,,,20,20,,,,,,20,,21,,,
logistics00,probLOGISTICS-4-1.pddl,abstract,success,3.1534477844834328,total,1.279969,0.161485,0.002647,0.117263,0.007974,0.032121,0.203749,0.199336,0.005903,0.005286,0.316296,0.131525,,,31,24,4,0,0,0,15,31,16,1,2,object,
logistics00,probLOGISTICS-4-1.pddl,concrete,success,4.250784434378147,total,2.434922,,,,,,0.206359,,0.005506,,,2.205213,,,19,19,,,,,,19,,20,,,
logistics00,probLOGISTICS-5-0.pddl,abstract,success,5.806768372654915,total,3.972141,0.159531,0.002597,0.116393,0.007948,0.032076,0.199987,0.195768,0.006027,0.00574,2.96193,0.206203,,,43,39,4,0,0,0,21,43,22,1,2,object,
logistics00,probLOGISTICS-5-0.pddl,concrete,success,402.3204188644886,total,400.468993,,,,,,0.206481,,0.00638,,,400.236743,,,27,27,,,,,,27,,28,,,
logistics00,probLOGISTICS-5-1.pddl,abstract,success,2.947615247219801,total,1.058257,0.160719,0.002606,0.118061,0.008071,0.03173,0.206026,0.205529,0.006718,0.005349,0.106824,0.103159,,,17,17,4,0,2,0,8,17,9,1,2,object,
logistics00,probLOGISTICS-5-1.pddl,concrete,success,2.9046844579279423,total,1.489048,,,,,,0.162522,,0.004959,,,1.313255,,,17,17,,,,,,17,,18,,,
logistics00,probLOGISTICS-5-2.pddl,abstract,success,2.9141516983509064,total,1.017639,0.160928,0.002671,0.119707,0.008046,0.032447,0.219993,0.206887,0.00634,0.005022,0.077138,0.074658,,,13,11,4,0,0,0,6,13,7,1,2,object,
logistics00,probLOGISTICS-5-2.pddl,concrete,success,1.714563749730587,total,0.240496,,,,,,0.167732,,0.005022,,,0.059751,,,8,8,,,,,,8,,9,,,
logistics00,probLOGISTICS-6-0.pddl,abstract,success,3.2565623968839645,total,1.387824,0.160307,0.00262,0.115548,0.009232,0.029044,0.198219,0.19109,0.006736,0.005069,0.400503,0.185524,,,35,34,4,0,0,0,17,35,18,1,3,object,
logistics00,probLOGISTICS-6-0.pddl,concrete,success,264.3860966190696,total,262.649395,,,,,,0.161911,,0.009594,,,262.468041,,,25,25,,,,,,25,,26,,,
logistics00,probLOGISTICS-6-1.pddl,abstract,success,3.6307810321450233,total,1.137179,0.210744,0.003054,0.136852,0.010626,0.035283,0.220938,0.187253,0.011899,0.006991,0.047913,0.183407,0.034177,,14,14,4,0,6,1,6,14,7,2,3,object,
logistics00,probLOGISTICS-6-1.pddl,concrete,success,2.2783336378633976,total,0.435897,,,,,,0.207052,,0.0068,,,0.206161,,,14,14,,,,,,14,,15,,,
logistics00,probLOGISTICS-6-2.pddl,abstract,success,3.318334139883518,total,1.429008,0.161331,0.002652,0.119003,0.009258,0.029534,0.204353,0.19722,0.00707,0.005491,0.387341,0.195136,,,35,30,4,0,0,0,17,35,18,1,3,object,
logistics00,probLOGISTICS-6-2.pddl,concrete,success,175.0983597151935,total,173.256976,,,,,,0.206899,,0.006366,,,173.023679,,,25,25,,,,,,25,,26,,,
logistics00,probLOGISTICS-8-1.pddl,abstract,timed out,1800.1177595295012,abstract_asp,,0.1643284559249878,0.0026894211769104004,0.1178777813911438,0.010095767676830292,0.05321452021598816,0.21143829822540283,0.1927698403596878,0.009409792721271515,0.007656242698431015,,,,,,,4,0,,,29,,30,,3,object,
logistics00,probLOGISTICS-8-1.pddl,concrete,timed out,1800.1176803652197,concrete_asp,,,,,,,0.2463871082291007,,0.010145400650799274,,,,,,,,,,,,,32,,33,,,
logistics00,probLOGISTICS-9-0.pddl,abstract,success,14.431818660348654,total,12.587826,0.170251,0.002859,0.125108,0.011114,0.052659,0.220807,0.200994,0.009874,0.006646,11.208792,0.486606,,,45,45,4,0,0,0,22,45,23,1,4,object,
logistics00,probLOGISTICS-9-0.pddl,concrete,timed out,1800.0439171642065,concrete_asp,,,,,,,0.2102801874279976,,0.009662793017923832,,,,,,,,,,,,,30,,31,,,
logistics00,probLOGISTICS-9-1.pddl,abstract,success,6.558411553502083,total,4.638818,0.17181,0.002929,0.128013,0.010485,0.057101,0.210867,0.206363,0.00999,0.006905,3.36164,0.363453,,,35,34,4,0,0,0,17,35,18,1,3,object,
logistics00,probLOGISTICS-9-1.pddl,concrete,timed out,1800.1148641128093,concrete_asp,,,,,,,0.1893630838021636,,0.009090421721339226,,,,,,,,,,,,,27,,28,,,
logistics98,prob01.pddl,abstract,timed out,1800.1150569729507,abstract_asp,,0.22551247105002403,0.0030614174902439117,0.1314774751663208,0.018783438950777054,0.09313514828681946,0.21626069396734238,0.2187412641942501,0.03489287197589874,0.0405963771045208,,,,,,,2,0,,,13,,14,,6,object,
logistics98,prob01.pddl,concrete,timed out,1800.1144550442696,concrete_asp,,,,,,,0.20965202897787094,,0.01490139588713646,,,,,,,,,,,,,22,,23,,,
logistics98,prob02.pddl,abstract,timed out,1800.1200150586665,abstract_asp,,0.19782820716500282,0.0027428381145000458,0.15278521552681923,0.027483832091093063,0.22215759009122849,0.25465380772948265,0.2501915358006954,0.03391465172171593,0.03959149494767189,,,,,,,2,0,,,14,,15,,10,object,
logistics98,prob02.pddl,concrete,timed out,1800.1189509034157,concrete_asp,,,,,,,0.27656854316592216,,0.03464634343981743,,,,,,,,,,,,,21,,22,,,
logistics98,prob03.pddl,abstract,timed out,1800.1206616200507,abstract_asp,,0.31749556958675385,0.004161614924669266,0.22745146229863167,0.05162673816084862,0.4164641425013542,0.37797222286462784,0.4064784161746502,0.14955885335803032,0.09001605585217476,,,,,,,2,0,,,16,,17,,14,object,
logistics98,prob03.pddl,concrete,timed out,1800.1228100517765,concrete_asp,,,,,,,0.37531300261616707,,0.0731831956654787,,,,,,,,,,,,,26,,27,,,
logistics98,prob04.pddl,abstract,timed out,1800.127773400396,abstract_asp,,0.3170696534216404,0.0030551888048648834,0.24520502239465714,0.08203268423676491,0.5308747068047523,0.40976959839463234,0.3967936784029007,0.24283411353826523,0.24573667719960213,,,,,,,2,0,,,15,,16,,23,object,
logistics98,prob04.pddl,concrete,timed out,1800.126354753971,concrete_asp,,,,,,,0.4190670847892761,,0.10768742486834526,,,,,,,,,,,,,23,,24,,,
logistics98,prob05.pddl,abstract,success,113.9266019500792,total,112.092773,0.235876,0.003711,0.138576,0.030061,0.128776,0.217642,0.216307,0.033433,0.033582,109.90238,1.077178,,,27,26,2,0,3,0,13,27,14,1,11,object,
logistics98,prob05.pddl,concrete,success,1296.2470995672047,total,1294.425323,,,,,,0.228824,,0.015603,,,1294.15946,,,22,22,,,,,,22,,23,,,
logistics98,prob06.pddl,abstract,timed out,1800.0274684987962,abstract_asp,,0.4196910075843334,0.0037310905754566193,0.3972894623875618,0.14274447783827782,1.2203100882470608,0.6005569808185101,0.59935262799263,0.3190905787050724,0.29439717158675194,,,,,,,2,0,,,16,,17,,26,object,
logistics98,prob06.pddl,concrete,timed out,1800.090115584433,concrete_asp,,,,,,,0.5722366012632847,,0.12492372840642929,,,,,,,,,,,,,25,,26,,,
logistics98,prob08.pddl,abstract,timed out,1800.124722264707,abstract_asp,,0.4524947255849838,0.003468964248895645,0.5797669216990471,0.18082942068576813,1.2734001837670803,0.929108951240778,0.9107325971126556,0.31106723845005035,0.31615470722317696,,,,,,,2,0,,,14,,15,,33,object,
logistics98,prob08.pddl,concrete,timed out,1800.1202348284423,concrete_asp,,,,,,,0.8966808756813407,,0.12594797182828188,,,,,,,,,,,,,22,,23,,,
logistics98,prob09.pddl,abstract,timed out,1800.1231362633407,abstract_asp,,0.35186168923974037,0.0034448057413101196,0.35072944313287735,0.1121787540614605,0.7362762652337551,0.6137225553393364,0.48918040096759796,0.22528430446982384,0.13431034609675407,,,,,,,2,0,,,15,,16,,28,object,
logistics98,prob09.pddl,concrete,timed out,1800.1250061830506,concrete_asp,,,,,,,0.6403747368603945,,0.21314953546971083,,,,,,,,,,,,,19,,20,,,
logistics98,prob11.pddl,abstract,timed out,1800.1197032034397,abstract_solving,,0.24838746711611748,0.003278665244579315,0.17857059091329575,0.05067036300897598,0.0954713523387909,0.29923587664961815,0.22830292209982872,0.13365863263607025,0.053235284984111786,9.55302957072854,,,,,,2,0,0,0,11,23,12,1,22,object,
logistics98,prob11.pddl,concrete,timed out,1800.127302759327,concrete_asp,,,,,,,0.3088507615029812,,0.05408107303082943,,,,,,,,,,,,,18,,19,,,
logistics98,prob12.pddl,abstract,timed out,1800.1610193103552,abstract_solving,,0.5126052647829056,0.003788195550441742,0.6739802397787571,0.3860926479101181,2.3797404877841473,1.0295698828995228,1.0614812225103378,0.9118082225322723,0.9359883554279804,1548.1142976097763,,,,,,2,0,0,0,14,29,15,1,55,object,
logistics98,prob12.pddl,concrete,timed out,1800.1357987746596,concrete_asp,,,,,,,0.9536559991538525,,0.3470170460641384,,,,,,,,,,,,,19,,20,,,
logistics98,prob13.pddl,abstract,timed out,1800.1433706954122,abstract_asp,,0.4605323448777199,0.0035697519779205322,1.0215210244059563,0.1931866630911827,2.7524475045502186,1.9309308119118214,2.219174597412348,0.4427779018878937,0.5133415274322033,,,,,,,2,0,,,16,,17,,29,object,
logistics98,prob13.pddl,concrete,timed out,1800.1491783931851,concrete_asp,,,,,,,2.003182426095009,,0.41600074246525764,,,,,,,,,,,,,23,,24,,,
logistics98,prob14.pddl,abstract,timed out,1800.121741823852,abstract_asp,,0.41195352748036385,0.00421229749917984,0.5679521150887012,0.20328689366579056,0.5330764800310135,1.0307445488870144,0.8334762193262577,0.6895825192332268,0.5418148301541805,,,,,,,2,0,,,13,,14,,47,object,
logistics98,prob14.pddl,concrete,timed out,1800.1322494260967,concrete_asp,,,,,,,1.0059907920658588,,0.2707974873483181,,,,,,,,,,,,,21,,22,,,
logistics98,prob15.pddl,abstract,timed out,1800.049408454448,abstract_asp,,0.21334324404597282,0.003364257514476776,0.2402198202908039,0.02881070226430893,0.345832422375679,0.3709213212132454,0.32656118273735046,0.1276867873966694,0.11711543798446655,,,,,,,4,0,,,24,,25,,9,object,
logistics98,prob15.pddl,concrete,timed out,1800.1196912927553,concrete_asp,,,,,,,0.4032667875289917,,0.060323579236865044,,,,,,,,,,,,,26,,27,,,
logistics98,prob16.pddl,abstract,timed out,1800.0437321402133,abstract_solving,,0.39301273599267006,0.0034059248864650726,0.37790660187602043,0.2170724831521511,0.44800641387701035,0.6356574818491936,0.5445488728582859,0.4954342730343342,0.38606638088822365,620.3723672516644,,,,,,2,0,0,0,16,33,17,1,52,object,
logistics98,prob16.pddl,concrete,timed out,1800.112285669893,concrete_asp,,,,,,,0.6330700591206551,,0.19842245802283287,,,,,,,,,,,,,18,,19,,,
logistics98,prob17.pddl,abstract,timed out,1800.1251935251057,abstract_solving,,0.34764817357063293,0.00385449081659317,0.31239477917551994,0.13717450574040413,0.16121717914938927,0.52962401881814,0.2736896201968193,0.24584414064884186,0.06257821246981621,9.463859174400568,,,,,,2,0,0,0,12,25,13,1,45,object,
logistics98,prob17.pddl,concrete,timed out,1800.1172324381769,concrete_asp,,,,,,,0.5611863248050213,,0.10275882109999657,,,,,,,,,,,,,14,,15,,,
logistics98,prob18.pddl,abstract,timed out,1800.1671731211245,abstract_asp,,0.4889841414988041,0.004638046026229858,1.0075179673731327,0.2094166949391365,2.488361317664385,2.029387269169092,2.4153937622904778,1.9768671728670597,2.396918147802353,,,,,,,2,0,,,16,,17,,30,object,
logistics98,prob18.pddl,concrete,timed out,1800.1485947445035,concrete_asp,,,,,,,1.9208020381629467,,0.7655076459050179,,,,,,,,,,,,,19,,20,,,
logistics98,prob19.pddl,abstract,timed out,1800.1321696080267,abstract_asp,,0.42531733587384224,0.004401065409183502,0.6774199977517128,0.15726080164313316,1.12664233148098,1.3221292719244957,0.8438777290284634,1.2626200169324875,0.6867808066308498,,,,,,,2,0,,,16,,17,,30,object,
logistics98,prob19.pddl,concrete,timed out,1800.128157965839,concrete_asp,,,,,,,1.0818718560039997,,0.43588924035429955,,,,,,,,,,,,,16,,17,,,
logistics98,prob20.pddl,abstract,timed out,1800.142517670989,abstract_asp,,0.419788870960474,0.0035871192812919617,0.8050760887563229,0.15290892869234085,3.9269924610853195,1.3161734528839588,1.468370832502842,0.5837155506014824,0.6051393747329712,,,,,,,2,0,,,16,,17,,19,object,
logistics98,prob20.pddl,concrete,timed out,1800.1409069560468,concrete_asp,,,,,,,1.6727659665048122,,0.6613998636603355,,,,,,,,,,,,,21,,22,,,
logistics98,prob21.pddl,abstract,timed out,1800.1427443362772,abstract_asp,,0.518692210316658,0.004615463316440582,0.8669663593173027,0.3078034184873104,2.960023943334818,1.5262296237051487,1.1257645450532436,1.4727311320602894,0.9892832264304161,,,,,,,2,0,,,17,,18,,40,object,
logistics98,prob21.pddl,concrete,timed out,1800.1352710425854,concrete_asp,,,,,,,1.506608072668314,,0.5663211084902287,,,,,,,,,,,,,18,,19,,,
logistics98,prob22.pddl,abstract,timed out,1800.1727029383183,abstract_asp,,0.6330465450882912,0.006425611674785614,2.2711986005306244,0.7033950872719288,4.161334116011858,4.248782183974981,3.4602897725999355,3.4904586002230644,2.736426293849945,,,,,,,2,0,,,16,,17,,74,object,
logistics98,prob22.pddl,concrete,timed out,1800.0830289050937,concrete_asp,,,,,,,3.8793780840933323,,1.3044100813567638,,,,,,,,,,,,,22,,23,,,
logistics98,prob23.pddl,abstract,timed out,1800.1336280666292,abstract_asp,,0.32022323831915855,0.0038733892142772675,0.2673580199480057,0.07640372589230537,0.22468989342451096,0.47531887516379356,0.38456088677048683,0.1478327177464962,0.09440076351165771,,,,,,,2,0,,,16,,17,,28,object,
logistics98,prob23.pddl,concrete,timed out,1800.1156311528757,concrete_asp,,,,,,,0.5275141969323158,,0.14593486487865448,,,,,,,,,,,,,16,,17,,,
logistics98,prob24.pddl,abstract,timed out,1800.1561742983758,abstract_solving,,0.488162312656641,0.0036429017782211304,1.0339036770164967,0.35567793622612953,1.9281906932592392,1.9151826612651348,0.6693564504384995,1.077405720949173,0.25827261433005333,13.58224332332611,,,,,,2,0,0,0,11,23,12,1,54,object,
logistics98,prob24.pddl,concrete,timed out,1800.0380271188915,concrete_asp,,,,,,,1.6927148066461086,,0.3977896012365818,,,,,,,,,,,,,17,,18,,,
logistics98,prob25.pddl,abstract,timed out,1800.2073156163096,abstract_asp,,0.8538369499146938,0.005569715052843094,2.474509473890066,0.49775783717632294,18.31754670664668,3.565436240285635,4.243369072675705,3.332229182124138,3.8578968346118927,,,,,,,2,0,,,16,,17,,29,object,
logistics98,prob25.pddl,concrete,timed out,1800.1720546595752,concrete_asp,,,,,,,3.2827850952744484,,1.2774554714560509,,,,,,,,,,,,,19,,20,,,
logistics98,prob26.pddl,abstract,timed out,1800.1502635478973,abstract_asp,,0.633046992123127,0.005823500454425812,1.3733859658241272,0.9514517895877361,3.313804406672716,2.2947721257805824,1.820246260613203,2.019162852317095,1.5760016478598118,,,,,,,2,0,,,13,,14,,106,object,
logistics98,prob26.pddl,concrete,timed out,1800.1695777364075,concrete_asp,,,,,,,2.0135459303855896,,0.7870028987526894,,,,,,,,,,,,,20,,21,,,
logistics98,prob27.pddl,abstract,timed out,1800.1857005879283,abstract_asp,,0.5884843394160271,0.004357248544692993,3.056585446000099,0.3814491108059883,6.705701362341642,5.655307464301586,2.3653373159468174,0.8663260526955128,0.9048308320343494,,,,,,,4,0,,,22,,23,,40,object,
logistics98,prob27.pddl,concrete,timed out,1800.1739443540573,concrete_asp,,,,,,,5.815206289291382,,0.8240976259112358,,,,,,,,,,,,,23,,24,,,
logistics98,prob28.pddl,abstract,timed out,1800.2199308611453,abstract_asp,,0.9402841776609421,0.006569746881723404,7.221676599234343,1.3347258195281029,17.92265411838889,13.622168347239494,5.430005367845297,9.86035530269146,3.3176708929240704,,,,,,,2,0,,,16,,17,,83,object,
logistics98,prob28.pddl,concrete,timed out,1800.3547269441187,concrete_asp,,,,,,,12.403862588107586,,5.026401769369841,,,,,,,,,,,,,16,,17,,,
logistics98,prob29.pddl,abstract,timed out,1800.1946790888906,abstract_asp,,0.49317416548728943,0.005394835025072098,1.9315171279013157,0.30532796308398247,2.540715105831623,4.042351931333542,4.263658903539181,1.5666902251541615,1.5303341783583164,,,,,,,2,0,,,15,,16,,46,object,
logistics98,prob29.pddl,concrete,timed out,1800.1887558884919,concrete_asp,,,,,,,3.9524769112467766,,1.4161818139255047,,,,,,,,,,,,,20,,21,,,
logistics98,prob30.pddl,abstract,timed out,1800.165635857731,abstract_asp,,0.8569826260209084,0.004638168960809708,2.0978407189249992,0.8401080816984177,7.9407746978104115,3.5682289972901344,1.4934784583747387,1.4762313067913055,0.5116527453064919,,,,,,,2,0,,,15,,16,,80,object,
logistics98,prob30.pddl,concrete,timed out,1800.1815995052457,concrete_asp,,,,,,,3.3746814243495464,,1.3371935226023197,,,,,,,,,,,,,17,,18,,,
logistics98,prob33.pddl,abstract,success,1746.8226057831198,total,1745.155366,0.164521,0.002572,0.109833,0.016087,0.042018,0.175431,0.152657,0.01328,0.00811,360.573489,1383.829771,,,31,31,2,0,6,0,15,31,16,1,9,object,
logistics98,prob33.pddl,concrete,timed out,1800.1129757165909,concrete_asp,,,,,,,0.1613793671131134,,0.012106623500585556,,,,,,,,,,,,,21,,22,,,
logistics98,prob34.pddl,abstract,timed out,1800.0296450071037,abstract_solving,,0.19100270420312881,0.002778671681880951,0.14847102761268616,0.028734218329191208,0.08466789498925209,0.24573826789855957,0.22237548604607582,0.030531853437423706,0.017681676894426346,369.5871777944267,,,,,,2,0,0,0,16,33,17,1,14,object,
logistics98,prob34.pddl,concrete,timed out,1800.111027032137,concrete_asp,,,,,,,0.27145054936408997,,0.030343621969223022,,,,,,,,,,,,,25,,26,,,
logistics98,prob35.pddl,abstract,timed out,1800.11799480021,abstract_solving,,0.25584208965301514,0.003649391233921051,0.16476720571517944,0.043318357318639755,0.2391674891114235,0.2542707957327366,0.23735369741916656,0.062262170016765594,0.043800726532936096,137.42173786088824,,,,,,2,0,0,0,15,31,16,1,15,object,
logistics98,prob35.pddl,concrete,timed out,1800.1207659579813,concrete_asp,,,,,,,0.27521631494164467,,0.02792276442050934,,,,,,,,,,,,,24,,25,,,
miconic,s10-0.pddl,abstract,timed out,1800.1168772988021,abstract_asp,,0.3409180976450443,0.0023257434368133545,0.12197914719581604,0.02767312154173851,0.08038383722305298,0.2107328362762928,0.20894236117601395,0.013851385563611984,0.01273113489151001,,,,,,,1,0,,,28,,29,,2,object,
miconic,s10-0.pddl,concrete,timed out,1800.1158124059439,concrete_asp,,,,,,,0.21416299417614937,,0.013363391160964966,,,,,,,,,,,,,28,,29,,,
miconic,s11-4.pddl,abstract,timed out,1800.116533383727,abstract_asp,,0.41722213104367256,0.0027097798883914948,0.1310807727277279,0.03882700577378273,0.12329789996147156,0.2142944075167179,0.21497129648923874,0.0337580181658268,0.03219704329967499,,,,,,,1,0,,,30,,31,,2,object,
miconic,s11-4.pddl,concrete,timed out,1800.1181440064684,concrete_asp,,,,,,,0.22395492065697908,,0.01582937128841877,,,,,,,,,,,,,28,,29,,,
miconic,s12-0.pddl,abstract,timed out,1800.1142473891377,abstract_asp,,0.39672356843948364,0.0025360211730003357,0.13364499434828758,0.03661419823765755,0.11134954169392586,0.22376593202352524,0.21863164752721786,0.018257051706314087,0.01660221815109253,,,,,,,1,0,,,30,,31,,2,object,
miconic,s12-0.pddl,concrete,timed out,1800.0610293447971,concrete_asp,,,,,,,0.1884876862168312,,0.03694656863808632,,,,,,,,,,,,,28,,29,,,
miconic,s18-1.pddl,abstract,timed out,1800.114668016322,abstract_asp,,0.526807451620698,0.00286005437374115,0.13145404774695635,0.08381324261426926,0.21628002915531397,0.20852089300751686,0.20782266277819872,0.030268159694969654,0.02907884493470192,,,,,,,1,0,,,30,,31,,2,object,
miconic,s18-1.pddl,concrete,timed out,1800.1129453778267,concrete_asp,,,,,,,0.21085571125149727,,0.030065488070249557,,,,,,,,,,,,,28,,29,,,
miconic,s20-3.pddl,abstract,timed out,1800.1235199831426,abstract_asp,,0.7237952798604965,0.0035219453275203705,0.1777881719172001,0.08886395767331123,0.3174659498035908,0.28953297436237335,0.28701578080654144,0.041921429336071014,0.039583902806043625,,,,,,,1,0,,,30,,31,,2,object,
miconic,s20-3.pddl,concrete,timed out,1800.1174329780042,concrete_asp,,,,,,,0.2929890342056751,,0.041482895612716675,,,,,,,,,,,,,28,,29,,,
miconic,s24-1.pddl,abstract,timed out,1800.0293097384274,abstract_asp,,0.990298930555582,0.009775795042514801,0.1916026920080185,0.12543779611587524,0.4306413345038891,0.3167342133820057,0.30770642682909966,0.06642720848321915,0.054012615233659744,,,,,,,1,0,,,30,,31,,2,object,
miconic,s24-1.pddl,concrete,timed out,1800.1205756030977,concrete_asp,,,,,,,0.33088337630033493,,0.05729960277676582,,,,,,,,,,,,,28,,29,,,
miconic,s24-2.pddl,abstract,timed out,1800.1234258040786,abstract_asp,,1.1851742453873158,0.010118082165718079,0.21525602787733078,0.15668901056051254,0.5255804881453514,0.33713971450924873,0.3387646786868572,0.14303072541952133,0.14085283502936363,,,,,,,1,0,,,27,,28,,2,object,
miconic,s24-2.pddl,concrete,timed out,1800.1178293526173,concrete_asp,,,,,,,0.4063096083700657,,0.06026950106024742,,,,,,,,,,,,,28,,29,,,
miconic,s26-0.pddl,abstract,timed out,1800.1236002594233,abstract_asp,,1.3162073381245136,0.005018990486860275,0.23380010575056076,0.17615244910120964,0.6148054376244545,0.36646202951669693,0.3640236519277096,0.1666484773159027,0.16379478573799133,,,,,,,1,0,,,29,,30,,2,object,
miconic,s26-0.pddl,concrete,timed out,1800.1245731338859,concrete_asp,,,,,,,0.38511228561401367,,0.06837260723114014,,,,,,,,,,,,,25,,26,,,
miconic,s30-0.pddl,abstract,timed out,1800.1263575516641,abstract_asp,,1.7735588662326336,0.005927752703428268,0.27058291248977184,0.22948109172284603,0.8108938671648502,0.42134422436356544,0.4222227428108454,0.21839761175215244,0.21493913233280182,,,,,,,1,0,,,28,,29,,2,object,
miconic,s30-0.pddl,concrete,timed out,1800.1302127726376,concrete_asp,,,,,,,0.43384065106511116,,0.08929985761642456,,,,,,,,,,,,,27,,28,,,
miconic,s7-0.pddl,abstract,success,10.82465773448348,total,8.991706,0.249042,0.002859,0.119214,0.019074,0.055031,0.197735,0.196646,0.01658,0.015729,7.721375,0.344564,,,43,23,1,0,0,0,21,43,22,1,2,object,
miconic,s7-0.pddl,concrete,success,70.51056375727057,total,68.292236,,,,,,0.206762,,0.008655,,,68.056039,,,23,23,,,,,,23,,24,,,
miconic,s9-3.pddl,abstract,success,1219.9348941668868,total,1218.076422,0.323516,0.002264,0.128763,0.023719,0.06847,0.212408,0.211964,0.012268,0.01126,1216.209258,0.75535,,,61,32,1,0,0,0,30,61,31,1,2,object,
miconic,s9-3.pddl,concrete,timed out,1800.019942868501,concrete_asp,,,,,,,0.25131360068917274,,0.013944245874881744,,,,,,,,,,,,,29,,30,,,
mprime,prob02.pddl,abstract,success,8.263824321329594,total,5.986399,0.213678,0.00267,0.276827,0.038891,0.186481,0.526309,0.292921,0.243685,0.077974,1.418046,2.61205,,,15,14,4,1,0,0,7,15,8,1,18,object,
mprime,prob02.pddl,concrete,success,6.85953801497817,total,5.100987,,,,,,0.566542,,0.231541,,,4.282711,,,7,7,,,,,,7,,8,,,
mprime,prob05.pddl,abstract,success,18.473221618682146,total,16.608686,0.242927,0.003093,0.268207,0.034948,0.146444,0.520798,0.315802,0.512505,0.171884,10.824483,3.473268,,,23,22,4,1,0,0,11,23,12,1,13,object,
mprime,prob05.pddl,concrete,success,19.24473785236478,total,16.911483,,,,,,0.481593,,0.191944,,,16.215455,,,11,11,,,,,,11,,12,,,
mprime,prob07.pddl,abstract,success,5.099444828927517,total,3.262299,0.257841,0.003058,0.20877,0.060537,0.176803,0.358928,0.309166,0.249273,0.12273,0.340304,1.104043,,,11,9,4,1,0,0,5,11,6,1,23,object,
mprime,prob07.pddl,concrete,success,3.3002669513225555,total,0.979113,,,,,,0.334161,,0.094743,,,0.534499,,,5,5,,,,,,5,,6,,,
mprime,prob08.pddl,abstract,success,11.3311552926898,total,9.199714,0.225267,0.002584,0.49581,0.030549,0.29037,1.045754,0.513612,0.588364,0.228218,1.031903,3.557538,1.09228,,6,6,6,1,2,1,2,6,3,2,9,object,
mprime,prob08.pddl,concrete,success,6.818948432803154,total,5.026225,,,,,,1.047041,,0.551814,,,3.403195,,,6,6,,,,,,6,,7,,,
mprime,prob09.pddl,abstract,success,7.882935170084238,total,6.034134,0.190807,0.002695,0.225662,0.025131,0.112768,0.43069,0.302265,0.192337,0.073612,2.337587,2.0498,,,17,16,4,1,0,0,8,17,9,1,11,object,
mprime,prob09.pddl,concrete,success,4.557722572237253,total,2.817946,,,,,,0.425183,,0.179577,,,2.196496,,,8,8,,,,,,8,,9,,,
mprime,prob10.pddl,abstract,success,72.51386926323175,total,69.941967,0.376875,0.003245,2.521119,0.150445,0.394362,5.774433,1.330606,7.380033,1.675603,9.777325,40.071465,,,17,16,4,1,0,0,8,17,9,1,38,object,
mprime,prob10.pddl,concrete,success,44.17027776315808,total,42.117486,,,,,,5.323614,,2.740803,,,33.992293,,,8,8,,,,,,8,,9,,,
mprime,prob12.pddl,abstract,success,4.314083038829267,total,2.880673,0.162817,0.00291,0.169912,0.013217,0.110506,0.323016,0.278839,0.124135,0.09703,0.452358,1.093375,,,7,7,6,1,2,0,3,7,4,1,4,object,
mprime,prob12.pddl,concrete,success,3.4731019577011466,total,1.493029,,,,,,0.463063,,0.13768,,,0.872979,,,6,6,,,,,,6,,7,,,
mprime,prob13.pddl,abstract,timed out,1800.1321511082351,abstract_asp,,0.3907995745539665,0.0033368654549121857,2.4269426874816418,0.1798107512295246,0.38916970416903496,5.537589509040117,0.8942913562059402,6.980661801993847,0.95963154733181,,,,,,,4,1,,,13,,14,,44,object,
mprime,prob13.pddl,concrete,timed out,1800.1478786030784,concrete_asp,,,,,,,5.195160892792046,,2.5788442324846983,,,,,,,,,,,,,13,,14,,,
mprime,prob14.pddl,abstract,success,477.3234069868922,total,474.334089,0.396599,0.003383,3.133627,0.180993,0.450296,7.643262,1.733154,9.102608,2.122599,385.307724,63.442503,,,23,22,4,1,0,0,11,23,12,1,42,object,
mprime,prob14.pddl,concrete,success,406.43742994219065,total,404.075073,,,,,,7.133551,,3.349784,,,393.51396,,,11,11,,,,,,11,,12,,,
mprime,prob15.pddl,abstract,success,55.66392945498228,total,53.386853,0.313959,0.002784,1.945301,0.044298,0.384629,4.726194,3.660713,2.560364,1.811985,12.176338,25.364949,,,13,12,4,1,0,0,6,13,7,1,12,object,
mprime,prob15.pddl,concrete,success,26.740784350782633,total,24.651038,,,,,,4.711498,,2.621319,,,17.267752,,,6,6,,,,,,6,,7,,,
mprime,prob16.pddl,abstract,success,10.898565355688334,total,9.023214,0.253085,0.003122,0.421055,0.027723,0.307413,0.90201,0.454918,1.056293,0.411335,1.027307,4.078093,,,9,9,6,1,1,0,4,9,5,1,7,object,
mprime,prob16.pddl,concrete,success,7.306082908064127,total,4.282429,,,,,,0.895448,,0.394502,,,2.965549,,,6,6,,,,,,6,,7,,,
mprime,prob17.pddl,abstract,success,28.671424701809883,total,26.642907,0.34885,0.003619,1.213553,0.070314,0.340262,2.82943,1.067355,3.604185,1.26875,2.851951,12.876962,,,9,8,4,1,0,0,4,9,5,1,19,object,
mprime,prob17.pddl,concrete,success,12.460059590637684,total,10.549089,,,,,,2.583216,,1.317884,,,6.614575,,,4,4,,,,,,4,,5,,,
mprime,prob21.pddl,abstract,success,15.610814966261387,total,13.696289,0.302926,0.002695,0.714443,0.084171,0.148771,1.575986,0.323964,0.908693,0.082876,0.607044,8.785037,,,13,12,4,1,0,0,6,13,7,1,33,object,
mprime,prob21.pddl,concrete,success,10.452836401760578,total,8.595619,,,,,,1.577201,,0.864853,,,6.125679,,,6,6,,,,,,6,,7,,,
mprime,prob24.pddl,abstract,success,38.71194398403168,total,36.491943,0.34426,0.00296,1.176109,0.099347,0.257098,2.717002,1.696876,1.540857,0.991643,8.825223,18.51332,,,17,16,4,1,0,0,8,17,9,1,34,object,
mprime,prob24.pddl,concrete,success,17.28500433266163,total,15.394524,,,,,,2.651817,,1.425403,,,11.272869,,,8,8,,,,,,8,,9,,,
mprime,prob27.pddl,abstract,success,13.432821117341518,total,11.522902,0.237259,0.003621,0.404999,0.020017,0.289629,0.877387,0.900673,1.007552,1.056066,2.654665,3.97394,,,11,8,4,1,0,0,5,11,6,1,4,object,
mprime,prob27.pddl,concrete,success,4.856349408626556,total,3.048304,,,,,,0.798181,,0.370847,,,1.859825,,,5,5,,,,,,5,,6,,,
mprime,prob28.pddl,abstract,success,3.3806193228811026,total,1.948682,0.155599,0.002329,0.125398,0.012932,0.080216,0.218325,0.232134,0.055211,0.056772,0.37739,0.581809,,,15,9,4,1,0,0,7,15,8,1,5,object,
mprime,prob28.pddl,concrete,success,2.5598035007715225,total,0.769317,,,,,,0.280456,,0.060973,,,0.403351,,,7,7,,,,,,7,,8,,,
mprime,prob29.pddl,abstract,success,8.822874773293734,total,6.999271,0.241899,0.003742,0.30875,0.02797,0.242694,0.601139,0.537274,0.65518,0.586659,1.365203,2.350036,,,9,8,4,1,0,0,4,9,5,1,9,object,
mprime,prob29.pddl,concrete,success,3.820685885846615,total,2.03163,,,,,,0.556213,,0.242812,,,1.215365,,,4,4,,,,,,4,,5,,,
mprime,prob31.pddl,abstract,success,7.806416962295771,total,5.899816,0.200369,0.002643,0.33629,0.026593,0.241657,0.749863,0.348438,0.354763,0.095933,0.533903,2.891934,,,9,8,4,1,0,0,4,9,5,1,9,object,
mprime,prob31.pddl,concrete,success,4.66119584813714,total,2.712025,,,,,,0.763878,,0.328372,,,1.599229,,,4,4,,,,,,4,,5,,,
mprime,prob32.pddl,abstract,success,5.15649514272809,total,3.308618,0.242548,0.003004,0.201492,0.033167,0.121531,0.367452,0.238634,0.275098,0.080199,0.303927,1.378201,,,15,11,4,1,0,0,7,15,8,1,12,object,
mprime,prob32.pddl,concrete,success,2.9769683443009853,total,1.182059,,,,,,0.347154,,0.107746,,,0.71037,,,7,7,,,,,,7,,8,,,
mprime,prob33.pddl,abstract,success,84.39707044139504,total,82.394809,0.30617,0.002822,0.910739,0.107022,0.185973,2.068706,0.581957,1.152116,0.281494,58.132285,18.330258,,,25,24,4,1,0,0,12,25,13,1,39,object,
mprime,prob33.pddl,concrete,success,46.91909855604172,total,44.160291,,,,,,2.309546,,2.815793,,,38.993122,,,12,12,,,,,,12,,13,,,
mprime,prob34.pddl,abstract,success,6.892609614878893,total,5.115352,0.206624,0.002721,0.332804,0.046129,0.191533,0.715034,0.262884,0.339839,0.048778,0.265333,2.609377,,,9,8,4,1,0,0,4,9,5,1,21,object,
mprime,prob34.pddl,concrete,success,4.376892514526844,total,2.582049,,,,,,0.735713,,0.308992,,,1.518636,,,4,4,,,,,,4,,5,,,
mystery,prob02.pddl,abstract,success,5.6774030495435,total,4.248706,0.168964,0.002016,0.206334,0.0343,0.100951,0.408412,0.197355,0.184702,0.03652,0.898429,1.940053,,,15,13,2,0,0,0,7,15,8,1,18,object,
mystery,prob02.pddl,concrete,success,6.093398030847311,total,4.279464,,,,,,0.528942,,0.206711,,,3.522409,,,7,7,,,,,,7,,8,,,
mystery,prob05.pddl,abstract,timed out,1800.1171896550804,abstract_asp,,0.1743138302117586,0.0022271396592259407,0.1657407907769084,0.027744775637984276,0.1023958045989275,0.34147056099027395,0.1957259476184845,0.1312722498551011,0.029475130140781403,,,,,,,2,0,,,56,,57,,13,object,
mystery,prob05.pddl,concrete,timed out,1800.2179314158857,concrete_asp,,,,,,,0.4651259519159794,,0.2526477091014385,,,,,,,,,,,,,195,,196,,,
mystery,prob08.pddl,abstract,timed out,1800.137797893025,guided_concrete_solving,,0.18330665305256844,0.0022237151861190796,0.212199785746634,0.029488101601600647,0.25491007324308157,0.42056145425885916,0.19329242408275604,0.328378027305007,0.024348929524421692,0.10632702801376581,0.9524594526737928,,,,,4,0,2,36,2,41,3,37,9,object,
mystery,prob08.pddl,concrete,timed out,1800.138509158045,concrete_asp,,,,,,,0.5466627068817616,,0.16944345831871033,,,,,,,,,,,,,38,,39,,,
mystery,prob09.pddl,abstract,success,6.149436570703983,total,4.303586,0.229294,0.002637,0.215446,0.028382,0.143523,0.408141,0.248238,0.345002,0.089445,0.661515,1.861679,,,17,15,2,0,0,0,8,17,9,1,11,object,
mystery,prob09.pddl,concrete,success,3.574816696345806,total,1.749744,,,,,,0.39495,,0.132593,,,1.204426,,,8,8,,,,,,8,,9,,,
mystery,prob10.pddl,abstract,success,47.18982747942209,total,44.852536,0.364764,0.002707,1.893562,0.149095,0.384774,4.414567,0.471819,5.516882,0.391932,1.3715,29.521622,,,17,16,2,0,0,0,8,17,9,1,38,object,
mystery,prob10.pddl,concrete,success,25.293157547712326,total,22.024978,,,,,,4.204103,,2.083353,,,15.68252,,,8,8,,,,,,8,,9,,,
mystery,prob12.pddl,abstract,timed out,1800.1236997693777,guided_concrete_solving,,0.22209033370018005,0.0024398118257522583,0.1365090198814869,0.016142643988132477,0.1287073791027069,0.22898082435131073,0.20029392465949059,0.06909146532416344,0.02075783535838127,0.05674141272902489,0.27952106669545174,,,,,4,0,3,140,3,147,4,141,4,object,
mystery,prob12.pddl,concrete,timed out,1800.1272693872452,concrete_asp,,,,,,,0.25911281257867813,,0.028901807963848114,,,,,,,,,,,,,143,,144,,,
mystery,prob13.pddl,abstract,success,75.19561547413468,total,72.899413,0.373611,0.00292,0.987302,0.178095,0.400872,2.205697,0.345931,2.651181,0.190029,42.059273,23.135625,,,31,29,2,0,0,0,15,31,16,1,44,object,
mystery,prob13.pddl,concrete,success,151.5311780385673,total,148.685195,,,,,,2.025554,,1.016213,,,145.590327,,,15,15,,,,,,15,,16,,,
mystery,prob14.pddl,abstract,success,93.19989218562841,total,90.515152,0.379443,0.002866,2.387531,0.180984,0.457798,5.521767,0.630226,6.869444,0.61053,25.70653,47.133961,,,23,18,2,0,0,0,11,23,12,1,42,object,
mystery,prob14.pddl,concrete,success,210.72438874095678,total,207.667672,,,,,,5.068698,,2.626379,,,199.898974,,,11,11,,,,,,11,,12,,,
mystery,prob15.pddl,abstract,success,22.989235654473305,total,20.995509,0.337047,0.002623,0.839754,0.051757,0.51234,2.005707,0.638823,2.477048,0.617827,2.057095,11.306497,,,13,12,2,0,0,0,6,13,7,1,12,object,
mystery,prob15.pddl,concrete,success,11.626026324927807,total,8.91555,,,,,,1.887425,,0.930548,,,6.065975,,,6,6,,,,,,6,,7,,,
mystery,prob16.pddl,abstract,timed out,1800.297622513026,guided_concrete_solving,,0.2412799447774887,0.003332480788230896,0.21780452132225037,0.02654525637626648,0.30776602402329445,0.4103536866605282,0.2529577538371086,0.33053627237677574,0.07257995381951332,0.21411766856908798,1.369313396513462,,,,,4,0,4,923,4,932,5,924,7,object,
mystery,prob16.pddl,concrete,timed out,1800.2794523015618,concrete_asp,,,,,,,0.3860200196504593,,0.14801844954490662,,,,,,,,,,,,,940,,941,,,
mystery,prob17.pddl,abstract,success,18.906365878880024,total,16.953252,0.273774,0.06006,0.836978,0.068268,0.355037,1.998864,0.464178,2.476975,0.380324,0.861892,9.047353,,,9,8,2,0,0,0,4,9,5,1,19,object,
mystery,prob17.pddl,concrete,success,10.474624395370483,total,7.228294,,,,,,1.929173,,0.928092,,,4.342088,,,4,4,,,,,,4,,5,,,
mystery,prob21.pddl,abstract,timed out,1800.1283426359296,abstract_asp,,0.21851101145148277,0.0023444853723049164,0.34506630524992943,0.08286084234714508,0.22612570226192474,0.7287585027515888,0.22752850502729416,0.33704301714897156,0.022907264530658722,,,,,,,2,0,,,143,,144,,33,object,
mystery,prob21.pddl,concrete,timed out,1800.1861578039825,concrete_asp,,,,,,,0.8168277777731419,,0.3177144303917885,,,,,,,,,,,,,143,,144,,,
mystery,prob24.pddl,abstract,timed out,1800.124978043139,abstract_asp,,0.3114951550960541,0.002550646662712097,0.2899760715663433,0.09848994016647339,0.25197000801563263,0.54479019343853,0.24622103571891785,0.2362653836607933,0.03247998282313347,,,,,,,2,0,,,53,,54,,34,object,
mystery,prob24.pddl,concrete,timed out,1800.3722476772964,concrete_asp,,,,,,,0.4845588617026806,,0.19274889305233955,,,,,,,,,,,,,893,,894,,,
mystery,prob27.pddl,abstract,success,5.216470941901207,total,2.369476,0.197197,0.002272,0.197926,0.015363,0.180837,0.341779,0.268549,0.070364,0.046541,0.299175,0.664976,,,11,9,2,0,0,0,5,11,6,1,4,object,
mystery,prob27.pddl,concrete,success,2.894071400165558,total,0.775187,,,,,,0.308521,,0.065836,,,0.384486,,,5,5,,,,,,5,,6,,,
mystery,prob28.pddl,abstract,success,3.1071063317358494,total,1.280366,0.209177,0.002514,0.123785,0.015812,0.115442,0.204807,0.198235,0.032929,0.02107,0.105758,0.192717,,,15,9,2,0,0,0,7,15,8,1,5,object,
mystery,prob28.pddl,concrete,success,3.046979288570583,total,0.417193,,,,,,0.251585,,0.016197,,,0.133441,,,7,7,,,,,,7,,8,,,
mystery,prob29.pddl,abstract,success,4.500259902328253,total,2.06435,0.196531,0.002258,0.18404,0.021956,0.138145,0.333952,0.220233,0.0764,0.027329,0.160811,0.631366,,,9,6,2,0,0,0,4,9,5,1,9,object,
mystery,prob29.pddl,concrete,success,2.838774509727955,total,0.771076,,,,,,0.317206,,0.071849,,,0.366443,,,4,4,,,,,,4,,5,,,
nomystery-sat11-strips,p01.pddl,abstract,success,226.2839262438938,total,221.714775,3.415847,0.007297,0.378441,0.392606,22.620637,0.41789,0.414742,0.067692,0.076303,190.446801,3.36621,,,31,20,2,0,3,0,15,31,16,1,2,package,
nomystery-sat11-strips,p01.pddl,concrete,success,204.9314278513193,total,202.214517,,,,,,0.437111,,0.068644,,,201.68987,,,18,18,,,,,,18,,19,,,
nomystery-sat11-strips,p02.pddl,abstract,success,455.60703039355576,total,449.593128,4.696168,0.008796,0.467681,0.670236,35.332966,0.440134,0.455387,0.089616,0.097673,7.504798,399.691729,,,25,23,2,0,6,0,12,25,13,1,4,package,
nomystery-sat11-strips,p02.pddl,concrete,timed out,1800.1322225145996,concrete_asp,,,,,,,0.47829417884349823,,0.08806316927075386,,,,,,,,,,,,,20,,21,,,
nomystery-sat11-strips,p04.pddl,abstract,timed out,1800.564798749052,abstract_asp,,28.63454723916948,0.04055876284837723,2.23415070772171,3.5575341815128922,477.9639578964561,1.4404266458004713,1.5811791978776455,0.30114207696169615,0.33595054876059294,,,,,,,2,0,,,17,,18,,3,package,
nomystery-sat11-strips,p04.pddl,concrete,timed out,1800.1500770412385,concrete_asp,,,,,,,1.5071078427135944,,0.29425688832998276,,,,,,,,,,,,,27,,28,,,
nomystery-sat11-strips,p06.pddl,abstract,timed out,1800.4418664379045,abstract_asp,,24.92981810029596,0.038827438838779926,2.214879618026316,3.422845927067101,419.3298306753859,1.4601405691355467,1.6449244115501642,0.3814150393009186,0.4050909774377942,,,,,,,2,0,,,17,,18,,4,package,
nomystery-sat11-strips,p06.pddl,concrete,timed out,1800.1471867412329,concrete_asp,,,,,,,1.4735042490065098,,0.3512175530195236,,,,,,,,,,,,,29,,30,,,
nomystery-sat11-strips,p07.pddl,abstract,timed out,1800.5189275192097,abstract_asp,,31.06122684199363,0.04435880668461323,2.838099024258554,4.2688092943280935,553.6443160800263,1.8723139353096485,2.14740352332592,0.45304929558187723,0.5045070983469486,,,,,,,2,0,,,16,,17,,4,package,
nomystery-sat11-strips,p07.pddl,concrete,timed out,1800.1507185604423,concrete_asp,,,,,,,1.9554279055446386,,0.44825631752610207,,,,,,,,,,,,,29,,30,,,
nomystery-sat11-strips,p08.pddl,abstract,timed out,1800.3155812798068,abstract_asp,,15.44766319077462,0.023345488123595715,1.4800817593932152,2.1070792758837342,197.14833705406636,1.1440425086766481,1.430150942876935,0.3420221647247672,0.38371849805116653,,,,,,,2,0,,,17,,18,,4,package,
nomystery-sat11-strips,p08.pddl,concrete,timed out,1800.0556927658617,concrete_asp,,,,,,,1.1751724034547806,,0.3337601609528065,,,,,,,,,,,,,29,,30,,,
nomystery-sat11-strips,p10.pddl,abstract,timed out,1800.5686521492898,abstract_asp,,29.889496807940304,0.04219046141952276,3.184655863791704,3.556275812909007,484.1733842268586,1.9998950343579054,2.312547725625336,1.045507232658565,0.6167287640273571,,,,,,,2,0,,,18,,19,,3,package,
nomystery-sat11-strips,p10.pddl,concrete,timed out,1800.1719429157674,concrete_asp,,,,,,,1.9793062768876553,,0.519168246537447,,,,,,,,,,,,,30,,31,,,
nomystery-sat11-strips,p11.pddl,abstract,success,76.34019223973155,total,73.775688,2.083731,0.005365,0.254699,0.267985,10.086982,0.316105,0.321798,0.117722,0.136231,49.705139,10.403649,,,31,25,2,0,4,0,15,31,16,1,2,package,
nomystery-sat11-strips,p11.pddl,concrete,success,177.95602755248547,total,176.329719,,,,,,0.252629,,0.039812,,,176.026223,,,18,18,,,,,,18,,19,,,
nomystery-sat11-strips,p12.pddl,abstract,success,1596.5479107648134,total,1593.552028,2.80122,0.006639,0.318194,0.450901,16.124175,0.356572,0.392007,0.157707,0.178879,8.15103,1564.506109,,,25,22,2,0,7,0,12,25,13,1,4,package,
nomystery-sat11-strips,p12.pddl,concrete,timed out,1800.1285162381828,concrete_asp,,,,,,,0.3896474465727806,,0.1175553947687149,,,,,,,,,,,,,20,,21,,,
nomystery-sat11-strips,p14.pddl,abstract,timed out,1800.3513395786285,abstract_asp,,16.629838079214096,0.03130485862493515,1.254982851445675,2.365882933139801,236.86728912591934,1.0133940652012825,1.0829088166356087,0.5578690320253372,0.633948065340519,,,,,,,2,0,,,17,,18,,3,package,
nomystery-sat11-strips,p14.pddl,concrete,timed out,1800.1407995037735,concrete_asp,,,,,,,0.9934083446860313,,0.21347462385892868,,,,,,,,,,,,,26,,27,,,
nomystery-sat11-strips,p16.pddl,abstract,timed out,1800.2971738651395,abstract_asp,,14.105467393994331,0.025233648717403412,1.259199045598507,2.223957322537899,188.1982659138739,1.0638106614351273,1.184871256351471,0.6785159185528755,0.7836449779570103,,,,,,,2,0,,,17,,18,,4,package,
nomystery-sat11-strips,p16.pddl,concrete,timed out,1800.1472349353135,concrete_asp,,,,,,,1.0009585469961166,,0.26366566866636276,,,,,,,,,,,,,30,,31,,,
nomystery-sat11-strips,p17.pddl,abstract,timed out,1800.297055712901,abstract_asp,,14.762178486213088,0.024215693585574627,1.3612095266580582,2.2865440351888537,221.76645729038864,1.064058743417263,1.2023006519302726,0.3206947725266218,0.34439113829284906,,,,,,,2,0,,,17,,18,,4,package,
nomystery-sat11-strips,p17.pddl,concrete,timed out,1800.1508970670402,concrete_asp,,,,,,,1.2762515433132648,,0.32601457834243774,,,,,,,,,,,,,29,,30,,,
nomystery-sat11-strips,p18.pddl,abstract,timed out,1800.1826419383287,abstract_asp,,6.8638914451003075,0.012692027725279331,0.7136733261868358,1.0721534602344036,68.26680580805987,0.6835364708676934,0.7203094642609358,0.21028565801680088,0.24027467239648104,,,,,,,2,0,,,17,,18,,4,package,
nomystery-sat11-strips,p18.pddl,concrete,timed out,1800.1336448714137,concrete_asp,,,,,,,0.861230906099081,,0.2392033077776432,,,,,,,,,,,,,30,,31,,,
nomystery-sat11-strips,p20.pddl,abstract,timed out,1800.2279636869207,abstract_asp,,12.884615547023714,0.022315953858196735,1.2679188353940845,1.7536416528746486,169.19945325236768,1.1066998858004808,1.164007599465549,0.34217064641416073,0.3808312267065048,,,,,,,2,0,,,18,,19,,3,package,
nomystery-sat11-strips,p20.pddl,concrete,timed out,1800.1509110182524,concrete_asp,,,,,,,1.139004934579134,,0.3328600078821182,,,,,,,,,,,,,31,,32,,,
pipesworld-notankage,p03-net1-b8-g3.pddl,abstract,success,4.440862230956554,total,1.603407,0.219632,0.003277,0.158914,0.012546,0.022735,0.252247,0.194842,0.025638,0.012575,0.133331,0.492173,,,15,13,14,0,2,0,7,15,8,1,2,batch-atom,
pipesworld-notankage,p03-net1-b8-g3.pddl,concrete,success,3.397335585206747,total,0.801251,,,,,,0.263918,,0.024029,,,0.496527,,,8,8,,,,,,8,,9,,,
pipesworld-notankage,p04-net1-b8-g5.pddl,abstract,success,4.412990480661392,total,1.584817,0.219526,0.003433,0.157897,0.013401,0.023028,0.250248,0.194989,0.026542,0.012405,0.10403,0.501956,,,13,13,14,0,1,0,6,13,7,1,2,batch-atom,
pipesworld-notankage,p04-net1-b8-g5.pddl,concrete,success,11.009405009448528,total,8.470512,,,,,,0.263445,,0.024256,,,8.166806,,,11,11,,,,,,11,,12,,,
pipesworld-notankage,p05-net1-b10-g4.pddl,abstract,success,3.8278245888650417,total,2.012199,0.283873,0.003989,0.181427,0.016116,0.029751,0.297617,0.218477,0.098019,0.045797,0.194346,0.582833,,,15,13,14,0,1,0,7,15,8,1,2,batch-atom,
pipesworld-notankage,p05-net1-b10-g4.pddl,concrete,success,2.8782285768538713,total,1.172516,,,,,,0.24264,,0.03593,,,0.87546,,,8,8,,,,,,8,,9,,,
pipesworld-notankage,p06-net1-b10-g6.pddl,abstract,success,5.50689235329628,total,2.858397,0.27875,0.004101,0.171834,0.016252,0.036018,0.288037,0.22139,0.098514,0.046678,0.654264,0.980483,,,19,18,14,0,2,0,9,19,10,1,2,batch-atom,
pipesworld-notankage,p06-net1-b10-g6.pddl,concrete,success,8.129669640213251,total,6.337105,,,,,,0.266797,,0.037647,,,6.012952,,,10,10,,,,,,10,,11,,,
pipesworld-notankage,p07-net1-b12-g5.pddl,abstract,success,5.015897121280432,total,2.379227,0.278416,0.003982,0.1838,0.016391,0.03732,0.304489,0.236224,0.137385,0.067926,0.373353,0.679133,,,17,11,14,0,0,0,8,17,9,1,2,batch-atom,
pipesworld-notankage,p07-net1-b12-g5.pddl,concrete,success,3.2104544267058372,total,1.221384,,,,,,0.28176,,0.050928,,,0.872256,,,8,8,,,,,,8,,9,,,
pipesworld-notankage,p08-net1-b12-g7.pddl,abstract,success,16.369566675275564,total,9.113496,0.222127,0.003712,0.160738,0.014101,0.034055,0.284155,0.239576,0.053503,0.027355,4.006993,3.952658,,,21,20,14,0,2,0,10,21,11,1,2,batch-atom,
pipesworld-notankage,p08-net1-b12-g7.pddl,concrete,success,10.986847794614732,total,9.309065,,,,,,0.274504,,0.050279,,,8.963673,,,10,10,,,,,,10,,11,,,
pipesworld-notankage,p09-net1-b14-g6.pddl,abstract,success,18.288300801068544,total,15.696753,0.286621,0.009296,0.18611,0.01866,0.089969,0.335188,0.238025,0.180725,0.074595,10.799782,3.397998,,,27,27,14,0,2,0,13,27,14,1,3,batch-atom,
pipesworld-notankage,p09-net1-b14-g6.pddl,concrete,success,50.753242552280426,total,48.933297,,,,,,0.323271,,0.067005,,,48.521153,,,13,13,,,,,,13,,14,,,
pipesworld-notankage,p10-net1-b14-g8.pddl,abstract,success,456.59131844714284,total,453.992632,0.286137,0.004273,0.180551,0.017143,0.093073,0.342944,0.245166,0.176762,0.089857,423.654527,28.803397,,,35,32,14,0,2,0,17,35,18,1,2,batch-atom,
pipesworld-notankage,p10-net1-b14-g8.pddl,concrete,timed out,1800.1131800301373,concrete_asp,,,,,,,0.24687347561120987,,0.05897834151983261,,,,,,,,,,,,,16,,17,,,
pipesworld-notankage,p13-net2-b12-g3.pddl,abstract,timed out,1800.1268587596714,abstract_solving,,0.2801230847835541,0.003983929753303528,0.20955821499228477,0.019079413264989853,0.03489501401782036,0.3706025704741478,0.25706812739372253,0.24090419709682465,0.1038324162364006,3.5485639423131943,,,,,,14,0,0,0,14,29,15,1,4,batch-atom,
pipesworld-notankage,p13-net2-b12-g3.pddl,concrete,success,45.721516624093056,total,42.70428,,,,,,0.398403,,0.092106,,,42.188508,,,16,16,,,,,,16,,17,,,
pipesworld-notankage,p15-net2-b14-g4.pddl,abstract,timed out,1800.132105190307,abstract_solving,,0.2846665121614933,0.0040062665939331055,0.20848533511161804,0.019901517778635025,0.03676610812544823,0.3699582889676094,0.2655387856066227,0.24605701118707657,0.11603912711143494,5.169653419405222,,,,,,14,0,0,0,16,33,17,1,4,batch-atom,
pipesworld-notankage,p15-net2-b14-g4.pddl,concrete,timed out,1800.1252891561016,concrete_asp,,,,,,,0.38337748032063246,,0.093029978685081,,,,,,,,,,,,,23,,24,,,
pipesworld-notankage,p16-net2-b14-g6.pddl,abstract,timed out,1800.044629625976,abstract_solving,,0.2856946513056755,0.009042050689458847,0.20597151294350624,0.019970547407865524,0.08951109275221825,0.3823167756199837,0.2706025615334511,0.24350713938474655,0.1158786341547966,438.3811358176172,,,,,,14,0,0,0,25,51,26,1,4,batch-atom,
pipesworld-notankage,p16-net2-b14-g6.pddl,concrete,timed out,1800.123871088028,concrete_asp,,,,,,,0.3847612142562866,,0.09377581998705864,,,,,,,,,,,,,29,,30,,,
pipesworld-notankage,p17-net2-b16-g5.pddl,abstract,timed out,1800.1375129260123,abstract_solving,,0.2938494570553303,0.004028506577014923,0.23724479973316193,0.019036617130041122,0.09454039856791496,0.48904937133193016,0.3389255553483963,0.4024070166051388,0.20956744626164436,6.860285621136427,,,,,,14,0,0,0,14,29,15,1,3,batch-atom,
pipesworld-notankage,p17-net2-b16-g5.pddl,concrete,timed out,1800.0303078107536,concrete_asp,,,,,,,0.4691977873444557,,0.14303666725754738,,,,,,,,,,,,,18,,19,,,
pipesworld-notankage,p18-net2-b16-g7.pddl,abstract,timed out,1800.1374730467796,abstract_solving,,0.25930318236351013,0.0036108307540416718,0.2382771037518978,0.09360428526997566,0.030490323901176453,0.450499564409256,0.36197300255298615,0.15902024507522583,0.08575550094246864,483.01413528621197,,,,,,14,0,0,0,20,41,21,1,3,batch-atom,
pipesworld-notankage,p18-net2-b16-g7.pddl,concrete,timed out,1800.125082783401,concrete_asp,,,,,,,0.48146698996424675,,0.15043947473168373,,,,,,,,,,,,,21,,22,,,
pipesworld-notankage,p23-net3-b14-g3.pddl,abstract,timed out,1800.1343764699996,abstract_solving,,0.2526877410709858,0.009611763060092926,0.25295834243297577,0.01856127753853798,0.10449836403131485,0.5207784622907639,0.30819490924477577,0.17377697676420212,0.056872036308050156,3.6988830603659153,,,,,,14,0,0,0,12,25,13,1,5,batch-atom,
pipesworld-notankage,p23-net3-b14-g3.pddl,concrete,timed out,1800.1272761970758,concrete_asp,,,,,,,0.5179056152701378,,0.16768771782517433,,,,,,,,,,,,,18,,19,,,
pipesworld-notankage,p25-net3-b16-g5.pddl,abstract,timed out,1800.1462415196002,abstract_solving,,0.2306089699268341,0.003613632172346115,0.26040301099419594,0.09990415349602699,0.03065583109855652,0.5796541832387447,0.3737175054848194,0.22872278094291687,0.08788515999913216,216.81626568734646,,,,,,14,0,0,0,22,45,23,1,5,batch-atom,
pipesworld-notankage,p25-net3-b16-g5.pddl,concrete,timed out,1800.1258587911725,concrete_asp,,,,,,,0.6013798490166664,,0.21399714797735214,,,,,,,,,,,,,23,,24,,,
pipesworld-notankage,p27-net3-b18-g6.pddl,abstract,timed out,1800.0432059504092,abstract_asp,,0.3363621272146702,0.003644850105047226,0.27121473476290703,0.018729571253061295,0.034020908176898956,0.6365208998322487,0.41586460173130035,0.27072568610310555,0.12765076756477356,,,,,,,14,0,,,21,,22,,4,batch-atom,
pipesworld-notankage,p27-net3-b18-g6.pddl,concrete,timed out,1800.1289955247194,concrete_asp,,,,,,,0.6755947861820459,,0.2563388356938958,,,,,,,,,,,,,21,,22,,,
pipesworld-notankage,p28-net3-b18-g7.pddl,abstract,timed out,1800.127152968198,abstract_asp,,0.3350572921335697,0.00369865819811821,0.27592943981289864,0.018900789320468903,0.034784577786922455,0.6448433063924313,0.4164806269109249,0.27072155475616455,0.12717869505286217,,,,,,,14,0,,,24,,25,,4,batch-atom,
pipesworld-notankage,p28-net3-b18-g7.pddl,concrete,timed out,1800.1419828645885,concrete_asp,,,,,,,0.7849512249231339,,0.49449072405695915,,,,,,,,,,,,,23,,24,,,
pipesworld-notankage,p29-net3-b20-g6.pddl,abstract,timed out,1800.1302311383188,abstract_asp,,0.3367358185350895,0.0036311075091362,0.3122589588165283,0.01918766275048256,0.037220656871795654,0.8448224551975727,0.47146036848425865,0.34041665866971016,0.15913984924554825,,,,,,,14,0,,,22,,23,,4,batch-atom,
pipesworld-notankage,p29-net3-b20-g6.pddl,concrete,timed out,1800.148143582046,concrete_asp,,,,,,,0.9370195753872395,,0.8654410392045975,,,,,,,,,,,,,22,,23,,,
pipesworld-notankage,p30-net3-b20-g8.pddl,abstract,timed out,1800.1275933720171,abstract_asp,,0.33775414898991585,0.004289794713258743,0.29746801778674126,0.01911897212266922,0.03775344789028168,0.7154058441519737,0.429955143481493,0.30574241653084755,0.13351744413375854,,,,,,,14,0,,,23,,24,,4,batch-atom,
pipesworld-notankage,p30-net3-b20-g8.pddl,concrete,timed out,1800.1271973922849,concrete_asp,,,,,,,0.7496960498392582,,0.2905278280377388,,,,,,,,,,,,,21,,22,,,
pipesworld-notankage,p34-net4-b16-g6.pddl,abstract,timed out,1800.1238005273044,abstract_asp,,0.33210278302431107,0.003653440624475479,0.2855633646249771,0.020031288266181946,0.03183337301015854,0.6771644428372383,0.39288562536239624,0.2895882949233055,0.12003657594323158,,,,,,,14,0,,,19,,20,,5,batch-atom,
pipesworld-notankage,p34-net4-b16-g6.pddl,concrete,timed out,1800.1287526451051,concrete_asp,,,,,,,0.7691697813570499,,0.285626370459795,,,,,,,,,,,,,21,,22,,,
pipesworld-notankage,p35-net4-b18-g4.pddl,abstract,timed out,1800.184094928205,abstract_solving,,0.3488400913774967,0.003572337329387665,0.3663570284843445,0.019128914922475815,0.036055244505405426,0.9045698940753937,0.5050892569124699,0.3786282166838646,0.17087914049625397,146.25539588183165,,,,,,14,0,0,0,16,33,17,1,4,batch-atom,
pipesworld-notankage,p35-net4-b18-g4.pddl,concrete,timed out,1800.1291647478938,concrete_asp,,,,,,,0.9216079115867615,,0.3798157759010792,,,,,,,,,,,,,17,,18,,,
pipesworld-notankage,p36-net4-b18-g6.pddl,abstract,timed out,1800.1535823531449,abstract_solving,,0.312211349606514,0.003583960235118866,0.3337279260158539,0.01929524913430214,0.036224354058504105,0.8903989233076572,0.5067544206976891,0.37827911600470543,0.16864626109600067,1332.794819407165,,,,,,14,0,0,0,19,39,20,1,4,batch-atom,
pipesworld-notankage,p36-net4-b18-g6.pddl,concrete,timed out,1800.129246816039,concrete_asp,,,,,,,0.9277577139437199,,0.35744189098477364,,,,,,,,,,,,,19,,20,,,
pipesworld-notankage,p39-net4-b22-g7.pddl,abstract,timed out,1800.1344787999988,abstract_asp,,0.31557029858231544,0.0037052519619464874,0.474905151873827,0.021720968186855316,0.04005071893334389,1.2460643984377384,0.6672251746058464,0.5781305432319641,0.26684071496129036,,,,,,,14,0,,,18,,19,,5,batch-atom,
pipesworld-notankage,p39-net4-b22-g7.pddl,concrete,timed out,1800.1336948499084,concrete_asp,,,,,,,1.2652693130075932,,0.5401893183588982,,,,,,,,,,,,,18,,19,,,
pipesworld-notankage,p40-net4-b22-g8.pddl,abstract,timed out,1800.1353959999979,abstract_asp,,0.3439207784831524,0.0037318728864192963,0.5035571344196796,0.020269036293029785,0.041839029639959335,1.2844818606972694,0.7815358564257622,0.5922959744930267,0.2953089438378811,,,,,,,14,0,,,19,,20,,4,batch-atom,
pipesworld-notankage,p40-net4-b22-g8.pddl,concrete,timed out,1800.1281302720308,concrete_asp,,,,,,,1.0986651554703712,,0.5190566666424274,,,,,,,,,,,,,18,,19,,,
pipesworld-notankage,p41-net5-b22-g2.pddl,abstract,success,74.45664550736547,total,66.75301,0.314387,0.003533,0.56134,0.023464,0.041673,1.597539,0.787699,0.735097,0.307701,5.509466,56.613466,,,21,21,14,0,4,0,10,21,11,1,6,batch-atom,
pipesworld-notankage,p41-net5-b22-g2.pddl,concrete,success,45.08956515043974,total,41.761941,,,,,,1.665645,,0.690416,,,39.364377,,,12,12,,,,,,12,,13,,,
pipesworld-notankage,p42-net5-b22-g4.pddl,abstract,timed out,1800.1314233988523,abstract_asp,,0.3458785004913807,0.003673691302537918,0.5842467732727528,0.024599190801382065,0.04208139702677727,1.5751101970672607,0.7881121784448624,0.7187923528254032,0.3060210160911083,,,,,,,14,0,,,20,,21,,6,batch-atom,
pipesworld-notankage,p42-net5-b22-g4.pddl,concrete,timed out,1800.1415108554065,concrete_asp,,,,,,,1.6350380592048168,,0.6823952421545982,,,,,,,,,,,,,23,,24,,,
pipesworld-notankage,p43-net5-b24-g3.pddl,abstract,timed out,1800.129257965833,abstract_asp,,0.34416839852929115,0.0035283640027046204,0.6520083621144295,0.027318395674228668,0.04163246229290962,1.790219023823738,0.6414691060781479,0.8477778881788254,0.25433458387851715,,,,,,,14,0,,,18,,19,,8,batch-atom,
pipesworld-notankage,p43-net5-b24-g3.pddl,concrete,timed out,1800.1478994637728,concrete_asp,,,,,,,1.8487990722060204,,0.827822357416153,,,,,,,,,,,,,22,,23,,,
pipesworld-notankage,p44-net5-b24-g5.pddl,abstract,timed out,1800.135505463928,abstract_asp,,0.3635846972465515,0.004222709685564041,0.6479026712477207,0.027703288942575455,0.041672512888908386,1.8126946426928043,0.6563632525503635,0.8556168712675571,0.255070086568594,,,,,,,14,0,,,18,,19,,8,batch-atom,
pipesworld-notankage,p44-net5-b24-g5.pddl,concrete,timed out,1800.173426490277,concrete_asp,,,,,,,1.8383684493601322,,0.8106476627290249,,,,,,,,,,,,,22,,23,,,
pipesworld-notankage,p45-net5-b26-g4.pddl,abstract,timed out,1800.1530805826187,abstract_asp,,0.33763596788048744,0.0035297535359859467,0.7336633205413818,0.025163166224956512,0.04752928391098976,2.21889628469944,1.1035686433315277,0.998512763530016,0.4946833737194538,,,,,,,14,0,,,18,,19,,6,batch-atom,
pipesworld-notankage,p45-net5-b26-g4.pddl,concrete,timed out,1800.1531205624342,concrete_asp,,,,,,,2.243228144943714,,1.7626624815165997,,,,,,,,,,,,,21,,22,,,
pipesworld-notankage,p46-net5-b26-g6.pddl,abstract,timed out,1800.1538369990885,abstract_asp,,0.33569059520959854,0.004123974591493607,0.7259661331772804,0.02520904317498207,0.04802727326750755,2.1663215085864067,1.113426212221384,1.0162381902337074,0.4866577088832855,,,,,,,14,0,,,18,,19,,6,batch-atom,
pipesworld-notankage,p46-net5-b26-g6.pddl,concrete,timed out,1800.1571652460843,concrete_asp,,,,,,,2.1963715171441436,,0.956110630184412,,,,,,,,,,,,,21,,22,,,
pipesworld-notankage,p47-net5-b28-g5.pddl,abstract,timed out,1800.151058088988,abstract_asp,,0.3398250676691532,0.003582525998353958,0.7980631627142429,0.027166549116373062,0.05045671761035919,2.52530550211668,1.1684741973876953,1.1362802051007748,0.5264871120452881,,,,,,,14,0,,,21,,22,,7,batch-atom,
pipesworld-notankage,p47-net5-b28-g5.pddl,concrete,timed out,1800.1679735817015,concrete_asp,,,,,,,2.6415356136858463,,1.093956109136343,,,,,,,,,,,,,25,,26,,,
pipesworld-notankage,p48-net5-b28-g7.pddl,abstract,timed out,1800.159526154399,abstract_asp,,0.3406422324478626,0.003750178962945938,0.7920965775847435,0.026593659073114395,0.052166905254125595,2.4525162391364574,1.284576442092657,1.1260353587567806,0.5569924041628838,,,,,,,14,0,,,21,,22,,6,batch-atom,
pipesworld-notankage,p48-net5-b28-g7.pddl,concrete,timed out,1800.1711097210646,concrete_asp,,,,,,,2.5641357712447643,,1.0681350529193878,,,,,,,,,,,,,24,,25,,,
pipesworld-notankage,p49-net5-b30-g6.pddl,abstract,timed out,1800.0762350820005,abstract_asp,,0.36616960540413857,0.003702748566865921,0.9452031180262566,0.026412412524223328,0.05591673403978348,2.773754771798849,1.5649821050465107,1.2850195579230785,1.2594753503799438,,,,,,,14,0,,,18,,19,,6,batch-atom,
pipesworld-notankage,p49-net5-b30-g6.pddl,concrete,timed out,1800.170559477061,concrete_asp,,,,,,,2.9273833073675632,,1.1999502032995224,,,,,,,,,,,,,17,,18,,,
pipesworld-notankage,p50-net5-b30-g8.pddl,abstract,timed out,1800.1462485827506,abstract_asp,,0.3234951738268137,0.003606393001973629,0.9034887719899416,0.02610652521252632,0.05616487842053175,2.7136803632602096,1.456751181744039,1.2779112225398421,0.636739800684154,,,,,,,14,0,,,20,,21,,6,batch-atom,
pipesworld-notankage,p50-net5-b30-g8.pddl,concrete,timed out,1800.1454465426505,concrete_asp,,,,,,,2.39782140776515,,1.0627961121499538,,,,,,,,,,,,,20,,21,,,
pipesworld-tankage,p03-net1-b8-g3-t80.pddl,abstract,success,5.7791649997234344,total,3.140997,0.405599,0.005335,0.273028,0.024754,0.05042,0.411328,0.310171,0.212987,0.156615,0.449643,0.767164,,,15,14,14,0,1,0,7,15,8,1,2,batch-atom,
pipesworld-tankage,p03-net1-b8-g3-t80.pddl,concrete,success,3.0809540562331676,total,1.294572,,,,,,0.349818,,0.078682,,,0.847732,,,8,8,,,,,,8,,9,,,
pipesworld-tankage,p04-net1-b8-g5-t80.pddl,abstract,success,5.726179920136929,total,3.087295,0.405897,0.005535,0.253076,0.025071,0.050896,0.391982,0.305992,0.21199,0.153935,0.389638,0.826564,,,13,13,14,0,1,0,6,13,7,1,2,batch-atom,
pipesworld-tankage,p04-net1-b8-g5-t80.pddl,concrete,success,12.78029166907072,total,11.10326,,,,,,0.329432,,0.075509,,,10.682964,,,11,11,,,,,,11,,12,,,
pipesworld-tankage,p05-net1-b10-g4-t50.pddl,abstract,success,6.113167088478804,total,3.439388,0.412676,0.005402,0.248811,0.024797,0.051278,0.405804,0.312701,0.247172,0.160785,0.547367,0.942231,,,15,15,14,0,1,0,7,15,8,1,2,batch-atom,
pipesworld-tankage,p05-net1-b10-g4-t50.pddl,concrete,success,2.9601363837718964,total,1.271552,,,,,,0.356312,,0.104229,,,0.789155,,,8,8,,,,,,8,,9,,,
pipesworld-tankage,p06-net1-b10-g6-t50.pddl,abstract,success,6.774926885962486,total,4.136033,0.41249,0.005663,0.254502,0.025339,0.051834,0.407087,0.320218,0.244707,0.178662,1.062175,1.096502,,,19,19,14,0,1,0,9,19,10,1,2,batch-atom,
pipesworld-tankage,p06-net1-b10-g6-t50.pddl,concrete,success,11.67410135641694,total,9.883481,,,,,,0.373076,,0.113752,,,9.376532,,,10,10,,,,,,10,,11,,,
pipesworld-tankage,p07-net1-b12-g5-t80.pddl,abstract,success,13.459578340873122,total,10.895294,0.423781,0.005582,0.425869,0.03188,0.061226,0.849424,0.577815,0.839358,0.449081,3.864923,3.276986,,,17,14,8,0,1,0,8,17,9,1,3,tank-slot,
pipesworld-tankage,p07-net1-b12-g5-t80.pddl,concrete,success,9.091688442975283,total,7.411675,,,,,,0.761564,,0.303642,,,6.32283,,,8,8,,,,,,8,,9,,,
pipesworld-tankage,p08-net1-b12-g7-t80.pddl,abstract,success,66.88075869064778,total,64.494632,0.334001,0.004337,0.356172,0.040124,0.046371,0.706853,0.475958,0.306756,0.161074,58.954485,3.016999,,,21,18,8,0,1,0,10,21,11,1,3,tank-slot,
pipesworld-tankage,p08-net1-b12-g7-t80.pddl,concrete,timed out,1800.13352053985,concrete_asp,,,,,,,0.8189827874302864,,0.5186329931020737,,,,,,,,,,,,,10,,11,,,
pipesworld-tankage,p09-net1-b14-g6-t50.pddl,abstract,success,631.842193480581,total,629.225148,0.424829,0.005577,0.455032,0.030356,0.059431,0.927646,0.545537,0.994431,0.529431,324.379801,300.702934,,,29,28,14,0,3,0,14,29,15,1,3,batch-atom,
pipesworld-tankage,p09-net1-b14-g6-t50.pddl,concrete,timed out,1800.126781012863,concrete_asp,,,,,,,0.7331028170883656,,0.3288620412349701,,,,,,,,,,,,,15,,16,,,
pipesworld-tankage,p10-net1-b14-g8-t50.pddl,abstract,timed out,1800.1244787462056,abstract_asp,,0.4206632301211357,0.005631208419799805,0.48462481424212456,0.03173614293336868,0.06161874532699585,0.9857605695724487,0.637246884405613,1.0024185255169868,0.48569251224398613,,,,,,,8,0,,,16,,17,,3,tank-slot,
pipesworld-tankage,p10-net1-b14-g8-t50.pddl,concrete,timed out,1800.1349669583142,concrete_asp,,,,,,,0.8575826101005077,,0.3609869256615639,,,,,,,,,,,,,15,,16,,,
pipesworld-tankage,p11-net2-b10-g2-t30.pddl,abstract,timed out,1800.13783364743,abstract_solving,,0.39767370373010635,0.005266353487968445,0.33233870193362236,0.028961066156625748,0.04222073033452034,0.5236768536269665,0.3083164542913437,0.4451944939792156,0.135243758559227,1.7051316760480404,,,,,,14,0,0,0,12,25,13,1,5,batch-atom,
pipesworld-tankage,p11-net2-b10-g2-t30.pddl,concrete,timed out,1800.1180427810177,concrete_asp,,,,,,,0.41710449382662773,,0.1654719840735197,,,,,,,,,,,,,18,,19,,,
pipesworld-tankage,p12-net2-b10-g4-t60.pddl,abstract,timed out,1800.1499414667487,abstract_solving,,0.40753062814474106,0.010140907019376755,0.3822011537849903,0.029222290962934494,0.04867089167237282,0.6612534411251545,0.38794708624482155,0.7250626534223557,0.2914309576153755,13.366364311426878,,,,,,14,0,0,0,16,33,17,1,4,batch-atom,
pipesworld-tankage,p12-net2-b10-g4-t60.pddl,concrete,timed out,1800.133313845843,concrete_asp,,,,,,,0.6314071863889694,,0.26547132059931755,,,,,,,,,,,,,17,,18,,,
pipesworld-tankage,p13-net2-b12-g3-t70.pddl,abstract,success,225.46075144037604,total,217.840527,0.410549,0.005437,0.465529,0.032809,0.056873,0.852733,0.535947,0.997384,0.525818,12.217034,201.565084,,,29,28,14,0,6,0,14,29,15,1,4,batch-atom,
pipesworld-tankage,p13-net2-b12-g3-t70.pddl,concrete,success,900.469590369612,total,897.269704,,,,,,0.834705,,0.361114,,,896.042979,,,16,16,,,,,,16,,17,,,
pipesworld-tankage,p14-net2-b12-g5-t30.pddl,abstract,timed out,1800.0900859683752,abstract_solving,,0.4045621883124113,0.005417387932538986,0.3566131070256233,0.02685929276049137,0.05035329610109329,0.6371984984725714,0.4600058849900961,0.636299442499876,0.39075719006359577,96.77535118348897,,,,,,14,0,0,0,20,41,21,1,3,batch-atom,
pipesworld-tankage,p14-net2-b12-g5-t30.pddl,concrete,timed out,1800.1337117888033,concrete_asp,,,,,,,0.6178986802697182,,0.23158520460128784,,,,,,,,,,,,,20,,21,,,
pipesworld-tankage,p15-net2-b14-g4-t30.pddl,abstract,timed out,1800.1431444771588,abstract_solving,,0.41257570311427116,0.005414139479398727,0.35564303398132324,0.029623260721564293,0.05244284123182297,0.6340073347091675,0.43867021426558495,0.6326232440769672,0.35887583531439304,6.842906625941396,,,,,,14,0,0,0,16,33,17,1,4,batch-atom,
pipesworld-tankage,p15-net2-b14-g4-t30.pddl,concrete,timed out,1800.1314886277542,concrete_asp,,,,,,,0.5810070848092437,,0.23433810286223888,,,,,,,,,,,,,20,,21,,,
pipesworld-tankage,p16-net2-b14-g6-t80.pddl,abstract,timed out,1800.049552001059,abstract_asp,,0.4372280165553093,0.006070181727409363,0.6158920004963875,0.04432680830359459,0.06824663281440735,1.1572183892130852,0.856748603284359,1.4966523721814156,0.909998431801796,,,,,,,8,0,,,24,,25,,6,tank-slot,
pipesworld-tankage,p16-net2-b14-g6-t80.pddl,concrete,timed out,1800.1532225981355,concrete_asp,,,,,,,1.0379584608599544,,0.5365421092137694,,,,,,,,,,,,,23,,24,,,
pipesworld-tankage,p17-net2-b16-g5-t20.pddl,abstract,timed out,1800.1572547331452,abstract_solving,,0.4101315848529339,0.005474954843521118,0.370282169431448,0.02873905375599861,0.05614478141069412,0.6833750046789646,0.5215497240424156,0.7762969993054867,0.5127442590892315,146.6564959436655,,,,,,14,0,0,0,18,37,19,1,3,batch-atom,
pipesworld-tankage,p17-net2-b16-g5-t20.pddl,concrete,timed out,1800.1535829119384,concrete_asp,,,,,,,0.633819542825222,,0.2837194502353668,,,,,,,,,,,,,19,,20,,,
pipesworld-tankage,p18-net2-b16-g7-t60.pddl,abstract,timed out,1800.1294560655951,abstract_asp,,0.4371998608112335,0.006111878901720047,0.6715999990701675,0.03375721722841263,0.0664229579269886,1.307865858078003,0.9918511211872101,1.7236325144767761,1.228336177766323,,,,,,,14,0,,,20,,21,,3,batch-atom,
pipesworld-tankage,p18-net2-b16-g7-t60.pddl,concrete,timed out,1800.1527141034603,concrete_asp,,,,,,,1.0972872143611312,,0.5944782216101885,,,,,,,,,,,,,18,,19,,,
pipesworld-tankage,p19-net2-b18-g6-t60.pddl,abstract,timed out,1800.136711049825,abstract_solving,,0.43370508775115013,0.005617428570985794,0.7464235313236713,0.03898348659276962,0.06679296866059303,1.5773536749184132,1.0590770058333874,2.060640078037977,1.3392940051853657,1790.7568330429494,,,,,,14,0,0,0,20,41,21,0,5,batch-atom,
pipesworld-tankage,p19-net2-b18-g6-t60.pddl,concrete,timed out,1800.1762911872938,concrete_asp,,,,,,,1.292913120239973,,0.6979565862566233,,,,,,,,,,,,,18,,19,,,
pipesworld-tankage,p20-net2-b18-g8-t90.pddl,abstract,timed out,1800.1893461085856,abstract_asp,,0.47373659536242485,0.005895357578992844,1.2569281719624996,0.05008990317583084,0.09164512157440186,2.732596207410097,2.2252744622528553,3.6776490062475204,2.697940342128277,,,,,,,8,0,,,19,,20,,5,tank-slot,
pipesworld-tankage,p20-net2-b18-g8-t90.pddl,concrete,timed out,1800.1819976568222,concrete_asp,,,,,,,2.441031064838171,,1.3607606776058674,,,,,,,,,,,,,19,,20,,,
pipesworld-tankage,p21-net3-b12-g2-t60.pddl,abstract,success,28.823574889451265,total,26.790498,0.429488,0.005937,0.427539,0.031812,0.06608,0.840315,0.578478,0.912631,0.548818,1.868191,20.951179,,,21,20,14,0,5,0,10,21,11,1,3,batch-atom,
pipesworld-tankage,p21-net3-b12-g2-t60.pddl,concrete,success,20.194561049342155,total,18.516362,,,,,,0.710516,,0.56839,,,17.212024,,,14,14,,,,,,14,,15,,,
pipesworld-tankage,p22-net3-b12-g4-t60.pddl,abstract,timed out,1800.1475461907685,abstract_solving,,0.4302840754389763,0.005670920014381409,0.4229107014834881,0.02992502972483635,0.06899543479084969,0.8497200980782509,0.6682195402681828,0.8912602253258228,0.7332514151930809,875.9072973690927,,,,,,14,0,0,0,20,41,21,1,2,batch-atom,
pipesworld-tankage,p22-net3-b12-g4-t60.pddl,concrete,timed out,1800.1343393987045,concrete_asp,,,,,,,0.705140944570303,,0.31106195226311684,,,,,,,,,,,,,23,,24,,,
pipesworld-tankage,p23-net3-b14-g3-t60.pddl,abstract,timed out,1800.174022283405,abstract_solving,,0.4409344159066677,0.005496196448802948,0.790700264275074,0.04018399491906166,0.07497831806540489,1.6567826829850674,0.8048729635775089,2.0903919003903866,0.8676268123090267,392.22228436917067,,,,,,14,0,0,0,15,31,16,1,5,batch-atom,
pipesworld-tankage,p23-net3-b14-g3-t60.pddl,concrete,timed out,1800.1638114005327,concrete_asp,,,,,,,1.4180854223668575,,0.764925803989172,,,,,,,,,,,,,17,,18,,,
pipesworld-tankage,p24-net3-b14-g5-t60.pddl,abstract,timed out,1800.1317618750036,abstract_asp,,0.44613417983055115,0.005692474544048309,0.7923026345670223,0.04125127196311951,0.07640155404806137,1.6589795053005219,0.9251109436154366,2.0901395939290524,1.1044846177101135,,,,,,,14,0,,,18,,19,,4,batch-atom,
pipesworld-tankage,p24-net3-b14-g5-t60.pddl,concrete,timed out,1800.0630822889507,concrete_asp,,,,,,,1.5272323712706566,,0.7820227928459644,,,,,,,,,,,,,18,,19,,,
pipesworld-tankage,p25-net3-b16-g5-t60.pddl,abstract,timed out,1800.253382742405,abstract_solving,,0.3958648592233658,0.004899635910987854,1.3611580058932304,0.036950673907995224,0.07579531148076057,2.8245663195848465,1.288746114820242,1.5498973689973354,0.6434174291789532,1078.0557404085994,,,,,,14,0,0,0,22,45,23,1,5,batch-atom,
pipesworld-tankage,p25-net3-b16-g5-t60.pddl,concrete,timed out,1800.1929470077157,concrete_asp,,,,,,,2.8090332597494125,,1.4812846593558788,,,,,,,,,,,,,16,,17,,,
pipesworld-tankage,p26-net3-b16-g7-t70.pddl,abstract,timed out,1800.0817582048476,abstract_asp,,0.4033363237977028,0.004932846873998642,1.5221483297646046,0.04154735431075096,0.07590210810303688,3.313040539622307,2.595505129545927,1.856560580432415,1.1841237545013428,,,,,,,8,0,,,17,,18,,6,tank-slot,
pipesworld-tankage,p26-net3-b16-g7-t70.pddl,concrete,timed out,1800.176397088915,concrete_asp,,,,,,,3.1555413603782654,,1.6934124119579792,,,,,,,,,,,,,15,,16,,,
pipesworld-tankage,p27-net3-b18-g6-t70.pddl,abstract,timed out,1800.180524367839,abstract_asp,,0.411099199205637,0.004957452416419983,1.395843181759119,0.036860086023807526,0.07819535210728645,3.032074175775051,1.8205203711986542,1.6664607860147953,0.9571241922676563,,,,,,,14,0,,,17,,18,,4,batch-atom,
pipesworld-tankage,p27-net3-b18-g6-t70.pddl,concrete,timed out,1800.1646263189614,concrete_asp,,,,,,,2.5909226424992085,,1.3996640630066395,,,,,,,,,,,,,16,,17,,,
pipesworld-tankage,p28-net3-b18-g7-t70.pddl,abstract,timed out,1800.1902382858098,abstract_asp,,0.46645670384168625,0.0061828941106796265,1.5338775999844074,0.043215151876211166,0.09610321000218391,3.3766562193632126,2.0460161194205284,4.390644863247871,2.6499131321907043,,,,,,,14,0,,,18,,19,,4,batch-atom,
pipesworld-tankage,p28-net3-b18-g7-t70.pddl,concrete,timed out,1800.1790747791529,concrete_asp,,,,,,,2.9455911312252283,,1.520120550878346,,,,,,,,,,,,,17,,18,,,
pipesworld-tankage,p29-net3-b20-g6-t70.pddl,abstract,timed out,1800.2121415287256,abstract_asp,,0.47791244834661484,0.005838137120008469,2.205174006521702,0.04775422438979149,0.1084248349070549,5.009392507374287,3.018054362386465,6.490003876388073,4.119466546922922,,,,,,,14,0,,,15,,16,,4,batch-atom,
pipesworld-tankage,p29-net3-b20-g6-t70.pddl,concrete,timed out,1800.1902637518942,concrete_asp,,,,,,,4.567805107682943,,2.3509285263717175,,,,,,,,,,,,,15,,16,,,
pipesworld-tankage,p30-net3-b20-g8-t70.pddl,abstract,timed out,1800.2077915109694,abstract_asp,,0.4829300194978714,0.005944188684225082,2.48809115588665,0.05714444816112518,0.11170574277639389,5.341911379247904,4.3125483058393,6.9339611530303955,4.806593220680952,,,,,,,8,0,,,15,,16,,6,tank-slot,
pipesworld-tankage,p30-net3-b20-g8-t70.pddl,concrete,timed out,1800.1825154870749,concrete_asp,,,,,,,4.8367175459861755,,2.54955767467618,,,,,,,,,,,,,14,,15,,,
pipesworld-tankage,p32-net4-b14-g5-t30.pddl,abstract,timed out,1800.1355221904814,abstract_asp,,0.42901046946644783,0.00566425547003746,0.6316189989447594,0.03139324486255646,0.06923561915755272,1.2245255187153816,0.8646572418510914,1.53101522102952,0.9856771975755692,,,,,,,14,0,,,20,,21,,3,batch-atom,
pipesworld-tankage,p32-net4-b14-g5-t30.pddl,concrete,timed out,1800.139228913933,concrete_asp,,,,,,,1.0130455503240228,,0.523455866612494,,,,,,,,,,,,,17,,18,,,
pipesworld-tankage,p33-net4-b16-g5-t60.pddl,abstract,timed out,1800.117598515004,abstract_asp,,0.4490773640573025,0.0061311908066272736,0.9602953344583511,0.039659012109041214,0.08692647516727448,1.8883550986647606,1.4170050099492073,2.5392466001212597,1.8187225386500359,,,,,,,14,0,,,19,,20,,4,batch-atom,
pipesworld-tankage,p33-net4-b16-g5-t60.pddl,concrete,timed out,1800.1723655760288,concrete_asp,,,,,,,1.6608510874211788,,0.9270534254610538,,,,,,,,,,,,,18,,19,,,
pipesworld-tankage,p34-net4-b16-g6-t60.pddl,abstract,timed out,1800.1366448551416,abstract_asp,,0.44925230368971825,0.00585855171084404,1.167305864393711,0.043935637921094894,0.0881626084446907,2.457915224134922,1.4022676534950733,3.3557201214134693,1.7812287993729115,,,,,,,14,0,,,18,,19,,5,batch-atom,
pipesworld-tankage,p34-net4-b16-g6-t60.pddl,concrete,timed out,1800.1657520271838,concrete_asp,,,,,,,2.2455627359449863,,1.2254961282014847,,,,,,,,,,,,,15,,16,,,
pipesworld-tankage,p35-net4-b18-g4-t90.pddl,abstract,timed out,1800.1364292390645,abstract_asp,,0.5071606449782848,0.005823321640491486,3.123131487518549,0.05784256011247635,0.1262839250266552,6.749226972460747,5.703662820160389,8.992656484246254,6.964999321848154,,,,,,,8,0,,,12,,13,,5,tank-slot,
pipesworld-tankage,p35-net4-b18-g4-t90.pddl,concrete,timed out,1800.1987739391625,concrete_asp,,,,,,,6.1137117408216,,3.2416138648986816,,,,,,,,,,,,,12,,13,,,
pipesworld-tankage,p36-net4-b18-g6-t90.pddl,abstract,timed out,1800.1363839954138,abstract_asp,,0.5077045373618603,0.006332859396934509,3.1105512008070946,0.058098483830690384,0.1276976428925991,6.780594699084759,5.697568733245134,8.966529794037342,6.956731289625168,,,,,,,8,0,,,13,,14,,5,tank-slot,
pipesworld-tankage,p36-net4-b18-g6-t90.pddl,concrete,timed out,1800.2102221548557,concrete_asp,,,,,,,6.062070082873106,,3.2804555408656597,,,,,,,,,,,,,13,,14,,,
pipesworld-tankage,p37-net4-b20-g5-t60.pddl,abstract,timed out,1800.1769917942584,abstract_asp,,0.4719148874282837,0.006153658032417297,2.0951316319406033,0.04838147014379501,0.09759429469704628,4.716140437871218,3.079728275537491,6.206547789275646,4.298052381724119,,,,,,,14,0,,,12,,13,,5,batch-atom,
pipesworld-tankage,p37-net4-b20-g5-t60.pddl,concrete,timed out,1800.1673523969948,concrete_asp,,,,,,,4.1619084775447845,,2.248807419091463,,,,,,,,,,,,,12,,13,,,
pipesworld-tankage,p38-net4-b20-g7-t60.pddl,abstract,timed out,1800.197843145579,abstract_asp,,0.478284765034914,0.005818266421556473,2.096200693398714,0.04955703392624855,0.09761498495936394,4.62035047262907,3.113307073712349,6.224069457501173,4.2676152139902115,,,,,,,14,0,,,11,,12,,5,batch-atom,
pipesworld-tankage,p38-net4-b20-g7-t60.pddl,concrete,timed out,1800.1587495943531,concrete_asp,,,,,,,3.9562062611803412,,2.1817175522446632,,,,,,,,,,,,,12,,13,,,
pipesworld-tankage,p39-net4-b22-g7-t50.pddl,abstract,timed out,1800.1963869929314,abstract_asp,,0.4798690415918827,0.006072096526622772,2.9509591795504093,0.04986996203660965,0.10603473335504532,6.500859878957272,3.89066119492054,8.668273106217384,5.428074538707733,,,,,,,14,0,,,13,,14,,5,batch-atom,
pipesworld-tankage,p39-net4-b22-g7-t50.pddl,concrete,timed out,1800.1855948716402,concrete_asp,,,,,,,5.4252821281552315,,3.000500652939081,,,,,,,,,,,,,11,,12,,,
pipesworld-tankage,p40-net4-b22-g8-t50.pddl,abstract,timed out,1800.181893363595,abstract_asp,,0.48326829820871353,0.006056290119886398,2.9416212253272533,0.04616577923297882,0.10796826332807541,6.440670467913151,4.485016167163849,8.572077378630638,5.960460372269154,,,,,,,14,0,,,11,,12,,4,batch-atom,
pipesworld-tankage,p40-net4-b22-g8-t50.pddl,concrete,timed out,1800.207964412868,concrete_asp,,,,,,,5.408514477312565,,2.974296171218157,,,,,,,,,,,,,12,,13,,,
pipesworld-tankage,p41-net5-b22-g2-t20.pddl,abstract,success,1338.0503294840455,total,1335.034188,0.446459,0.005551,1.42116,0.044716,0.088736,3.133417,1.781874,4.077563,2.230653,45.305069,1276.051959,,,23,22,14,0,4,0,11,23,12,1,6,batch-atom,
pipesworld-tankage,p41-net5-b22-g2-t20.pddl,concrete,timed out,1800.1594106405973,concrete_asp,,,,,,,2.7527311369776726,,1.4900425374507904,,,,,,,,,,,,,13,,14,,,
pipesworld-tankage,p42-net5-b22-g4-t50.pddl,abstract,timed out,1800.2232159934938,abstract_asp,,0.5037226974964142,0.005853358656167984,3.9292409121990204,0.06149648502469063,0.14005637541413307,8.845509309321642,5.154176265001297,11.71016551554203,6.830947369337082,,,,,,,14,0,,,16,,17,,6,batch-atom,
pipesworld-tankage,p42-net5-b22-g4-t50.pddl,concrete,timed out,1800.2320968471467,concrete_asp,,,,,,,7.7486147321760654,,4.272393062710762,,,,,,,,,,,,,17,,18,,,
pipesworld-tankage,p43-net5-b24-g3-t80.pddl,abstract,timed out,1800.2053497508168,abstract_asp,,0.40211447328329086,0.004562653601169586,6.882919546216726,0.06352149695158005,0.14847538620233536,15.39439121633768,5.268418412655592,8.801851812750101,3.1353363394737244,,,,,,,14,0,,,14,,15,,8,batch-atom,
pipesworld-tankage,p43-net5-b24-g3-t80.pddl,concrete,timed out,1800.356698460877,concrete_asp,,,,,,,18.600639458745718,,9.906646095216274,,,,,,,,,,,,,13,,14,,,
pipesworld-tankage,p44-net5-b24-g5-t80.pddl,abstract,timed out,1800.1960536427796,abstract_asp,,0.40131957828998566,0.004599876701831818,6.912327870726585,0.06357746198773384,0.1290036290884018,15.449333120137453,5.2703406028449535,8.862155694514513,3.1478527523577213,,,,,,,14,0,,,13,,14,,8,batch-atom,
pipesworld-tankage,p44-net5-b24-g5-t80.pddl,concrete,timed out,1800.3365540802479,concrete_asp,,,,,,,18.45666227117181,,9.628964751958847,,,,,,,,,,,,,15,,16,,,
pipesworld-tankage,p45-net5-b26-g4-t50.pddl,abstract,timed out,1800.222851511091,abstract_asp,,0.38150665909051895,0.004568759351968765,4.500277869403362,0.04930201172828674,0.11256985366344452,9.675761088728905,6.579073879867792,5.752054072916508,3.7632607258856297,,,,,,,14,0,,,13,,14,,6,batch-atom,
pipesworld-tankage,p45-net5-b26-g4-t50.pddl,concrete,timed out,1800.2439504601061,concrete_asp,,,,,,,10.713607497513294,,6.1050049513578415,,,,,,,,,,,,,16,,17,,,
pipesworld-tankage,p46-net5-b26-g6-t50.pddl,abstract,timed out,1800.209278125316,abstract_asp,,0.37990907207131386,0.0046782419085502625,4.600782830268145,0.05380213260650635,0.10927440226078033,9.673652198165655,6.445872146636248,5.760789789259434,3.76517166942358,,,,,,,14,0,,,14,,15,,6,batch-atom,
pipesworld-tankage,p46-net5-b26-g6-t50.pddl,concrete,timed out,1800.2295526973903,concrete_asp,,,,,,,9.745159938931465,,5.455756828188896,,,,,,,,,,,,,17,,18,,,
pipesworld-tankage,p47-net5-b28-g5-t50.pddl,abstract,timed out,1800.2092389464378,abstract_asp,,0.38535476103425026,0.004554811865091324,5.49269026145339,0.05442238599061966,0.1159784384071827,11.876125518232584,7.431987650692463,7.1397448517382145,4.205612447112799,,,,,,,14,0,,,15,,16,,7,batch-atom,
pipesworld-tankage,p47-net5-b28-g5-t50.pddl,concrete,timed out,1800.2729171775281,concrete_asp,,,,,,,13.029981143772602,,7.211378626525402,,,,,,,,,,,,,15,,16,,,
pipesworld-tankage,p48-net5-b28-g7-t50.pddl,abstract,timed out,1800.2507354728878,abstract_asp,,0.3902306333184242,0.004951111972332001,5.5152717381715775,0.051322974264621735,0.11787618324160576,11.964893441647291,7.879628319293261,7.085385717451572,4.528919223695993,,,,,,,14,0,,,16,,17,,6,batch-atom,
pipesworld-tankage,p48-net5-b28-g7-t50.pddl,concrete,timed out,1800.3153411187232,concrete_asp,,,,,,,14.234457295387983,,7.761009827256203,,,,,,,,,,,,,16,,17,,,
pipesworld-tankage,p49-net5-b30-g6-t50.pddl,abstract,timed out,1800.2399057261646,abstract_asp,,0.39221880957484245,0.004729609936475754,6.914809562265873,0.05410529300570488,0.13952136412262917,14.988430432975292,10.377196673303843,8.965776972472668,6.280970014631748,,,,,,,14,0,,,13,,14,,6,batch-atom,
pipesworld-tankage,p49-net5-b30-g6-t50.pddl,concrete,timed out,1800.3155794888735,concrete_asp,,,,,,,16.499097794294357,,9.062787853181362,,,,,,,,,,,,,12,,13,,,
pipesworld-tankage,p50-net5-b30-g8-t50.pddl,abstract,timed out,1800.2637536600232,abstract_asp,,0.403860118240118,0.0047887712717056274,6.703972704708576,0.0535186305642128,0.13917234167456627,14.046980809420347,10.34124992787838,8.859164766967297,5.7105598375201225,,,,,,,14,0,,,17,,18,,6,batch-atom,
pipesworld-tankage,p50-net5-b30-g8-t50.pddl,concrete,timed out,1800.2828050106764,concrete_asp,,,,,,,15.961146473884583,,8.94132044352591,,,,,,,,,,,,,16,,17,,,
quantum-layout-sat23-strips,p14.pddl,abstract,timed out,1800.1699009127915,abstract_solving,,0.5154343210160732,0.05058497190475464,0.3577590733766556,0.10860423743724823,0.06806547567248344,0.9154733009636402,0.6385278590023518,0.7975219301879406,0.5307294726371765,5.146174442023039,,,,,,20,0,0,0,22,45,23,1,2,pqubit,
quantum-layout-sat23-strips,p14.pddl,concrete,success,9.749400064349174,total,7.223079,,,,,,0.859247,,0.297115,,,6.032644,,,22,22,,,,,,22,,23,,,
quantum-layout-sat23-strips,p15.pddl,abstract,success,45.32452781125903,total,42.473693,0.629814,0.064836,0.368558,0.117768,0.090908,0.99713,0.765834,0.908846,0.622849,8.118973,29.470071,,,69,65,20,0,4,0,34,69,35,1,2,pqubit,
quantum-layout-sat23-strips,p15.pddl,concrete,success,19.83711887151003,total,12.269098,,,,,,0.909208,,0.332697,,,10.977145,,,34,34,,,,,,34,,35,,,
quantum-layout-sat23-strips,p16.pddl,abstract,success,74.06465899944305,total,71.155323,0.587431,0.062273,0.486848,0.120304,0.086574,1.201359,0.896682,1.245599,0.820747,13.695366,51.584807,,,61,58,24,0,2,0,30,61,31,1,2,pqubit,
quantum-layout-sat23-strips,p16.pddl,concrete,success,30.494797475636005,total,27.803437,,,,,,1.170956,,0.485451,,,26.090244,,,30,30,,,,,,30,,31,,,
quantum-layout-sat23-strips,p17.pddl,abstract,timed out,1800.0658853389323,abstract_asp,,0.6811509244143963,0.07221353426575661,0.49630676209926605,0.12812349200248718,0.1040087342262268,1.3017595782876015,0.9960512295365334,1.3426520712673664,0.9052266180515289,,,,,,,24,0,,,39,,40,,2,pqubit,
quantum-layout-sat23-strips,p17.pddl,concrete,timed out,1800.1556517370045,concrete_asp,,,,,,,1.2305291928350925,,0.529162872582674,,,,,,,,,,,,,36,,37,,,
quantum-layout-sat23-strips,p18.pddl,abstract,timed out,1800.238880816847,abstract_solving,,0.8024420775473118,0.08333726972341537,0.5380177870392799,0.14072204753756523,0.12431895360350609,1.4573273919522762,1.0546313636004925,1.460129238665104,0.993845846503973,79.25489271059632,,,,,,24,0,0,0,50,101,51,1,2,pqubit,
quantum-layout-sat23-strips,p18.pddl,concrete,success,149.53961326554418,total,146.786568,,,,,,1.424684,,0.526883,,,144.75338,,,50,50,,,,,,50,,51,,,
quantum-layout-sat23-strips,p19.pddl,abstract,timed out,1800.1145952567458,abstract_asp,,0.8124540820717812,0.08467201143503189,0.6099474430084229,0.14323721453547478,0.12620916217565536,1.6594937182962894,1.1516468971967697,1.6526110731065273,1.1283923871815205,,,,,,,26,0,,,48,,49,,2,pqubit,
quantum-layout-sat23-strips,p19.pddl,concrete,timed out,1800.165370002389,concrete_asp,,,,,,,1.2797560095787048,,0.5522903017699718,,,,,,,,,,,,,44,,45,,,
quantum-layout-sat23-strips,p20.pddl,abstract,timed out,1800.2365297526121,abstract_asp,,1.0903969779610634,0.11165624484419823,0.9530169814825058,0.17760198935866356,0.1765683926641941,2.733075138181448,2.0536905229091644,2.930659167468548,2.0054877139627934,,,,,,,34,0,,,52,,53,,2,pqubit,
quantum-layout-sat23-strips,p20.pddl,concrete,timed out,1800.2117180041969,concrete_asp,,,,,,,2.376306612044573,,0.9393071681261063,,,,,,,,,,,,,51,,52,,,
satellite,p01-pfile1.pddl,abstract,success,3.6845450326800346,total,1.003765,0.197886,0.002501,0.139876,0.007352,0.03392,0.226964,0.185136,0.009589,0.005806,0.06675,0.066632,,,17,12,1,0,0,0,8,17,9,1,3,object,
satellite,p01-pfile1.pddl,concrete,success,2.9796971902251244,total,0.33383,,,,,,0.236244,,0.007441,,,0.076591,,,9,9,,,,,,9,,10,,,
satellite,p02-pfile2.pddl,abstract,success,2.8089705295860767,total,0.99265,0.189708,0.002698,0.113667,0.009172,0.037963,0.192238,0.185399,0.009881,0.006022,0.047152,0.138779,,,13,13,1,0,5,0,6,13,7,1,4,object,
satellite,p02-pfile2.pddl,concrete,success,2.2226092740893364,total,0.412473,,,,,,0.200867,,0.006025,,,0.190613,,,13,13,,,,,,13,,14,,,
satellite,p04-pfile4.pddl,abstract,success,8.735542245209217,total,6.907011,0.198538,0.002909,0.120207,0.0102,0.0627,0.202284,0.196059,0.019605,0.013167,5.712603,0.303383,,,27,26,1,0,2,0,13,27,14,1,3,object,
satellite,p04-pfile4.pddl,concrete,success,12.098837148398161,total,8.648604,,,,,,0.286882,,0.014393,,,8.324363,,,17,17,,,,,,17,,18,,,
satellite,p05-pfile5.pddl,abstract,success,36.004028126597404,total,33.425283,0.236809,0.002893,0.151455,0.013471,0.116573,0.2544,0.212286,0.032196,0.023541,31.953903,0.362703,,,25,24,1,0,0,0,12,25,13,1,2,object,
satellite,p05-pfile5.pddl,concrete,success,63.35429152473807,total,61.40321,,,,,,0.208192,,0.013257,,,61.172403,,,15,15,,,,,,15,,16,,,
satellite,p06-pfile6.pddl,abstract,success,58.44226713851094,total,56.605384,0.204353,0.002856,0.126934,0.01101,0.105958,0.214996,0.209,0.030414,0.023646,55.123643,0.478282,,,33,32,1,0,0,0,16,33,17,1,2,object,
satellite,p06-pfile6.pddl,concrete,success,180.51737450808287,total,178.701862,,,,,,0.223909,,0.014087,,,178.440788,,,20,20,,,,,,20,,21,,,
satellite,p07-pfile7.pddl,abstract,timed out,1800.116879004985,abstract_asp,,0.19313401356339455,0.0025664232671260834,0.15932678803801537,0.012280680239200592,0.10541645437479019,0.27565521001815796,0.2061624899506569,0.02243988588452339,0.013889972120523453,,,,,,,1,0,,,14,,15,,3,object,
satellite,p07-pfile7.pddl,concrete,timed out,1800.1106559485197,concrete_asp,,,,,,,0.1853540726006031,,0.01708589494228363,,,,,,,,,,,,,17,,18,,,
satellite,p08-pfile8.pddl,abstract,timed out,1800.116120081395,abstract_asp,,0.23138709366321564,0.003035273402929306,0.1477675549685955,0.016488466411828995,0.18028837069869041,0.25878411531448364,0.24144234880805016,0.07019990310072899,0.050184983760118484,,,,,,,1,0,,,15,,16,,3,object,
satellite,p08-pfile8.pddl,concrete,timed out,1800.1107666008174,concrete_asp,,,,,,,0.20221754536032677,,0.025241289287805557,,,,,,,,,,,,,17,,18,,,
satellite,p10-pfile10.pddl,abstract,timed out,1800.1145790964365,abstract_asp,,0.23999511450529099,0.003198143094778061,0.16371576860547066,0.021494988352060318,0.2834654562175274,0.29565729573369026,0.252865307033062,0.10673536360263824,0.05832551419734955,,,,,,,1,0,,,15,,16,,5,object,
satellite,p10-pfile10.pddl,concrete,timed out,1800.1167863048613,concrete_asp,,,,,,,0.2984096296131611,,0.04260605573654175,,,,,,,,,,,,,16,,17,,,
satellite,p11-pfile11.pddl,abstract,timed out,1800.117127098143,abstract_asp,,0.23708833754062653,0.0032680071890354156,0.17703940346837044,0.018654726445674896,0.2969942204654217,0.32380814105272293,0.29962966591119766,0.13926057144999504,0.09602871164679527,,,,,,,1,0,,,17,,18,,4,object,
satellite,p11-pfile11.pddl,concrete,timed out,1800.1182470098138,concrete_asp,,,,,,,0.29980142787098885,,0.05417769029736519,,,,,,,,,,,,,19,,20,,,
satellite,p12-pfile12.pddl,abstract,timed out,1800.0254057701677,abstract_asp,,0.22041562851518393,0.00370162446051836,0.2524703508242965,0.020415806211531162,0.3145371675491333,0.4494918901473284,0.32064678706228733,0.09727753419429064,0.05413693189620972,,,,,,,1,0,,,17,,18,,6,object,
satellite,p12-pfile12.pddl,concrete,timed out,1800.1211843006313,concrete_asp,,,,,,,0.4038411155343056,,0.08811361715197563,,,,,,,,,,,,,20,,21,,,
satellite,p13-pfile13.pddl,abstract,timed out,1800.120975177735,abstract_asp,,0.2574009746313095,0.004083301872014999,0.2526385970413685,0.02453065663576126,0.4156389459967613,0.48591384664177895,0.3835088200867176,0.3086564838886261,0.20141569525003433,,,,,,,1,0,,,16,,17,,6,object,
satellite,p13-pfile13.pddl,concrete,timed out,1800.121722297743,concrete_asp,,,,,,,0.4804876148700714,,0.1260177604854107,,,,,,,,,,,,,20,,21,,,
satellite,p14-pfile14.pddl,abstract,timed out,1800.119964107871,abstract_asp,,0.26878419518470764,0.0035964064300060272,0.25809814408421516,0.02490811049938202,0.4120994582772255,0.4862009324133396,0.3663880489766598,0.2594136372208595,0.17420485615730286,,,,,,,1,0,,,15,,16,,5,object,
satellite,p14-pfile14.pddl,concrete,timed out,1800.1245125755668,concrete_asp,,,,,,,0.4280726760625839,,0.1053682379424572,,,,,,,,,,,,,15,,16,,,
satellite,p15-pfile15.pddl,abstract,timed out,1800.1237937659025,abstract_asp,,0.31797657161951065,0.0035212822258472443,0.27584829181432724,0.025818604975938797,0.3934589885175228,0.5363030321896076,0.4056103192269802,0.14848081395030022,0.09497370943427086,,,,,,,1,0,,,15,,16,,5,object,
satellite,p15-pfile15.pddl,concrete,timed out,1800.1256407946348,concrete_asp,,,,,,,0.4884699508547783,,0.13715240359306335,,,,,,,,,,,,,16,,17,,,
satellite,p16-pfile16.pddl,abstract,timed out,1800.1217238083482,abstract_asp,,0.323084931820631,0.0034647583961486816,0.28071752563118935,0.03245609626173973,0.46166642382740974,0.5851604118943214,0.44740671664476395,0.18896590173244476,0.10686875507235527,,,,,,,1,0,,,14,,15,,6,object,
satellite,p16-pfile16.pddl,concrete,timed out,1800.1264871172607,concrete_asp,,,,,,,0.6054023280739784,,0.1721940040588379,,,,,,,,,,,,,14,,15,,,
satellite,p17-pfile17.pddl,abstract,timed out,1800.1236322782934,abstract_asp,,0.37031714618206024,0.004214338958263397,0.3559368662536144,0.03705475106835365,0.683274045586586,0.7495170049369335,0.5579602457582951,0.5207863412797451,0.3602491468191147,,,,,,,1,0,,,13,,14,,5,object,
satellite,p17-pfile17.pddl,concrete,timed out,1800.1247487738729,concrete_asp,,,,,,,0.7550557851791382,,0.21799581870436668,,,,,,,,,,,,,13,,14,,,
satellite,p18-pfile18.pddl,abstract,timed out,1800.1166111417115,abstract_asp,,0.21385232731699944,0.0028076842427253723,0.24002619460225105,0.024228524416685104,0.32456598430871964,0.4537491463124752,0.32436400279402733,0.09636987373232841,0.044753216207027435,,,,,,,1,0,,,16,,17,,8,object,
satellite,p18-pfile18.pddl,concrete,timed out,1800.0190407279879,concrete_asp,,,,,,,0.439712418243289,,0.08989033754914999,,,,,,,,,,,,,18,,19,,,
satellite,p19-pfile19.pddl,abstract,timed out,1800.117856182158,abstract_asp,,0.3762120306491852,0.004151955246925354,0.2604939416050911,0.038416240364313126,0.5937388353049755,0.4866364262998104,0.36898471415042877,0.2354986071586609,0.14547526836395264,,,,,,,1,0,,,15,,16,,6,object,
satellite,p19-pfile19.pddl,concrete,timed out,1800.1173150725663,concrete_asp,,,,,,,0.5053001381456852,,0.09463812038302422,,,,,,,,,,,,,16,,17,,,
satellite,p20-pfile20.pddl,abstract,timed out,1800.1208019554615,abstract_asp,,0.39800745248794556,0.00521903857588768,0.26625607535243034,0.03020557016134262,0.8234969265758991,0.5068436153233051,0.4396570883691311,0.24218420311808586,0.20925233885645866,,,,,,,1,0,,,16,,17,,2,object,
satellite,p20-pfile20.pddl,concrete,timed out,1800.1182192116976,concrete_asp,,,,,,,0.4726303480565548,,0.09490656480193138,,,,,,,,,,,,,19,,20,,,
satellite,p21-HC-pfile1.pddl,abstract,timed out,1800.1235133819282,abstract_asp,,0.22925011813640594,0.003983139991760254,0.3513195849955082,0.04170336574316025,0.302367128431797,0.8045972399413586,0.4241603761911392,0.2765413261950016,0.09613315761089325,,,,,,,1,0,,,14,,15,,17,object,
satellite,p21-HC-pfile1.pddl,concrete,timed out,1800.1383028365672,concrete_asp,,,,,,,0.8551588505506516,,0.26098762452602386,,,,,,,,,,,,,14,,15,,,
satellite,p22-HC-pfile2.pddl,abstract,timed out,1800.1245752889663,abstract_asp,,0.35114387422800064,0.005400488153100014,0.5286904089152813,0.04756757989525795,0.5668957065790892,1.0979601610451937,0.6382595915347338,0.9768602158874273,0.49796998500823975,,,,,,,1,0,,,14,,15,,15,object,
satellite,p22-HC-pfile2.pddl,concrete,timed out,1800.142119385302,concrete_asp,,,,,,,0.9700239412486553,,0.36315086483955383,,,,,,,,,,,,,16,,17,,,
satellite,p23-HC-pfile3.pddl,abstract,timed out,1800.1310494728386,abstract_asp,,0.3830723837018013,0.005476132035255432,0.6933026947081089,0.07508675009012222,0.669319212436676,1.5237288251519203,0.7603157460689545,1.391536183655262,0.5387552157044411,,,,,,,1,0,,,14,,15,,20,object,
satellite,p23-HC-pfile3.pddl,concrete,timed out,1800.1287901513278,concrete_asp,,,,,,,1.4188839383423328,,0.5366865433752537,,,,,,,,,,,,,13,,14,,,
satellite,p24-HC-pfile4.pddl,abstract,timed out,1800.1434395108372,abstract_asp,,0.39933381974697113,0.006586207076907158,1.1600891798734665,0.09243837557733059,0.9666950032114983,2.8386047687381506,1.3685362301766872,2.640389671549201,1.1429919339716434,,,,,,,1,0,,,14,,15,,24,object,
satellite,p24-HC-pfile4.pddl,concrete,timed out,1800.1520977839828,concrete_asp,,,,,,,2.63460323959589,,1.037549253553152,,,,,,,,,,,,,12,,13,,,
satellite,p25-HC-pfile5.pddl,abstract,timed out,1800.1392948515713,abstract_asp,,0.4165656231343746,0.006176132708787918,1.390797670930624,0.1060367301106453,1.0300927348434925,3.2781709395349026,1.4513528048992157,2.976694043725729,1.259889092296362,,,,,,,1,0,,,13,,14,,25,object,
satellite,p25-HC-pfile5.pddl,concrete,timed out,1800.0995477959514,concrete_asp,,,,,,,2.6208297684788704,,0.9811799265444279,,,,,,,,,,,,,12,,13,,,
satellite,p26-HC-pfile6.pddl,abstract,timed out,1800.1646729893982,abstract_asp,,0.3965495936572552,0.005589496344327927,1.3175339736044407,0.07709399983286858,1.0387781783938408,3.230457343161106,1.6571977958083153,1.2674151547253132,0.6161696314811707,,,,,,,1,0,,,14,,15,,20,object,
satellite,p26-HC-pfile6.pddl,concrete,timed out,1800.1744013726711,concrete_asp,,,,,,,3.1902106031775475,,1.1806394383311272,,,,,,,,,,,,,12,,13,,,
satellite,p27-HC-pfile7.pddl,abstract,timed out,1800.139930544421,abstract_asp,,0.3431411562487483,0.00557152833789587,1.3714852184057236,0.07186431810259819,0.997692690230906,3.462310900911689,1.8237293297424912,1.4389700749889016,0.6940861316397786,,,,,,,1,0,,,16,,17,,21,object,
satellite,p27-HC-pfile7.pddl,concrete,timed out,1800.2091060131788,concrete_asp,,,,,,,3.936294559389353,,1.4781296700239182,,,,,,,,,,,,,17,,18,,,
satellite,p28-HC-pfile8.pddl,abstract,timed out,1800.1876345910132,abstract_asp,,0.43547797203063965,0.006964042782783508,3.360359601676464,0.1391480714082718,1.7174003943800926,8.250128898769617,3.5957718268036842,3.244879238307476,1.4007674865424633,,,,,,,1,0,,,12,,13,,33,object,
satellite,p28-HC-pfile8.pddl,concrete,timed out,1800.184597772546,concrete_asp,,,,,,,8.384233482182026,,2.9505532728508115,,,,,,,,,,,,,11,,12,,,
satellite,p29-HC-pfile9.pddl,abstract,timed out,1800.2195732221007,abstract_asp,,0.4215947464108467,0.006959050893783569,4.711052294820547,0.10391858592629433,2.53786151856184,11.32713072001934,7.162524275481701,4.530869893729687,2.7774768993258476,,,,,,,1,0,,,13,,14,,20,object,
satellite,p29-HC-pfile9.pddl,concrete,timed out,1800.22833032161,concrete_asp,,,,,,,11.515874244272709,,4.371602866798639,,,,,,,,,,,,,11,,12,,,
satellite,p30-HC-pfile10.pddl,abstract,timed out,1800.2462271340191,abstract_asp,,0.47251270338892937,0.00786605104804039,7.224503464996815,0.16415975987911224,2.973888922482729,16.80559654906392,8.949414152652025,6.823264490813017,3.5819824300706387,,,,,,,1,0,,,12,,13,,32,object,
satellite,p30-HC-pfile10.pddl,concrete,timed out,1800.3345073936507,concrete_asp,,,,,,,16.221783354878426,,7.94414122402668,,,,,,,,,,,,,11,,12,,,
satellite,p31-HC-pfile11.pddl,abstract,timed out,1800.345586989075,abstract_asp,,0.5824075154960155,0.010732859373092651,12.14670493081212,0.20359064266085625,5.630422860383987,27.719672579318285,17.9474088922143,24.71647234633565,16.173307422548532,,,,,,,1,0,,,11,,12,,28,object,
satellite,p31-HC-pfile11.pddl,concrete,timed out,1800.3546339906752,concrete_asp,,,,,,,21.69004825130105,,8.300205945968628,,,,,,,,,,,,,10,,11,,,
satellite,p32-HC-pfile12.pddl,abstract,timed out,1800.5363281145692,abstract_asp,,0.6621442139148712,0.01331545040011406,21.005089197307825,0.2981616146862507,8.407122567296028,47.89078812301159,31.735844884067774,42.73870528116822,27.63514309003949,,,,,,,1,0,,,12,,13,,38,object,
satellite,p32-HC-pfile12.pddl,concrete,timed out,1800.5331448726356,concrete_asp,,,,,,,41.834682961925864,,15.461805449798703,,,,,,,,,,,,,11,,12,,,
satellite,p33-HC-pfile13.pddl,abstract,interrupted,1611.162552472204,abstract_asp,,0.7565305568277836,0.01607324182987213,32.90848419815302,0.42692286148667336,12.177187386900187,76.93273688852787,46.34718165919185,66.1836546882987,42.39287157729268,,,,,,,1,0,,,11,,12,,48,object,
satellite,p33-HC-pfile13.pddl,concrete,running,0.0,concrete_asp,,,,,,,74.80751717835665,,25.818810991942883,,,,,,,,,,,,,,,,,,
satellite,p34-HC-pfile14.pddl,abstract,timed out,1800.2756444625556,abstract_asp,,0.5304375775158405,0.010845858603715897,6.646001514047384,0.2815915234386921,4.493063509464264,15.323538579046726,7.643252920359373,14.311570759862661,6.85043116658926,,,,,,,1,0,,,15,,16,,61,object,
satellite,p34-HC-pfile14.pddl,concrete,timed out,1800.338875759393,concrete_asp,,,,,,,14.460765056312084,,5.627602007240057,,,,,,,,,,,,,15,,16,,,
satellite,p35-HC-pfile15.pddl,abstract,timed out,1800.3427670709789,abstract_asp,,0.6063388288021088,0.01385796070098877,10.86066072434187,0.28561925888061523,6.363405704498291,25.57942421361804,14.677139528095722,22.954976577311754,13.36650551110506,,,,,,,1,0,,,13,,14,,46,object,
satellite,p35-HC-pfile15.pddl,concrete,timed out,1800.4119654893875,concrete_asp,,,,,,,21.46574456989765,,8.52264204248786,,,,,,,,,,,,,12,,13,,,
satellite,p36-HC-pfile16.pddl,abstract,timed out,1800.3775711283088,abstract_asp,,0.6205427311360836,0.012995094060897827,14.010734934359789,0.27553458884358406,7.393285248428583,32.94482998549938,20.249001782387495,28.502830933779478,18.0396976955235,,,,,,,1,0,,,11,,12,,40,object,
satellite,p36-HC-pfile16.pddl,concrete,timed out,1800.3554881699383,concrete_asp,,,,,,,31.27798580750823,,11.142265778034925,,,,,,,,,,,,,11,,12,,,
sokoban-sat11-strips,p13.pddl,abstract,timed out,1800.158706029877,abstract_asp,,0.5289333108812571,0.00309908390045166,0.33336845226585865,0.4083039369434118,0.5547353159636259,0.40696291252970695,0.39002908021211624,0.234977375715971,0.22395401820540428,,,,,,,0,0,,,31,,32,,64,location,
sokoban-sat11-strips,p13.pddl,concrete,timed out,1800.1557398587465,concrete_asp,,,,,,,0.375356525182724,,0.08880143985152245,,,,,,,,,,,,,31,,32,,,
sokoban-sat11-strips,p15.pddl,abstract,timed out,1800.1279790848494,abstract_asp,,0.5746419280767441,0.0029552727937698364,0.28572695702314377,0.395070631057024,0.779573030769825,0.32687170803546906,0.27594026550650597,0.09978273510932922,0.09526539966464043,,,,,,,0,0,,,63,,64,,57,location,
sokoban-sat11-strips,p15.pddl,concrete,timed out,1800.12292984128,concrete_asp,,,,,,,0.34501004219055176,,0.04213942773640156,,,,,,,,,,,,,61,,62,,,
sokoban-sat11-strips,p17.pddl,abstract,timed out,1800.1543988399208,abstract_asp,,0.44007791206240654,0.002590928226709366,0.265165738761425,0.24471163004636765,0.48347774520516396,0.3686048984527588,0.2893323116004467,0.07332229986786842,0.05139784887433052,,,,,,,0,0,,,47,,48,,50,location,
sokoban-sat11-strips,p17.pddl,concrete,timed out,1800.1417627818882,concrete_asp,,,,,,,0.34850162267684937,,0.05514649674296379,,,,,,,,,,,,,47,,48,,,
sokoban-sat11-strips,p18.pddl,abstract,timed out,1800.1420525461435,abstract_asp,,0.4740807041525841,0.0028610192239284515,0.28087157383561134,0.33863481879234314,0.4403323642909527,0.3127457872033119,0.26920488849282265,0.09987874701619148,0.09523343667387962,,,,,,,0,0,,,42,,43,,67,location,
sokoban-sat11-strips,p18.pddl,concrete,timed out,1800.1360417567194,concrete_asp,,,,,,,0.2737351432442665,,0.037646885961294174,,,,,,,,,,,,,42,,43,,,
sokoban-sat11-strips,p20.pddl,abstract,timed out,1800.1750417239964,abstract_asp,,0.40466437861323357,0.002849690616130829,0.3015541210770607,0.1647736243903637,0.2916278503835201,0.4935990273952484,0.4404364861547947,0.16110627353191376,0.14233523607254028,,,,,,,0,0,,,21,,22,,36,location,
sokoban-sat11-strips,p20.pddl,concrete,timed out,1800.1910968646407,concrete_asp,,,,,,,0.5102172493934631,,0.17768673226237297,,,,,,,,,,,,,21,,22,,,
tpp,p02.pddl,abstract,success,2.734337668865919,total,0.885273,0.154569,0.002155,0.142516,0.005633,0.012226,0.237691,0.185008,0.006912,0.00363,0.038628,0.033401,,,11,8,6,0,0,0,5,11,6,1,2,goods,
tpp,p02.pddl,concrete,success,2.0472999177873135,total,0.272681,,,,,,0.189942,,0.004261,,,0.063512,,,8,8,,,,,,8,,9,,,
tpp,p03.pddl,abstract,success,2.686171218752861,total,0.831622,0.151929,0.002263,0.114954,0.006405,0.012185,0.194292,0.191888,0.004713,0.003994,0.038741,0.03828,,,11,11,6,0,1,0,5,11,6,1,3,goods,
tpp,p03.pddl,concrete,success,2.117162983864546,total,0.302593,,,,,,0.196541,,0.004585,,,0.086948,,,11,11,,,,,,11,,12,,,
tpp,p04.pddl,abstract,success,2.9113079458475113,total,1.066495,0.180024,0.002385,0.119477,0.007308,0.012355,0.213885,0.188171,0.005411,0.003743,0.052604,0.062042,0.129298,,14,14,6,0,5,3,5,14,6,4,4,goods,
tpp,p04.pddl,concrete,success,2.173258811235428,total,0.377219,,,,,,0.196882,,0.00527,,,0.161191,,,14,14,,,,,,14,,15,,,
tpp,p05.pddl,abstract,success,24.629311345517635,total,22.404594,0.175044,0.002378,0.116061,0.01042,0.018092,0.197767,0.188416,0.006458,0.004046,0.06125,2.45261,19.092312,,19,19,6,0,7,4,7,19,8,5,5,goods,
tpp,p05.pddl,concrete,success,43.59177577868104,total,40.252701,,,,,,0.271448,,0.009807,,,39.951566,,,19,19,,,,,,19,,20,,,
tpp,p06.pddl,abstract,timed out,1800.1163865812123,abstract_solving,,0.18796421214938164,0.0024612173438072205,0.12851835414767265,0.011800765991210938,0.014611497521400452,0.2125466726720333,0.20115916058421135,0.014525029808282852,0.007073555141687393,0.16476737707853317,,,,,,6,0,0,0,11,23,12,1,5,goods,
tpp,p06.pddl,concrete,timed out,1800.1149994581938,concrete_asp,,,,,,,0.26141850650310516,,0.016986750066280365,,,,,,,,,,,,,22,,23,,,
tpp,p07.pddl,abstract,success,40.38157242164016,total,38.279075,0.233026,0.002861,0.13,0.014335,0.019197,0.2115,0.19861,0.036152,0.020175,15.531352,21.803073,,,39,38,6,0,3,0,19,39,20,1,4,goods,
tpp,p07.pddl,concrete,timed out,1800.1123165301979,concrete_asp,,,,,,,0.2140691988170147,,0.01536092534661293,,,,,,,,,,,,,23,,24,,,
tpp,p08.pddl,abstract,success,274.20216439664364,total,272.111028,0.266371,0.00285,0.142083,0.016385,0.019476,0.227841,0.203165,0.040283,0.023279,264.761811,6.326239,,,47,47,6,0,3,0,23,47,24,1,4,goods,
tpp,p08.pddl,concrete,timed out,1800.1091972962022,concrete_asp,,,,,,,0.21894459798932076,,0.02891823649406433,,,,,,,,,,,,,23,,24,,,
tpp,p09.pddl,abstract,timed out,1800.1183801218867,abstract_asp,,0.21368620544672012,0.0028238072991371155,0.14391779899597168,0.01975470408797264,0.025231361389160156,0.23637067154049873,0.21734986081719398,0.027972865849733353,0.014125630259513855,,,,,,,6,0,,,20,,21,,5,goods,
tpp,p09.pddl,concrete,timed out,1800.1170095428824,concrete_asp,,,,,,,0.290029801428318,,0.03037119284272194,,,,,,,,,,,,,22,,23,,,
tpp,p10.pddl,abstract,timed out,1800.0197496041656,abstract_asp,,0.27999939024448395,0.00308440625667572,0.15539400652050972,0.08862725272774696,0.02223142609000206,0.2529250271618366,0.20884189382195473,0.09713923558592796,0.031181655824184418,,,,,,,6,0,,,17,,18,,6,goods,
tpp,p10.pddl,concrete,timed out,1800.1178902499378,concrete_asp,,,,,,,0.2939692735671997,,0.03349347319453955,,,,,,,,,,,,,22,,23,,,
tpp,p11.pddl,abstract,timed out,1800.1210563629866,abstract_solving,,0.2396719940006733,0.002813294529914856,0.16018567606806755,0.017248038202524185,0.022661730647087097,0.27143140882253647,0.2271314188838005,0.1296527236700058,0.05950826779007912,34.55831045284867,,,,,,6,0,0,0,18,37,19,1,4,goods,
tpp,p11.pddl,concrete,timed out,1800.1161463744938,concrete_asp,,,,,,,0.2736663743853569,,0.049782585352659225,,,,,,,,,,,,,23,,24,,,
tpp,p12.pddl,abstract,timed out,1800.1165572963655,abstract_asp,,0.24838490411639214,0.002842143177986145,0.16534654051065445,0.018700536340475082,0.023072540760040283,0.28405434638261795,0.2415868043899536,0.15230358019471169,0.0814526379108429,,,,,,,6,0,,,22,,23,,4,goods,
tpp,p12.pddl,concrete,timed out,1800.1199430134147,concrete_asp,,,,,,,0.3483416698873043,,0.06132558546960354,,,,,,,,,,,,,23,,24,,,
tpp,p13.pddl,abstract,timed out,1800.120026409626,abstract_asp,,0.3155009001493454,0.00271780788898468,0.2096945159137249,0.02094046026468277,0.023975469172000885,0.3554171584546566,0.28459643200039864,0.1026647724211216,0.05392931401729584,,,,,,,6,0,,,19,,20,,4,goods,
tpp,p13.pddl,concrete,timed out,1800.119267269969,concrete_asp,,,,,,,0.4126957505941391,,0.11325220763683319,,,,,,,,,,,,,19,,20,,,
tpp,p14.pddl,abstract,timed out,1800.1231851056218,abstract_asp,,0.3149726092815399,0.0034858547151088715,0.20131732523441315,0.022743619978427887,0.02577895298600197,0.3554832264780998,0.30367305502295494,0.11308605596423149,0.0662522166967392,,,,,,,6,0,,,18,,19,,4,goods,
tpp,p14.pddl,concrete,timed out,1800.1214868780226,concrete_asp,,,,,,,0.42111961171031,,0.10951113142073154,,,,,,,,,,,,,20,,21,,,
tpp,p15.pddl,abstract,timed out,1800.1231834068894,abstract_asp,,0.3238425962626934,0.0027814768254756927,0.20883223414421082,0.02658434584736824,0.02571440488100052,0.3754366636276245,0.30174342542886734,0.13843510672450066,0.0696188248693943,,,,,,,6,0,,,20,,21,,5,goods,
tpp,p15.pddl,concrete,timed out,1800.1225194633007,concrete_asp,,,,,,,0.4696868881583214,,0.14884645491838455,,,,,,,,,,,,,19,,20,,,
tpp,p16.pddl,abstract,timed out,1800.1255485117435,abstract_asp,,0.3339276500046253,0.0029113106429576874,0.30362315103411674,0.02649284526705742,0.03864067420363426,0.5709518939256668,0.4659114442765713,0.26352567598223686,0.1677403301000595,,,,,,,6,0,,,18,,19,,4,goods,
tpp,p16.pddl,concrete,timed out,1800.129487030208,concrete_asp,,,,,,,0.6179281771183014,,0.25643301010131836,,,,,,,,,,,,,22,,23,,,
tpp,p17.pddl,abstract,timed out,1800.123388685286,abstract_asp,,0.4156038165092468,0.003453463315963745,0.4103860929608345,0.043392762541770935,0.04513004422187805,0.8120550289750099,0.5701529793441296,0.9238760992884636,0.5361248664557934,,,,,,,6,0,,,20,,21,,5,goods,
tpp,p17.pddl,concrete,timed out,1800.120536673814,concrete_asp,,,,,,,0.742461159825325,,0.3354145586490631,,,,,,,,,,,,,18,,19,,,
tpp,p18.pddl,abstract,timed out,1800.1241263113916,abstract_asp,,0.43519706651568413,0.0035693570971488953,0.43593454733490944,0.054431162774562836,0.043044961988925934,0.863471444696188,0.4654189236462116,0.9770439974963665,0.4079022705554962,,,,,,,6,0,,,18,,19,,8,goods,
tpp,p18.pddl,concrete,timed out,1800.1206864397973,concrete_asp,,,,,,,0.7847900670021772,,0.38196741323918104,,,,,,,,,,,,,18,,19,,,
tpp,p19.pddl,abstract,timed out,1800.1258828006685,abstract_asp,,0.415498461574316,0.003191884607076645,0.4591539762914181,0.04258047416806221,0.03996720165014267,0.8905531242489815,0.5784935466945171,0.431650310754776,0.2512335889041424,,,,,,,6,0,,,19,,20,,6,goods,
tpp,p19.pddl,concrete,timed out,1800.1259063072503,concrete_asp,,,,,,,0.8736330829560757,,0.4005633406341076,,,,,,,,,,,,,17,,18,,,
tpp,p20.pddl,abstract,timed out,1800.1150738131255,abstract_asp,,0.34656544402241707,0.0029048770666122437,0.41333130188286304,0.03850235976278782,0.0415642112493515,0.781142933294177,0.5958004454150796,0.3897332875058055,0.2512129582464695,,,,,,,6,0,,,19,,20,,5,goods,
tpp,p20.pddl,concrete,timed out,1800.0443956628442,concrete_asp,,,,,,,0.8975981287658215,,0.4304567463696003,,,,,,,,,,,,,17,,18,,,
tpp,p21.pddl,abstract,timed out,1800.1220677234232,abstract_asp,,0.4421206898987293,0.0035068169236183167,0.7038780488073826,0.0513780303299427,0.059769608080387115,1.4791725613176823,0.38692742586135864,1.90695258975029,0.28398460894823074,,,,,,,3,0,,,25,,26,,6,truck,
tpp,p21.pddl,concrete,timed out,1800.1256954167038,concrete_asp,,,,,,,1.3861908577382565,,0.7383598033338785,,,,,,,,,,,,,18,,19,,,
tpp,p22.pddl,abstract,timed out,1800.132175449282,abstract_asp,,0.414410013705492,0.00306842103600502,0.6877097897231579,0.04444855451583862,0.04388553276658058,1.4676155224442482,0.862703450024128,0.7921920865774155,0.4059733562171459,,,,,,,6,0,,,18,,19,,6,goods,
tpp,p22.pddl,concrete,timed out,1800.1257893629372,concrete_asp,,,,,,,1.258202739059925,,0.6765744388103485,,,,,,,,,,,,,18,,19,,,
tpp,p23.pddl,abstract,timed out,1800.12380149588,abstract_asp,,0.42917658761143684,0.0034807883203029633,0.717483639717102,0.0484929084777832,0.054478295147418976,1.5146574340760708,0.38647690415382385,0.8595555871725082,0.12043503299355507,,,,,,,3,0,,,24,,25,,6,truck,
tpp,p23.pddl,concrete,timed out,1800.1361334510148,concrete_asp,,,,,,,1.5100109800696373,,0.8284126743674278,,,,,,,,,,,,,19,,20,,,
tpp,p24.pddl,abstract,timed out,1800.1288917139173,abstract_asp,,0.4571146033704281,0.003228485584259033,0.7702239565551281,0.07237542420625687,0.060056425631046295,1.6029967591166496,1.0934899002313614,0.948954775929451,0.5363089144229889,,,,,,,6,0,,,16,,17,,6,goods,
tpp,p24.pddl,concrete,timed out,1800.1395718455315,concrete_asp,,,,,,,1.613758645951748,,0.8850028738379478,,,,,,,,,,,,,16,,17,,,
tpp,p25.pddl,abstract,timed out,1800.124044250697,abstract_asp,,0.546673845499754,0.003918718546628952,1.1144908517599106,0.08443722501397133,0.08036358654499054,2.3361712731420994,0.49098314344882965,3.114573374390602,0.3978606276214123,,,,,,,3,0,,,25,,26,,7,truck,
tpp,p25.pddl,concrete,timed out,1800.1454922296107,concrete_asp,,,,,,,2.0565448962152004,,1.1474123075604439,,,,,,,,,,,,,17,,18,,,
tpp,p26.pddl,abstract,timed out,1800.1262843403965,abstract_asp,,0.5730185396969318,0.004454249516129494,1.7434523664414883,0.08473317325115204,0.09271485917270184,3.696176949888468,0.6646107323467731,5.0719768311828375,0.6431749407202005,,,,,,,3,0,,,23,,24,,7,truck,
tpp,p26.pddl,concrete,timed out,1800.179698150605,concrete_asp,,,,,,,3.4171679727733135,,1.875415064394474,,,,,,,,,,,,,16,,17,,,
tpp,p27.pddl,abstract,timed out,1800.1523862965405,abstract_asp,,0.5920181348919868,0.004141509532928467,1.9074487686157227,0.08703133091330528,0.09086659550666809,4.060544911772013,2.5649437308311462,5.335506323724985,3.216452121734619,,,,,,,6,0,,,17,,18,,7,goods,
tpp,p27.pddl,concrete,timed out,1800.16899465397,concrete_asp,,,,,,,3.889950029551983,,1.9411585330963135,,,,,,,,,,,,,17,,18,,,
tpp,p28.pddl,abstract,timed out,1800.125951550901,abstract_asp,,0.5205695033073425,0.003654778003692627,1.8226845227181911,0.0754590779542923,0.0833384320139885,3.968022294342518,0.6488853022456169,2.1897616162896156,0.2712043710052967,,,,,,,3,0,,,24,,25,,7,truck,
tpp,p28.pddl,concrete,timed out,1800.1601433344185,concrete_asp,,,,,,,3.4864943511784077,,1.9540945068001747,,,,,,,,,,,,,17,,18,,,
tpp,p29.pddl,abstract,timed out,1800.1318199932575,abstract_asp,,0.6818923279643059,0.004416011273860931,2.5340026393532753,0.12289154157042503,0.12042053416371346,5.267143946141005,0.8037548176944256,7.053394462913275,0.8001891374588013,,,,,,,3,0,,,23,,24,,8,truck,
tpp,p29.pddl,concrete,timed out,1800.189713537693,concrete_asp,,,,,,,4.949832018464804,,2.619109842926264,,,,,,,,,,,,,15,,16,,,
tpp,p30.pddl,abstract,timed out,1800.1344315372407,abstract_asp,,0.6989188380539417,0.004560060799121857,2.6521181724965572,0.12418648973107338,0.13084640726447105,5.793055705726147,0.8097109943628311,7.413475729525089,0.824874360114336,,,,,,,3,0,,,23,,24,,8,truck,
tpp,p30.pddl,concrete,timed out,1800.1701890416443,concrete_asp,,,,,,,5.393922138959169,,2.799113344401121,,,,,,,,,,,,,16,,17,,,
woodworking-sat11-strips,p02.pddl,abstract,timed out,1800.1334227137268,abstract_asp,,0.5718464218080044,0.0099298395216465,0.5379221886396408,0.07486605271697044,0.09137798473238945,1.1174931526184082,1.485386148095131,0.5419212281703949,0.7070066146552563,,,,,,,2,0,,,13,,14,,10,board,
woodworking-sat11-strips,p02.pddl,concrete,timed out,1800.1252728365362,concrete_asp,,,,,,,1.1382164470851421,,0.5332513265311718,,,,,,,,,,,,,13,,14,,,
woodworking-sat11-strips,p04.pddl,abstract,timed out,1800.0579323284328,abstract_asp,,0.6551226414740086,0.010990723967552185,0.6907847411930561,0.08587364479899406,0.0912369079887867,1.4932834133505821,1.942024901509285,0.7031620182096958,1.0180910751223564,,,,,,,2,0,,,12,,13,,11,board,
woodworking-sat11-strips,p04.pddl,concrete,timed out,1800.0356888063252,concrete_asp,,,,,,,1.4721399582922459,,0.6627137660980225,,,,,,,,,,,,,13,,14,,,
woodworking-sat11-strips,p07.pddl,abstract,timed out,1800.133315011859,abstract_asp,,0.6495410203933716,0.011294171214103699,0.5471464805305004,0.09137336537241936,0.10433440655469894,1.131448645144701,1.6155711710453033,1.3018748871982098,1.7782818973064423,,,,,,,2,0,,,12,,13,,10,board,
woodworking-sat11-strips,p07.pddl,concrete,timed out,1800.1272293934599,concrete_asp,,,,,,,1.0807445151731372,,0.47469273302704096,,,,,,,,,,,,,15,,16,,,
woodworking-sat11-strips,p12.pddl,abstract,timed out,1800.0526881925762,abstract_asp,,0.742825910449028,0.013183139264583588,0.7977090142667294,0.11472061276435852,0.12121930718421936,1.8859923630952835,2.519778110086918,2.2923611998558044,2.9127660021185875,,,,,,,2,0,,,12,,13,,11,board,
woodworking-sat11-strips,p12.pddl,concrete,timed out,1800.1441484242678,concrete_asp,,,,,,,1.7725821696221828,,0.8380626700818539,,,,,,,,,,,,,14,,15,,,
woodworking-sat11-strips,p13.pddl,abstract,timed out,1800.0917374566197,abstract_asp,,0.7748677171766758,0.013337083160877228,0.7219384349882603,0.11484813690185547,0.1276468113064766,1.6802511736750603,2.3056156635284424,1.9193168208003044,2.460313957184553,,,,,,,2,0,,,12,,13,,10,board,
woodworking-sat11-strips,p13.pddl,concrete,timed out,1800.1435199156404,concrete_asp,,,,,,,1.6584040261805058,,0.7066358178853989,,,,,,,,,,,,,13,,14,,,
woodworking-sat11-strips,p14.pddl,abstract,timed out,1800.1334147900343,abstract_asp,,0.792231198400259,0.013336427509784698,0.6987508311867714,0.12095210701227188,0.1270776428282261,1.6137137413024902,2.140436314046383,1.7632789723575115,2.256784349679947,,,,,,,2,0,,,12,,13,,10,board,
woodworking-sat11-strips,p14.pddl,concrete,timed out,1800.1354249864817,concrete_asp,,,,,,,1.4713262915611267,,0.6483443565666676,,,,,,,,,,,,,13,,14,,,
woodworking-sat11-strips,p15.pddl,abstract,timed out,1800.1518264301121,abstract_asp,,0.8152959086000919,0.01389361172914505,0.8706822022795677,0.14506180211901665,0.1405811756849289,2.1555314511060715,2.9140099473297596,2.542707823216915,3.3139758557081223,,,,,,,2,0,,,12,,13,,13,board,
woodworking-sat11-strips,p15.pddl,concrete,timed out,1800.14806971699,concrete_asp,,,,,,,1.9731575474143028,,1.1368368454277515,,,,,,,,,,,,,13,,14,,,
woodworking-sat11-strips,p17.pddl,abstract,timed out,1800.1410871744156,abstract_asp,,0.4539048485457897,0.00784805417060852,0.7360327914357185,0.05672970786690712,0.07231317833065987,1.7447252348065376,2.359398614615202,0.9704553559422493,1.2128131464123726,,,,,,,2,0,,,11,,12,,8,board,
woodworking-sat11-strips,p17.pddl,concrete,timed out,1800.1422110237181,concrete_asp,,,,,,,2.1164025850594044,,1.0491076931357384,,,,,,,,,,,,,12,,13,,,
woodworking-sat11-strips,p18.pddl,abstract,timed out,1800.1689567044377,abstract_asp,,0.558234840631485,0.009263724088668823,0.7463268339633942,0.05784478038549423,0.08204954117536545,1.7406863681972027,1.7239701300859451,0.9556657671928406,0.9629977196455002,,,,,,,2,0,,,12,,13,,6,board,
woodworking-sat11-strips,p18.pddl,concrete,timed out,1800.1450453102589,concrete_asp,,,,,,,1.7355742566287518,,0.8863838165998459,,,,,,,,,,,,,12,,13,,,
woodworking-sat11-strips,p19.pddl,abstract,timed out,1800.1672115884721,abstract_asp,,0.6524892300367355,0.011326324194669724,1.0399511009454727,0.08784639462828636,0.1099410280585289,2.5343248583376408,4.233862102031708,3.268073122948408,4.895362496376038,,,,,,,2,0,,,11,,12,,9,board,
woodworking-sat11-strips,p19.pddl,concrete,timed out,1800.1472639888525,concrete_asp,,,,,,,2.251827698200941,,1.2072732746601105,,,,,,,,,,,,,12,,13,,,
woodworking-sat11-strips,p20.pddl,abstract,timed out,1800.0762100741267,abstract_asp,,0.642024353146553,0.011479523032903671,1.2372328713536263,0.08766400441527367,0.13028289005160332,3.2915437147021294,4.459759298712015,4.117294013500214,5.346122056245804,,,,,,,2,0,,,12,,13,,9,board,
woodworking-sat11-strips,p20.pddl,concrete,timed out,1800.1480693109334,concrete_asp,,,,,,,2.907736551016569,,1.5170022547245026,,,,,,,,,,,,,11,,12,,,
zenotravel,p05.pddl,abstract,success,4.288814462721348,total,2.427391,0.167705,0.002694,0.170126,0.022112,0.039431,0.277906,0.227552,0.02635,0.024274,0.176891,1.203583,,,13,11,2,0,2,0,6,13,7,1,3,object,
zenotravel,p05.pddl,concrete,success,4.325257912278175,total,2.26938,,,,,,0.358827,,0.042363,,,1.85959,,,11,11,,,,,,11,,12,,,
zenotravel,p07.pddl,abstract,success,5.51230151206255,total,3.605347,0.171864,0.002746,0.17282,0.009909,0.052598,0.278686,0.232402,0.027447,0.024019,2.179464,0.371451,,,19,19,2,0,0,0,9,19,10,1,3,object,
zenotravel,p07.pddl,concrete,success,424.868961840868,total,422.037852,,,,,,0.298355,,0.051763,,,421.668351,,,15,15,,,,,,15,,16,,,
zenotravel,p08.pddl,abstract,success,6.187160760164261,total,4.365045,0.166079,0.002861,0.153193,0.010461,0.060419,0.282287,0.271649,0.051872,0.051296,2.550661,0.673929,,,17,16,2,0,0,0,8,17,9,1,3,object,
zenotravel,p08.pddl,concrete,success,20.4480105265975,total,17.559259,,,,,,0.399501,,0.079932,,,17.060149,,,11,11,,,,,,11,,12,,,
zenotravel,p09.pddl,abstract,timed out,1800.1248685270548,abstract_asp,,0.17571568116545677,0.002884089946746826,0.19411680474877357,0.010778646916151047,0.06446300819516182,0.33108579739928246,0.28558341786265373,0.05624861270189285,0.05453997477889061,,,,,,,2,0,,,13,,14,,3,object,
zenotravel,p09.pddl,concrete,timed out,1800.1256551593542,concrete_asp,,,,,,,0.3367130905389786,,0.08845886960625648,,,,,,,,,,,,,14,,15,,,
zenotravel,p10.pddl,abstract,timed out,1800.1220027133822,abstract_asp,,0.21840064227581024,0.0033621862530708313,0.19104282930493355,0.013271380215883255,0.08152047917246819,0.32408352568745613,0.28905054926872253,0.13779258728027344,0.1461973488330841,,,,,,,2,0,,,13,,14,,3,object,
zenotravel,p10.pddl,concrete,timed out,1800.1256674863398,concrete_asp,,,,,,,0.3428349420428276,,0.07921716943383217,,,,,,,,,,,,,14,,15,,,
zenotravel,p11.pddl,abstract,success,737.1775855012238,total,735.347884,0.217321,0.003313,0.204299,0.01897,0.079622,0.363525,0.326213,0.191359,0.192064,732.33892,1.327886,,,23,22,2,0,0,0,11,23,12,1,3,object,
zenotravel,p11.pddl,concrete,success,589.6558979786932,total,587.049788,,,,,,0.351541,,0.098658,,,586.57779,,,14,14,,,,,,14,,15,,,
zenotravel,p13.pddl,abstract,timed out,1800.1271755062044,abstract_asp,,0.17614731937646866,0.0029440484941005707,0.16979748383164406,0.012390337884426117,0.0772382915019989,0.3110632300376892,0.31946004182100296,0.07683849334716797,0.07806922867894173,,,,,,,2,0,,,13,,14,,3,object,
zenotravel,p13.pddl,concrete,timed out,1800.1221368722618,concrete_asp,,,,,,,0.36245254427194595,,0.08504874631762505,,,,,,,,,,,,,14,,15,,,
zenotravel,p14.pddl,abstract,timed out,1800.1331872493029,abstract_asp,,0.18262634053826332,0.0031758546829223633,0.3492768704891205,0.012209922075271606,0.12066533416509628,0.7449790313839912,0.6064325012266636,0.3244890198111534,0.23979995027184486,,,,,,,3,0,,,11,,12,,2,object,
zenotravel,p14.pddl,concrete,timed out,1800.1435213536024,concrete_asp,,,,,,,0.8997873850166798,,0.3382657617330551,,,,,,,,,,,,,12,,13,,,
zenotravel,p15.pddl,abstract,timed out,1800.130851533264,abstract_asp,,0.2442547120153904,0.003637690097093582,0.5641961805522442,0.019416093826293945,0.24909989163279533,1.1002755202353,0.3580910973250866,1.1939975507557392,0.15210126712918282,,,,,,,6,0,,,17,,18,,5,object,
zenotravel,p15.pddl,concrete,timed out,1800.15816000849,concrete_asp,,,,,,,1.070686605758965,,0.4792854906991124,,,,,,,,,,,,,11,,12,,,
zenotravel,p16.pddl,abstract,timed out,1800.14362860471,abstract_asp,,0.19225037842988968,0.003426138311624527,0.5883499421179295,0.016338109970092773,0.25431428477168083,1.268708873540163,0.8431040123105049,0.6335112489759922,0.36081690713763237,,,,,,,3,0,,,12,,13,,4,object,
zenotravel,p16.pddl,concrete,timed out,1800.1560817174613,concrete_asp,,,,,,,1.3110624216496944,,0.6081066653132439,,,,,,,,,,,,,11,,12,,,
zenotravel,p17.pddl,abstract,timed out,1800.0461213625968,abstract_asp,,0.25793928653001785,0.004315126687288284,0.8488161414861679,0.02064305543899536,0.3748907893896103,1.7999414652585983,1.4409186728298664,2.14663103222847,1.6046542525291443,,,,,,,3,0,,,11,,12,,3,object,
zenotravel,p17.pddl,concrete,timed out,1800.1482400000095,concrete_asp,,,,,,,1.5955471694469452,,0.804702278226614,,,,,,,,,,,,,12,,13,,,
zenotravel,p19.pddl,abstract,timed out,1800.0904452502728,abstract_asp,,0.21217099577188492,0.0043860264122486115,1.1522104032337666,0.02175324410200119,0.4658976122736931,2.559033915400505,1.6306015327572823,1.986698191612959,1.6317879520356655,,,,,,,3,0,,,10,,11,,5,object,
zenotravel,p19.pddl,concrete,timed out,1800.1523117497563,concrete_asp,,,,,,,2.1582939587533474,,1.0940900966525078,,,,,,,,,,,,,11,,12,,,
zenotravel,p20.pddl,abstract,timed out,1800.0789527073503,abstract_asp,,0.20890039205551147,0.0040305182337760925,1.4881165847182274,0.02484237775206566,0.44842104613780975,2.940310176461935,1.6961339451372623,2.9449295923113823,0.7791351303458214,,,,,,,3,0,,,11,,12,,7,object,
zenotravel,p20.pddl,concrete,timed out,1800.150147985667,concrete_asp,,,,,,,2.6064380444586277,,1.3095617555081844,,,,,,,,,,,,,11,,12,,,
