domain,problem,mode,status,wall_time_seconds,last_completed_phase,total_seconds,problem_reading_seconds,symmetry_discovery_seconds,abstraction_seconds,abstract_pddl_writing_seconds,concrete_fd_seconds,abstract_fd_seconds,concrete_asp_seconds,abstract_asp_seconds,abstract_solving_seconds,guided_concrete_solving_seconds,extended_concrete_solving_seconds,horizon,plan_length,relaxed_deletes,decrements,increments,abstract_horizon,final_horizon,abstract_solve_calls,concrete_solve_calls,abstracted_object_count,abstracted_object_type,error_message
airport,p01-airport1-p1.pddl,abstract,success,4.295949205756187,total,3.274447,2.201795,0.18727,0.082567,0.091905,0.252562,0.221304,0.011331,0.009369,0.070414,0.104409,,17,8,0,0,0,8,17,9,1,2,segment,
airport,p01-airport1-p1.pddl,concrete,success,0.8321666717529297,total,0.317369,,,,,0.222744,,0.009563,,,0.071683,,8,8,,,,,8,,9,,,
airport,p02-airport1-p1.pddl,abstract,success,4.56813333556056,total,3.527706,2.328923,0.1965,0.086598,0.098347,0.264934,0.240657,0.0142,0.011737,0.097323,0.13385,,19,9,0,0,0,9,19,10,1,2,segment,
airport,p02-airport1-p1.pddl,concrete,success,0.8357058800756931,total,0.333433,,,,,0.226873,,0.011949,,,0.084222,,9,9,,,,,9,,10,,,
airport,p03-airport1-p2.pddl,abstract,success,4.294949904084206,total,3.557218,1.874154,0.171841,0.092067,0.110163,0.234545,0.234569,0.017401,0.016848,0.389348,0.368219,,35,17,0,0,0,17,35,18,1,2,segment,
airport,p03-airport1-p2.pddl,concrete,success,1.1626560166478157,total,0.6585,,,,,0.235603,,0.017063,,,0.392577,,17,17,,,,,17,,18,,,
airport,p04-airport2-p1.pddl,abstract,success,6.107887461781502,total,5.227138,2.921034,0.258687,0.229875,0.261983,0.303229,0.288455,0.019082,0.018529,0.250695,0.605692,,41,20,0,0,0,20,41,21,1,2,segment,
airport,p04-airport2-p1.pddl,concrete,success,1.0753404349088669,total,0.554069,,,,,0.304754,,0.01859,,,0.220503,,20,20,,,,,20,,21,,,
airport,p05-airport2-p1.pddl,abstract,success,6.470959037542343,total,5.576902,2.980419,0.261561,0.237954,0.270156,0.303349,0.300536,0.02715,0.026076,0.345765,0.765363,,43,21,0,0,0,21,43,22,1,2,segment,
airport,p05-airport2-p1.pddl,concrete,success,1.2094985991716385,total,0.701264,,,,,0.307292,,0.026398,,,0.353782,,21,21,,,,,21,,22,,,
airport,p06-airport2-p2.pddl,abstract,success,132.44477012753487,total,131.511482,3.051808,0.275898,0.249186,0.278998,0.333783,0.351437,0.041761,0.040142,123.924586,2.856589,,83,41,0,0,0,41,83,42,1,2,segment,
airport,p06-airport2-p2.pddl,concrete,success,122.83423192799091,total,122.325947,,,,,0.333461,,0.039644,,,121.937589,,41,41,,,,,41,,42,,,
airport,p07-airport2-p2.pddl,abstract,success,132.7390174306929,total,131.808843,3.025316,0.275012,0.250032,0.286216,0.332106,0.340581,0.040906,0.040244,124.206048,2.89487,,83,41,0,0,0,41,83,42,1,2,segment,
airport,p07-airport2-p2.pddl,concrete,success,124.18723052740097,total,123.397887,,,,,0.383375,,0.041231,,,122.958877,,41,41,,,,,41,,42,,,
airport,p08-airport2-p3.pddl,abstract,timed out,1800.1177981570363,abstract_asp,,3.5340545922517776,0.3227464035153389,0.3104495145380497,0.30898210406303406,0.39816829934716225,0.37423594668507576,0.06777357682585716,0.06450801715254784,,,,,,0,,,47,,48,,2,segment,
airport,p08-airport2-p3.pddl,concrete,timed out,1800.112821701914,concrete_asp,,,,,,0.41323787346482277,,0.06537827104330063,,,,,,,,,,,47,,48,,,
airport,p09-airport2-p4.pddl,abstract,timed out,1800.1188818998635,abstract_asp,,3.6583706624805927,0.3394738622009754,0.2829858548939228,0.26716842129826546,0.4422735348343849,0.29281117394566536,0.0859944224357605,0.03314101696014404,,,,,,334,,,48,,49,,2,airplane,
airport,p09-airport2-p4.pddl,concrete,timed out,1800.018313653767,concrete_asp,,,,,,0.43482885137200356,,0.08119014278054237,,,,,,,,,,,47,,48,,,
airport,p10-airport3-p1.pddl,abstract,success,7.52426340803504,total,6.243663,3.697659,0.320554,0.27808,0.303914,0.350065,0.330403,0.02399,0.021379,0.241877,0.609965,,37,18,0,0,0,18,37,19,1,2,segment,
airport,p10-airport3-p1.pddl,concrete,success,1.0789817199110985,total,0.576601,,,,,0.312778,,0.021739,,,0.22883,,18,18,,,,,18,,19,,,
airport,p11-airport3-p1.pddl,abstract,success,7.195899687707424,total,6.233224,3.2748,0.297401,0.285847,0.306948,0.326452,0.324946,0.031015,0.029937,0.411153,0.868226,,43,21,0,0,0,21,43,22,1,2,segment,
airport,p11-airport3-p1.pddl,concrete,success,1.287061769515276,total,0.763386,,,,,0.325654,,0.030007,,,0.393634,,21,21,,,,,21,,22,,,
airport,p12-airport3-p2.pddl,abstract,success,128.09476725757122,total,127.093846,3.3532,0.307568,0.300121,0.342975,0.356975,0.353887,0.048552,0.046375,118.807911,3.046765,,79,39,0,0,0,39,79,40,1,2,segment,
airport,p12-airport3-p2.pddl,concrete,success,118.72252338379622,total,117.873747,,,,,0.42059,,0.048107,,,117.38786,,39,39,,,,,39,,40,,,
airport,p13-airport3-p2.pddl,abstract,success,101.20085187628865,total,99.858054,3.863972,0.341595,0.29473,0.334315,0.371028,0.354376,0.04863,0.046975,91.23525,2.844879,,75,37,0,0,0,37,75,38,1,2,segment,
airport,p13-airport3-p2.pddl,concrete,success,92.20584996789694,total,91.684483,,,,,0.357728,,0.047117,,,91.264864,,37,37,,,,,37,,38,,,
airport,p14-airport3-p3.pddl,abstract,success,22.450966589152813,total,21.047632,4.0617,0.360197,0.316522,0.288242,0.469058,0.291033,0.078677,0.029311,8.872264,6.141916,,79,60,406,28,0,39,79,40,29,2,airplane,
airport,p14-airport3-p3.pddl,concrete,timed out,1800.066413603723,concrete_asp,,,,,,0.4497084729373455,,0.076182771474123,,,,,,,,,,,46,,47,,,
airport,p15-airport3-p3.pddl,abstract,success,19.83631084486842,total,18.414002,4.08823,0.36416,0.320712,0.28687,0.472252,0.293173,0.080455,0.029238,6.333429,6.009431,,75,60,409,35,0,37,75,38,36,2,airplane,
airport,p15-airport3-p3.pddl,concrete,timed out,1800.1116866841912,concrete_asp,,,,,,0.4129623547196388,,0.09114013612270355,,,,,,,,,,,45,,46,,,
airport,p16-airport3-p4.pddl,abstract,timed out,1800.1329092234373,abstract_solving,,3.8120246566832066,0.3761448413133621,0.39332441985607147,0.2961166612803936,0.4719586633145809,0.2968169115483761,0.11001138761639595,0.02899618074297905,5.3373847752809525,,,,,416,16,0,37,75,38,17,3,airplane,
airport,p16-airport3-p4.pddl,concrete,timed out,1800.064996726811,concrete_asp,,,,,,0.5181242413818836,,0.1106855683028698,,,,,,,,,,,48,,49,,,
airport,p18-airport3-p6.pddl,abstract,timed out,1800.1193060092628,abstract_asp,,4.387282185256481,0.439722103998065,0.44861651211977005,0.31768282130360603,0.6209350973367691,0.3174718040972948,0.17469176650047302,0.03827214427292347,,,,,,423,,,44,,45,,4,airplane,
airport,p18-airport3-p6.pddl,concrete,timed out,1800.114132836461,concrete_asp,,,,,,0.6170513592660427,,0.1647224836051464,,,,,,,,,,,49,,50,,,
airport,p19-airport3-p6.pddl,abstract,timed out,1800.1169068925083,abstract_asp,,4.187331136316061,0.40298860520124435,0.41031183674931526,0.33464181795716286,0.5580014921724796,0.31881456449627876,0.1305803842842579,0.03280540555715561,,,,,,406,,,45,,46,,3,airplane,
airport,p19-airport3-p6.pddl,concrete,timed out,1800.1155097838491,concrete_asp,,,,,,0.5714315678924322,,0.1230488270521164,,,,,,,,,,,53,,54,,,
airport,p20-airport3-p7.pddl,abstract,timed out,1800.1166698001325,abstract_asp,,3.9627883322536945,0.4314146377146244,0.4747268334031105,0.3360259532928467,0.644323717802763,0.33922288194298744,0.19924650713801384,0.046786002814769745,,,,,,423,,,46,,47,,4,airplane,
airport,p20-airport3-p7.pddl,concrete,timed out,1800.1179564483464,concrete_asp,,,,,,0.6850175224244595,,0.19197546318173409,,,,,,,,,,,49,,50,,,
barman-sat14-strips,p1-11-4-15.pddl,abstract,timed out,1800.1229532808065,abstract_asp,,1.9332430101931095,0.28357356786727905,0.03021666407585144,0.058439452201128006,0.5972010567784309,0.45906438305974007,0.5565606541931629,0.32947658002376556,,,,,,11,,,34,,35,,2,shot,
barman-sat14-strips,p1-11-4-15.pddl,concrete,timed out,1800.1223152056336,concrete_asp,,,,,,0.6066675931215286,,0.5460897646844387,,,,,,,,,,,42,,43,,,
barman-sat14-strips,p1-11-5-15.pddl,abstract,timed out,1800.1262867376208,abstract_asp,,1.8743336163461208,0.2900008410215378,0.030544236302375793,0.06024334207177162,0.6349540166556835,0.4958954192698002,0.629840798676014,0.38020045682787895,,,,,,11,,,33,,34,,2,shot,
barman-sat14-strips,p1-11-5-15.pddl,concrete,timed out,1800.1246164478362,concrete_asp,,,,,,0.6485525034368038,,0.6128401048481464,,,,,,,,,,,43,,44,,,
barman-sat14-strips,p1-11-5-16.pddl,abstract,timed out,1800.1233591921628,abstract_asp,,1.7105280086398125,0.29210830479860306,0.033032920211553574,0.062233954668045044,0.6462857350707054,0.5146434083580971,0.6654397360980511,0.4054681994020939,,,,,,11,,,35,,36,,2,shot,
barman-sat14-strips,p1-11-5-16.pddl,concrete,timed out,1800.118931453675,concrete_asp,,,,,,0.6736304685473442,,0.6480644829571247,,,,,,,,,,,40,,41,,,
barman-sat14-strips,p2-10-4-13.pddl,abstract,timed out,1800.1227838173509,abstract_asp,,1.8947875760495663,0.2595336548984051,0.030168186873197556,0.05500350147485733,0.5245003998279572,0.3499438613653183,0.48499202728271484,0.2272210195660591,,,,,,2,,,37,,38,,2,hand,
barman-sat14-strips,p2-10-4-13.pddl,concrete,timed out,1800.117738146335,concrete_asp,,,,,,0.5279368422925472,,0.4519728422164917,,,,,,,,,,,45,,46,,,
barman-sat14-strips,p2-11-4-15.pddl,abstract,timed out,1800.1226316839457,abstract_asp,,1.671991340816021,0.26480014249682426,0.032372746616601944,0.05978121608495712,0.5781922787427902,0.38657474890351295,0.5592124462127686,0.2698146179318428,,,,,,2,,,35,,36,,2,hand,
barman-sat14-strips,p2-11-4-15.pddl,concrete,timed out,1800.1181753389537,concrete_asp,,,,,,0.6147368289530277,,0.5470579117536545,,,,,,,,,,,38,,39,,,
barman-sat14-strips,p2-11-5-15.pddl,abstract,timed out,1800.1252792812884,abstract_asp,,2.013098105788231,0.30266114324331284,0.03270462155342102,0.06163481995463371,0.6513792052865028,0.41064367443323135,0.6288040094077587,0.3035039119422436,,,,,,2,,,35,,36,,2,hand,
barman-sat14-strips,p2-11-5-15.pddl,concrete,timed out,1800.1243267692626,concrete_asp,,,,,,0.6600977405905724,,0.6115277521312237,,,,,,,,,,,45,,46,,,
barman-sat14-strips,p2-11-5-16.pddl,abstract,timed out,1800.1214874610305,abstract_asp,,2.0521113872528076,0.31718119978904724,0.0338066965341568,0.062368232756853104,0.7059157341718674,0.5200971625745296,0.6707626171410084,0.4018876515328884,,,,,,11,,,33,,34,,2,shot,
barman-sat14-strips,p2-11-5-16.pddl,concrete,timed out,1800.1212757900357,concrete_asp,,,,,,0.6940910220146179,,0.6445004530251026,,,,,,,,,,,42,,43,,,
barman-sat14-strips,p2-11-5-17.pddl,abstract,timed out,1800.1208529248834,abstract_asp,,1.9009058587253094,0.3169277794659138,0.03501788526773453,0.06160932779312134,0.6945251412689686,0.5301991365849972,0.7200222536921501,0.4048219881951809,,,,,,11,,,34,,35,,3,shot,
barman-sat14-strips,p2-11-5-17.pddl,concrete,timed out,1800.1221503149718,concrete_asp,,,,,,0.7170377820730209,,0.6869883239269257,,,,,,,,,,,45,,46,,,
barman-sat14-strips,p3-10-4-13.pddl,abstract,timed out,1800.0309853442013,abstract_asp,,1.9493114091455936,0.2625697888433933,0.029470786452293396,0.05293920636177063,0.5294757075607777,0.43694576621055603,0.46246685460209846,0.27763107791543007,,,,,,11,,,34,,35,,2,shot,
barman-sat14-strips,p3-10-4-13.pddl,concrete,timed out,1800.117348127067,concrete_asp,,,,,,0.5483041889965534,,0.4515698663890362,,,,,,,,,,,42,,43,,,
barman-sat14-strips,p3-11-4-15.pddl,abstract,timed out,1800.1273638363928,abstract_asp,,2.020396126434207,0.3017698600888252,0.030687149614095688,0.058693235740065575,0.6001423764973879,0.45626441948115826,0.5588695295155048,0.32852891087532043,,,,,,11,,,35,,36,,2,shot,
barman-sat14-strips,p3-11-4-15.pddl,concrete,timed out,1800.1196568720043,concrete_asp,,,,,,0.5625154562294483,,0.5417633950710297,,,,,,,,,,,42,,43,,,
barman-sat14-strips,p3-11-5-15.pddl,abstract,timed out,1800.124054312706,abstract_asp,,2.032143760472536,0.2990156468003988,0.030581319704651833,0.061846980825066566,0.6497123837471008,0.41374062187969685,0.6516535487025976,0.3018112760037184,,,,,,2,,,32,,33,,2,hand,
barman-sat14-strips,p3-11-5-15.pddl,concrete,timed out,1800.1225396469235,concrete_asp,,,,,,0.6349029652774334,,0.6102644689381123,,,,,,,,,,,45,,46,,,
barman-sat14-strips,p3-11-5-16.pddl,abstract,timed out,1800.0648103505373,abstract_asp,,2.0477867424488068,0.3197728954255581,0.03406719118356705,0.06126831844449043,0.7087696716189384,0.49819187074899673,0.6713519245386124,0.3803749457001686,,,,,,11,,,34,,35,,3,shot,
barman-sat14-strips,p3-11-5-16.pddl,concrete,timed out,1800.1236890256405,concrete_asp,,,,,,0.6931531392037868,,0.6582252569496632,,,,,,,,,,,44,,45,,,
barman-sat14-strips,p3-11-5-17.pddl,abstract,timed out,1800.12271117419,abstract_asp,,1.5113577991724014,0.29408561810851097,0.034841544926166534,0.062199853360652924,0.670031238347292,0.5184227898716927,0.710242684930563,0.40852636471390724,,,,,,11,,,32,,33,,3,shot,
barman-sat14-strips,p3-11-5-17.pddl,concrete,timed out,1800.1226553469896,concrete_asp,,,,,,0.6974564045667648,,0.6877448670566082,,,,,,,,,,,39,,40,,,
barman-sat14-strips,p4-11-4-14.pddl,abstract,timed out,1800.1202068328857,abstract_asp,,1.8837828412652016,0.27361369505524635,0.03148455545306206,0.05756763368844986,0.5624845959246159,0.37119338288903236,0.5182132609188557,0.2512741908431053,,,,,,2,,,33,,34,,2,hand,
barman-sat14-strips,p4-11-4-14.pddl,concrete,timed out,1800.122494790703,concrete_asp,,,,,,0.5817360170185566,,0.5070083253085613,,,,,,,,,,,48,,49,,,
barman-sat14-strips,p4-11-4-15.pddl,abstract,timed out,1800.1201476119459,abstract_asp,,1.463306736201048,0.2493203915655613,0.030602578073740005,0.05799669027328491,0.5529542714357376,0.44975941628217697,0.5536645352840424,0.3260158449411392,,,,,,11,,,34,,35,,2,shot,
barman-sat14-strips,p4-11-4-15.pddl,concrete,timed out,1800.1201153732836,concrete_asp,,,,,,0.5631148442626,,0.5369361974298954,,,,,,,,,,,44,,45,,,
barman-sat14-strips,p4-11-5-15.pddl,abstract,timed out,1800.1267827190459,abstract_asp,,1.906124446541071,0.2930508814752102,0.031161002814769745,0.060119565576314926,0.6381185688078403,0.49177831783890724,0.6262477822601795,0.3784562535583973,,,,,,11,,,34,,35,,2,shot,
barman-sat14-strips,p4-11-5-15.pddl,concrete,timed out,1800.121937058866,concrete_asp,,,,,,0.6366727612912655,,0.6094580963253975,,,,,,,,,,,42,,43,,,
barman-sat14-strips,p5-10-4-13.pddl,abstract,timed out,1800.1088063940406,abstract_asp,,1.6311632692813873,0.24599821120500565,0.030620671808719635,0.055203478783369064,0.5049788914620876,0.35198215395212173,0.4603726416826248,0.2256917804479599,,,,,,2,,,38,,39,,2,hand,
barman-sat14-strips,p5-10-4-13.pddl,concrete,timed out,1800.1247063204646,concrete_asp,,,,,,0.5646658688783646,,0.45072321966290474,,,,,,,,,,,45,,46,,,
barman-sat14-strips,p5-11-4-15.pddl,abstract,timed out,1800.1216516010463,abstract_asp,,1.8436171561479568,0.27414343878626823,0.03154783695936203,0.05928453430533409,0.5989488735795021,0.4023471176624298,0.5522879026830196,0.2671419531106949,,,,,,2,,,36,,37,,2,hand,
barman-sat14-strips,p5-11-4-15.pddl,concrete,timed out,1800.1192660294473,concrete_asp,,,,,,0.5597898792475462,,0.5386643949896097,,,,,,,,,,,41,,42,,,
barman-sat14-strips,p5-11-5-15.pddl,abstract,timed out,1800.121392481029,abstract_asp,,1.9265756197273731,0.29494258388876915,0.03339690342545509,0.06285595521330833,0.6394779719412327,0.4359455332159996,0.6300530061125755,0.3035111427307129,,,,,,2,,,35,,36,,2,hand,
barman-sat14-strips,p5-11-5-15.pddl,concrete,timed out,1800.1364465653896,concrete_asp,,,,,,0.620779000222683,,0.6126613616943359,,,,,,,,,,,43,,44,,,
barman-sat14-strips,p5-11-5-16.pddl,abstract,timed out,1800.1244119517505,abstract_asp,,1.8524333536624908,0.2977515086531639,0.03160868212580681,0.0613517127931118,0.662631131708622,0.5342382304370403,0.6650972738862038,0.4044209308922291,,,,,,11,,,33,,34,,2,shot,
barman-sat14-strips,p5-11-5-16.pddl,concrete,timed out,1800.1255484633148,concrete_asp,,,,,,0.6932989284396172,,0.6492802016437054,,,,,,,,,,,41,,42,,,
childsnack-sat14-strips,child-snack_pfile05-2.pddl,abstract,timed out,1800.152859505266,abstract_solving,,1.3312437869608402,0.2140352800488472,0.03374861925840378,0.021277304738759995,0.4132669195532799,0.20236488431692123,0.2877383530139923,0.025907009840011597,16.433623302727938,,,,,5,10,0,15,31,16,11,13,sandwich,
childsnack-sat14-strips,child-snack_pfile05-2.pddl,concrete,timed out,1800.1104557141662,concrete_asp,,,,,,0.4262753464281559,,0.28192905709147453,,,,,,,,,,,13,,14,,,
childsnack-sat14-strips,child-snack_pfile05.pddl,abstract,timed out,1800.1024136580527,abstract_solving,,1.5071119666099548,0.20143768936395645,0.034366365522146225,0.021426625549793243,0.3954351097345352,0.20359335467219353,0.2876822464168072,0.025910094380378723,26.538098987191916,,,,,5,10,0,15,31,16,11,13,sandwich,
childsnack-sat14-strips,child-snack_pfile05.pddl,concrete,timed out,1800.112441238016,concrete_asp,,,,,,0.41964222863316536,,0.28274933993816376,,,,,,,,,,,12,,13,,,
childsnack-sat14-strips,child-snack_pfile06-2.pddl,abstract,timed out,1800.1499538384378,abstract_solving,,1.6034502945840359,0.20945597812533379,0.03889705613255501,0.022836465388536453,0.44471101090312004,0.20082957670092583,0.37847014516592026,0.028620190918445587,97.52062678709626,,,,,5,11,0,16,33,17,12,15,sandwich,
childsnack-sat14-strips,child-snack_pfile06-2.pddl,concrete,timed out,1800.112757679075,concrete_asp,,,,,,0.4505165070295334,,0.37305399775505066,,,,,,,,,,,12,,13,,,
childsnack-sat14-strips,child-snack_pfile07-2.pddl,abstract,timed out,1800.0721868127584,abstract_solving,,1.7293760478496552,0.2503543756902218,0.04136880859732628,0.023925330489873886,0.5309781543910503,0.20417343825101852,0.4723239615559578,0.03208506479859352,476.3208346515894,,,,,5,3,0,17,35,18,4,16,sandwich,
childsnack-sat14-strips,child-snack_pfile07-2.pddl,concrete,timed out,1800.017113700509,concrete_asp,,,,,,0.5464993603527546,,0.45407797023653984,,,,,,,,,,,11,,12,,,
childsnack-sat14-strips,child-snack_pfile08-2.pddl,abstract,timed out,1800.115521516651,abstract_asp,,1.7258753292262554,0.27671219408512115,0.04496243968605995,0.024147912859916687,0.6025463938713074,0.21052180230617523,0.6236155182123184,0.036835577338933945,,,,,,5,,,17,,18,,17,sandwich,
childsnack-sat14-strips,child-snack_pfile08-2.pddl,concrete,timed out,1800.1137503646314,concrete_asp,,,,,,0.6382834687829018,,0.5810821540653706,,,,,,,,,,,12,,13,,,
childsnack-sat14-strips,child-snack_pfile08.pddl,abstract,timed out,1800.1137361302972,abstract_asp,,1.8460839726030827,0.2887622006237507,0.0452471524477005,0.02409176155924797,0.6298064179718494,0.21126694232225418,0.5972209572792053,0.037061069160699844,,,,,,5,,,17,,18,,17,sandwich,
childsnack-sat14-strips,child-snack_pfile08.pddl,concrete,timed out,1800.1141536645591,concrete_asp,,,,,,0.638797003775835,,0.5794098079204559,,,,,,,,,,,11,,12,,,
childsnack-sat14-strips,child-snack_pfile09-2.pddl,abstract,timed out,1800.0604404509068,abstract_asp,,1.386724554002285,0.2986937463283539,0.05071472004055977,0.025241181254386902,0.7013218961656094,0.2143564149737358,0.7521600611507893,0.04111156612634659,,,,,,5,,,17,,18,,19,sandwich,
childsnack-sat14-strips,child-snack_pfile09-2.pddl,concrete,timed out,1800.114971973002,concrete_asp,,,,,,0.7603069618344307,,0.729420755058527,,,,,,,,,,,11,,12,,,
childsnack-sat14-strips,child-snack_pfile09.pddl,abstract,timed out,1800.11159953475,abstract_asp,,1.3549184910953045,0.2967122308909893,0.0506419837474823,0.025079723447561264,0.6967389173805714,0.21287161856889725,0.7510803453624249,0.04069211706519127,,,,,,5,,,18,,19,,19,sandwich,
childsnack-sat14-strips,child-snack_pfile09.pddl,concrete,timed out,1800.1145857945085,concrete_asp,,,,,,0.7635580077767372,,0.7513250708580017,,,,,,,,,,,11,,12,,,
childsnack-sat14-strips,child-snack_pfile10-2.pddl,abstract,timed out,1800.1127062924206,abstract_asp,,1.371865265071392,0.33648985251784325,0.05655973590910435,0.026161091402173042,0.87118967063725,0.21781178377568722,0.9174738451838493,0.04607641324400902,,,,,,5,,,18,,19,,20,sandwich,
childsnack-sat14-strips,child-snack_pfile10-2.pddl,concrete,timed out,1800.0215594545007,concrete_asp,,,,,,0.8829137459397316,,0.916200902312994,,,,,,,,,,,11,,12,,,
childsnack-sat14-strips,child-snack_pfile10.pddl,abstract,timed out,1800.1135055609047,abstract_asp,,1.394735399633646,0.3379685916006565,0.05593266710639,0.026158541440963745,0.8777764588594437,0.22060424089431763,0.9189598523080349,0.046513475477695465,,,,,,5,,,17,,18,,20,sandwich,
childsnack-sat14-strips,child-snack_pfile10.pddl,concrete,timed out,1800.1143291331828,concrete_asp,,,,,,0.8781649544835091,,0.8933500088751316,,,,,,,,,,,11,,12,,,
childsnack-sat14-strips,child-snack_pfile11-2.pddl,abstract,timed out,1800.1125359386206,abstract_asp,,1.3964313641190529,0.36818118020892143,0.0598471574485302,0.026850875467061996,0.9721015505492687,0.22232674062252045,1.075868610292673,0.050710584968328476,,,,,,5,,,18,,19,,21,sandwich,
childsnack-sat14-strips,child-snack_pfile11-2.pddl,concrete,timed out,1800.0278937593102,concrete_asp,,,,,,1.0016427263617516,,1.0311652608215809,,,,,,,,,,,11,,12,,,
childsnack-sat14-strips,child-snack_pfile11.pddl,abstract,timed out,1800.115651231259,abstract_asp,,1.5711428709328175,0.379356924444437,0.06022943928837776,0.026815835386514664,0.9652839824557304,0.22354430705308914,1.0735219232738018,0.056012921035289764,,,,,,5,,,17,,18,,21,sandwich,
childsnack-sat14-strips,child-snack_pfile11.pddl,concrete,timed out,1800.1209637336433,concrete_asp,,,,,,0.9917487390339375,,1.0445634797215462,,,,,,,,,,,11,,12,,,
childsnack-sat14-strips,child-snack_pfile12.pddl,abstract,timed out,1800.1132128462195,abstract_asp,,1.76768409460783,0.4768929108977318,0.06695039942860603,0.028578121215105057,1.1718981564044952,0.22946621477603912,1.341332957148552,0.0732642263174057,,,,,,5,,,17,,18,,23,sandwich,
childsnack-sat14-strips,child-snack_pfile12.pddl,concrete,timed out,1800.1218380182981,concrete_asp,,,,,,1.1792879700660706,,1.3021215200424194,,,,,,,,,,,10,,11,,,
childsnack-sat14-strips,child-snack_pfile13-2.pddl,abstract,timed out,1800.1134550347924,abstract_asp,,1.3940475918352604,0.5094944313168526,0.0720519870519638,0.02935958281159401,1.393506746739149,0.23285524919629097,1.6024239212274551,0.06466905027627945,,,,,,5,,,17,,18,,24,sandwich,
childsnack-sat14-strips,child-snack_pfile13-2.pddl,concrete,timed out,1800.1206891424954,concrete_asp,,,,,,1.4062194004654884,,1.5580736994743347,,,,,,,,,,,10,,11,,,
childsnack-sat14-strips,child-snack_pfile13.pddl,abstract,timed out,1800.1132919602096,abstract_asp,,1.3811492584645748,0.5058800391852856,0.07201018929481506,0.029259055852890015,1.3566136322915554,0.23073024675250053,1.6051243655383587,0.06383836641907692,,,,,,5,,,18,,19,,24,sandwich,
childsnack-sat14-strips,child-snack_pfile13.pddl,concrete,timed out,1800.119513206184,concrete_asp,,,,,,1.4349419437348843,,1.5484825521707535,,,,,,,,,,,11,,12,,,
childsnack-sat14-strips,child-snack_pfile14.pddl,abstract,timed out,1800.1146462000906,abstract_asp,,1.7649805806577206,0.579343855381012,0.07652339339256287,0.03012654557824135,1.5365717895328999,0.2375865802168846,1.8206042908132076,0.06929653510451317,,,,,,5,,,17,,18,,25,sandwich,
childsnack-sat14-strips,child-snack_pfile14.pddl,concrete,timed out,1800.1217171251774,concrete_asp,,,,,,1.5519375503063202,,1.7419338636100292,,,,,,,,,,,11,,12,,,
childsnack-sat14-strips,child-snack_pfile15-2.pddl,abstract,timed out,1800.1182628013194,abstract_asp,,1.972992643713951,0.6537059284746647,0.08249940723180771,0.031116053462028503,1.8010359182953835,0.24248173087835312,2.131372816860676,0.07742961496114731,,,,,,5,,,17,,18,,26,sandwich,
childsnack-sat14-strips,child-snack_pfile15-2.pddl,concrete,timed out,1800.12606497854,concrete_asp,,,,,,1.7622469067573547,,2.0689972266554832,,,,,,,,,,,10,,11,,,
childsnack-sat14-strips,child-snack_pfile16-2.pddl,abstract,timed out,1800.1171128638089,abstract_asp,,1.9173653721809387,0.7326866015791893,0.09134962409734726,0.03695671632885933,2.145515851676464,0.25932949408888817,2.4647546000778675,0.0821474976837635,,,,,,5,,,17,,18,,28,sandwich,
childsnack-sat14-strips,child-snack_pfile16-2.pddl,concrete,timed out,1800.1281726583838,concrete_asp,,,,,,2.020117864012718,,2.3745733089745045,,,,,,,,,,,10,,11,,,
childsnack-sat14-strips,child-snack_pfile19-2.pddl,abstract,timed out,1800.1198092252016,abstract_asp,,1.4887736178934574,1.0010334439575672,0.10962679982185364,0.03462785854935646,3.0312452986836433,0.2632903940975666,3.5945553816854954,0.10235151648521423,,,,,,5,,,17,,18,,32,sandwich,
childsnack-sat14-strips,child-snack_pfile19-2.pddl,concrete,timed out,1800.1413545496762,concrete_asp,,,,,,2.960489444434643,,3.480395931750536,,,,,,,,,,,10,,11,,,
childsnack-sat14-strips,child-snack_pfile19.pddl,abstract,timed out,1800.1164820753038,abstract_asp,,1.9151605516672134,1.0245159268379211,0.11795693635940552,0.0349695086479187,2.9456961676478386,0.2769090309739113,3.598379958420992,0.1032479964196682,,,,,,5,,,17,,18,,32,sandwich,
childsnack-sat14-strips,child-snack_pfile19.pddl,concrete,timed out,1800.1427782699466,concrete_asp,,,,,,2.9693666361272335,,3.4780863784253597,,,,,,,,,,,10,,11,,,
depot,p02.pddl,abstract,success,5.2292220890522,total,4.298001,1.735144,0.15347,0.025437,0.044883,0.248693,0.215786,0.040952,0.038016,0.142749,0.714874,0.892863,15,15,4,6,2,6,15,7,9,3,object,
depot,p02.pddl,concrete,success,2.518968492746353,total,2.010587,,,,,0.22098,,0.038391,,,1.73845,,15,15,,,,,15,,16,,,
depot,p04.pddl,abstract,success,1425.9383550807834,total,1425.264813,1.358647,0.153503,0.024994,0.062474,0.27848,0.271244,0.113547,0.097409,51.12812,1371.684394,,31,30,2,14,0,15,31,16,15,3,object,
depot,p04.pddl,concrete,timed out,1800.0436149016023,concrete_asp,,,,,,0.2829744257032871,,0.112838514149189,,,,,,,,,,,27,,28,,,
depot,p08.pddl,abstract,timed out,1800.1179785430431,abstract_asp,,1.7398296259343624,0.20248202979564667,0.028160270303487778,0.0898011364042759,0.3870221860706806,0.27429575473070145,0.19917065650224686,0.10054681822657585,,,,,,7,,,20,,21,,3,object,
depot,p08.pddl,concrete,timed out,1800.1130423657596,concrete_asp,,,,,,0.3730764836072922,,0.19422129914164543,,,,,,,,,,,24,,25,,,
depot,p09.pddl,abstract,timed out,1800.1211639139801,abstract_asp,,1.7727739680558443,0.25755659490823746,0.03450031951069832,0.1861354112625122,0.5383139569312334,0.5026416033506393,0.3939779158681631,0.36066856421530247,,,,,,4,,,19,,20,,3,object,
depot,p09.pddl,concrete,timed out,1800.1254305951297,concrete_asp,,,,,,0.5511438325047493,,0.38146011531352997,,,,,,,,,,,31,,32,,,
depot,p16.pddl,abstract,timed out,1800.122813615948,abstract_solving,,1.3727448657155037,0.205536887049675,0.03948601707816124,0.09516159817576408,0.4029442332684994,0.29701677709817886,0.2758248448371887,0.12973970919847488,4.359757546335459,,,,,4,8,0,11,23,12,9,8,object,
depot,p16.pddl,concrete,timed out,1800.116052761674,concrete_asp,,,,,,0.44099756330251694,,0.2646320052444935,,,,,,,,,,,18,,19,,,
depot,p17.pddl,abstract,success,947.3861844390631,total,946.297362,1.865095,0.318146,0.046908,0.184074,0.680849,0.441374,0.587712,0.273037,62.119354,879.630177,,25,25,4,8,0,12,25,13,9,8,object,
depot,p17.pddl,concrete,timed out,1800.1151578389108,concrete_asp,,,,,,0.6958544254302979,,0.5747274905443192,,,,,,,,,,,16,,17,,,
depot,p18.pddl,abstract,timed out,1800.1246928162873,abstract_asp,,1.9236427173018456,0.45705458894371986,0.10857872292399406,0.17158987373113632,1.1593198403716087,0.678775180131197,1.1610509417951107,0.516642864793539,,,,,,4,,,17,,18,,8,object,
depot,p18.pddl,concrete,timed out,1800.128097936511,concrete_asp,,,,,,1.132456824183464,,1.1065731421113014,,,,,,,,,,,21,,22,,,
depot,p21.pddl,abstract,timed out,1800.1280585564673,abstract_asp,,1.869042031466961,0.6451171226799488,0.09178776666522026,0.3544192835688591,1.6417656689882278,1.2955428063869476,1.6277098804712296,1.1899281293153763,,,,,,4,,,13,,14,,15,object,
depot,p21.pddl,concrete,timed out,1800.0454286895692,concrete_asp,,,,,,1.5999007299542427,,1.5642473101615906,,,,,,,,,,,17,,18,,,
depot,p22.pddl,abstract,timed out,1800.156566767022,abstract_asp,,1.938289038836956,1.529401559382677,0.11113527044653893,0.5063557624816895,4.157294766977429,3.580696629360318,4.525933675467968,3.2211296688765287,,,,,,4,,,15,,16,,15,object,
depot,p22.pddl,concrete,timed out,1800.1636684983969,concrete_asp,,,,,,4.183925077319145,,4.345487803220749,,,,,,,,,,,21,,22,,,
driverlog,p01.pddl,abstract,success,2.785933632403612,total,2.135065,1.345095,0.115495,0.013708,0.035376,0.193363,0.191364,0.012824,0.011366,0.072702,0.093268,,15,7,2,0,0,7,15,8,1,2,object,
driverlog,p01.pddl,concrete,success,0.7923479452729225,total,0.289457,,,,,0.196634,,0.012537,,,0.069208,,7,7,,,,,7,,8,,,
driverlog,p02.pddl,abstract,success,4.0569302551448345,total,3.408163,1.339072,0.116851,0.015965,0.05156,0.195238,0.192069,0.014384,0.012246,1.1181,0.297709,,27,24,3,3,0,13,27,14,4,2,object,
driverlog,p02.pddl,concrete,success,21.691545199602842,total,21.186589,,,,,0.198877,,0.014314,,,20.962734,,19,19,,,,,19,,20,,,
driverlog,p03.pddl,abstract,success,3.0339695122092962,total,2.354181,1.349719,0.116836,0.015266,0.053405,0.19717,0.195702,0.014465,0.013971,0.203707,0.139598,,21,14,2,0,0,10,21,11,1,2,object,
driverlog,p03.pddl,concrete,success,1.0180176086723804,total,0.519113,,,,,0.199575,,0.014195,,,0.294003,,12,12,,,,,12,,13,,,
driverlog,p05.pddl,abstract,success,3.9108775909990072,total,3.259486,1.356461,0.122341,0.042214,0.052496,0.200519,0.197279,0.019996,0.016976,0.919608,0.278496,,23,21,2,2,0,11,23,12,3,4,object,
driverlog,p05.pddl,concrete,success,113.61979911848903,total,113.112792,,,,,0.203318,,0.019548,,,112.879282,,18,18,,,,,18,,19,,,
driverlog,p06.pddl,abstract,success,6.73387323319912,total,6.075324,1.349673,0.123433,0.018047,0.058088,0.203972,0.201917,0.025453,0.020398,3.767218,0.249982,,23,15,2,0,0,11,23,12,1,3,object,
driverlog,p06.pddl,concrete,success,2.408987458795309,total,1.900529,,,,,0.20613,,0.025171,,,1.656354,,11,11,,,,,11,,12,,,
driverlog,p07.pddl,abstract,success,7.026404477655888,total,5.993527,1.868082,0.156529,0.019884,0.063096,0.250464,0.208232,0.030435,0.023164,3.037862,0.278808,,23,15,2,0,0,11,23,12,1,3,object,
driverlog,p07.pddl,concrete,success,25.64558256044984,total,25.138769,,,,,0.209563,,0.027519,,,24.891312,,13,13,,,,,13,,14,,,
driverlog,p08.pddl,abstract,success,1218.063176523894,total,1217.394052,1.342771,0.126484,0.020095,0.068637,0.208393,0.204664,0.029638,0.024355,1214.855198,0.449648,,35,35,2,0,0,17,35,18,1,3,object,
driverlog,p08.pddl,concrete,timed out,1800.1082317903638,concrete_asp,,,,,,0.21113955974578857,,0.029097672551870346,,,,,,,,,,,17,,18,,,
driverlog,p09.pddl,abstract,success,1020.3608398027718,total,1019.392307,1.75716,0.155439,0.02377,0.088179,0.250564,0.214615,0.040976,0.031506,1016.17878,0.593052,,37,27,2,0,0,18,37,19,1,3,object,
driverlog,p09.pddl,concrete,success,1206.5320230834186,total,1206.02129,,,,,0.219655,,0.038935,,,1205.749023,,22,22,,,,,22,,23,,,
driverlog,p13.pddl,abstract,timed out,1800.1173225529492,abstract_asp,,1.532047238200903,0.16483375057578087,0.04236561805009842,0.3957541808485985,0.2762320078909397,0.28091104328632355,0.09970865771174431,0.10619281604886055,,,,,,2,,,18,,19,,2,object,
driverlog,p13.pddl,concrete,timed out,1800.1127299200743,concrete_asp,,,,,,0.2923813071101904,,0.10227997787296772,,,,,,,,,,,20,,21,,,
driverlog,p14.pddl,abstract,timed out,1800.1198102161288,abstract_asp,,1.9421539939939976,0.19026115909218788,0.034944627434015274,0.23760996013879776,0.3181088753044605,0.2843637876212597,0.11180562898516655,0.11831050366163254,,,,,,2,,,18,,19,,2,object,
driverlog,p14.pddl,concrete,timed out,1800.1065281555057,concrete_asp,,,,,,0.2912374958395958,,0.11333071812987328,,,,,,,,,,,18,,19,,,
driverlog,p17.pddl,abstract,timed out,1800.0386418364942,abstract_asp,,1.9992340505123138,0.34901995211839676,0.08099231123924255,0.8909086547791958,0.6733520142734051,0.6871913708746433,0.5716283097863197,0.5857348442077637,,,,,,2,,,16,,17,,3,object,
driverlog,p17.pddl,concrete,timed out,1800.117926415056,concrete_asp,,,,,,0.6793793551623821,,0.5555227175354958,,,,,,,,,,,15,,16,,,
driverlog,p18.pddl,abstract,timed out,1800.0472446791828,abstract_asp,,2.144467420876026,0.4388466402888298,0.09528757631778717,1.147993415594101,0.910104300826788,0.9407018199563026,0.7752316109836102,0.8133140690624714,,,,,,2,,,16,,17,,3,object,
driverlog,p18.pddl,concrete,timed out,1800.11853178218,concrete_asp,,,,,,0.8849501982331276,,0.7706626169383526,,,,,,,,,,,17,,18,,,
driverlog,p19.pddl,abstract,timed out,1800.1418573111296,abstract_asp,,2.133620999753475,0.4704310819506645,0.11461939290165901,1.436411526054144,0.9916598312556744,1.0410009361803532,0.9178162887692451,0.8978160656988621,,,,,,2,,,16,,17,,3,object,
driverlog,p19.pddl,concrete,timed out,1800.13050371781,concrete_asp,,,,,,1.0000665858387947,,0.9043139219284058,,,,,,,,,,,17,,18,,,
elevators-sat11-strips,p04.pddl,abstract,timed out,1800.1239144988358,abstract_asp,,1.691764622926712,0.33256014063954353,0.06981147453188896,0.08626177906990051,0.6666614823043346,0.6192650832235813,0.7443002872169018,0.6611880287528038,,,,,,2,,,24,,25,,4,passenger,
elevators-sat11-strips,p04.pddl,concrete,timed out,1800.1215427182615,concrete_asp,,,,,,0.7014492824673653,,0.7345835044980049,,,,,,,,,,,23,,24,,,
elevators-sat11-strips,p05.pddl,abstract,timed out,1800.1250701211393,abstract_asp,,2.0308172963559628,0.319435428828001,0.060288652777671814,0.07858727872371674,0.6201937533915043,0.561701588332653,0.6305022314190865,0.5617463886737823,,,,,,2,,,25,,26,,3,passenger,
elevators-sat11-strips,p05.pddl,concrete,timed out,1800.1133618094027,concrete_asp,,,,,,0.6223112791776657,,0.6212367601692677,,,,,,,,,,,23,,24,,,
elevators-sat11-strips,p06.pddl,abstract,timed out,1800.097185343504,abstract_asp,,2.2823632657527924,0.6565956268459558,0.11046615615487099,0.1453815158456564,1.450719440355897,1.2355875093489885,1.7479786723852158,1.5138970334082842,,,,,,2,,,24,,25,,4,passenger,
elevators-sat11-strips,p06.pddl,concrete,timed out,1800.12940877676,concrete_asp,,,,,,1.4442649744451046,,1.6981786862015724,,,,,,,,,,,23,,24,,,
elevators-sat11-strips,p09.pddl,abstract,timed out,1800.139773953706,abstract_asp,,1.8719405345618725,0.7178860194981098,0.10421306267380714,0.15170533955097198,1.6580224223434925,1.5969484597444534,2.0565676651895046,1.9036417715251446,,,,,,2,,,24,,25,,3,passenger,
elevators-sat11-strips,p09.pddl,concrete,timed out,1800.1327704824507,concrete_asp,,,,,,1.6562844328582287,,2.020382821559906,,,,,,,,,,,23,,24,,,
elevators-sat11-strips,p10.pddl,abstract,timed out,1800.139950659126,abstract_asp,,2.2407432980835438,0.7843417562544346,0.1157996840775013,0.15530439093708992,1.7264528460800648,1.6263452991843224,2.2374517917633057,2.0219915620982647,,,,,,2,,,24,,25,,4,passenger,
elevators-sat11-strips,p10.pddl,concrete,timed out,1800.1348493807018,concrete_asp,,,,,,1.8208647333085537,,2.185200035572052,,,,,,,,,,,22,,23,,,
elevators-sat11-strips,p11.pddl,abstract,timed out,1800.154764264822,abstract_asp,,2.3218337520956993,1.3382604196667671,0.12220408022403717,0.1666814610362053,2.9809831865131855,2.8572878688573837,3.9487092345952988,3.514642458409071,,,,,,2,,,23,,24,,4,passenger,
elevators-sat11-strips,p11.pddl,concrete,timed out,1800.1370600908995,concrete_asp,,,,,,2.9738348945975304,,3.8335962928831577,,,,,,,,,,,22,,23,,,
elevators-sat11-strips,p12.pddl,abstract,timed out,1800.1262513250113,abstract_asp,,2.3327633664011955,1.4174870308488607,0.133409071713686,0.16767311468720436,3.485174562782049,2.9842450357973576,4.185126759111881,3.7125066816806793,,,,,,2,,,23,,24,,5,passenger,
elevators-sat11-strips,p12.pddl,concrete,timed out,1800.1523968279362,concrete_asp,,,,,,3.500835757702589,,4.2143284901976585,,,,,,,,,,,22,,23,,,
elevators-sat11-strips,p13.pddl,abstract,timed out,1800.1572540663183,abstract_asp,,2.482995379716158,1.5073428079485893,0.1433764137327671,0.17509032040834427,3.6391201354563236,3.155053071677685,4.564394697546959,3.94858006387949,,,,,,2,,,24,,25,,6,passenger,
elevators-sat11-strips,p13.pddl,concrete,timed out,1800.140782378614,concrete_asp,,,,,,3.5663029327988625,,4.464580275118351,,,,,,,,,,,22,,23,,,
elevators-sat11-strips,p14.pddl,abstract,timed out,1800.1593381725252,abstract_asp,,2.427870750427246,1.568544365465641,0.1368243545293808,0.1788722388446331,3.7951277010142803,3.579408220946789,4.795516464859247,4.2466105706989765,,,,,,2,,,21,,22,,5,passenger,
elevators-sat11-strips,p14.pddl,concrete,timed out,1800.1560827493668,concrete_asp,,,,,,3.7676734887063503,,4.700560092926025,,,,,,,,,,,21,,22,,,
elevators-sat11-strips,p15.pddl,abstract,timed out,1800.1689317971468,abstract_asp,,2.4731279648840427,1.7591943144798279,0.13885046914219856,0.18476633355021477,4.24492222815752,3.842067528516054,5.062813855707645,4.5328622460365295,,,,,,2,,,23,,24,,5,passenger,
elevators-sat11-strips,p15.pddl,concrete,timed out,1800.1654938273132,concrete_asp,,,,,,4.117246024310589,,4.948409773409367,,,,,,,,,,,21,,22,,,
elevators-sat11-strips,p16.pddl,abstract,timed out,1800.1545829176903,abstract_asp,,3.044002242386341,1.5880848318338394,0.22640477120876312,0.3335058018565178,3.679078422486782,3.5304941460490227,4.675265554338694,4.215391609817743,,,,,,2,,,19,,20,,4,passenger,
elevators-sat11-strips,p16.pddl,concrete,timed out,1800.0767338834703,concrete_asp,,,,,,3.718537174165249,,4.6795799061656,,,,,,,,,,,21,,22,,,
elevators-sat11-strips,p17.pddl,abstract,timed out,1800.1513463445008,abstract_asp,,2.6018838360905647,1.8274102061986923,0.23461782559752464,0.3374816030263901,4.287325821816921,2.882759854197502,5.287231456488371,3.158820867538452,,,,,,5,,,18,,19,,4,fast-elevator,
elevators-sat11-strips,p17.pddl,concrete,timed out,1800.1663236059248,concrete_asp,,,,,,4.350073829293251,,5.191160801798105,,,,,,,,,,,20,,21,,,
elevators-sat11-strips,p18.pddl,abstract,timed out,1800.1658977679908,abstract_asp,,3.0129313096404076,1.997170064598322,0.24912479892373085,0.32952770963311195,4.91885431855917,3.2584156580269337,5.848452676087618,3.524942748248577,,,,,,5,,,19,,20,,4,fast-elevator,
elevators-sat11-strips,p18.pddl,concrete,timed out,1800.1596532128751,concrete_asp,,,,,,4.82286199182272,,5.741851434111595,,,,,,,,,,,21,,22,,,
elevators-sat11-strips,p20.pddl,abstract,timed out,1800.1887934058905,abstract_asp,,2.5626575611531734,2.429131519049406,0.2504824176430702,0.3763900399208069,5.48562940582633,5.486715655773878,7.017242535948753,6.569020967930555,,,,,,2,,,22,,23,,4,passenger,
elevators-sat11-strips,p20.pddl,concrete,timed out,1800.169635437429,concrete_asp,,,,,,5.5787474401295185,,6.953283205628395,,,,,,,,,,,20,,21,,,
gripper,prob01.pddl,abstract,success,3.3016391918063164,total,2.420694,1.580175,0.124012,0.013977,0.011782,0.202989,0.175626,0.009551,0.005065,0.02872,0.069846,0.146849,11,11,2,3,4,3,11,4,8,4,object,
gripper,prob01.pddl,concrete,success,0.904037345200777,total,0.403993,,,,,0.185609,,0.00847,,,0.196591,,11,11,,,,,11,,12,,,
gripper,prob02.pddl,abstract,success,9.221752554178238,total,8.343849,1.588344,0.118142,0.009939,0.012344,0.205957,0.176359,0.01055,0.00522,0.027267,0.091045,6.047486,17,17,2,3,10,3,17,4,14,6,object,
gripper,prob02.pddl,concrete,success,5.863790921866894,total,5.363921,,,,,0.183928,,0.010444,,,5.15963,,17,17,,,,,17,,18,,,
gripper,prob03.pddl,abstract,success,287.16451010480523,total,286.222918,1.674871,0.132107,0.012001,0.012516,0.220133,0.179333,0.01443,0.005135,0.025408,0.091876,283.799013,23,23,2,3,16,3,23,4,20,8,object,
gripper,prob03.pddl,concrete,success,151.1382392346859,total,150.658644,,,,,0.186885,,0.01262,,,150.448155,,23,23,,,,,23,,24,,,
gripper,prob04.pddl,abstract,timed out,1800.114357624203,guided_concrete_solving,,1.6058099567890167,0.1255955882370472,0.01403312012553215,0.012467600405216217,0.2118382304906845,0.17630380019545555,0.016259286552667618,0.005284685641527176,0.02567857876420021,0.10166081413626671,,,,2,3,18,3,25,4,22,10,object,
gripper,prob04.pddl,concrete,timed out,1800.105111323297,concrete_asp,,,,,,0.1888028085231781,,0.014443457126617432,,,,,,,,,,,26,,27,,,
gripper,prob05.pddl,abstract,timed out,1800.113955527544,guided_concrete_solving,,1.2886105366051197,0.11211773380637169,0.016457833349704742,0.012315817177295685,0.20375682786107063,0.17490411922335625,0.01702960953116417,0.005113817751407623,0.024354469031095505,0.11489502713084221,,,,2,3,17,3,24,4,21,12,object,
gripper,prob05.pddl,concrete,timed out,1800.1053159683943,concrete_asp,,,,,,0.19613729789853096,,0.016749855130910873,,,,,,,,,,,25,,26,,,
gripper,prob06.pddl,abstract,timed out,1800.1127987541258,guided_concrete_solving,,1.2872532568871975,0.11181381344795227,0.019425906240940094,0.012102082371711731,0.18779123201966286,0.1726720742881298,0.01928965374827385,0.005151521414518356,0.024166151881217957,0.1183975525200367,,,,2,3,17,3,24,4,21,14,object,
gripper,prob06.pddl,concrete,timed out,1800.1068260073662,concrete_asp,,,,,,0.19703129678964615,,0.01869218423962593,,,,,,,,,,,25,,26,,,
gripper,prob07.pddl,abstract,timed out,1800.1140447035432,guided_concrete_solving,,1.2928021512925625,0.11547587066888809,0.021463237702846527,0.012216106057167053,0.19378910213708878,0.17848511785268784,0.020927373319864273,0.00507720559835434,0.024394001811742783,0.13252073898911476,,,,2,3,17,3,24,4,21,16,object,
gripper,prob07.pddl,concrete,timed out,1800.019980840385,concrete_asp,,,,,,0.19489741697907448,,0.02070000022649765,,,,,,,,,,,26,,27,,,
gripper,prob08.pddl,abstract,timed out,1800.1145899631083,guided_concrete_solving,,1.715299978852272,0.14211972057819366,0.024806443601846695,0.012208543717861176,0.22732289880514145,0.1796715445816517,0.024895280599594116,0.0051214247941970825,0.024648278951644897,0.1339648999273777,,,,2,3,17,3,24,4,21,18,object,
gripper,prob08.pddl,concrete,timed out,1800.107742704451,concrete_asp,,,,,,0.20296410471200943,,0.023208819329738617,,,,,,,,,,,25,,26,,,
gripper,prob09.pddl,abstract,timed out,1800.1114793792367,guided_concrete_solving,,1.7932064160704613,0.1482081301510334,0.02882300317287445,0.012263059616088867,0.24436365440487862,0.17788520082831383,0.02698132023215294,0.0051556117832660675,0.028094716370105743,0.1509266383945942,,,,2,3,17,3,24,4,21,20,object,
gripper,prob09.pddl,concrete,timed out,1800.1066356673837,concrete_asp,,,,,,0.20481519401073456,,0.024838123470544815,,,,,,,,,,,26,,27,,,
gripper,prob10.pddl,abstract,timed out,1800.0217057541013,guided_concrete_solving,,1.317819382995367,0.12226474657654762,0.03209789842367172,0.011679239571094513,0.19881783425807953,0.17596283927559853,0.02728307619690895,0.005090776830911636,0.02717621624469757,0.1770172342658043,,,,2,3,16,3,23,4,20,22,object,
gripper,prob10.pddl,concrete,timed out,1800.1071852855384,concrete_asp,,,,,,0.2041090615093708,,0.02690408006310463,,,,,,,,,,,25,,26,,,
gripper,prob11.pddl,abstract,timed out,1800.1123796775937,guided_concrete_solving,,1.7121728844940662,0.14574728906154633,0.036317940801382065,0.01188749447464943,0.22650344297289848,0.17747517675161362,0.031139932572841644,0.005074653774499893,0.026267360895872116,0.17855096980929375,,,,2,3,18,3,25,4,22,24,object,
gripper,prob11.pddl,concrete,timed out,1800.1084699742496,concrete_asp,,,,,,0.2025102600455284,,0.028972450643777847,,,,,,,,,,,25,,26,,,
gripper,prob12.pddl,abstract,timed out,1800.1120604202151,guided_concrete_solving,,1.334428995847702,0.1274896301329136,0.04025677219033241,0.01204042136669159,0.20519205927848816,0.17879784852266312,0.03171331062912941,0.005121737718582153,0.02387324720621109,0.19032560661435127,,,,2,3,16,3,23,4,20,26,object,
gripper,prob12.pddl,concrete,timed out,1800.1044912561774,concrete_asp,,,,,,0.2006298042833805,,0.031198956072330475,,,,,,,,,,,25,,26,,,
gripper,prob13.pddl,abstract,timed out,1800.113567687571,guided_concrete_solving,,1.359286867082119,0.15178826451301575,0.04409155622124672,0.011863883584737778,0.20859957113862038,0.17953946813941002,0.033654823899269104,0.005161914974451065,0.024416357278823853,0.20950603112578392,,,,2,3,17,3,24,4,21,28,object,
gripper,prob13.pddl,concrete,timed out,1800.0359109044075,concrete_asp,,,,,,0.20948932692408562,,0.03279666602611542,,,,,,,,,,,25,,26,,,
gripper,prob14.pddl,abstract,timed out,1800.1150497160852,guided_concrete_solving,,1.362280149012804,0.13420064002275467,0.052223678678274155,0.011676102876663208,0.21127790957689285,0.18133334815502167,0.03626212105154991,0.005182322114706039,0.030126336961984634,0.22741860151290894,,,,2,3,17,3,24,4,21,30,object,
gripper,prob14.pddl,concrete,timed out,1800.105809390545,concrete_asp,,,,,,0.2090921625494957,,0.03488592058420181,,,,,,,,,,,25,,26,,,
gripper,prob15.pddl,abstract,timed out,1800.1156251877546,guided_concrete_solving,,1.333095695823431,0.13407698273658752,0.05473979189991951,0.01176862046122551,0.21254710108041763,0.179200641810894,0.03786948323249817,0.0051338449120521545,0.0242624431848526,0.2072334699332714,,,,2,3,17,3,24,4,21,32,object,
gripper,prob15.pddl,concrete,timed out,1800.1081650070846,concrete_asp,,,,,,0.2108314149081707,,0.03730800747871399,,,,,,,,,,,25,,26,,,
gripper,prob16.pddl,abstract,timed out,1800.116335310042,guided_concrete_solving,,1.3755885288119316,0.13877493888139725,0.05697106570005417,0.012468677014112473,0.21625884994864464,0.18181972205638885,0.040211793035268784,0.005153317004442215,0.02696460857987404,0.23297695815563202,,,,2,3,17,3,24,4,21,34,object,
gripper,prob16.pddl,concrete,timed out,1800.106452535838,concrete_asp,,,,,,0.21631449088454247,,0.03928140550851822,,,,,,,,,,,25,,26,,,
gripper,prob17.pddl,abstract,timed out,1800.0431602746248,guided_concrete_solving,,1.3719515092670918,0.1409304216504097,0.062234845012426376,0.012356583029031754,0.2168090045452118,0.17999953776597977,0.042226169258356094,0.005202639847993851,0.024571936577558517,0.2331022098660469,,,,2,3,17,3,24,4,21,36,object,
gripper,prob17.pddl,concrete,timed out,1800.1097504384816,concrete_asp,,,,,,0.21739665418863297,,0.04138235002756119,,,,,,,,,,,25,,26,,,
gripper,prob18.pddl,abstract,timed out,1800.05280957371,guided_concrete_solving,,1.3784597367048264,0.14138879626989365,0.06765403971076012,0.012937333434820175,0.21841183677315712,0.17882466688752174,0.04401326924562454,0.005203552544116974,0.027305081486701965,0.24831975251436234,,,,2,3,16,3,23,4,20,38,object,
gripper,prob18.pddl,concrete,timed out,1800.1063693128526,concrete_asp,,,,,,0.21756131947040558,,0.04335973784327507,,,,,,,,,,,25,,26,,,
gripper,prob19.pddl,abstract,timed out,1800.1124675422907,guided_concrete_solving,,1.747102778404951,0.1683666668832302,0.07366614788770676,0.012242984026670456,0.24752162396907806,0.17787114158272743,0.04761241003870964,0.005082018673419952,0.024807143956422806,0.25069326162338257,,,,2,3,17,3,24,4,21,40,object,
gripper,prob19.pddl,concrete,timed out,1800.1096544638276,concrete_asp,,,,,,0.22351058945059776,,0.045580990612506866,,,,,,,,,,,25,,26,,,
gripper,prob20.pddl,abstract,timed out,1800.1140933297575,guided_concrete_solving,,1.7697643358260393,0.17126809991896152,0.07934733666479588,0.01218523271381855,0.2503092009574175,0.17863558419048786,0.049634549766778946,0.005134135484695435,0.0246198121458292,0.2744232267141342,,,,2,3,16,3,23,4,20,42,object,
gripper,prob20.pddl,concrete,timed out,1800.0109385587275,concrete_asp,,,,,,0.22159143537282944,,0.04702401161193848,,,,,,,,,,,25,,26,,,
logistics00,probLOGISTICS-10-0.pddl,abstract,timed out,1800.113079175353,abstract_asp,,1.7591780722141266,0.1546950675547123,0.02383328229188919,0.09158889204263687,0.26545481011271477,0.21773423627018929,0.02929646521806717,0.031641408801078796,,,,,,2,,,16,,17,,4,object,
logistics00,probLOGISTICS-10-0.pddl,concrete,timed out,1800.1069665141404,concrete_asp,,,,,,0.24466653540730476,,0.02844410017132759,,,,,,,,,,,33,,34,,,
logistics00,probLOGISTICS-10-1.pddl,abstract,timed out,1800.115273118019,abstract_asp,,1.8467828184366226,0.16081681847572327,0.02387223392724991,0.09149467945098877,0.2549976743757725,0.21742725744843483,0.029382802546024323,0.031229283660650253,,,,,,2,,,16,,17,,4,object,
logistics00,probLOGISTICS-10-1.pddl,concrete,timed out,1800.1073610447347,concrete_asp,,,,,,0.24443770945072174,,0.028584234416484833,,,,,,,,,,,26,,27,,,
logistics00,probLOGISTICS-11-0.pddl,abstract,timed out,1800.1157206706703,abstract_asp,,1.7494147419929504,0.15501175820827484,0.022354647517204285,0.08906909823417664,0.24566581472754478,0.20798765495419502,0.03124966099858284,0.020099330693483353,,,,,,4,,,29,,30,,4,object,
logistics00,probLOGISTICS-11-0.pddl,concrete,timed out,1800.0444744341075,concrete_asp,,,,,,0.24203089252114296,,0.028841830790042877,,,,,,,,,,,33,,34,,,
logistics00,probLOGISTICS-12-0.pddl,abstract,timed out,1800.1126206740737,abstract_asp,,1.8485672064125538,0.16100767999887466,0.02405203878879547,0.09169638156890869,0.2559509500861168,0.21598609536886215,0.033732496201992035,0.03581967204809189,,,,,,2,,,16,,17,,4,object,
logistics00,probLOGISTICS-12-0.pddl,concrete,timed out,1800.1058709211648,concrete_asp,,,,,,0.24206258356571198,,0.030974797904491425,,,,,,,,,,,29,,30,,,
logistics00,probLOGISTICS-12-1.pddl,abstract,timed out,1800.1141900122166,abstract_asp,,1.8503383733332157,0.15891655161976814,0.023356199264526367,0.09209001809358597,0.25019244849681854,0.21607095748186111,0.03345144912600517,0.03652157261967659,,,,,,2,,,16,,17,,4,object,
logistics00,probLOGISTICS-12-1.pddl,concrete,timed out,1800.0106645934284,concrete_asp,,,,,,0.24292045086622238,,0.03276384249329567,,,,,,,,,,,33,,34,,,
logistics00,probLOGISTICS-14-0.pddl,abstract,timed out,1800.0241727307439,abstract_asp,,1.3620110340416431,0.14507675915956497,0.03125453367829323,0.13330264762043953,0.23921764642000198,0.24701320007443428,0.05719032511115074,0.06725658103823662,,,,,,2,,,15,,16,,5,object,
logistics00,probLOGISTICS-14-0.pddl,concrete,timed out,1800.1069249548018,concrete_asp,,,,,,0.26965101808309555,,0.0569700226187706,,,,,,,,,,,28,,29,,,
logistics00,probLOGISTICS-14-1.pddl,abstract,timed out,1800.1126170381904,abstract_asp,,1.7627484537661076,0.1702331192791462,0.03138547018170357,0.13487166538834572,0.2890600748360157,0.24841713160276413,0.059393417090177536,0.06816038116812706,,,,,,2,,,16,,17,,5,object,
logistics00,probLOGISTICS-14-1.pddl,concrete,timed out,1800.1105504184961,concrete_asp,,,,,,0.2769042178988457,,0.05863337218761444,,,,,,,,,,,30,,31,,,
logistics00,probLOGISTICS-15-1.pddl,abstract,timed out,1800.1157149709761,abstract_asp,,1.8657003045082092,0.17463616281747818,0.031643401831388474,0.13344236463308334,0.27806970849633217,0.24879620596766472,0.06407422944903374,0.07219794020056725,,,,,,2,,,15,,16,,5,object,
logistics00,probLOGISTICS-15-1.pddl,concrete,timed out,1800.0544098764658,concrete_asp,,,,,,0.24425822868943214,,0.06045865640044212,,,,,,,,,,,27,,28,,,
logistics00,probLOGISTICS-4-0.pddl,abstract,success,4.121985539793968,total,3.077485,1.825436,0.146486,0.015689,0.038304,0.236208,0.192548,0.010986,0.008184,0.385762,0.164067,,37,26,4,0,0,18,37,19,1,2,object,
logistics00,probLOGISTICS-4-0.pddl,concrete,success,2.5571028254926205,total,1.981713,,,,,0.221848,,0.011204,,,1.73751,,20,20,,,,,20,,21,,,
logistics00,probLOGISTICS-4-1.pddl,abstract,success,3.195749182254076,total,2.525852,1.32523,0.116292,0.015268,0.038434,0.210122,0.194809,0.009185,0.009665,0.409672,0.144448,,21,21,2,5,0,10,21,11,6,2,object,
logistics00,probLOGISTICS-4-1.pddl,concrete,success,3.5251185037195683,total,2.688507,,,,,0.230241,,0.010317,,,2.436847,,19,19,,,,,19,,20,,,
logistics00,probLOGISTICS-5-0.pddl,abstract,success,9.325182612985373,total,8.280964,1.833247,0.143605,0.014326,0.039398,0.236686,0.194129,0.01237,0.009114,5.501633,0.240006,,47,39,4,0,0,23,47,24,1,2,object,
logistics00,probLOGISTICS-5-0.pddl,concrete,success,332.3296035565436,total,331.584641,,,,,0.230481,,0.021147,,,331.31842,,27,27,,,,,27,,28,,,
logistics00,probLOGISTICS-5-1.pddl,abstract,success,2.834007028490305,total,2.167435,1.33524,0.115884,0.014279,0.039486,0.194716,0.191771,0.010345,0.008154,0.080745,0.126323,,17,17,4,4,0,8,17,9,5,2,object,
logistics00,probLOGISTICS-5-1.pddl,concrete,success,2.725793417543173,total,1.924318,,,,,0.240266,,0.011668,,,1.66274,,17,17,,,,,17,,18,,,
logistics00,probLOGISTICS-5-2.pddl,abstract,success,2.8515097871422768,total,2.176896,1.328403,0.115909,0.014038,0.039287,0.208092,0.194585,0.01028,0.011071,0.11521,0.090703,,17,15,2,0,0,8,17,9,1,2,object,
logistics00,probLOGISTICS-5-2.pddl,concrete,success,0.7907114438712597,total,0.28495,,,,,0.193765,,0.010162,,,0.069688,,8,8,,,,,8,,9,,,
logistics00,probLOGISTICS-6-0.pddl,abstract,success,3.579210113734007,total,2.774113,1.509284,0.126162,0.015094,0.03542,0.208835,0.1897,0.011908,0.007956,0.415713,0.196718,,35,34,4,0,0,17,35,18,1,3,object,
logistics00,probLOGISTICS-6-0.pddl,concrete,success,262.40859780833125,total,261.901012,,,,,0.19617,,0.011285,,,261.681564,,25,25,,,,,25,,26,,,
logistics00,probLOGISTICS-6-1.pddl,abstract,success,3.6027244552969933,total,2.667326,1.745637,0.135394,0.014298,0.035739,0.220289,0.186581,0.013238,0.007007,0.047012,0.178146,0.04349,14,14,4,6,1,6,14,7,8,3,object,
logistics00,probLOGISTICS-6-1.pddl,concrete,success,0.9371757619082928,total,0.416153,,,,,0.194043,,0.011175,,,0.199107,,14,14,,,,,14,,15,,,
logistics00,probLOGISTICS-6-2.pddl,abstract,success,3.154122106730938,total,2.480928,1.337139,0.114516,0.014942,0.037172,0.191439,0.186393,0.011446,0.007958,0.340804,0.192095,,35,34,4,0,0,17,35,18,1,3,object,
logistics00,probLOGISTICS-6-2.pddl,concrete,success,149.36164220422506,total,148.860593,,,,,0.192523,,0.01124,,,148.645457,,25,25,,,,,25,,26,,,
logistics00,probLOGISTICS-8-1.pddl,abstract,timed out,1800.113289637491,abstract_asp,,1.8377418890595436,0.1519980188459158,0.017664076760411263,0.06568370014429092,0.23835565708577633,0.1978175826370716,0.020279724150896072,0.015512468293309212,,,,,,4,,,29,,30,,3,object,
logistics00,probLOGISTICS-8-1.pddl,concrete,timed out,1800.0347863659263,concrete_asp,,,,,,0.2011941559612751,,0.017942257225513458,,,,,,,,,,,32,,33,,,
logistics00,probLOGISTICS-9-0.pddl,abstract,success,15.787961170077324,total,14.804705,1.829934,0.153074,0.020052,0.061678,0.259739,0.197836,0.021879,0.012367,11.710583,0.473965,,45,43,4,0,0,22,45,23,1,4,object,
logistics00,probLOGISTICS-9-0.pddl,concrete,timed out,1800.1058185100555,concrete_asp,,,,,,0.23417053744196892,,0.020950231701135635,,,,,,,,,,,30,,31,,,
logistics00,probLOGISTICS-9-1.pddl,abstract,success,7.407553508877754,total,6.436211,1.751503,0.148385,0.019147,0.066293,0.232949,0.197809,0.02187,0.012151,3.576605,0.359953,,35,34,4,0,0,17,35,18,1,3,object,
logistics00,probLOGISTICS-9-1.pddl,concrete,timed out,1800.1093881316483,concrete_asp,,,,,,0.20555933564901352,,0.019516076892614365,,,,,,,,,,,27,,28,,,
logistics98,prob01.pddl,abstract,timed out,1800.1127366386354,abstract_asp,,1.8714004158973694,0.16227242350578308,0.024713393300771713,0.09687155112624168,0.256442554295063,0.22054971382021904,0.03700949251651764,0.040669504553079605,,,,,,2,,,13,,14,,6,object,
logistics98,prob01.pddl,concrete,timed out,1800.109136339277,concrete_asp,,,,,,0.2130098193883896,,0.034219276160001755,,,,,,,,,,,22,,23,,,
logistics98,prob02.pddl,abstract,timed out,1800.1146857254207,abstract_asp,,1.7676754519343376,0.18058275431394577,0.037453338503837585,0.18470824882388115,0.3052644766867161,0.2706240452826023,0.08369018137454987,0.10020836815237999,,,,,,2,,,14,,15,,10,object,
logistics98,prob02.pddl,concrete,timed out,1800.1069741025567,concrete_asp,,,,,,0.25541553273797035,,0.08074412494897842,,,,,,,,,,,21,,22,,,
logistics98,prob03.pddl,abstract,timed out,1800.121779480949,abstract_asp,,1.9119202699512243,0.25658352486789227,0.10281132161617279,0.5396928787231445,0.406412485986948,0.4124009236693382,0.18258216232061386,0.21851837076246738,,,,,,2,,,17,,18,,14,object,
logistics98,prob03.pddl,concrete,timed out,1800.1112938858569,concrete_asp,,,,,,0.3756895214319229,,0.17485230416059494,,,,,,,,,,,26,,27,,,
logistics98,prob04.pddl,abstract,timed out,1800.1194296739995,abstract_asp,,1.8595403395593166,0.29473255574703217,0.15733970701694489,0.643064446747303,0.46166061237454414,0.4176718480885029,0.27423156797885895,0.27753838896751404,,,,,,2,,,16,,17,,23,object,
logistics98,prob04.pddl,concrete,timed out,1800.1140606477857,concrete_asp,,,,,,0.4304908476769924,,0.26824453845620155,,,,,,,,,,,23,,24,,,
logistics98,prob05.pddl,abstract,success,113.48450989276171,total,112.514078,1.740082,0.158734,0.033564,0.131256,0.269419,0.215555,0.035327,0.033681,109.07174,0.772889,,27,27,2,6,0,13,27,14,7,11,object,
logistics98,prob05.pddl,concrete,success,991.8533739745617,total,991.341505,,,,,0.21988,,0.032526,,,991.073987,,22,22,,,,,22,,23,,,
logistics98,prob06.pddl,abstract,timed out,1800.0279626324773,abstract_asp,,1.9050384908914566,0.4158691540360451,0.2339557707309723,1.253345925360918,0.630164410918951,0.5770593360066414,0.32741960883140564,0.295973252505064,,,,,,2,,,16,,17,,26,object,
logistics98,prob06.pddl,concrete,timed out,1800.1184709742665,concrete_asp,,,,,,0.6079051680862904,,0.30925870314240456,,,,,,,,,,,25,,26,,,
logistics98,prob08.pddl,abstract,timed out,1800.1242755502462,abstract_asp,,2.0397297255694866,0.6127124056220055,0.2811550833284855,1.2460298910737038,1.003243826329708,0.943469014018774,0.31401176005601883,0.3184046000242233,,,,,,2,,,14,,15,,33,object,
logistics98,prob08.pddl,concrete,timed out,1800.0490131862462,concrete_asp,,,,,,0.9311957769095898,,0.3011728785932064,,,,,,,,,,,22,,23,,,
logistics98,prob09.pddl,abstract,timed out,1800.1215174272656,abstract_asp,,1.932817231863737,0.4235786199569702,0.20080596208572388,0.9441218748688698,0.6930813603103161,0.5015932992100716,0.5446076393127441,0.3368089236319065,,,,,,2,,,15,,16,,28,object,
logistics98,prob09.pddl,concrete,timed out,1800.1090982370079,concrete_asp,,,,,,0.6872002799063921,,0.5294770188629627,,,,,,,,,,,20,,21,,,
logistics98,prob11.pddl,abstract,timed out,1800.1181808970869,abstract_solving,,1.6770760715007782,0.1968563236296177,0.06065633147954941,0.09281963855028152,0.33115385845303535,0.2237156741321087,0.13605539128184319,0.053281269967556,9.725911181420088,,,,,2,7,0,11,23,12,8,22,object,
logistics98,prob11.pddl,concrete,timed out,1800.1105324290693,concrete_asp,,,,,,0.3040662556886673,,0.13192035257816315,,,,,,,,,,,18,,19,,,
logistics98,prob12.pddl,abstract,timed out,1800.1463430970907,abstract_solving,,1.9280122593045235,0.6689934134483337,0.5930290296673775,2.3837451934814453,0.9960718937218189,1.0531703121960163,0.9140467904508114,0.9383963085711002,1608.2181449569762,,,,,2,6,0,14,29,15,7,55,object,
logistics98,prob12.pddl,concrete,timed out,1800.131997667253,concrete_asp,,,,,,0.9982462264597416,,0.8568697273731232,,,,,,,,,,,20,,21,,,
logistics98,prob13.pddl,abstract,timed out,1800.137848291546,abstract_asp,,1.9434713795781136,1.136986207216978,0.45871153846383095,3.3455668315291405,2.0313869453966618,2.485227532684803,1.0546424947679043,1.2927945591509342,,,,,,2,,,16,,17,,29,object,
logistics98,prob13.pddl,concrete,timed out,1800.1369148287922,concrete_asp,,,,,,2.0502556078135967,,1.0316804610192776,,,,,,,,,,,23,,24,,,
logistics98,prob14.pddl,abstract,timed out,1800.1213918291032,abstract_asp,,1.835009127855301,0.5968920886516571,0.23367039114236832,0.5472146160900593,1.070121318101883,0.836488876491785,0.6917377263307571,0.514393612742424,,,,,,2,,,13,,14,,47,object,
logistics98,prob14.pddl,concrete,timed out,1800.119064129889,concrete_asp,,,,,,1.0297676213085651,,0.6661856845021248,,,,,,,,,,,21,,22,,,
logistics98,prob15.pddl,abstract,timed out,1800.120260372758,abstract_asp,,1.7561735659837723,0.24267659336328506,0.05515039339661598,0.32407432794570923,0.3794596530497074,0.32117967307567596,0.14500823616981506,0.14216119050979614,,,,,,4,,,25,,26,,9,object,
logistics98,prob15.pddl,concrete,timed out,1800.11151336506,concrete_asp,,,,,,0.3745977580547333,,0.1412678211927414,,,,,,,,,,,26,,27,,,
logistics98,prob16.pddl,abstract,timed out,1800.051577411592,abstract_solving,,1.5286647267639637,0.3735644519329071,0.261813722550869,0.4638771563768387,0.6326705068349838,0.5429227240383625,0.48987436294555664,0.3862391747534275,620.8390989862382,,,,,2,14,0,16,33,17,15,52,object,
logistics98,prob16.pddl,concrete,timed out,1800.118342462927,concrete_asp,,,,,,0.6551135294139385,,0.47726742923259735,,,,,,,,,,,18,,19,,,
logistics98,prob17.pddl,abstract,timed out,1800.0311931334436,abstract_solving,,1.485944639891386,0.31210798397660255,0.15495086461305618,0.16048679873347282,0.5319968797266483,0.27465786412358284,0.24577853083610535,0.062261272221803665,9.793646238744259,,,,,2,11,0,12,25,13,12,45,object,
logistics98,prob17.pddl,concrete,timed out,1800.1119079366326,concrete_asp,,,,,,0.536010941490531,,0.24140152521431446,,,,,,,,,,,16,,17,,,
logistics98,prob18.pddl,abstract,timed out,1800.1536316536367,abstract_asp,,1.7789459340274334,1.0210238955914974,0.35922233387827873,2.504824087023735,2.0189214050769806,2.4127537608146667,2.016493685543537,2.4319939836859703,,,,,,2,,,16,,17,,30,object,
logistics98,prob18.pddl,concrete,timed out,1800.1309310756624,concrete_asp,,,,,,2.0775130465626717,,1.9461864233016968,,,,,,,,,,,19,,20,,,
logistics98,prob19.pddl,abstract,timed out,1800.1436867006123,abstract_asp,,1.9349303543567657,0.7031028941273689,0.2156219743192196,1.149613868445158,1.3657960183918476,0.8456424362957478,1.260079950094223,0.6898325346410275,,,,,,2,,,16,,17,,30,object,
logistics98,prob19.pddl,concrete,timed out,1800.1234388686717,concrete_asp,,,,,,1.3465536162257195,,1.218339692801237,,,,,,,,,,,16,,17,,,
logistics98,prob20.pddl,abstract,timed out,1800.1522837132215,abstract_asp,,1.7240088284015656,1.0939041264355183,0.3632878363132477,5.494942758232355,1.7859174348413944,1.8902316689491272,1.6990166045725346,1.838212214410305,,,,,,2,,,16,,17,,19,object,
logistics98,prob20.pddl,concrete,timed out,1800.1388220898807,concrete_asp,,,,,,1.7458719201385975,,1.634659007191658,,,,,,,,,,,21,,22,,,
logistics98,prob21.pddl,abstract,timed out,1800.1376488693058,abstract_asp,,1.6405178382992744,0.8727067932486534,0.4097878038883209,2.8342259377241135,1.507421012967825,1.1050067394971848,1.4369419030845165,0.9854820184409618,,,,,,2,,,17,,18,,40,object,
logistics98,prob21.pddl,concrete,timed out,1800.123038481921,concrete_asp,,,,,,1.5842182338237762,,1.3938297368586063,,,,,,,,,,,18,,19,,,
logistics98,prob22.pddl,abstract,timed out,1800.166300803423,abstract_asp,,1.7544803358614445,2.230813518166542,0.9893115758895874,4.14622275903821,4.389193311333656,3.560876749455929,3.5157997235655785,2.7351651936769485,,,,,,2,,,16,,17,,74,object,
logistics98,prob22.pddl,concrete,timed out,1800.1741009950638,concrete_asp,,,,,,4.507943287491798,,3.3566619232296944,,,,,,,,,,,22,,23,,,
logistics98,prob23.pddl,abstract,timed out,1800.1186363212764,abstract_asp,,1.4753112941980362,0.27489015832543373,0.11240478977560997,0.3035198710858822,0.48577917367219925,0.3895009756088257,0.3507610112428665,0.24013374745845795,,,,,,2,,,16,,17,,28,object,
logistics98,prob23.pddl,concrete,timed out,1800.1111875623465,concrete_asp,,,,,,0.5382574796676636,,0.34335631877183914,,,,,,,,,,,16,,17,,,
logistics98,prob24.pddl,abstract,timed out,1800.1561816688627,abstract_solving,,1.6155715119093657,1.0326523687690496,0.4347269553691149,1.962434297427535,1.935246255248785,0.6915603671222925,1.1020629685372114,0.2577316015958786,13.36321758851409,,,,,2,7,0,11,23,12,8,54,object,
logistics98,prob24.pddl,concrete,timed out,1800.1215480081737,concrete_asp,,,,,,1.9889170937240124,,1.045763399451971,,,,,,,,,,,17,,18,,,
logistics98,prob25.pddl,abstract,timed out,1800.18981455639,abstract_asp,,1.9741930775344372,2.4725845977663994,0.9635681658983231,18.36671346053481,3.5752446465194225,4.198297653347254,3.33042199537158,3.8325375355780125,,,,,,2,,,16,,17,,29,object,
logistics98,prob25.pddl,concrete,timed out,1800.1477428078651,concrete_asp,,,,,,3.5939061753451824,,3.187221497297287,,,,,,,,,,,19,,20,,,
logistics98,prob26.pddl,abstract,timed out,1800.146389439702,abstract_asp,,1.7702685222029686,1.3699031732976437,1.0086031071841717,3.3443376757204533,2.3062739558517933,1.8184088803827763,2.041194833815098,1.5581643246114254,,,,,,2,,,13,,14,,106,object,
logistics98,prob26.pddl,concrete,timed out,1800.1440146490932,concrete_asp,,,,,,2.288893833756447,,1.9585138373076916,,,,,,,,,,,20,,21,,,
logistics98,prob27.pddl,abstract,timed out,1800.1685646288097,abstract_asp,,2.192534673959017,3.3500562086701393,0.690591961145401,8.276343051344156,5.975804176181555,2.4502397552132607,2.106583308428526,2.309736080467701,,,,,,4,,,22,,23,,40,object,
logistics98,prob27.pddl,concrete,timed out,1800.1507896967232,concrete_asp,,,,,,6.0811130702495575,,2.063161212950945,,,,,,,,,,,24,,25,,,
logistics98,prob28.pddl,abstract,timed out,1800.1264224611223,abstract_asp,,2.070934310555458,7.307068947702646,1.7686084434390068,18.318074513226748,13.529745381325483,5.441963668912649,9.758117489516735,3.322053834795952,,,,,,2,,,16,,17,,83,object,
logistics98,prob28.pddl,concrete,timed out,1800.1749058514833,concrete_asp,,,,,,13.60951391607523,,9.486506152898073,,,,,,,,,,,16,,17,,,
logistics98,prob29.pddl,abstract,timed out,1800.182449694723,abstract_asp,,2.244829833507538,2.1106331199407578,0.5406916067004204,3.1907917633652687,4.39329894259572,4.780338734388351,3.7626861818134785,3.9657505862414837,,,,,,2,,,16,,17,,46,object,
logistics98,prob29.pddl,concrete,timed out,1800.1820208467543,concrete_asp,,,,,,4.376772601157427,,3.607451494783163,,,,,,,,,,,20,,21,,,
logistics98,prob30.pddl,abstract,timed out,1800.1484380811453,abstract_asp,,2.396281313151121,2.376009374856949,1.3368352092802525,9.93841202557087,3.846687328070402,1.670155305415392,3.61801852658391,1.3199869580566883,,,,,,2,,,15,,16,,80,object,
logistics98,prob30.pddl,concrete,timed out,1800.1631707437336,concrete_asp,,,,,,3.7653662897646427,,3.497859815135598,,,,,,,,,,,17,,18,,,
logistics98,prob33.pddl,abstract,timed out,1800.113156221807,abstract_solving,,1.723214864730835,0.15165989100933075,0.02538725733757019,0.057796284556388855,0.2418602854013443,0.20075860992074013,0.03398624435067177,0.017617985606193542,379.94307646527886,,,,,2,12,0,15,31,16,13,9,object,
logistics98,prob33.pddl,concrete,timed out,1800.1071584410965,concrete_asp,,,,,,0.24304627999663353,,0.03340122103691101,,,,,,,,,,,21,,22,,,
logistics98,prob34.pddl,abstract,timed out,1800.1189908459783,abstract_solving,,1.894665241241455,0.18203140795230865,0.043276313692331314,0.10812769830226898,0.2916424907743931,0.22235312685370445,0.07056784629821777,0.0402214415371418,283.93605026975274,,,,,2,13,0,16,33,17,14,14,object,
logistics98,prob34.pddl,concrete,timed out,1800.1099163163453,concrete_asp,,,,,,0.28098378889262676,,0.06861514039337635,,,,,,,,,,,25,,26,,,
logistics98,prob35.pddl,abstract,timed out,1800.1163626164198,abstract_solving,,1.7320296242833138,0.1782722882926464,0.06648359447717667,0.23606785759329796,0.28977256640791893,0.2264518365263939,0.06318671256303787,0.04379230737686157,135.91410694271326,,,,,2,7,0,15,31,16,8,15,object,
logistics98,prob35.pddl,concrete,timed out,1800.1080501899123,concrete_asp,,,,,,0.27586983889341354,,0.06198970600962639,,,,,,,,,,,24,,25,,,
miconic,s10-0.pddl,abstract,timed out,1800.112285334617,abstract_asp,,1.4948065802454948,0.12760942056775093,0.03575219586491585,0.104556143283844,0.21128854155540466,0.21023323386907578,0.02895798534154892,0.027740735560655594,,,,,,1,,,29,,30,,2,object,
miconic,s10-0.pddl,concrete,timed out,1800.1069845966995,concrete_asp,,,,,,0.21374866738915443,,0.028326086699962616,,,,,,,,,,,28,,29,,,
miconic,s11-4.pddl,abstract,timed out,1800.1157211475074,abstract_asp,,1.9499692246317863,0.15590958297252655,0.04203186556696892,0.11910959705710411,0.24685920029878616,0.2167695313692093,0.03579965606331825,0.032636769115924835,,,,,,1,,,30,,31,,2,object,
miconic,s11-4.pddl,concrete,timed out,1800.1078664436936,concrete_asp,,,,,,0.2170950472354889,,0.03313398361206055,,,,,,,,,,,29,,30,,,
miconic,s12-0.pddl,abstract,timed out,1800.1149940378964,abstract_asp,,2.0988940969109535,0.16832275316119194,0.04766662046313286,0.1388351395726204,0.26308395713567734,0.22558096051216125,0.04258132725954056,0.0385509617626667,,,,,,1,,,30,,31,,2,object,
miconic,s12-0.pddl,concrete,timed out,1800.1069544441998,concrete_asp,,,,,,0.2242143452167511,,0.03862422704696655,,,,,,,,,,,28,,29,,,
miconic,s18-1.pddl,abstract,timed out,1800.119822859764,abstract_asp,,1.8307130374014378,0.17172253131866455,0.09867080301046371,0.33308396115899086,0.271160364151001,0.26958591490983963,0.08361680805683136,0.07991358265280724,,,,,,1,,,30,,31,,2,object,
miconic,s18-1.pddl,concrete,timed out,1800.1076039224863,concrete_asp,,,,,,0.2715039439499378,,0.08030571043491364,,,,,,,,,,,28,,29,,,
miconic,s20-3.pddl,abstract,timed out,1800.1174976937473,abstract_asp,,2.4562936760485172,0.2118949443101883,0.11572141200304031,0.37153496220707893,0.35637538880109787,0.2936585955321789,0.10208984091877937,0.09682924672961235,,,,,,1,,,30,,31,,2,object,
miconic,s20-3.pddl,concrete,timed out,1800.1122294813395,concrete_asp,,,,,,0.2869365029036999,,0.09762562811374664,,,,,,,,,,,28,,29,,,
miconic,s24-1.pddl,abstract,timed out,1800.12156143412,abstract_asp,,2.3407657220959663,0.21649647131562233,0.16042272374033928,0.5494759976863861,0.3386598154902458,0.33962514251470566,0.14274919778108597,0.13695010542869568,,,,,,1,,,30,,31,,2,object,
miconic,s24-1.pddl,concrete,timed out,1800.1135123185813,concrete_asp,,,,,,0.3400801084935665,,0.15130751952528954,,,,,,,,,,,28,,29,,,
miconic,s24-2.pddl,abstract,timed out,1800.1206757426262,abstract_asp,,2.4799586199223995,0.22628827393054962,0.15755872800946236,0.5319744683802128,0.35446951165795326,0.3387369103729725,0.14223234727978706,0.1586197279393673,,,,,,1,,,27,,28,,2,object,
miconic,s24-2.pddl,concrete,timed out,1800.111322183162,concrete_asp,,,,,,0.33735955506563187,,0.13899118825793266,,,,,,,,,,,28,,29,,,
miconic,s26-0.pddl,abstract,timed out,1800.1221945099533,abstract_asp,,2.8111166022717953,0.2571805641055107,0.18334462121129036,0.6260328777134418,0.39654722064733505,0.3646821193397045,0.16680899262428284,0.15996500477194786,,,,,,1,,,29,,30,,2,object,
miconic,s26-0.pddl,concrete,timed out,1800.1129207871854,concrete_asp,,,,,,0.3638816736638546,,0.16191041469573975,,,,,,,,,,,25,,26,,,
miconic,s30-0.pddl,abstract,timed out,1800.057192031294,abstract_asp,,3.4578859619796276,0.30237729474902153,0.24123244732618332,0.8190392479300499,0.468703243881464,0.428772184997797,0.22236134856939316,0.2135627195239067,,,,,,1,,,28,,29,,2,object,
miconic,s30-0.pddl,concrete,timed out,1800.119595386088,concrete_asp,,,,,,0.4260041303932667,,0.21532592549920082,,,,,,,,,,,27,,28,,,
miconic,s7-0.pddl,abstract,success,10.93202754482627,total,10.262293,1.385617,0.140609,0.021705,0.056306,0.196157,0.19417,0.016637,0.015721,7.841706,0.342503,,43,23,1,0,0,21,43,22,1,2,object,
miconic,s7-0.pddl,concrete,success,59.77140910923481,total,59.279769,,,,,0.191853,,0.016473,,,59.060203,,23,23,,,,,23,,24,,,
miconic,s9-3.pddl,abstract,success,907.0893189311028,total,906.401954,1.512122,0.12497,0.030801,0.083532,0.205974,0.206234,0.024223,0.023098,903.378987,0.738694,,61,32,1,0,0,30,61,31,1,2,object,
miconic,s9-3.pddl,concrete,timed out,1800.107165724039,concrete_asp,,,,,,0.20692583546042442,,0.023850757628679276,,,,,,,,,,,29,,30,,,
mystery,prob02.pddl,abstract,success,7.855972617864609,total,7.150247,1.384075,0.277511,0.052067,0.140703,0.541678,0.279861,0.53944,0.108348,1.101401,2.642203,,15,13,2,0,0,7,15,8,1,18,object,
mystery,prob02.pddl,concrete,success,4.890707138925791,total,4.320758,,,,,0.574382,,0.526081,,,3.207753,,7,7,,,,,7,,8,,,
mystery,prob05.pddl,abstract,timed out,1800.1221804507077,abstract_asp,,1.3800592459738255,0.22013776004314423,0.04383043199777603,0.14056441560387611,0.4159472770988941,0.2406255304813385,0.3713048994541168,0.07842032983899117,,,,,,2,,,55,,56,,13,object,
mystery,prob05.pddl,concrete,timed out,1800.1809024587274,concrete_asp,,,,,,0.4473106637597084,,0.34024688601493835,,,,,,,,,,,199,,200,,,
mystery,prob07.pddl,abstract,no plan found,2.1607225984334946,problem_reading,,1.364213366061449,,,,,,,,,,,,,,,,,,,,,,
mystery,prob07.pddl,concrete,timed out,1800.1040104739368,concrete_asp,,,,,,0.23274002596735954,,0.005716878920793533,,,,,,,,,,,599918,,599919,,,
mystery,prob08.pddl,abstract,timed out,1800.1437050625682,guided_concrete_solving,,1.3728915490210056,0.2565404660999775,0.04348180070519447,0.35161323472857475,0.4888511039316654,0.24705343693494797,0.4424649253487587,0.06727179512381554,0.13794393464922905,1.2797981277108192,,,,4,2,31,2,36,3,34,9,object,
mystery,prob08.pddl,concrete,timed out,1800.138078764081,concrete_asp,,,,,,0.547854270786047,,0.430387943983078,,,,,,,,,,,39,,40,,,
mystery,prob09.pddl,abstract,success,6.808391321450472,total,5.820117,1.757585,0.241454,0.032267,0.138487,0.444027,0.249507,0.348586,0.089723,0.643524,1.810242,,17,12,2,0,0,8,17,9,1,11,object,
mystery,prob09.pddl,concrete,success,2.5372226759791374,total,2.004185,,,,,0.45645,,0.359577,,,1.177502,,8,8,,,,,8,,9,,,
mystery,prob10.pddl,abstract,success,48.014206347987056,total,46.832792,1.485595,1.904626,0.155,0.39318,4.514883,0.483016,5.454008,0.392616,1.456616,30.206841,,17,16,2,0,0,8,17,9,1,38,object,
mystery,prob10.pddl,concrete,success,27.037621047347784,total,26.216573,,,,,4.495778,,5.365197,,,16.322254,,8,8,,,,,8,,9,,,
mystery,prob12.pddl,abstract,timed out,1800.1258188076317,guided_concrete_solving,,1.3444284200668335,0.1387721747159958,0.020101774483919144,0.13301072269678116,0.23564887046813965,0.20410329475998878,0.06891424208879471,0.020819254219532013,0.06276559829711914,0.31095002219080925,,,,4,3,109,3,116,4,113,4,object,
mystery,prob12.pddl,concrete,timed out,1800.1236491948366,concrete_asp,,,,,,0.2713828273117542,,0.07141005620360374,,,,,,,,,,,148,,149,,,
mystery,prob13.pddl,abstract,success,76.06499194353819,total,74.952986,1.511607,0.989162,0.18457,0.396114,2.210689,0.346687,2.685511,0.192571,42.802231,23.266884,,31,28,2,0,0,15,31,16,1,44,object,
mystery,prob13.pddl,concrete,success,133.98635882139206,total,132.999047,,,,,2.218188,,2.592421,,,128.154298,,15,15,,,,,15,,16,,,
mystery,prob14.pddl,abstract,success,92.32541509717703,total,90.786611,1.481767,2.408931,0.194065,0.451037,5.564034,0.630432,6.907408,0.607363,25.898634,46.009021,,23,18,2,0,0,11,23,12,1,42,object,
mystery,prob14.pddl,concrete,success,201.73792853951454,total,200.48888,,,,,5.587551,,6.663735,,,188.194375,,11,11,,,,,11,,12,,,
mystery,prob15.pddl,abstract,success,23.002149045467377,total,22.099861,1.463104,0.853658,0.057957,0.543855,2.020591,0.674967,2.435752,0.618025,2.02372,11.252975,,13,11,2,0,0,6,13,7,1,12,object,
mystery,prob15.pddl,concrete,success,11.98953578621149,total,11.127187,,,,,2.050504,,2.392544,,,6.666866,,6,6,,,,,6,,7,,,
mystery,prob16.pddl,abstract,timed out,1800.2638683132827,guided_concrete_solving,,1.5200003869831562,0.22729365900158882,0.03239229694008827,0.3025803342461586,0.42162734642624855,0.2509901523590088,0.3312782421708107,0.07288849353790283,0.21341761946678162,1.3239868134260178,,,,4,4,943,4,952,5,948,7,object,
mystery,prob16.pddl,concrete,timed out,1800.240414597094,concrete_asp,,,,,,0.4424784816801548,,0.32445958256721497,,,,,,,,,,,932,,933,,,
mystery,prob17.pddl,abstract,success,19.11337536945939,total,18.187352,1.508964,0.845216,0.077548,0.395563,2.079721,0.494412,2.467803,0.381495,0.859376,8.952506,,9,8,2,0,0,4,9,5,1,19,object,
mystery,prob17.pddl,concrete,success,10.31082433834672,total,9.712523,,,,,2.034994,,2.405584,,,5.257568,,4,4,,,,,4,,5,,,
mystery,prob18.pddl,abstract,no plan found,2.3195565566420555,problem_reading,,1.3936649449169636,,,,,,,,,,,,,,,,,,,,,,
mystery,prob18.pddl,concrete,timed out,1800.104225963354,concrete_asp,,,,,,0.3534999489784241,,0.006170213222503662,,,,,,,,,,,483787,,483788,,,
mystery,prob21.pddl,abstract,timed out,1800.0420413203537,abstract_asp,,1.39259672164917,0.3786136321723461,0.10467665269970894,0.24979319237172604,0.7835753876715899,0.2261361349374056,0.8535003699362278,0.055183518677949905,,,,,,2,,,156,,157,,33,object,
mystery,prob21.pddl,concrete,timed out,1800.1691496819258,concrete_asp,,,,,,0.8115618675947189,,0.8032181449234486,,,,,,,,,,,136,,137,,,
mystery,prob24.pddl,abstract,timed out,1800.1195165142417,abstract_asp,,1.4795522652566433,0.3207510858774185,0.12548885121941566,0.3210720382630825,0.612365297973156,0.24753666669130325,0.5918986946344376,0.08253704011440277,,,,,,2,,,55,,56,,34,object,
mystery,prob24.pddl,concrete,timed out,1800.331310749054,concrete_asp,,,,,,0.625280350446701,,0.5775505192577839,,,,,,,,,,,777,,778,,,
mystery,prob27.pddl,abstract,success,5.095444094389677,total,4.150573,1.733536,0.19147,0.024291,0.229696,0.330225,0.266832,0.171128,0.11797,0.310336,0.723523,,11,9,2,0,0,5,11,6,1,4,object,
mystery,prob27.pddl,concrete,success,1.736615490168333,total,0.941022,,,,,0.334024,,0.167816,,,0.427968,,5,5,,,,,5,,6,,,
mystery,prob28.pddl,abstract,success,3.0534642450511456,total,2.382468,1.323962,0.124897,0.019813,0.114408,0.222873,0.199389,0.032774,0.020887,0.096131,0.18424,,15,9,2,0,0,7,15,8,1,5,object,
mystery,prob28.pddl,concrete,success,1.200367346405983,total,0.413849,,,,,0.240624,,0.034398,,,0.126547,,7,7,,,,,7,,8,,,
mystery,prob29.pddl,abstract,success,4.893748879432678,total,3.931586,1.763631,0.196585,0.031871,0.171107,0.365453,0.233619,0.187106,0.069424,0.17201,0.68961,,9,6,2,0,0,4,9,5,1,9,object,
mystery,prob29.pddl,concrete,success,1.7324438691139221,total,0.937295,,,,,0.34322,,0.179266,,,0.403229,,4,4,,,,,4,,5,,,
nomystery-sat11-strips,p01.pddl,abstract,success,173.4254667982459,total,170.918094,4.898599,0.369925,0.518745,25.403736,0.39488,0.414367,0.172964,0.200476,136.844588,1.616731,,31,19,2,3,0,15,31,16,4,2,package,
nomystery-sat11-strips,p01.pddl,concrete,success,167.0637706592679,total,166.542965,,,,,0.396141,,0.181175,,,165.952901,,18,18,,,,,18,,19,,,
nomystery-sat11-strips,p02.pddl,abstract,timed out,1800.1578058935702,abstract_solving,,6.416570380330086,0.48523226752877235,0.8714658729732037,41.676419056952,0.4732840619981289,0.5115133076906204,0.25291532650589943,0.26335469260811806,7.283303719013929,,,,,2,8,0,12,25,13,9,4,package,
nomystery-sat11-strips,p02.pddl,concrete,timed out,1800.1218549497426,concrete_asp,,,,,,0.4729858860373497,,0.2268274463713169,,,,,,,,,,,20,,21,,,
nomystery-sat11-strips,p04.pddl,abstract,timed out,1800.4687161818147,abstract_asp,,32.0595306456089,2.349910069257021,4.4064288809895515,557.942976154387,1.6041002087295055,1.7278989665210247,0.7953457832336426,0.9082339778542519,,,,,,2,,,17,,18,,3,package,
nomystery-sat11-strips,p04.pddl,concrete,timed out,1800.1378953363746,concrete_asp,,,,,,1.587033823132515,,0.7702016793191433,,,,,,,,,,,27,,28,,,
nomystery-sat11-strips,p06.pddl,abstract,timed out,1800.4658829197288,abstract_asp,,28.264200072735548,2.3097334764897823,4.385325539857149,486.4914700947702,1.603810004889965,1.7640605606138706,0.9374797977507114,1.0917575545608997,,,,,,2,,,17,,18,,4,package,
nomystery-sat11-strips,p06.pddl,concrete,timed out,1800.0415628459305,concrete_asp,,,,,,1.6063549909740686,,0.9168480224907398,,,,,,,,,,,29,,30,,,
nomystery-sat11-strips,p07.pddl,abstract,timed out,1800.5428805872798,abstract_asp,,35.058845054358244,2.975117541849613,5.573651246726513,667.2943340167403,2.042938854545355,2.1991285122931004,1.1830812245607376,1.37948489934206,,,,,,2,,,16,,17,,4,package,
nomystery-sat11-strips,p07.pddl,concrete,timed out,1800.1339107826352,concrete_asp,,,,,,2.1044809706509113,,1.1696655116975307,,,,,,,,,,,30,,31,,,
nomystery-sat11-strips,p08.pddl,abstract,timed out,1800.309403449297,abstract_asp,,18.298645928502083,1.5750843174755573,2.7466389387845993,235.9082555361092,1.2615635581314564,1.4575073011219501,0.9055395424365997,1.046511922031641,,,,,,2,,,17,,18,,4,package,
nomystery-sat11-strips,p08.pddl,concrete,timed out,1800.0870948173106,concrete_asp,,,,,,1.2933292612433434,,0.8911567777395248,,,,,,,,,,,29,,30,,,
nomystery-sat11-strips,p10.pddl,abstract,timed out,1800.4978985600173,abstract_asp,,32.32363548129797,2.9166159816086292,4.773728061467409,593.8142441920936,2.164939373731613,2.251435600221157,1.424133837223053,1.647390827536583,,,,,,2,,,18,,19,,3,package,
nomystery-sat11-strips,p10.pddl,concrete,timed out,1800.1552700735629,concrete_asp,,,,,,2.178020041435957,,1.3742167316377163,,,,,,,,,,,30,,31,,,
nomystery-sat11-strips,p11.pddl,abstract,success,85.16926089674234,total,83.310698,3.733256,0.287589,0.287666,9.518705,0.358374,0.326224,0.119961,0.135668,49.932994,18.531293,,31,29,2,11,0,15,31,16,12,2,package,
nomystery-sat11-strips,p11.pddl,concrete,success,191.7562040872872,total,190.856514,,,,,0.357459,,0.118691,,,190.364725,,18,18,,,,,18,,19,,,
nomystery-sat11-strips,p12.pddl,abstract,timed out,1800.134067595005,abstract_solving,,4.309753939509392,0.34068843349814415,0.4695294685661793,15.854218430817127,0.38996200636029243,0.3738696947693825,0.160463098436594,0.18108898401260376,8.115360479801893,,,,,2,9,0,12,25,13,10,4,package,
nomystery-sat11-strips,p12.pddl,concrete,timed out,1800.125286333263,concrete_asp,,,,,,0.3608086109161377,,0.166726253926754,,,,,,,,,,,21,,22,,,
nomystery-sat11-strips,p14.pddl,abstract,timed out,1800.322589945048,abstract_asp,,18.14227444306016,1.2986226789653301,2.429556354880333,238.27713772654533,1.0719746947288513,1.1160951890051365,0.5549714080989361,0.6375222094357014,,,,,,2,,,17,,18,,3,package,
nomystery-sat11-strips,p14.pddl,concrete,timed out,1800.1282677426934,concrete_asp,,,,,,1.0213432237505913,,0.5486806333065033,,,,,,,,,,,26,,27,,,
nomystery-sat11-strips,p16.pddl,abstract,timed out,1800.2669320441782,abstract_asp,,15.913256164640188,1.2823458388447762,2.4194712601602077,188.7226531766355,1.0904750153422356,1.111659187823534,0.6747987978160381,0.7874998636543751,,,,,,2,,,17,,18,,4,package,
nomystery-sat11-strips,p16.pddl,concrete,timed out,1800.126920785755,concrete_asp,,,,,,1.0759872235357761,,0.6754700280725956,,,,,,,,,,,30,,31,,,
nomystery-sat11-strips,p17.pddl,abstract,timed out,1800.3410062640905,abstract_asp,,19.49395040422678,1.6795745491981506,2.993698365986347,264.4989400729537,1.296778865158558,1.5136322155594826,0.878191601485014,0.9875503666698933,,,,,,2,,,17,,18,,4,package,
nomystery-sat11-strips,p17.pddl,concrete,timed out,1800.1388835534453,concrete_asp,,,,,,1.2588443346321583,,0.8610864914953709,,,,,,,,,,,29,,30,,,
nomystery-sat11-strips,p18.pddl,abstract,timed out,1800.1681353189051,abstract_asp,,10.124158665537834,0.9340035542845726,1.4778163060545921,91.94699487835169,0.8884350582957268,1.0296185612678528,0.6691033393144608,0.7512482553720474,,,,,,2,,,17,,18,,4,package,
nomystery-sat11-strips,p18.pddl,concrete,timed out,1800.1243828870356,concrete_asp,,,,,,0.9028324000537395,,0.6398944742977619,,,,,,,,,,,30,,31,,,
nomystery-sat11-strips,p20.pddl,abstract,timed out,1800.3329891599715,abstract_asp,,18.66752454638481,1.690866842865944,2.5285464003682137,237.0226339995861,1.4655365012586117,1.601788830012083,1.0190433748066425,1.1861957907676697,,,,,,2,,,18,,19,,3,package,
nomystery-sat11-strips,p20.pddl,concrete,timed out,1800.1478832177818,concrete_asp,,,,,,1.4735621772706509,,1.0188402831554413,,,,,,,,,,,31,,32,,,
pipesworld-notankage,p03-net1-b8-g3.pddl,abstract,success,3.323068730533123,total,2.652805,1.389931,0.144369,0.021083,0.027818,0.236444,0.212084,0.062198,0.027173,0.131978,0.344115,,15,15,14,4,0,7,15,8,5,2,batch-atom,
pipesworld-notankage,p03-net1-b8-g3.pddl,concrete,success,1.84092178940773,total,0.875072,,,,,0.273424,,0.062364,,,0.526708,,8,8,,,,,8,,9,,,
pipesworld-notankage,p04-net1-b8-g5.pddl,abstract,success,3.3947220854461193,total,2.722677,1.412645,0.143887,0.02118,0.028114,0.236565,0.211976,0.060123,0.029962,0.148127,0.374408,,15,13,14,2,0,7,15,8,3,2,batch-atom,
pipesworld-notankage,p04-net1-b8-g5.pddl,concrete,success,9.858218874782324,total,8.888456,,,,,0.276249,,0.061764,,,8.538341,,11,11,,,,,11,,12,,,
pipesworld-notankage,p05-net1-b10-g4.pddl,abstract,success,3.6683488748967648,total,3.003386,1.408613,0.151488,0.022511,0.02952,0.262984,0.221924,0.095572,0.04515,0.185711,0.534278,,15,15,14,2,0,7,15,8,3,2,batch-atom,
pipesworld-notankage,p05-net1-b10-g4.pddl,concrete,success,2.2858610190451145,total,1.317364,,,,,0.30155,,0.094885,,,0.909469,,8,8,,,,,8,,9,,,
pipesworld-notankage,p06-net1-b10-g6.pddl,abstract,success,4.509881529957056,total,3.845183,1.409269,0.152032,0.02041,0.03026,0.261969,0.223361,0.096594,0.046424,0.643356,0.909233,,19,19,14,6,0,9,19,10,7,2,batch-atom,
pipesworld-notankage,p06-net1-b10-g6.pddl,concrete,success,6.411343056708574,total,5.627636,,,,,0.300828,,0.094717,,,5.218376,,10,10,,,,,10,,11,,,
pipesworld-notankage,p07-net1-b12-g5.pddl,abstract,success,4.257130905985832,total,3.585971,1.410351,0.162671,0.026228,0.031752,0.289325,0.237578,0.136093,0.067465,0.439968,0.729032,,17,15,14,4,0,8,17,9,5,2,batch-atom,
pipesworld-notankage,p07-net1-b12-g5.pddl,concrete,success,2.1305794194340706,total,1.350455,,,,,0.329109,,0.134442,,,0.872726,,8,8,,,,,8,,9,,,
pipesworld-notankage,p08-net1-b12-g7.pddl,abstract,success,4.849899552762508,total,4.177982,1.411509,0.165057,0.025982,0.033067,0.291545,0.239211,0.136926,0.068646,0.756411,0.992538,,19,19,14,3,0,9,19,10,4,2,batch-atom,
pipesworld-notankage,p08-net1-b12-g7.pddl,concrete,success,9.184845630079508,total,8.694634,,,,,0.286736,,0.134535,,,8.262058,,10,10,,,,,10,,11,,,
pipesworld-notankage,p09-net1-b14-g6.pddl,abstract,success,15.868302702903748,total,15.194403,1.415416,0.174616,0.030297,0.038989,0.31827,0.243875,0.175638,0.089516,10.732994,1.905309,,27,25,14,6,0,13,27,14,7,3,batch-atom,
pipesworld-notankage,p09-net1-b14-g6.pddl,concrete,success,33.54559396952391,total,33.047036,,,,,0.315721,,0.174648,,,32.544362,,13,13,,,,,13,,14,,,
pipesworld-notankage,p10-net1-b14-g8.pddl,abstract,success,92.68152027949691,total,91.872478,1.57583,0.182932,0.027806,0.04056,0.319921,0.279868,0.176209,0.089839,87.52295,1.570315,,33,29,14,0,0,16,33,17,1,2,batch-atom,
pipesworld-notankage,p10-net1-b14-g8.pddl,concrete,timed out,1800.1102435030043,concrete_asp,,,,,,0.31549330055713654,,0.17421521246433258,,,,,,,,,,,16,,17,,,
pipesworld-notankage,p13-net2-b12-g3.pddl,abstract,success,43.549524918198586,total,42.717906,1.585491,0.202252,0.026817,0.029504,0.377438,0.280781,0.240336,0.103976,3.719449,36.048222,,29,28,14,12,0,14,29,15,13,4,batch-atom,
pipesworld-notankage,p13-net2-b12-g3.pddl,concrete,success,36.8765705190599,total,36.353695,,,,,0.369245,,0.239584,,,35.729581,,16,16,,,,,16,,17,,,
pipesworld-notankage,p15-net2-b14-g4.pddl,abstract,timed out,1800.134399883449,abstract_solving,,1.5798117592930794,0.2065485566854477,0.027707397937774658,0.032037705183029175,0.3873288407921791,0.2753467969596386,0.24494852498173714,0.11592912673950195,5.031724099069834,,,,,14,10,0,16,33,17,11,4,batch-atom,
pipesworld-notankage,p15-net2-b14-g4.pddl,concrete,timed out,1800.113447867334,concrete_asp,,,,,,0.37175384536385536,,0.2412629947066307,,,,,,,,,,,23,,24,,,
pipesworld-notankage,p16-net2-b14-g6.pddl,abstract,timed out,1800.1362834274769,abstract_solving,,1.3978972733020782,0.1956918202340603,0.026435241103172302,0.03742276877164841,0.38395413383841515,0.27509310841560364,0.2475893720984459,0.11551845818758011,452.9408149458468,,,,,14,21,0,25,51,26,22,4,batch-atom,
pipesworld-notankage,p16-net2-b14-g6.pddl,concrete,timed out,1800.1138948500156,concrete_asp,,,,,,0.3675883635878563,,0.2509487085044384,,,,,,,,,,,29,,30,,,
pipesworld-notankage,p17-net2-b16-g5.pddl,abstract,success,49.68991205096245,total,48.638828,1.876797,0.25961,0.029892,0.041228,0.535079,0.342594,0.423273,0.209218,6.875537,37.919294,,29,27,14,11,0,14,29,15,12,3,batch-atom,
pipesworld-notankage,p17-net2-b16-g5.pddl,concrete,timed out,1800.1160668954253,concrete_asp,,,,,,0.4908504895865917,,0.3940690793097019,,,,,,,,,,,19,,20,,,
pipesworld-notankage,p18-net2-b16-g7.pddl,abstract,success,539.1872923821211,total,538.082393,1.920643,0.266551,0.029282,0.042008,0.543858,0.381443,0.404127,0.225906,371.720484,162.369828,,41,33,14,10,0,20,41,21,11,3,batch-atom,
pipesworld-notankage,p18-net2-b16-g7.pddl,concrete,timed out,1800.1094699762762,concrete_asp,,,,,,0.495035994797945,,0.3976070508360863,,,,,,,,,,,21,,22,,,
pipesworld-notankage,p23-net3-b14-g3.pddl,abstract,success,38.44111896306276,total,37.602251,1.668831,0.271307,0.028029,0.037393,0.560449,0.299862,0.44636,0.146856,3.114418,30.913443,,25,25,14,7,0,12,25,13,8,5,batch-atom,
pipesworld-notankage,p23-net3-b14-g3.pddl,concrete,success,1589.7654746212065,total,1589.226176,,,,,0.552496,,0.435563,,,1588.217019,,18,18,,,,,18,,19,,,
pipesworld-notankage,p25-net3-b16-g5.pddl,abstract,timed out,1800.151844944805,abstract_solving,,1.4118211083114147,0.27532343938946724,0.029218126088380814,0.09659388661384583,0.6341642290353775,0.3581058755517006,0.5794466659426689,0.22954435646533966,164.3996797055006,,,,,14,12,0,22,45,23,13,5,batch-atom,
pipesworld-notankage,p25-net3-b16-g5.pddl,concrete,timed out,1800.1140921749175,concrete_asp,,,,,,0.6604724712669849,,0.5665617510676384,,,,,,,,,,,23,,24,,,
pipesworld-notankage,p27-net3-b18-g6.pddl,abstract,timed out,1800.088587563485,abstract_asp,,1.4124467447400093,0.30465900152921677,0.03388126567006111,0.12182728573679924,0.7202603407204151,0.4451468773186207,0.6914140917360783,0.3370167315006256,,,,,,14,,,21,,22,,4,batch-atom,
pipesworld-notankage,p27-net3-b18-g6.pddl,concrete,timed out,1800.1204618345946,concrete_asp,,,,,,0.7479843441396952,,0.6776227094233036,,,,,,,,,,,21,,22,,,
pipesworld-notankage,p28-net3-b18-g7.pddl,abstract,timed out,1800.1222707927227,abstract_asp,,1.8203869871795177,0.3262756019830704,0.0320828203111887,0.09603886306285858,0.7530493345111609,0.444995878264308,0.6949311401695013,0.33682675659656525,,,,,,14,,,24,,25,,4,batch-atom,
pipesworld-notankage,p28-net3-b18-g7.pddl,concrete,timed out,1800.1174775660038,concrete_asp,,,,,,0.7213124185800552,,0.6824483536183834,,,,,,,,,,,23,,24,,,
pipesworld-notankage,p29-net3-b20-g6.pddl,abstract,timed out,1800.1237478256226,abstract_asp,,1.8037550412118435,0.3717498779296875,0.0914095789194107,0.04463743790984154,0.9436365626752377,0.5148827247321606,0.8862837105989456,0.42737796902656555,,,,,,14,,,22,,23,,4,batch-atom,
pipesworld-notankage,p29-net3-b20-g6.pddl,concrete,timed out,1800.1189181953669,concrete_asp,,,,,,0.9106379970908165,,0.8598297014832497,,,,,,,,,,,22,,23,,,
pipesworld-notankage,p30-net3-b20-g8.pddl,abstract,timed out,1800.1221315264702,abstract_asp,,1.849643636494875,0.346799548715353,0.03316512331366539,0.04438943788409233,0.8240931741893291,0.45845238491892815,0.7815945036709309,0.3560588210821152,,,,,,14,,,24,,25,,4,batch-atom,
pipesworld-notankage,p30-net3-b20-g8.pddl,concrete,timed out,1800.1210438795388,concrete_asp,,,,,,0.8385425396263599,,0.767868634313345,,,,,,,,,,,22,,23,,,
pipesworld-notankage,p34-net4-b16-g6.pddl,abstract,timed out,1800.120414700359,abstract_asp,,1.9252076894044876,0.3429283834993839,0.029791243374347687,0.0954492911696434,0.8212385103106499,0.42361507192254066,0.7448425218462944,0.31456905975937843,,,,,,14,,,19,,20,,5,batch-atom,
pipesworld-notankage,p34-net4-b16-g6.pddl,concrete,timed out,1800.118271600455,concrete_asp,,,,,,0.7861217223107815,,0.7463710121810436,,,,,,,,,,,21,,22,,,
pipesworld-notankage,p35-net4-b18-g4.pddl,abstract,success,1048.2801711820066,total,1047.079083,1.963464,0.400019,0.034701,0.098883,1.041166,0.547813,0.975169,0.451009,142.553599,898.744699,,33,32,14,13,0,16,33,17,14,4,batch-atom,
pipesworld-notankage,p35-net4-b18-g4.pddl,concrete,timed out,1800.1163839362562,concrete_asp,,,,,,1.0052752383053303,,0.9519389793276787,,,,,,,,,,,18,,19,,,
pipesworld-notankage,p36-net4-b18-g6.pddl,abstract,timed out,1800.1460078954697,abstract_solving,,1.9503920674324036,0.4022643230855465,0.09708039462566376,0.04322105273604393,1.0218906067311764,0.5331446453928947,0.9730246625840664,0.4521603137254715,1088.6048020608723,,,,,14,16,0,19,39,20,17,4,batch-atom,
pipesworld-notankage,p36-net4-b18-g6.pddl,concrete,timed out,1800.1203766949475,concrete_asp,,,,,,1.0142026394605637,,0.9460865333676338,,,,,,,,,,,19,,20,,,
pipesworld-notankage,p39-net4-b22-g7.pddl,abstract,timed out,1800.1253634616733,abstract_asp,,1.7907887324690819,0.5199158824980259,0.04087626561522484,0.04790695756673813,1.3862022422254086,0.721688125282526,1.4898903965950012,0.710861723870039,,,,,,14,,,18,,19,,5,batch-atom,
pipesworld-notankage,p39-net4-b22-g7.pddl,concrete,timed out,1800.1207607872784,concrete_asp,,,,,,1.4059670455753803,,1.4599833972752094,,,,,,,,,,,18,,19,,,
pipesworld-notankage,p40-net4-b22-g8.pddl,abstract,timed out,1800.0906077288091,abstract_asp,,1.81867765635252,0.5351977609097958,0.04011689871549606,0.05011003091931343,1.4330189675092697,0.8264985866844654,1.4965695552527905,0.7925469093024731,,,,,,14,,,18,,19,,4,batch-atom,
pipesworld-notankage,p40-net4-b22-g8.pddl,concrete,timed out,1800.1211090683937,concrete_asp,,,,,,1.4332766942679882,,1.4552536495029926,,,,,,,,,,,18,,19,,,
pipesworld-notankage,p41-net5-b22-g2.pddl,abstract,success,32.701911594718695,total,31.683773,1.815743,0.631369,0.041598,0.049244,1.760012,0.849706,1.878704,0.833296,5.066723,18.571306,,21,21,14,8,0,10,21,11,9,6,batch-atom,
pipesworld-notankage,p41-net5-b22-g2.pddl,concrete,success,37.28513082116842,total,36.660825,,,,,1.806013,,1.842924,,,32.985888,,12,12,,,,,12,,13,,,
pipesworld-notankage,p42-net5-b22-g4.pddl,abstract,timed out,1800.1260595284402,abstract_asp,,1.7863347791135311,0.6312678419053555,0.041358232498168945,0.051164232194423676,1.7962746769189835,0.845149852335453,1.8589354157447815,0.8261357918381691,,,,,,14,,,20,,21,,6,batch-atom,
pipesworld-notankage,p42-net5-b22-g4.pddl,concrete,timed out,1800.129802737385,concrete_asp,,,,,,1.7952448166906834,,1.8236526884138584,,,,,,,,,,,24,,25,,,
pipesworld-notankage,p43-net5-b24-g3.pddl,abstract,timed out,1800.1245420463383,abstract_asp,,1.9615526180714369,0.7187832612544298,0.04366806708276272,0.05024781823158264,2.1180678959935904,0.7223462499678135,2.2076239809393883,0.6872042771428823,,,,,,14,,,18,,19,,8,batch-atom,
pipesworld-notankage,p43-net5-b24-g3.pddl,concrete,timed out,1800.1330597046763,concrete_asp,,,,,,2.071025639772415,,2.1581554394215345,,,,,,,,,,,22,,23,,,
pipesworld-notankage,p44-net5-b24-g5.pddl,abstract,timed out,1800.1267875283957,abstract_asp,,1.8713244274258614,0.7182919383049011,0.04619893059134483,0.05020606517791748,2.124465439468622,0.7344639711081982,2.2070299424231052,0.6862195320427418,,,,,,14,,,18,,19,,8,batch-atom,
pipesworld-notankage,p44-net5-b24-g5.pddl,concrete,timed out,1800.1344362348318,concrete_asp,,,,,,2.08998192101717,,2.1872191950678825,,,,,,,,,,,22,,23,,,
pipesworld-notankage,p45-net5-b26-g4.pddl,abstract,timed out,1800.1379431858659,abstract_asp,,1.5027487352490425,0.7767642177641392,0.04492698237299919,0.058705542236566544,2.424419105052948,1.231311596930027,2.5663019493222237,1.3287929147481918,,,,,,14,,,18,,19,,6,batch-atom,
pipesworld-notankage,p45-net5-b26-g4.pddl,concrete,timed out,1800.140964705497,concrete_asp,,,,,,2.468845598399639,,2.516013104468584,,,,,,,,,,,21,,22,,,
pipesworld-notankage,p46-net5-b26-g6.pddl,abstract,timed out,1800.1403488516808,abstract_asp,,1.4951776377856731,0.7748232148587704,0.04415373131632805,0.059293750673532486,2.4046013429760933,1.2368651740252972,2.555267684161663,1.3309539146721363,,,,,,14,,,19,,20,,6,batch-atom,
pipesworld-notankage,p46-net5-b26-g6.pddl,concrete,timed out,1800.1389468200505,concrete_asp,,,,,,2.445690907537937,,2.513566229492426,,,,,,,,,,,21,,22,,,
pipesworld-notankage,p47-net5-b28-g5.pddl,abstract,timed out,1800.1367727853358,abstract_asp,,1.6540573872625828,0.8776282928884029,0.04825275391340256,0.06143111735582352,2.8376302868127823,1.3351967185735703,2.92728628218174,1.4218888953328133,,,,,,14,,,21,,22,,7,batch-atom,
pipesworld-notankage,p47-net5-b28-g5.pddl,concrete,timed out,1800.152498524636,concrete_asp,,,,,,2.812094233930111,,2.8244387060403824,,,,,,,,,,,25,,26,,,
pipesworld-notankage,p48-net5-b28-g7.pddl,abstract,timed out,1800.1383884735405,abstract_asp,,1.4922951497137547,0.8583007864654064,0.048119232058525085,0.0635918602347374,2.756354972720146,1.2475399821996689,2.9050744138658047,1.3034385405480862,,,,,,14,,,20,,21,,6,batch-atom,
pipesworld-notankage,p48-net5-b28-g7.pddl,concrete,timed out,1800.1591854691505,concrete_asp,,,,,,2.8149223998188972,,2.844996016472578,,,,,,,,,,,25,,26,,,
pipesworld-notankage,p49-net5-b30-g6.pddl,abstract,timed out,1800.1441150531173,abstract_asp,,1.5311376862227917,1.001521348953247,0.04717162996530533,0.06782235577702522,3.111292839050293,1.6451449021697044,3.327954962849617,1.7260021604597569,,,,,,14,,,18,,19,,6,batch-atom,
pipesworld-notankage,p49-net5-b30-g6.pddl,concrete,timed out,1800.1412867084146,concrete_asp,,,,,,3.1480863988399506,,3.228118173778057,,,,,,,,,,,17,,18,,,
pipesworld-notankage,p50-net5-b30-g8.pddl,abstract,timed out,1800.1456616073847,abstract_asp,,1.4976117089390755,1.0066153965890408,0.0467047318816185,0.06872603297233582,3.1911093667149544,1.690272107720375,3.3229668214917183,1.7406568564474583,,,,,,14,,,21,,22,,6,batch-atom,
pipesworld-notankage,p50-net5-b30-g8.pddl,concrete,timed out,1800.1468862704933,concrete_asp,,,,,,3.1653240360319614,,3.238754775375128,,,,,,,,,,,20,,21,,,
pipesworld-tankage,p03-net1-b8-g3-t80.pddl,abstract,success,5.8984907977283,total,4.904205,2.028357,0.253377,0.052064,0.057217,0.400124,0.317001,0.20969,0.127438,0.592268,0.810887,,17,14,8,0,0,8,17,9,1,2,tank-slot,
pipesworld-tankage,p03-net1-b8-g3-t80.pddl,concrete,success,1.9911935217678547,total,1.474055,,,,,0.367073,,0.211647,,,0.883453,,8,8,,,,,8,,9,,,
pipesworld-tankage,p04-net1-b8-g5-t80.pddl,abstract,success,11.62896577641368,total,10.950637,1.564803,0.228199,0.053143,0.056361,0.362003,0.329409,0.20832,0.144521,6.933463,1.005082,,23,19,8,0,0,11,23,12,1,2,tank-slot,
pipesworld-tankage,p04-net1-b8-g5-t80.pddl,concrete,success,11.781953200697899,total,11.272835,,,,,0.365555,,0.203215,,,10.691524,,11,11,,,,,11,,12,,,
pipesworld-tankage,p05-net1-b10-g4-t50.pddl,abstract,success,5.213075015693903,total,4.536842,1.543471,0.236268,0.042087,0.056874,0.38673,0.345535,0.244085,0.176986,0.544357,0.910019,,15,13,14,0,0,7,15,8,1,2,batch-atom,
pipesworld-tankage,p05-net1-b10-g4-t50.pddl,concrete,success,1.9626755341887474,total,1.468391,,,,,0.388158,,0.239756,,,0.830551,,8,8,,,,,8,,9,,,
pipesworld-tankage,p06-net1-b10-g6-t50.pddl,abstract,success,8.81416754052043,total,8.134095,1.526727,0.233552,0.041087,0.057487,0.386071,0.34539,0.241308,0.162216,3.94585,1.136996,,21,20,8,0,0,10,21,11,1,2,tank-slot,
pipesworld-tankage,p06-net1-b10-g6-t50.pddl,concrete,success,10.166266892105341,total,9.644759,,,,,0.388832,,0.244051,,,8.996693,,10,10,,,,,10,,11,,,
pipesworld-tankage,p07-net1-b12-g5-t80.pddl,abstract,success,14.037183813750744,total,13.030042,1.923812,0.443042,0.074319,0.060192,0.862028,0.667088,0.843816,0.550925,4.263266,3.258391,,17,15,8,0,0,8,17,9,1,3,tank-slot,
pipesworld-tankage,p07-net1-b12-g5-t80.pddl,concrete,success,8.797871425747871,total,8.2936,,,,,0.831426,,0.822856,,,6.626399,,8,8,,,,,8,,9,,,
pipesworld-tankage,p08-net1-b12-g7-t80.pddl,abstract,success,73.37948516756296,total,72.671383,1.531774,0.41761,0.074028,0.06202,0.855413,0.60746,0.840255,0.457671,63.190772,4.530634,,21,20,8,3,0,10,21,11,4,3,tank-slot,
pipesworld-tankage,p08-net1-b12-g7-t80.pddl,concrete,success,1304.496689967811,total,1303.964207,,,,,0.829774,,0.811781,,,1302.304019,,11,11,,,,,11,,12,,,
pipesworld-tankage,p09-net1-b14-g6-t50.pddl,abstract,success,428.6280765198171,total,427.887615,1.585898,0.459497,0.068729,0.059243,0.926259,0.552061,0.988494,0.527785,325.850868,96.715148,,29,29,14,5,0,14,29,15,6,3,batch-atom,
pipesworld-tankage,p09-net1-b14-g6-t50.pddl,concrete,timed out,1800.1194766163826,concrete_asp,,,,,,0.9545614831149578,,0.9868086911737919,,,,,,,,,,,15,,16,,,
pipesworld-tankage,p10-net1-b14-g8-t50.pddl,abstract,timed out,1800.1279063895345,abstract_asp,,1.9539955332875252,0.4785780571401119,0.06687745451927185,0.062008943408727646,0.953663032501936,0.7250750847160816,0.9944213032722473,0.6292875446379185,,,,,,8,,,16,,17,,3,tank-slot,
pipesworld-tankage,p10-net1-b14-g8-t50.pddl,concrete,timed out,1800.122481252998,concrete_asp,,,,,,0.9263997115194798,,0.9645788744091988,,,,,,,,,,,15,,16,,,
pipesworld-tankage,p11-net2-b10-g2-t30.pddl,abstract,timed out,1800.138000048697,abstract_solving,,1.5193201564252377,0.28388644754886627,0.04249899089336395,0.042082421481609344,0.49025725945830345,0.3064323887228966,0.4405694976449013,0.1337142325937748,1.6719414554536343,,,,,14,8,0,12,25,13,9,5,batch-atom,
pipesworld-tankage,p11-net2-b10-g2-t30.pddl,concrete,timed out,1800.1158200614154,concrete_asp,,,,,,0.4907682463526726,,0.4322642348706722,,,,,,,,,,,18,,19,,,
pipesworld-tankage,p12-net2-b10-g4-t60.pddl,abstract,timed out,1800.1285942252725,abstract_asp,,1.5344374440610409,0.37057564966380596,0.04448256269097328,0.05490735173225403,0.6865350194275379,0.5053575448691845,0.7244977448135614,0.4309093374758959,,,,,,8,,,20,,21,,4,tank-slot,
pipesworld-tankage,p12-net2-b10-g4-t60.pddl,concrete,timed out,1800.1222082860768,concrete_asp,,,,,,0.6695485971868038,,0.7098073437809944,,,,,,,,,,,18,,19,,,
pipesworld-tankage,p13-net2-b12-g3-t70.pddl,abstract,success,457.8846301622689,total,456.841957,1.911068,0.465732,0.057557,0.056495,0.893485,0.538465,0.992432,0.52653,12.361567,438.860828,,29,28,14,10,0,14,29,15,11,4,batch-atom,
pipesworld-tankage,p13-net2-b12-g3-t70.pddl,concrete,success,741.4181899875402,total,740.866613,,,,,0.891089,,0.979615,,,738.974543,,16,16,,,,,16,,17,,,
pipesworld-tankage,p14-net2-b12-g5-t30.pddl,abstract,timed out,1800.1459081210196,abstract_solving,,1.9285527020692825,0.3596310205757618,0.0430118553340435,0.05486266314983368,0.6376870237290859,0.46429893001914024,0.6323615796864033,0.41176076605916023,95.90961423516273,,,,,14,11,0,20,41,21,12,3,batch-atom,
pipesworld-tankage,p14-net2-b12-g5-t30.pddl,concrete,timed out,1800.1211658529937,concrete_asp,,,,,,0.6346823573112488,,0.6135145574808121,,,,,,,,,,,20,,21,,,
pipesworld-tankage,p15-net2-b14-g4-t30.pddl,abstract,timed out,1800.1402169205248,abstract_solving,,2.0265342462807894,0.3678153231739998,0.04716111160814762,0.05596483126282692,0.6683122478425503,0.429358784109354,0.6250677797943354,0.3561162445694208,6.7220125161111355,,,,,14,12,0,16,33,17,13,4,batch-atom,
pipesworld-tankage,p15-net2-b14-g4-t30.pddl,concrete,timed out,1800.1231093220413,concrete_asp,,,,,,0.6079453155398369,,0.6141678057610989,,,,,,,,,,,20,,21,,,
pipesworld-tankage,p16-net2-b14-g6-t80.pddl,abstract,timed out,1800.1057180594653,abstract_asp,,2.0293909646570683,0.6458159629255533,0.0879597719758749,0.06867454573512077,1.1971274930983782,1.015973148867488,1.4990520887076855,1.143811371177435,,,,,,8,,,24,,25,,6,tank-slot,
pipesworld-tankage,p16-net2-b14-g6-t80.pddl,concrete,timed out,1800.1460629850626,concrete_asp,,,,,,1.189505286514759,,1.4421590529382229,,,,,,,,,,,23,,24,,,
pipesworld-tankage,p17-net2-b16-g5-t20.pddl,abstract,timed out,1800.138227019459,abstract_solving,,2.025998469442129,0.4058050476014614,0.052879609167575836,0.056664831936359406,0.7374061122536659,0.5627953186631203,0.7749827094376087,0.550132866948843,211.0640607662499,,,,,14,15,0,18,37,19,16,3,batch-atom,
pipesworld-tankage,p17-net2-b16-g5-t20.pddl,concrete,timed out,1800.075551468879,concrete_asp,,,,,,0.7302545979619026,,0.7550908513367176,,,,,,,,,,,19,,20,,,
pipesworld-tankage,p18-net2-b16-g7-t60.pddl,abstract,timed out,1800.1500315442681,abstract_solving,,1.553376704454422,0.6589055582880974,0.07946373149752617,0.06703699752688408,1.2804171703755856,0.9891802817583084,1.7008923329412937,1.2148606665432453,1746.7723202705383,,,,,14,15,0,20,41,21,16,3,batch-atom,
pipesworld-tankage,p18-net2-b16-g7-t60.pddl,concrete,timed out,1800.144747596234,concrete_asp,,,,,,1.30994226410985,,1.669153355062008,,,,,,,,,,,18,,19,,,
pipesworld-tankage,p19-net2-b18-g6-t60.pddl,abstract,timed out,1800.1350201256573,abstract_asp,,1.93211055919528,0.7756168246269226,0.08761778101325035,0.06582124531269073,1.5928579978644848,1.0914858393371105,2.0454151406884193,1.3299239873886108,,,,,,14,,,20,,21,,5,batch-atom,
pipesworld-tankage,p19-net2-b18-g6-t60.pddl,concrete,timed out,1800.1458513848484,concrete_asp,,,,,,1.5931920483708382,,1.9822681657969952,,,,,,,,,,,18,,19,,,
pipesworld-tankage,p20-net2-b18-g8-t90.pddl,abstract,timed out,1800.1771424748003,abstract_asp,,1.5597075410187244,1.2496183477342129,0.12497792392969131,0.09156756848096848,2.739763781428337,2.4208052307367325,3.7074085101485252,3.09218218550086,,,,,,8,,,19,,20,,5,tank-slot,
pipesworld-tankage,p20-net2-b18-g8-t90.pddl,concrete,timed out,1800.1699843555689,concrete_asp,,,,,,2.782817855477333,,3.6033311747014523,,,,,,,,,,,19,,20,,,
pipesworld-tankage,p21-net3-b12-g2-t60.pddl,abstract,success,13.168086126446724,total,12.447832,1.516842,0.425055,0.06528,0.066726,0.85242,0.554718,0.897214,0.542027,1.785556,5.629414,,21,21,14,7,0,10,21,11,8,3,batch-atom,
pipesworld-tankage,p21-net3-b12-g2-t60.pddl,concrete,success,16.674414955079556,total,16.008977,,,,,0.843414,,0.888507,,,14.258052,,14,14,,,,,14,,15,,,
pipesworld-tankage,p22-net3-b12-g4-t60.pddl,abstract,timed out,1800.104579783976,abstract_asp,,1.9362575933337212,0.4509677290916443,0.061503466218709946,0.07042653486132622,0.8585503809154034,0.7979320175945759,0.8886656537652016,0.736573588103056,,,,,,8,,,22,,23,,2,tank-slot,
pipesworld-tankage,p22-net3-b12-g4-t60.pddl,concrete,timed out,1800.1255726143718,concrete_asp,,,,,,0.8569544963538647,,0.8739088624715805,,,,,,,,,,,23,,24,,,
pipesworld-tankage,p23-net3-b14-g3-t60.pddl,abstract,timed out,1800.1635713651776,abstract_solving,,1.7020388282835484,0.8012851923704147,0.07634449377655983,0.07479885593056679,1.6693754643201828,0.7875509709119797,2.072361033409834,0.854233630001545,397.5046136826277,,,,,14,9,0,15,31,16,10,5,batch-atom,
pipesworld-tankage,p23-net3-b14-g3-t60.pddl,concrete,timed out,1800.1402945369482,concrete_asp,,,,,,1.706248253583908,,2.0128412768244743,,,,,,,,,,,17,,18,,,
pipesworld-tankage,p24-net3-b14-g5-t60.pddl,abstract,timed out,1800.1266243755817,abstract_asp,,1.9574445895850658,0.8162652403116226,0.06904034689068794,0.07723111659288406,1.6668637581169605,0.9362117126584053,2.0871630907058716,1.1065843850374222,,,,,,14,,,18,,19,,4,batch-atom,
pipesworld-tankage,p24-net3-b14-g5-t60.pddl,concrete,timed out,1800.141453795135,concrete_asp,,,,,,1.6895089522004128,,2.074873860925436,,,,,,,,,,,18,,19,,,
pipesworld-tankage,p25-net3-b16-g5-t60.pddl,abstract,timed out,1800.1750265583396,abstract_asp,,1.9109884649515152,1.4995075948536396,0.09279502555727959,0.09344804659485817,3.1173569709062576,2.7761493287980556,4.0320203974843025,3.0626836456358433,,,,,,8,,,18,,19,,5,tank-slot,
pipesworld-tankage,p25-net3-b16-g5-t60.pddl,concrete,timed out,1800.1621879674494,concrete_asp,,,,,,3.1343679912388325,,3.9368637688457966,,,,,,,,,,,16,,17,,,
pipesworld-tankage,p26-net3-b16-g7-t70.pddl,abstract,timed out,1800.1186209954321,abstract_asp,,1.5719254799187183,1.691197708249092,0.11072623357176781,0.0985695905983448,3.719639152288437,3.2384616546332836,4.800102774053812,3.6439416967332363,,,,,,8,,,17,,18,,6,tank-slot,
pipesworld-tankage,p26-net3-b16-g7-t70.pddl,concrete,timed out,1800.161790780723,concrete_asp,,,,,,3.7636926136910915,,4.660913173109293,,,,,,,,,,,15,,16,,,
pipesworld-tankage,p27-net3-b18-g6-t70.pddl,abstract,timed out,1800.164072636515,abstract_asp,,1.570832945406437,1.553502257913351,0.10427353531122208,0.10134722664952278,3.490512292832136,2.78137269243598,4.351104307919741,3.1193174235522747,,,,,,8,,,16,,17,,4,tank-slot,
pipesworld-tankage,p27-net3-b18-g6-t70.pddl,concrete,timed out,1800.1713785901666,concrete_asp,,,,,,3.5142589546740055,,4.205959785729647,,,,,,,,,,,16,,17,,,
pipesworld-tankage,p28-net3-b18-g7-t70.pddl,abstract,timed out,1800.169556595385,abstract_asp,,1.584030780941248,1.5493552722036839,0.10401072725653648,0.1039620153605938,3.4855367802083492,2.8706858679652214,4.311551291495562,3.23090498149395,,,,,,8,,,17,,18,,4,tank-slot,
pipesworld-tankage,p28-net3-b18-g7-t70.pddl,concrete,timed out,1800.1747027486563,concrete_asp,,,,,,3.437435921281576,,4.232792049646378,,,,,,,,,,,17,,18,,,
pipesworld-tankage,p29-net3-b20-g6-t70.pddl,abstract,timed out,1800.1738548316061,abstract_asp,,1.6151832304894924,2.20882586017251,0.13932446390390396,0.10652545839548111,5.018797714263201,3.126852583140135,6.467666149139404,4.099437240511179,,,,,,14,,,17,,18,,4,batch-atom,
pipesworld-tankage,p29-net3-b20-g6-t70.pddl,concrete,timed out,1800.1717931814492,concrete_asp,,,,,,5.076747510582209,,6.256196770817041,,,,,,,,,,,15,,16,,,
pipesworld-tankage,p30-net3-b20-g8-t70.pddl,abstract,timed out,1800.1804824247956,abstract_asp,,1.5897472761571407,2.532013811171055,0.14011623337864876,0.11228111758828163,5.331183049827814,3.8122469037771225,6.918414641171694,4.36737297475338,,,,,,8,,,15,,16,,6,tank-slot,
pipesworld-tankage,p30-net3-b20-g8-t70.pddl,concrete,timed out,1800.1685726046562,concrete_asp,,,,,,5.443806134164333,,6.663687232881784,,,,,,,,,,,14,,15,,,
pipesworld-tankage,p32-net4-b14-g5-t30.pddl,abstract,timed out,1800.1035191863775,abstract_asp,,1.7159301228821278,0.6223238371312618,0.052663564682006836,0.0685836412012577,1.2469802163541317,0.8950624130666256,1.5030118562281132,0.9714495800435543,,,,,,14,,,20,,21,,3,batch-atom,
pipesworld-tankage,p32-net4-b14-g5-t30.pddl,concrete,timed out,1800.118680831045,concrete_asp,,,,,,1.2328773848712444,,1.4771301709115505,,,,,,,,,,,17,,18,,,
pipesworld-tankage,p33-net4-b16-g5-t60.pddl,abstract,timed out,1800.1313839256763,abstract_asp,,1.6024253778159618,0.9565637223422527,0.08137442171573639,0.08217858895659447,1.8722659759223461,1.4271605499088764,2.500652853399515,1.7766550593078136,,,,,,14,,,19,,20,,4,batch-atom,
pipesworld-tankage,p33-net4-b16-g5-t60.pddl,concrete,timed out,1800.1438683532178,concrete_asp,,,,,,1.9325061552226543,,2.5056614242494106,,,,,,,,,,,18,,19,,,
pipesworld-tankage,p34-net4-b16-g6-t60.pddl,abstract,timed out,1800.1327392831445,abstract_asp,,1.6118624322116375,1.179722722619772,0.1048431247472763,0.08805714547634125,2.4628010913729668,1.4180460684001446,3.3019953556358814,1.7554069459438324,,,,,,14,,,18,,19,,5,batch-atom,
pipesworld-tankage,p34-net4-b16-g6-t60.pddl,concrete,timed out,1800.1492809653282,concrete_asp,,,,,,2.5257612578570843,,3.2397048138082027,,,,,,,,,,,15,,16,,,
pipesworld-tankage,p35-net4-b18-g4-t90.pddl,abstract,timed out,1800.1836484447122,abstract_asp,,1.7741438075900078,3.1284118182957172,0.17046669870615005,0.12167135998606682,6.93146125972271,6.093826878815889,8.89804919064045,6.950507614761591,,,,,,8,,,12,,13,,5,tank-slot,
pipesworld-tankage,p35-net4-b18-g4-t90.pddl,concrete,timed out,1800.1713436320424,concrete_asp,,,,,,6.951412323862314,,8.658129133284092,,,,,,,,,,,12,,13,,,
pipesworld-tankage,p36-net4-b18-g6-t90.pddl,abstract,timed out,1800.1685224324465,abstract_asp,,2.104766510426998,3.1446399316191673,0.17459582164883614,0.12357943877577782,6.717675074934959,5.67541803792119,8.838121891021729,6.863020747900009,,,,,,8,,,13,,14,,5,tank-slot,
pipesworld-tankage,p36-net4-b18-g6-t90.pddl,concrete,timed out,1800.1700244098902,concrete_asp,,,,,,6.79485846310854,,8.603316728025675,,,,,,,,,,,13,,14,,,
pipesworld-tankage,p37-net4-b20-g5-t60.pddl,abstract,timed out,1800.1574028916657,abstract_asp,,1.5799803510308266,2.0879665054380894,0.12795734405517578,0.12119196355342865,4.65348968282342,3.0905445218086243,6.18078139424324,4.252493221312761,,,,,,14,,,12,,13,,5,batch-atom,
pipesworld-tankage,p37-net4-b20-g5-t60.pddl,concrete,timed out,1800.1639990732074,concrete_asp,,,,,,4.647035699337721,,6.058624245226383,,,,,,,,,,,12,,13,,,
pipesworld-tankage,p38-net4-b20-g7-t60.pddl,abstract,timed out,1800.172308973968,abstract_asp,,2.0187336951494217,2.1469276063144207,0.12443665415048599,0.09793480858206749,4.69977130740881,3.102036476135254,6.165889777243137,4.246084298938513,,,,,,14,,,11,,12,,5,batch-atom,
pipesworld-tankage,p38-net4-b20-g7-t60.pddl,concrete,timed out,1800.1578663475811,concrete_asp,,,,,,4.65382943302393,,5.9844011552631855,,,,,,,,,,,12,,13,,,
pipesworld-tankage,p39-net4-b22-g7-t50.pddl,abstract,timed out,1800.1748843304813,abstract_asp,,1.9904702305793762,2.995167251676321,0.13583233207464218,0.10405804589390755,6.4889917075634,4.032133381813765,8.531122341752052,5.308283567428589,,,,,,14,,,13,,14,,5,batch-atom,
pipesworld-tankage,p39-net4-b22-g7-t50.pddl,concrete,timed out,1800.1811735779047,concrete_asp,,,,,,6.6240997314453125,,8.31742837280035,,,,,,,,,,,11,,12,,,
pipesworld-tankage,p40-net4-b22-g8-t50.pddl,abstract,timed out,1800.181169230491,abstract_asp,,2.051532942801714,2.974992834031582,0.1321147046983242,0.10779204964637756,6.608653359115124,4.452605418860912,8.5351277962327,5.9937849417328835,,,,,,14,,,12,,13,,4,batch-atom,
pipesworld-tankage,p40-net4-b22-g8-t50.pddl,concrete,timed out,1800.1876286566257,concrete_asp,,,,,,6.415267385542393,,8.2820935677737,,,,,,,,,,,12,,13,,,
pipesworld-tankage,p41-net5-b22-g2-t20.pddl,abstract,success,94.08559575304389,total,92.718718,2.06266,1.443935,0.07084,0.089267,3.060222,1.778607,4.068001,2.205829,45.650101,31.930146,,23,23,14,7,0,11,23,12,8,6,batch-atom,
pipesworld-tankage,p41-net5-b22-g2-t20.pddl,concrete,timed out,1800.140573155135,concrete_asp,,,,,,3.064209211617708,,3.965025793761015,,,,,,,,,,,13,,14,,,
pipesworld-tankage,p42-net5-b22-g4-t50.pddl,abstract,timed out,1800.1980075836182,abstract_asp,,1.7804955653846264,3.977198950946331,0.19298672303557396,0.13849924877285957,8.650385573506355,5.115393776446581,11.645710088312626,6.826741870492697,,,,,,14,,,16,,17,,6,batch-atom,
pipesworld-tankage,p42-net5-b22-g4-t50.pddl,concrete,timed out,1800.1998984515667,concrete_asp,,,,,,8.605267841368914,,11.231423299759626,,,,,,,,,,,17,,18,,,
pipesworld-tankage,p43-net5-b24-g3-t80.pddl,abstract,timed out,1800.1955776009709,abstract_asp,,2.145775493234396,9.010051995515823,0.2262313812971115,0.17552894912660122,20.469023635610938,7.031658636406064,26.35616429708898,9.703233057633042,,,,,,14,,,13,,14,,8,batch-atom,
pipesworld-tankage,p43-net5-b24-g3-t80.pddl,concrete,timed out,1800.280296497047,concrete_asp,,,,,,20.41079969704151,,25.55197384953499,,,,,,,,,,,13,,14,,,
pipesworld-tankage,p44-net5-b24-g5-t80.pddl,abstract,timed out,1800.1738091818988,abstract_asp,,2.018936153501272,9.065401796251535,0.24872632324695587,0.17236170172691345,20.32173516601324,7.078021824359894,26.3025697208941,9.521651916205883,,,,,,14,,,13,,14,,8,batch-atom,
pipesworld-tankage,p44-net5-b24-g5-t80.pddl,concrete,timed out,1800.3013794608414,concrete_asp,,,,,,20.710571844130754,,25.88584391772747,,,,,,,,,,,15,,16,,,
pipesworld-tankage,p45-net5-b26-g4-t50.pddl,abstract,timed out,1800.195389777422,abstract_asp,,2.0251384116709232,5.847610607743263,0.20295801386237144,0.15539759770035744,12.721651960164309,8.824591595679522,17.14782313629985,11.685930080711842,,,,,,14,,,13,,14,,6,batch-atom,
pipesworld-tankage,p45-net5-b26-g4-t50.pddl,concrete,timed out,1800.2185495719314,concrete_asp,,,,,,12.759470291435719,,16.77893713861704,,,,,,,,,,,16,,17,,,
pipesworld-tankage,p46-net5-b26-g6-t50.pddl,abstract,timed out,1800.2092035785317,abstract_asp,,1.8021323680877686,5.897427808493376,0.20360197126865387,0.1571747325360775,12.768797602504492,8.969244100153446,17.156003426760435,11.698075965046883,,,,,,14,,,14,,15,,6,batch-atom,
pipesworld-tankage,p46-net5-b26-g6-t50.pddl,concrete,timed out,1800.22012828663,concrete_asp,,,,,,12.73655341565609,,16.68284848704934,,,,,,,,,,,17,,18,,,
pipesworld-tankage,p47-net5-b28-g5-t50.pddl,abstract,timed out,1800.2163706049323,abstract_asp,,2.0294917933642864,7.2802837155759335,0.22169197723269463,0.1608922816812992,15.7792745269835,10.100551925599575,21.25314576551318,13.048855796456337,,,,,,14,,,14,,15,,7,batch-atom,
pipesworld-tankage,p47-net5-b28-g5-t50.pddl,concrete,timed out,1800.2511357180774,concrete_asp,,,,,,15.65534408763051,,20.58644213154912,,,,,,,,,,,15,,16,,,
pipesworld-tankage,p48-net5-b28-g7-t50.pddl,abstract,timed out,1800.2068852186203,abstract_asp,,1.9673457704484463,7.22906506434083,0.21812035888433456,0.18451478704810143,15.730704046785831,8.928346082568169,21.361540485173464,12.126445394009352,,,,,,14,,,13,,14,,6,batch-atom,
pipesworld-tankage,p48-net5-b28-g7-t50.pddl,concrete,timed out,1800.2525621838868,concrete_asp,,,,,,15.760312512516975,,20.66290272772312,,,,,,,,,,,16,,17,,,
pipesworld-tankage,p49-net5-b30-g6-t50.pddl,abstract,timed out,1800.2564195282757,abstract_asp,,2.154593512415886,8.49196995422244,0.2273535095155239,0.17313546687364578,18.37388528510928,12.932956706732512,24.85583658888936,17.758846126496792,,,,,,14,,,13,,14,,6,batch-atom,
pipesworld-tankage,p49-net5-b30-g6-t50.pddl,concrete,timed out,1800.2735656946898,concrete_asp,,,,,,18.328884836286306,,24.010943934321404,,,,,,,,,,,12,,13,,,
pipesworld-tankage,p50-net5-b30-g8-t50.pddl,abstract,timed out,1800.2371181249619,abstract_asp,,2.119117073714733,8.517328787595034,0.23601741716265678,0.1713310033082962,19.005250092595816,13.112186290323734,25.141146637499332,17.92636327445507,,,,,,14,,,16,,17,,6,batch-atom,
pipesworld-tankage,p50-net5-b30-g8-t50.pddl,concrete,timed out,1800.2154561839998,concrete_asp,,,,,,18.386124286800623,,24.03590550273657,,,,,,,,,,,16,,17,,,
satellite,p01-pfile1.pddl,abstract,success,3.357507850974798,total,2.435191,1.710403,0.134727,0.010447,0.032409,0.21699,0.181796,0.009645,0.005498,0.032596,0.062058,,9,9,1,3,0,4,9,5,4,3,object,
satellite,p01-pfile1.pddl,concrete,success,1.314456146210432,total,0.349169,,,,,0.250021,,0.011252,,,0.074183,,9,9,,,,,9,,10,,,
satellite,p02-pfile2.pddl,abstract,success,2.710698716342449,total,2.065582,1.3112,0.111866,0.013393,0.036448,0.190581,0.183417,0.009919,0.006079,0.046223,0.116222,,13,13,1,5,0,6,13,7,6,4,object,
satellite,p02-pfile2.pddl,concrete,success,1.4178624711930752,total,0.452664,,,,,0.256048,,0.00973,,,0.17416,,13,13,,,,,13,,14,,,
satellite,p04-pfile4.pddl,abstract,success,8.59192455559969,total,7.941771,1.331812,0.118904,0.014662,0.061948,0.200803,0.194124,0.019578,0.013134,5.664095,0.277966,,27,26,1,3,0,13,27,14,4,3,object,
satellite,p04-pfile4.pddl,concrete,success,9.5666482783854,total,8.599856,,,,,0.267079,,0.018951,,,8.300912,,17,17,,,,,17,,18,,,
satellite,p05-pfile5.pddl,abstract,success,35.21614307910204,total,34.557451,1.3613,0.127928,0.02253,0.117523,0.219003,0.212669,0.030544,0.023467,32.033739,0.358488,,25,24,1,0,0,12,25,13,1,2,object,
satellite,p05-pfile5.pddl,concrete,success,68.97528307884932,total,67.999274,,,,,0.281516,,0.029818,,,67.674469,,15,15,,,,,15,,16,,,
satellite,p06-pfile6.pddl,abstract,success,58.68612431362271,total,58.023359,1.343754,0.125699,0.015521,0.103895,0.214386,0.208504,0.030201,0.023535,55.411516,0.481025,,33,32,1,0,0,16,33,17,1,2,object,
satellite,p06-pfile6.pddl,concrete,success,135.33324232697487,total,134.357715,,,,,0.278364,,0.031369,,,134.033913,,20,20,,,,,20,,21,,,
satellite,p07-pfile7.pddl,abstract,timed out,1800.1152626480907,abstract_asp,,1.5332927592098713,0.14509348012506962,0.02305169217288494,0.13349339552223682,0.24571934901177883,0.21972167119383812,0.05283947102725506,0.031103113666176796,,,,,,1,,,14,,15,,3,object,
satellite,p07-pfile7.pddl,concrete,timed out,1800.1080745887011,concrete_asp,,,,,,0.29704299196600914,,0.045290881767868996,,,,,,,,,,,17,,18,,,
satellite,p08-pfile8.pddl,abstract,timed out,1800.1141192987561,abstract_asp,,1.9005705639719963,0.17938240990042686,0.025162260979413986,0.18129007145762444,0.30346010252833366,0.24294671788811684,0.07198566570878029,0.04977200925350189,,,,,,1,,,15,,16,,3,object,
satellite,p08-pfile8.pddl,concrete,timed out,1800.107793642208,concrete_asp,,,,,,0.32342519238591194,,0.0686755832284689,,,,,,,,,,,16,,17,,,
satellite,p10-pfile10.pddl,abstract,timed out,1800.1128798089921,abstract_asp,,1.8628870770335197,0.18962686508893967,0.027693018317222595,0.27851008623838425,0.3338061049580574,0.25271422043442726,0.10641642659902573,0.05877898633480072,,,,,,1,,,15,,16,,5,object,
satellite,p10-pfile10.pddl,concrete,timed out,1800.1094548553228,concrete_asp,,,,,,0.3602198511362076,,0.1045805886387825,,,,,,,,,,,16,,17,,,
satellite,p11-pfile11.pddl,abstract,timed out,1800.117579266429,abstract_asp,,1.891087744385004,0.20853683352470398,0.0275849848985672,0.3016045615077019,0.37176867946982384,0.30879097431898117,0.14064551517367363,0.0960119403898716,,,,,,1,,,17,,18,,4,object,
satellite,p11-pfile11.pddl,concrete,timed out,1800.1112655885518,concrete_asp,,,,,,0.3849884010851383,,0.13463867455720901,,,,,,,,,,,19,,20,,,
satellite,p12-pfile12.pddl,abstract,timed out,1800.1159738264978,abstract_asp,,1.6936704441905022,0.22346997633576393,0.03231815621256828,0.3549533188343048,0.4112108573317528,0.31757809966802597,0.23177526146173477,0.13193807750940323,,,,,,1,,,17,,18,,6,object,
satellite,p12-pfile12.pddl,concrete,timed out,1800.110125593841,concrete_asp,,,,,,0.4584420695900917,,0.21098404005169868,,,,,,,,,,,20,,21,,,
satellite,p13-pfile13.pddl,abstract,timed out,1800.1177782006562,abstract_asp,,1.7255300395190716,0.2619022764265537,0.03382121026515961,0.40938249602913857,0.49159635975956917,0.39914343506097794,0.30853167548775673,0.20158664137125015,,,,,,1,,,17,,18,,6,object,
satellite,p13-pfile13.pddl,concrete,timed out,1800.1162774972618,concrete_asp,,,,,,0.5361139550805092,,0.3003062382340431,,,,,,,,,,,20,,21,,,
satellite,p14-pfile14.pddl,abstract,timed out,1800.1177948117256,abstract_asp,,1.7284811660647392,0.24386582896113396,0.034315384924411774,0.41168636456131935,0.4732539840042591,0.36685945093631744,0.2605103589594364,0.17501234263181686,,,,,,1,,,15,,16,,5,object,
satellite,p14-pfile14.pddl,concrete,timed out,1800.1142172962427,concrete_asp,,,,,,0.5012308359146118,,0.25751084089279175,,,,,,,,,,,15,,16,,,
satellite,p15-pfile15.pddl,abstract,timed out,1800.1344910226762,abstract_asp,,1.743078138679266,0.2608376294374466,0.09559186175465584,0.5163276493549347,0.5489131845533848,0.41694580763578415,0.3456059619784355,0.2307881899178028,,,,,,1,,,15,,16,,5,object,
satellite,p15-pfile15.pddl,concrete,timed out,1800.1132201217115,concrete_asp,,,,,,0.5755839310586452,,0.34211210533976555,,,,,,,,,,,16,,17,,,
satellite,p16-pfile16.pddl,abstract,timed out,1800.1224867589772,abstract_asp,,2.024722434580326,0.3360858988016844,0.04909356310963631,0.5859654471278191,0.6830727122724056,0.48831423930823803,0.4398789722472429,0.26079631596803665,,,,,,1,,,14,,15,,6,object,
satellite,p16-pfile16.pddl,concrete,timed out,1800.115885850042,concrete_asp,,,,,,0.6743549183011055,,0.4387413337826729,,,,,,,,,,,14,,15,,,
satellite,p17-pfile17.pddl,abstract,timed out,1800.121497374028,abstract_asp,,1.8944970481097698,0.35562147572636604,0.0476619191467762,0.6863607428967953,0.75051099807024,0.533452145755291,0.5147261060774326,0.33660994097590446,,,,,,1,,,13,,14,,5,object,
satellite,p17-pfile17.pddl,concrete,timed out,1800.1153544448316,concrete_asp,,,,,,0.7693997137248516,,0.5219828151166439,,,,,,,,,,,13,,14,,,
satellite,p18-pfile18.pddl,abstract,timed out,1800.1011728830636,abstract_asp,,1.3445281758904457,0.2089790366590023,0.03762127086520195,0.3714169077575207,0.39409830421209335,0.3147309981286526,0.21460693702101707,0.1077040508389473,,,,,,1,,,16,,17,,8,object,
satellite,p18-pfile18.pddl,concrete,timed out,1800.1158547885716,concrete_asp,,,,,,0.46448827162384987,,0.21332469582557678,,,,,,,,,,,18,,19,,,
satellite,p19-pfile19.pddl,abstract,timed out,1800.1146301962435,abstract_asp,,2.024854898452759,0.2658522129058838,0.0504598543047905,0.6239910051226616,0.49585000798106194,0.367441363632679,0.2403106689453125,0.14570434764027596,,,,,,1,,,15,,16,,6,object,
satellite,p19-pfile19.pddl,concrete,timed out,1800.1165008582175,concrete_asp,,,,,,0.5178984440863132,,0.2281845025718212,,,,,,,,,,,17,,18,,,
satellite,p20-pfile20.pddl,abstract,timed out,1800.0198380351067,abstract_asp,,1.9123100936412811,0.26437680795788765,0.038485728204250336,0.8247556909918785,0.5028802677989006,0.43748967349529266,0.2411963902413845,0.21453702822327614,,,,,,1,,,16,,17,,2,object,
satellite,p20-pfile20.pddl,concrete,timed out,1800.1128843165934,concrete_asp,,,,,,0.5340975187718868,,0.2335069663822651,,,,,,,,,,,19,,20,,,
satellite,p21-HC-pfile1.pddl,abstract,timed out,1800.0680706761777,abstract_asp,,1.4132232181727886,0.37094707041978836,0.06640435755252838,0.44091796875,0.8228595666587353,0.4440471827983856,0.6470476053655148,0.24037299677729607,,,,,,1,,,14,,15,,17,object,
satellite,p21-HC-pfile1.pddl,concrete,timed out,1800.1307413317263,concrete_asp,,,,,,0.8675018846988678,,0.6375241950154305,,,,,,,,,,,14,,15,,,
satellite,p22-HC-pfile2.pddl,abstract,timed out,1800.1227329038084,abstract_asp,,1.4195494465529919,0.5078413747251034,0.11398307979106903,0.5884105935692787,1.0756756886839867,0.6427405588328838,0.9788620844483376,0.5023684352636337,,,,,,1,,,14,,15,,15,object,
satellite,p22-HC-pfile2.pddl,concrete,timed out,1800.132289674133,concrete_asp,,,,,,1.1289220936596394,,0.9398084729909897,,,,,,,,,,,16,,17,,,
satellite,p23-HC-pfile3.pddl,abstract,timed out,1800.1276525631547,abstract_asp,,1.5178717412054539,0.6684127040207386,0.08856457844376564,0.6929110623896122,1.5472321659326553,0.7448875457048416,1.3830095417797565,0.5407967306673527,,,,,,1,,,14,,15,,20,object,
satellite,p23-HC-pfile3.pddl,concrete,timed out,1800.132419962436,concrete_asp,,,,,,1.5508225187659264,,1.328887902200222,,,,,,,,,,,13,,14,,,
satellite,p24-HC-pfile4.pddl,abstract,timed out,1800.1408879943192,abstract_asp,,1.8717386610805988,1.1760246865451336,0.10812964290380478,0.987230334430933,2.7942450419068336,1.3953174240887165,2.5881999507546425,1.1475444696843624,,,,,,1,,,14,,15,,24,object,
satellite,p24-HC-pfile4.pddl,concrete,timed out,1800.146952740848,concrete_asp,,,,,,2.8922876082360744,,2.502056822180748,,,,,,,,,,,12,,13,,,
satellite,p25-HC-pfile5.pddl,abstract,timed out,1800.071733482182,abstract_asp,,1.5401990301907063,1.3590272888541222,0.12169987708330154,1.0138718262314796,3.3227539472281933,1.4827912710607052,2.9372014962136745,1.2556918784976006,,,,,,1,,,13,,14,,25,object,
satellite,p25-HC-pfile5.pddl,concrete,timed out,1800.0506758093834,concrete_asp,,,,,,3.331690192222595,,2.842616744339466,,,,,,,,,,,12,,13,,,
satellite,p26-HC-pfile6.pddl,abstract,timed out,1800.1563406735659,abstract_asp,,1.5177875459194183,1.3978732377290726,0.11231467127799988,1.293927852064371,3.4126738272607327,1.7955329604446888,3.0256649032235146,1.576521821320057,,,,,,1,,,14,,15,,20,object,
satellite,p26-HC-pfile6.pddl,concrete,timed out,1800.1519349515438,concrete_asp,,,,,,3.5092332288622856,,2.96294954046607,,,,,,,,,,,12,,13,,,
satellite,p27-HC-pfile7.pddl,abstract,timed out,1800.06454892084,abstract_asp,,1.5317415297031403,1.6385317780077457,0.10639788582921028,1.287667315453291,4.193891737610102,2.1466548144817352,3.7949218712747097,1.9137967117130756,,,,,,1,,,16,,17,,21,object,
satellite,p27-HC-pfile7.pddl,concrete,timed out,1800.167223174125,concrete_asp,,,,,,4.283582482486963,,3.64203779399395,,,,,,,,,,,17,,18,,,
satellite,p28-HC-pfile8.pddl,abstract,timed out,1800.1569236181676,abstract_asp,,1.6086593568325043,3.5989837162196636,0.19235821813344955,2.1673142202198505,8.87125999480486,3.773073226213455,7.373628206551075,3.415976580232382,,,,,,1,,,12,,13,,33,object,
satellite,p28-HC-pfile8.pddl,concrete,timed out,1800.1967219896615,concrete_asp,,,,,,8.785433884710073,,7.222095541656017,,,,,,,,,,,11,,12,,,
satellite,p29-HC-pfile9.pddl,abstract,timed out,1800.2178633958101,abstract_asp,,1.7349634543061256,5.334788631647825,0.15209447219967842,3.1232731230556965,12.502360928803682,8.123859316110611,11.19962490722537,7.192209105938673,,,,,,1,,,12,,13,,20,object,
satellite,p29-HC-pfile9.pddl,concrete,timed out,1800.228613447398,concrete_asp,,,,,,12.608628004789352,,10.831044994294643,,,,,,,,,,,11,,12,,,
satellite,p30-HC-pfile10.pddl,abstract,timed out,1800.2011519260705,abstract_asp,,2.031161792576313,7.632816910743713,0.2369268536567688,3.723600137978792,17.808468524366617,9.456922084093094,16.051458682864904,8.61280244588852,,,,,,1,,,12,,13,,32,object,
satellite,p30-HC-pfile10.pddl,concrete,timed out,1800.2893373705447,concrete_asp,,,,,,18.00012680143118,,15.48253646492958,,,,,,,,,,,11,,12,,,
satellite,p31-HC-pfile11.pddl,abstract,timed out,1800.304231274873,abstract_asp,,2.088281899690628,12.090550042688847,0.2419862486422062,5.718361467123032,27.80817486718297,18.62497916072607,24.9896009452641,16.060699500143528,,,,,,1,,,10,,11,,28,object,
satellite,p31-HC-pfile11.pddl,concrete,timed out,1800.3604573048651,concrete_asp,,,,,,27.848275408148766,,23.57283367961645,,,,,,,,,,,10,,11,,,
satellite,p32-HC-pfile12.pddl,abstract,timed out,1800.4506852664053,abstract_asp,,2.1761811673641205,21.036394856870174,0.3322620429098606,8.61927417293191,47.81060720235109,31.48668520525098,43.071491457521915,27.699951868504286,,,,,,1,,,12,,13,,38,object,
satellite,p32-HC-pfile12.pddl,concrete,timed out,1800.5202753283083,concrete_asp,,,,,,47.786749351769686,,41.43059864640236,,,,,,,,,,,10,,11,,,
satellite,p33-HC-pfile13.pddl,abstract,timed out,1800.5625537261367,abstract_asp,,1.873944018036127,32.679253935813904,0.4805956892669201,12.971518281847239,76.8139429166913,46.35628813877702,66.02041533589363,42.051522579044104,,,,,,1,,,9,,10,,48,object,
satellite,p33-HC-pfile13.pddl,concrete,running,0.0,concrete_asp,,,,,,77.05333613976836,,63.323593597859144,,,,,,,,,,,,,,,,
satellite,p34-HC-pfile14.pddl,abstract,timed out,1800.2352331727743,abstract_asp,,1.9756119661033154,6.670398976653814,0.3233642280101776,4.76422031596303,15.284968066960573,7.682220187038183,14.273809555917978,6.841422874480486,,,,,,1,,,15,,16,,61,object,
satellite,p34-HC-pfile14.pddl,concrete,timed out,1800.3222341835499,concrete_asp,,,,,,15.471171662211418,,13.780188769102097,,,,,,,,,,,15,,16,,,
satellite,p35-HC-pfile15.pddl,abstract,timed out,1800.299974873662,abstract_asp,,1.9160233736038208,10.913731552660465,0.31314317509531975,6.359969139099121,25.196309361606836,14.517507877200842,22.97019936516881,13.36385241523385,,,,,,1,,,13,,14,,46,object,
satellite,p35-HC-pfile15.pddl,concrete,timed out,1800.3579232990742,concrete_asp,,,,,,25.095102906227112,,22.117102526128292,,,,,,,,,,,11,,12,,,
satellite,p36-HC-pfile16.pddl,abstract,timed out,1800.3795592486858,abstract_asp,,2.1081374995410442,14.202440340071917,0.31903085857629776,7.391197770833969,32.29028286784887,20.157089605927467,28.774583093822002,18.05988136306405,,,,,,1,,,11,,12,,40,object,
satellite,p36-HC-pfile16.pddl,concrete,timed out,1800.3893376141787,concrete_asp,,,,,,32.039920303970575,,27.643089283257723,,,,,,,,,,,11,,12,,,
sokoban-sat11-strips,p13.pddl,abstract,timed out,1800.144328393042,abstract_asp,,1.9925987012684345,0.3280639126896858,0.41460589319467545,0.5235909149050713,0.3739483766257763,0.36773397773504257,0.23290497064590454,0.22592970356345177,,,,,,0,,,31,,32,,64,location,
sokoban-sat11-strips,p13.pddl,concrete,timed out,1800.133431982249,concrete_asp,,,,,,0.37619321420788765,,0.23914141580462456,,,,,,,,,,,31,,32,,,
sokoban-sat11-strips,p15.pddl,abstract,timed out,1800.1258429661393,abstract_asp,,1.6369244493544102,0.2519123926758766,0.39740772545337677,0.741821177303791,0.3035878539085388,0.2898508198559284,0.10024913772940636,0.09579796716570854,,,,,,0,,,63,,64,,57,location,
sokoban-sat11-strips,p15.pddl,concrete,timed out,1800.1163916029036,concrete_asp,,,,,,0.2815469913184643,,0.09593113511800766,,,,,,,,,,,63,,64,,,
sokoban-sat11-strips,p17.pddl,abstract,timed out,1800.1492274962366,abstract_asp,,1.6502980776131153,0.2440747171640396,0.3076768256723881,0.607977245002985,0.3040947876870632,0.29903650283813477,0.14752252399921417,0.13119517639279366,,,,,,0,,,47,,48,,50,location,
sokoban-sat11-strips,p17.pddl,concrete,timed out,1800.1356385834515,concrete_asp,,,,,,0.30656471103429794,,0.13097719848155975,,,,,,,,,,,47,,48,,,
sokoban-sat11-strips,p18.pddl,abstract,timed out,1800.1458577401936,abstract_asp,,1.565698303282261,0.25178087875247,0.3639754056930542,0.42539533600211143,0.271468099206686,0.26533912867307663,0.09692007675766945,0.0940411426126957,,,,,,0,,,42,,43,,67,location,
sokoban-sat11-strips,p18.pddl,concrete,timed out,1800.1288264784962,concrete_asp,,,,,,0.2762719299644232,,0.09472017176449299,,,,,,,,,,,42,,43,,,
sokoban-sat11-strips,p20.pddl,abstract,timed out,1800.1450205836445,abstract_asp,,1.5844768229871988,0.29981680773198605,0.21277317218482494,0.34451486356556416,0.5033451244235039,0.47495283000171185,0.4083779286593199,0.38288920745253563,,,,,,0,,,22,,23,,36,location,
sokoban-sat11-strips,p20.pddl,concrete,timed out,1800.1785939894617,concrete_asp,,,,,,0.49571075290441513,,0.38994795456528664,,,,,,,,,,,22,,23,,,
tpp,p02.pddl,abstract,success,2.5734263584017754,total,1.940506,1.313786,0.110988,0.008913,0.013963,0.182956,0.178845,0.005613,0.004449,0.038388,0.036546,,11,8,6,0,0,5,11,6,1,2,goods,
tpp,p02.pddl,concrete,success,1.0229535028338432,total,0.283749,,,,,0.212902,,0.007253,,,0.053382,,8,8,,,,,8,,9,,,
tpp,p03.pddl,abstract,success,3.3785163275897503,total,2.433828,1.714187,0.134817,0.010568,0.01405,0.215779,0.18163,0.007886,0.004468,0.031956,0.078982,,11,11,6,5,0,5,11,6,6,3,goods,
tpp,p03.pddl,concrete,success,1.0392675809562206,total,0.31151,,,,,0.214179,,0.006349,,,0.079246,,11,11,,,,,11,,12,,,
tpp,p04.pddl,abstract,success,3.650129970163107,total,2.639239,1.790406,0.1358,0.011286,0.013944,0.215251,0.179249,0.008593,0.004982,0.036248,0.091419,0.104126,14,14,6,5,3,5,14,6,9,4,goods,
tpp,p04.pddl,concrete,success,1.1286682710051537,total,0.386259,,,,,0.21399,,0.007221,,,0.153609,,14,14,,,,,14,,15,,,
tpp,p05.pddl,abstract,success,120.00615745410323,total,119.360753,1.333623,0.114619,0.015656,0.014554,0.189483,0.180688,0.010789,0.00534,0.05324,3.843845,113.545899,19,19,6,7,4,7,19,8,12,5,goods,
tpp,p05.pddl,concrete,success,42.229990147054195,total,41.458745,,,,,0.243481,,0.012352,,,41.190161,,19,19,,,,,19,,20,,,
tpp,p06.pddl,abstract,timed out,1800.1150330379605,abstract_solving,,1.7287230901420116,0.14757781475782394,0.01754990965127945,0.021627523005008698,0.23534277454018593,0.18996461480855942,0.03329368680715561,0.012535542249679565,0.13276565074920654,,,,,6,7,0,11,23,12,8,5,goods,
tpp,p06.pddl,concrete,timed out,1800.108281871304,concrete_asp,,,,,,0.23581582121551037,,0.032344499602913857,,,,,,,,,,,22,,23,,,
tpp,p07.pddl,abstract,success,27.411048065871,total,26.734509,1.330204,0.133126,0.035157,0.018342,0.209215,0.196496,0.035191,0.019798,15.41379,9.284227,,39,39,6,5,0,19,39,20,6,4,goods,
tpp,p07.pddl,concrete,timed out,1800.0577016063035,concrete_asp,,,,,,0.23847028613090515,,0.0345059297978878,,,,,,,,,,,23,,24,,,
tpp,p08.pddl,abstract,timed out,1800.114711817354,abstract_solving,,1.3461108952760696,0.13018271327018738,0.019653063267469406,0.021319016814231873,0.21076880767941475,0.19855036959052086,0.03936031088232994,0.021058816462755203,113.6158406920731,,,,,6,0,0,20,41,21,1,4,goods,
tpp,p08.pddl,concrete,timed out,1800.107628121972,concrete_asp,,,,,,0.24862834066152573,,0.04098067805171013,,,,,,,,,,,23,,24,,,
tpp,p09.pddl,abstract,timed out,1800.1139579191804,abstract_asp,,1.3999526090919971,0.1433345563709736,0.02754342183470726,0.022862490266561508,0.23318348079919815,0.2098005898296833,0.0666079893708229,0.031192246824502945,,,,,,6,,,20,,21,,5,goods,
tpp,p09.pddl,concrete,timed out,1800.1042615137994,concrete_asp,,,,,,0.2628060057759285,,0.06518280506134033,,,,,,,,,,,22,,23,,,
tpp,p10.pddl,abstract,timed out,1800.1104781106114,abstract_asp,,1.4044454991817474,0.14796818047761917,0.031190086156129837,0.0268436037003994,0.2408769130706787,0.20998092740774155,0.07407014444470406,0.03160158917307854,,,,,,6,,,17,,18,,6,goods,
tpp,p10.pddl,concrete,timed out,1800.1055524926633,concrete_asp,,,,,,0.2710087187588215,,0.07376630045473576,,,,,,,,,,,22,,23,,,
tpp,p11.pddl,abstract,timed out,1800.1225398778915,abstract_solving,,1.362820167094469,0.18311987817287445,0.021148033440113068,0.021683882921934128,0.26918773725628853,0.2255895435810089,0.12920406833291054,0.059722062200307846,34.622339710593224,,,,,6,5,0,18,37,19,6,4,goods,
tpp,p11.pddl,concrete,timed out,1800.109361488372,concrete_asp,,,,,,0.3056989535689354,,0.12874112278223038,,,,,,,,,,,23,,24,,,
tpp,p12.pddl,abstract,timed out,1800.0596101470292,abstract_asp,,1.3509984463453293,0.16704632714390755,0.023433763533830643,0.023029666393995285,0.28463219851255417,0.2420881725847721,0.151523657143116,0.08149606734514236,,,,,,6,,,22,,23,,4,goods,
tpp,p12.pddl,concrete,timed out,1800.1098930202425,concrete_asp,,,,,,0.29367024078965187,,0.14862892776727676,,,,,,,,,,,23,,24,,,
tpp,p13.pddl,abstract,timed out,1800.0586017221212,abstract_asp,,1.4596560597419739,0.2041362188756466,0.029635347425937653,0.028405427932739258,0.35654399171471596,0.28927333280444145,0.25296488404273987,0.13988767564296722,,,,,,6,,,19,,20,,4,goods,
tpp,p13.pddl,concrete,timed out,1800.1108912490308,concrete_asp,,,,,,0.3489617519080639,,0.24554652348160744,,,,,,,,,,,19,,20,,,
tpp,p14.pddl,abstract,timed out,1800.1123870797455,abstract_asp,,1.4869601763784885,0.21272484585642815,0.0330827422440052,0.033923644572496414,0.3731655552983284,0.23527631908655167,0.2846745476126671,0.06707822903990746,,,,,,3,,,23,,24,,4,truck,
tpp,p14.pddl,concrete,timed out,1800.1127901114523,concrete_asp,,,,,,0.4030940569937229,,0.27693798393011093,,,,,,,,,,,20,,21,,,
tpp,p15.pddl,abstract,timed out,1800.1187016740441,abstract_asp,,1.5022989623248577,0.22381223738193512,0.03743980824947357,0.031083930283784866,0.3962595984339714,0.3353480324149132,0.31307247281074524,0.17559191212058067,,,,,,6,,,20,,21,,5,goods,
tpp,p15.pddl,concrete,timed out,1800.0901760086417,concrete_asp,,,,,,0.4350389316678047,,0.30988001823425293,,,,,,,,,,,19,,20,,,
tpp,p16.pddl,abstract,timed out,1800.1199214681983,abstract_asp,,1.5103352293372154,0.3201221004128456,0.03772052377462387,0.039384566247463226,0.6067118905484676,0.4837879054248333,0.6547273620963097,0.4313335008919239,,,,,,6,,,19,,20,,4,goods,
tpp,p16.pddl,concrete,timed out,1800.118176408112,concrete_asp,,,,,,0.6517644338309765,,0.6427910439670086,,,,,,,,,,,22,,23,,,
tpp,p17.pddl,abstract,timed out,1800.1234930157661,abstract_asp,,1.5835448764264584,0.40062372758984566,0.05091350898146629,0.04544816166162491,0.7867348156869411,0.5531368479132652,0.8942675665020943,0.5278315059840679,,,,,,6,,,20,,21,,5,goods,
tpp,p17.pddl,concrete,timed out,1800.112970907241,concrete_asp,,,,,,0.8156957179307938,,0.8695015348494053,,,,,,,,,,,19,,20,,,
tpp,p18.pddl,abstract,timed out,1800.1227047853172,abstract_asp,,1.7314480803906918,0.43865855783224106,0.06345618143677711,0.038876041769981384,0.8508615233004093,0.46701130270957947,0.9920192696154118,0.41526519879698753,,,,,,6,,,18,,19,,8,goods,
tpp,p18.pddl,concrete,timed out,1800.1156836673617,concrete_asp,,,,,,0.8356602601706982,,0.9504728876054287,,,,,,,,,,,18,,19,,,
tpp,p19.pddl,abstract,timed out,1800.1230812966824,abstract_asp,,1.5660991333425045,0.4583900012075901,0.05929512158036232,0.04865272343158722,0.9055801257491112,0.6314982287585735,1.1235148049890995,0.6141673028469086,,,,,,6,,,19,,20,,6,goods,
tpp,p19.pddl,concrete,timed out,1800.1149151436985,concrete_asp,,,,,,0.8999768979847431,,1.0472657606005669,,,,,,,,,,,17,,18,,,
tpp,p20.pddl,abstract,timed out,1800.1157534439117,abstract_asp,,1.9469687398523092,0.5347292050719261,0.06063400022685528,0.05686746910214424,0.987872052937746,0.34461643546819687,1.156113712117076,0.21130745485424995,,,,,,3,,,23,,24,,5,truck,
tpp,p20.pddl,concrete,timed out,1800.1157681383193,concrete_asp,,,,,,0.9952245801687241,,1.1235982961952686,,,,,,,,,,,18,,19,,,
tpp,p21.pddl,abstract,timed out,1800.1204390488565,abstract_asp,,2.0302041843533516,0.7304180189967155,0.05911651998758316,0.06446182727813721,1.5540391877293587,0.39272255450487137,1.9276464506983757,0.28499313071370125,,,,,,3,,,25,,26,,6,truck,
tpp,p21.pddl,concrete,timed out,1800.1235672309995,concrete_asp,,,,,,1.4643570072948933,,1.8510462641716003,,,,,,,,,,,19,,20,,,
tpp,p22.pddl,abstract,timed out,1800.1288349665701,abstract_asp,,1.9727999083697796,0.7734235003590584,0.06131143495440483,0.0543636716902256,1.5941938646137714,0.9447373524308205,2.1046153642237186,1.086197517812252,,,,,,6,,,18,,19,,6,goods,
tpp,p22.pddl,concrete,timed out,1800.1226315386593,concrete_asp,,,,,,1.547875165939331,,2.0500373542308807,,,,,,,,,,,18,,19,,,
tpp,p23.pddl,abstract,timed out,1800.1242002658546,abstract_asp,,2.018161926418543,0.8176618963479996,0.06811169162392616,0.06662071868777275,1.704145658761263,0.42238709703087807,2.219846736639738,0.3313160352408886,,,,,,3,,,24,,25,,6,truck,
tpp,p23.pddl,concrete,timed out,1800.130706537515,concrete_asp,,,,,,1.7115503028035164,,2.1515450067818165,,,,,,,,,,,19,,20,,,
tpp,p24.pddl,abstract,timed out,1800.1230979301035,abstract_asp,,2.100968658924103,0.8676087930798531,0.07073385640978813,0.07275548949837685,1.7837799526751041,0.454405315220356,2.3918284326791763,0.35637496784329414,,,,,,3,,,23,,24,,6,truck,
tpp,p24.pddl,concrete,timed out,1800.1264191009104,concrete_asp,,,,,,1.7847784534096718,,2.286362152546644,,,,,,,,,,,16,,17,,,
tpp,p25.pddl,abstract,timed out,1800.1238237842917,abstract_asp,,2.1899950820952654,1.1135566215962172,0.08854508027434349,0.0828042533248663,2.340018779039383,0.49081934802234173,3.0350704193115234,0.3861856758594513,,,,,,3,,,25,,26,,7,truck,
tpp,p25.pddl,concrete,timed out,1800.1332798153162,concrete_asp,,,,,,2.297873128205538,,2.964900314807892,,,,,,,,,,,17,,18,,,
tpp,p26.pddl,abstract,timed out,1800.1231682486832,abstract_asp,,2.046528797596693,1.7293387651443481,0.09208374097943306,0.09306871145963669,3.7197335362434387,0.6473700702190399,4.977323070168495,0.6382554918527603,,,,,,3,,,23,,24,,7,truck,
tpp,p26.pddl,concrete,timed out,1800.14721930027,concrete_asp,,,,,,3.809234157204628,,4.879814010113478,,,,,,,,,,,16,,17,,,
tpp,p27.pddl,abstract,timed out,1800.143275987357,abstract_asp,,2.086224392056465,1.939218696206808,0.09598352387547493,0.09013872966170311,4.068924728780985,2.513957541435957,5.259026627987623,3.2146976590156555,,,,,,6,,,17,,18,,7,goods,
tpp,p27.pddl,concrete,timed out,1800.1592761352658,concrete_asp,,,,,,4.135164514183998,,5.042807690799236,,,,,,,,,,,18,,19,,,
tpp,p28.pddl,abstract,timed out,1800.12556110695,abstract_asp,,2.122567590326071,2.0008547082543373,0.1038421280682087,0.11010482907295227,4.429806128144264,0.6909434422850609,5.623004466295242,0.729831088334322,,,,,,3,,,25,,26,,7,truck,
tpp,p28.pddl,concrete,timed out,1800.149938248098,concrete_asp,,,,,,4.228669706732035,,5.4127996154129505,,,,,,,,,,,17,,18,,,
tpp,p29.pddl,abstract,timed out,1800.1285074539483,abstract_asp,,2.141188707202673,2.522458404302597,0.13097435981035233,0.11873510852456093,5.329687062650919,0.7782731465995312,6.970457710325718,0.7930571623146534,,,,,,3,,,23,,24,,8,truck,
tpp,p29.pddl,concrete,timed out,1800.164204724133,concrete_asp,,,,,,5.237797573208809,,6.767285596579313,,,,,,,,,,,15,,16,,,
tpp,p30.pddl,abstract,timed out,1800.1306564621627,abstract_asp,,2.3188175819814205,2.656197249889374,0.13627587258815765,0.12732940167188644,5.8127774484455585,0.8109892308712006,7.443859204649925,0.8404459916055202,,,,,,3,,,23,,24,,8,truck,
tpp,p30.pddl,concrete,timed out,1800.1779043003917,concrete_asp,,,,,,5.784527953714132,,7.304303836077452,,,,,,,,,,,16,,17,,,
woodworking-sat11-strips,p02.pddl,abstract,timed out,1800.1318337731063,abstract_asp,,2.3239805102348328,0.5916187204420567,0.10857009887695312,0.07938427478075027,1.2458207085728645,1.6528966501355171,1.4092819206416607,1.935903437435627,,,,,,2,,,13,,14,,10,board,
woodworking-sat11-strips,p02.pddl,concrete,timed out,1800.1174931749701,concrete_asp,,,,,,1.2832840010523796,,1.3654042407870293,,,,,,,,,,,13,,14,,,
woodworking-sat11-strips,p04.pddl,abstract,timed out,1800.0913135036826,abstract_asp,,2.263461120426655,0.7006100118160248,0.11879315599799156,0.08371742069721222,1.59041827917099,2.117622684687376,1.7772321663796902,2.3572152331471443,,,,,,2,,,12,,13,,11,board,
woodworking-sat11-strips,p04.pddl,concrete,timed out,1800.1238388121128,concrete_asp,,,,,,1.6049970872700214,,1.7474415637552738,,,,,,,,,,,13,,14,,,
woodworking-sat11-strips,p07.pddl,abstract,timed out,1800.1317517533898,abstract_asp,,2.305567931383848,0.5759902857244015,0.1101938895881176,0.08234460651874542,1.178336750715971,1.5954335369169712,1.2814088985323906,1.790717400610447,,,,,,2,,,12,,13,,10,board,
woodworking-sat11-strips,p07.pddl,concrete,timed out,1800.109520521015,concrete_asp,,,,,,1.168070174753666,,1.2612916566431522,,,,,,,,,,,15,,16,,,
woodworking-sat11-strips,p12.pddl,abstract,timed out,1800.0709112398326,abstract_asp,,2.409457065165043,0.8239164762198925,0.13301940262317657,0.09579475969076157,1.9149106815457344,2.4647457264363766,2.2933067865669727,2.8860218301415443,,,,,,2,,,12,,13,,11,board,
woodworking-sat11-strips,p12.pddl,concrete,timed out,1800.1268066577613,concrete_asp,,,,,,1.947911597788334,,2.261166077107191,,,,,,,,,,,14,,15,,,
woodworking-sat11-strips,p13.pddl,abstract,timed out,1800.1378247886896,abstract_asp,,1.953162606805563,0.7256503254175186,0.13552339375019073,0.10087654739618301,1.6808330714702606,2.3149549923837185,1.9259960539638996,2.4697301536798477,,,,,,2,,,12,,13,,10,board,
woodworking-sat11-strips,p13.pddl,concrete,timed out,1800.123452257365,concrete_asp,,,,,,1.7331962250173092,,1.8763079978525639,,,,,,,,,,,14,,15,,,
woodworking-sat11-strips,p14.pddl,abstract,timed out,1800.1292370893061,abstract_asp,,2.360138226300478,0.7289657481014729,0.14460310339927673,0.09991732612252235,1.6456333324313164,2.0957739502191544,1.766141600906849,2.259449228644371,,,,,,2,,,12,,13,,10,board,
woodworking-sat11-strips,p14.pddl,concrete,timed out,1800.1223947312683,concrete_asp,,,,,,1.5875317249447107,,1.7051761876791716,,,,,,,,,,,13,,14,,,
woodworking-sat11-strips,p15.pddl,abstract,timed out,1800.1426078490913,abstract_asp,,1.9003150053322315,0.8759295642375946,0.15956300497055054,0.11283203959465027,2.1423655413091183,2.9166335463523865,2.530172571539879,3.324537329375744,,,,,,2,,,12,,13,,13,board,
woodworking-sat11-strips,p15.pddl,concrete,timed out,1800.0821581818163,concrete_asp,,,,,,2.207782354205847,,2.4515074901282787,,,,,,,,,,,13,,14,,,
woodworking-sat11-strips,p17.pddl,abstract,timed out,1800.1455162838101,abstract_asp,,1.698431022465229,0.9327559769153595,0.09405811876058578,0.07515615597367287,2.2581885904073715,3.104289300739765,2.8666099943220615,3.7297144941985607,,,,,,2,,,11,,12,,8,board,
woodworking-sat11-strips,p17.pddl,concrete,timed out,1800.1301645636559,concrete_asp,,,,,,2.2635080963373184,,2.805887386202812,,,,,,,,,,,12,,13,,,
woodworking-sat11-strips,p18.pddl,abstract,timed out,1800.1361907050014,abstract_asp,,1.8908775225281715,0.7888043001294136,0.08019328489899635,0.07604200020432472,1.9585785157978535,1.917850948870182,2.4568201899528503,2.2350789234042168,,,,,,2,,,12,,13,,6,board,
woodworking-sat11-strips,p18.pddl,concrete,timed out,1800.0543975904584,concrete_asp,,,,,,1.8846921920776367,,2.3427529372274876,,,,,,,,,,,12,,13,,,
woodworking-sat11-strips,p19.pddl,abstract,timed out,1800.1552444957197,abstract_asp,,1.9236841164529324,1.0451935306191444,0.10203694924712181,0.08116356655955315,2.6029686219990253,4.3610676527023315,3.28215379267931,4.8616368137300014,,,,,,2,,,11,,12,,9,board,
woodworking-sat11-strips,p19.pddl,concrete,timed out,1800.0400997027755,concrete_asp,,,,,,2.5161888413131237,,3.179417036473751,,,,,,,,,,,12,,13,,,
woodworking-sat11-strips,p20.pddl,abstract,timed out,1800.1552423760295,abstract_asp,,2.1099470406770706,1.2165131010115147,0.10355757549405098,0.08207827806472778,3.2113866433501244,4.630985964089632,4.1003407165408134,5.347267605364323,,,,,,2,,,12,,13,,9,board,
woodworking-sat11-strips,p20.pddl,concrete,timed out,1800.1165278032422,concrete_asp,,,,,,3.1964506171643734,,3.9856029264628887,,,,,,,,,,,12,,13,,,
zenotravel,p05.pddl,abstract,success,10.502996791154146,total,9.391831,1.842135,0.325913,0.017173,0.048176,0.472702,0.254363,0.081478,0.059443,0.194075,6.042697,,13,13,2,5,0,6,13,7,6,3,object,
zenotravel,p05.pddl,concrete,success,3.7626307047903538,total,2.768297,,,,,0.293161,,0.058599,,,2.405379,,11,11,,,,,11,,12,,,
zenotravel,p07.pddl,abstract,success,5.869260516017675,total,5.076505,1.313042,0.188158,0.016923,0.057086,0.276233,0.226833,0.081206,0.059885,2.424321,0.381514,,19,18,2,0,0,9,19,10,1,3,object,
zenotravel,p07.pddl,concrete,success,344.9864008501172,total,343.986558,,,,,0.295431,,0.057617,,,343.620213,,15,15,,,,,15,,16,,,
zenotravel,p08.pddl,abstract,success,6.695984233170748,total,6.030453,1.326459,0.167751,0.016905,0.073696,0.287893,0.282779,0.131052,0.132992,2.830562,0.719834,,17,16,2,0,0,8,17,9,1,3,object,
zenotravel,p08.pddl,concrete,success,16.652666822075844,total,15.655751,,,,,0.34616,,0.127684,,,15.168576,,11,11,,,,,11,,12,,,
zenotravel,p09.pddl,abstract,timed out,1800.1290582716465,abstract_solving,,1.3642479479312897,0.16996703296899796,0.017294596880674362,0.07974645495414734,0.29140593856573105,0.2130691446363926,0.13265617191791534,0.032191287726163864,28.30890068411827,,,,,6,11,0,17,35,18,12,3,object,
zenotravel,p09.pddl,concrete,timed out,1800.1157706566155,concrete_asp,,,,,,0.3477892242372036,,0.1306651346385479,,,,,,,,,,,14,,15,,,
zenotravel,p10.pddl,abstract,timed out,1800.1171429753304,abstract_asp,,1.5098414309322834,0.20507988706231117,0.01923629269003868,0.08471133187413216,0.33926447853446007,0.3090926334261894,0.1594303771853447,0.1451890990138054,,,,,,2,,,13,,14,,3,object,
zenotravel,p10.pddl,concrete,timed out,1800.1142954044044,concrete_asp,,,,,,0.3397211544215679,,0.13678839057683945,,,,,,,,,,,14,,15,,,
zenotravel,p11.pddl,abstract,success,736.1453889738768,total,735.1121,1.823673,0.218391,0.019788,0.082686,0.365296,0.325588,0.206544,0.19256,730.493589,1.310946,,23,23,2,0,0,11,23,12,1,3,object,
zenotravel,p11.pddl,concrete,success,431.8298441171646,total,430.817258,,,,,0.372818,,0.181249,,,430.247624,,14,14,,,,,14,,15,,,
zenotravel,p13.pddl,abstract,timed out,1800.1232824847102,abstract_asp,,1.8509249091148376,0.22328918427228928,0.02126481756567955,0.10389625281095505,0.37716642022132874,0.33327121660113335,0.2132764868438244,0.20295986160635948,,,,,,2,,,13,,14,,3,object,
zenotravel,p13.pddl,concrete,timed out,1800.1141032092273,concrete_asp,,,,,,0.3806203566491604,,0.1868966557085514,,,,,,,,,,,14,,15,,,
zenotravel,p14.pddl,abstract,timed out,1800.0633521154523,abstract_asp,,1.8463691100478172,0.42275408282876015,0.02238989621400833,0.14937549456954002,0.8510842137038708,0.9049833603203297,0.8478269428014755,0.9146980307996273,,,,,,2,,,12,,13,,2,object,
zenotravel,p14.pddl,concrete,timed out,1800.1308369152248,concrete_asp,,,,,,0.8641338758170605,,0.7994208596646786,,,,,,,,,,,12,,13,,,
zenotravel,p15.pddl,abstract,timed out,1800.0794183835387,abstract_asp,,1.8558298274874687,0.5816155299544334,0.029874369502067566,0.18568095192313194,1.160187765955925,0.36211059615015984,1.2285888157784939,0.1530945971608162,,,,,,6,,,17,,18,,5,object,
zenotravel,p15.pddl,concrete,timed out,1800.1449781060219,concrete_asp,,,,,,1.1457259505987167,,1.1803314574062824,,,,,,,,,,,11,,12,,,
zenotravel,p16.pddl,abstract,timed out,1800.1367229446769,abstract_asp,,1.7679187953472137,0.6831979192793369,0.030697211623191833,0.27660563588142395,1.4423312917351723,0.9358774423599243,1.6165264882147312,0.9639607407152653,,,,,,3,,,12,,13,,4,object,
zenotravel,p16.pddl,concrete,timed out,1800.1438778676093,concrete_asp,,,,,,1.4752812385559082,,1.598389532417059,,,,,,,,,,,12,,13,,,
zenotravel,p17.pddl,abstract,timed out,1800.0926775187254,abstract_asp,,1.8237249217927456,0.8679869472980499,0.03769075497984886,0.3670865409076214,1.826322142034769,1.4553955309092999,2.1644763313233852,1.61125897616148,,,,,,3,,,11,,12,,3,object,
zenotravel,p17.pddl,concrete,timed out,1800.127271220088,concrete_asp,,,,,,1.8506649918854237,,2.0711222626268864,,,,,,,,,,,12,,13,,,
zenotravel,p19.pddl,abstract,timed out,1800.1679985746741,abstract_asp,,1.8882855251431465,1.2846136949956417,0.04091264680027962,0.4702414497733116,2.9429038614034653,3.234447702765465,3.3418771736323833,3.6613277420401573,,,,,,2,,,10,,11,,5,object,
zenotravel,p19.pddl,concrete,timed out,1800.1513965725899,concrete_asp,,,,,,2.923898611217737,,3.2301670238375664,,,,,,,,,,,11,,12,,,
zenotravel,p20.pddl,abstract,timed out,1800.1428322270513,abstract_asp,,1.7928747422993183,1.5494809299707413,0.05135393515229225,0.4877258837223053,3.435750637203455,1.8253664709627628,3.9435911774635315,2.135750401765108,,,,,,3,,,11,,12,,7,object,
zenotravel,p20.pddl,concrete,timed out,1800.1465573385358,concrete_asp,,,,,,3.4902740865945816,,3.886975433677435,,,,,,,,,,,11,,12,,,
